,0,1,2,sidx,idx_strs,pargp3,parval1_3,3
0,7,0,60,"(7, 0, 60)",idx0:7_idx1:0_idx2:60,chd_conf_headgr,0.0,0.0
1,7,0,61,"(7, 0, 61)",idx0:7_idx1:0_idx2:61,chd_conf_headgr,0.0,0.0
2,7,0,62,"(7, 0, 62)",idx0:7_idx1:0_idx2:62,chd_conf_headgr,0.0,0.0
3,7,0,63,"(7, 0, 63)",idx0:7_idx1:0_idx2:63,chd_conf_headgr,0.0,0.0
4,7,0,64,"(7, 0, 64)",idx0:7_idx1:0_idx2:64,chd_conf_headgr,0.0,0.0
5,7,0,65,"(7, 0, 65)",idx0:7_idx1:0_idx2:65,chd_conf_headgr,0.0,0.0
6,7,0,66,"(7, 0, 66)",idx0:7_idx1:0_idx2:66,chd_conf_headgr,0.0,0.0
7,7,1,59,"(7, 1, 59)",idx0:7_idx1:1_idx2:59,chd_conf_headgr,0.0,0.0
8,7,1,60,"(7, 1, 60)",idx0:7_idx1:1_idx2:60,chd_conf_headgr,0.0,0.0
9,7,1,61,"(7, 1, 61)",idx0:7_idx1:1_idx2:61,chd_conf_headgr,0.0,0.0
10,7,1,62,"(7, 1, 62)",idx0:7_idx1:1_idx2:62,chd_conf_headgr,0.0,0.0
11,7,1,63,"(7, 1, 63)",idx0:7_idx1:1_idx2:63,chd_conf_headgr,0.0,0.0
12,7,1,64,"(7, 1, 64)",idx0:7_idx1:1_idx2:64,chd_conf_headgr,0.0,0.0
13,7,1,65,"(7, 1, 65)",idx0:7_idx1:1_idx2:65,chd_conf_headgr,0.0,0.0
14,7,1,66,"(7, 1, 66)",idx0:7_idx1:1_idx2:66,chd_conf_headgr,0.0,0.0
15,7,1,67,"(7, 1, 67)",idx0:7_idx1:1_idx2:67,chd_conf_headgr,0.0,0.0
16,7,1,68,"(7, 1, 68)",idx0:7_idx1:1_idx2:68,chd_conf_headgr,0.0,0.0
17,7,1,69,"(7, 1, 69)",idx0:7_idx1:1_idx2:69,chd_conf_headgr,0.0,0.0
18,7,1,70,"(7, 1, 70)",idx0:7_idx1:1_idx2:70,chd_conf_headgr,0.0,0.0
19,7,1,71,"(7, 1, 71)",idx0:7_idx1:1_idx2:71,chd_conf_headgr,0.0,0.0
20,7,1,72,"(7, 1, 72)",idx0:7_idx1:1_idx2:72,chd_conf_headgr,0.0,0.0
21,7,1,73,"(7, 1, 73)",idx0:7_idx1:1_idx2:73,chd_conf_headgr,0.0,0.0
22,7,1,74,"(7, 1, 74)",idx0:7_idx1:1_idx2:74,chd_conf_headgr,0.0,0.0
23,7,1,75,"(7, 1, 75)",idx0:7_idx1:1_idx2:75,chd_conf_headgr,0.0,0.0
24,7,1,76,"(7, 1, 76)",idx0:7_idx1:1_idx2:76,chd_conf_headgr,0.0,0.0
25,7,1,77,"(7, 1, 77)",idx0:7_idx1:1_idx2:77,chd_conf_headgr,0.0,0.0
26,7,1,78,"(7, 1, 78)",idx0:7_idx1:1_idx2:78,chd_conf_headgr,0.0,0.0
27,7,1,79,"(7, 1, 79)",idx0:7_idx1:1_idx2:79,chd_conf_headgr,0.0,0.0
28,7,1,80,"(7, 1, 80)",idx0:7_idx1:1_idx2:80,chd_conf_headgr,0.0,0.0
29,7,1,81,"(7, 1, 81)",idx0:7_idx1:1_idx2:81,chd_conf_headgr,0.0,0.0
30,7,1,82,"(7, 1, 82)",idx0:7_idx1:1_idx2:82,chd_conf_headgr,0.0,0.0
31,7,1,83,"(7, 1, 83)",idx0:7_idx1:1_idx2:83,chd_conf_headgr,0.0,0.0
32,7,1,84,"(7, 1, 84)",idx0:7_idx1:1_idx2:84,chd_conf_headgr,0.0,0.0
33,7,1,85,"(7, 1, 85)",idx0:7_idx1:1_idx2:85,chd_conf_headgr,0.0,0.0
34,7,1,86,"(7, 1, 86)",idx0:7_idx1:1_idx2:86,chd_conf_headgr,0.0,0.0
35,7,1,87,"(7, 1, 87)",idx0:7_idx1:1_idx2:87,chd_conf_headgr,0.0,0.0
36,7,1,88,"(7, 1, 88)",idx0:7_idx1:1_idx2:88,chd_conf_headgr,0.0,0.0
37,7,1,89,"(7, 1, 89)",idx0:7_idx1:1_idx2:89,chd_conf_headgr,0.0,0.0
38,7,1,90,"(7, 1, 90)",idx0:7_idx1:1_idx2:90,chd_conf_headgr,0.0,0.0
39,7,1,91,"(7, 1, 91)",idx0:7_idx1:1_idx2:91,chd_conf_headgr,0.0,0.0
40,7,1,92,"(7, 1, 92)",idx0:7_idx1:1_idx2:92,chd_conf_headgr,0.0,0.0
41,7,1,93,"(7, 1, 93)",idx0:7_idx1:1_idx2:93,chd_conf_headgr,0.0,0.0
42,7,1,94,"(7, 1, 94)",idx0:7_idx1:1_idx2:94,chd_conf_headgr,0.0,0.0
43,7,1,95,"(7, 1, 95)",idx0:7_idx1:1_idx2:95,chd_conf_headgr,0.0,0.0
44,7,1,96,"(7, 1, 96)",idx0:7_idx1:1_idx2:96,chd_conf_headgr,0.0,0.0
45,7,1,97,"(7, 1, 97)",idx0:7_idx1:1_idx2:97,chd_conf_headgr,0.0,0.0
46,7,1,98,"(7, 1, 98)",idx0:7_idx1:1_idx2:98,chd_conf_headgr,0.0,0.0
47,7,1,99,"(7, 1, 99)",idx0:7_idx1:1_idx2:99,chd_conf_headgr,0.0,0.0
48,7,1,100,"(7, 1, 100)",idx0:7_idx1:1_idx2:100,chd_conf_headgr,0.0,0.0
49,7,1,101,"(7, 1, 101)",idx0:7_idx1:1_idx2:101,chd_conf_headgr,0.0,0.0
50,7,1,102,"(7, 1, 102)",idx0:7_idx1:1_idx2:102,chd_conf_headgr,0.0,0.0
51,7,2,57,"(7, 2, 57)",idx0:7_idx1:2_idx2:57,chd_conf_headgr,0.0,0.0
52,7,2,58,"(7, 2, 58)",idx0:7_idx1:2_idx2:58,chd_conf_headgr,0.0,0.0
53,7,2,59,"(7, 2, 59)",idx0:7_idx1:2_idx2:59,chd_conf_headgr,0.0,0.0
54,7,2,60,"(7, 2, 60)",idx0:7_idx1:2_idx2:60,chd_conf_headgr,0.0,0.0
55,7,2,61,"(7, 2, 61)",idx0:7_idx1:2_idx2:61,chd_conf_headgr,0.0,0.0
56,7,2,62,"(7, 2, 62)",idx0:7_idx1:2_idx2:62,chd_conf_headgr,0.0,0.0
57,7,2,63,"(7, 2, 63)",idx0:7_idx1:2_idx2:63,chd_conf_headgr,0.0,0.0
58,7,2,64,"(7, 2, 64)",idx0:7_idx1:2_idx2:64,chd_conf_headgr,0.0,0.0
59,7,2,65,"(7, 2, 65)",idx0:7_idx1:2_idx2:65,chd_conf_headgr,0.0,0.0
60,7,2,66,"(7, 2, 66)",idx0:7_idx1:2_idx2:66,chd_conf_headgr,0.0,0.0
61,7,2,67,"(7, 2, 67)",idx0:7_idx1:2_idx2:67,chd_conf_headgr,0.0,0.0
62,7,2,68,"(7, 2, 68)",idx0:7_idx1:2_idx2:68,chd_conf_headgr,0.0,0.0
63,7,2,69,"(7, 2, 69)",idx0:7_idx1:2_idx2:69,chd_conf_headgr,0.0,0.0
64,7,2,70,"(7, 2, 70)",idx0:7_idx1:2_idx2:70,chd_conf_headgr,0.0,0.0
65,7,2,71,"(7, 2, 71)",idx0:7_idx1:2_idx2:71,chd_conf_headgr,0.0,0.0
66,7,2,72,"(7, 2, 72)",idx0:7_idx1:2_idx2:72,chd_conf_headgr,0.0,0.0
67,7,2,73,"(7, 2, 73)",idx0:7_idx1:2_idx2:73,chd_conf_headgr,0.0,0.0
68,7,2,74,"(7, 2, 74)",idx0:7_idx1:2_idx2:74,chd_conf_headgr,0.0,0.0
69,7,2,75,"(7, 2, 75)",idx0:7_idx1:2_idx2:75,chd_conf_headgr,0.0,0.0
70,7,2,76,"(7, 2, 76)",idx0:7_idx1:2_idx2:76,chd_conf_headgr,0.0,0.0
71,7,2,77,"(7, 2, 77)",idx0:7_idx1:2_idx2:77,chd_conf_headgr,0.0,0.0
72,7,2,78,"(7, 2, 78)",idx0:7_idx1:2_idx2:78,chd_conf_headgr,0.0,0.0
73,7,2,79,"(7, 2, 79)",idx0:7_idx1:2_idx2:79,chd_conf_headgr,0.0,0.0
74,7,2,80,"(7, 2, 80)",idx0:7_idx1:2_idx2:80,chd_conf_headgr,0.0,0.0
75,7,2,81,"(7, 2, 81)",idx0:7_idx1:2_idx2:81,chd_conf_headgr,0.0,0.0
76,7,2,82,"(7, 2, 82)",idx0:7_idx1:2_idx2:82,chd_conf_headgr,0.0,0.0
77,7,2,83,"(7, 2, 83)",idx0:7_idx1:2_idx2:83,chd_conf_headgr,0.0,0.0
78,7,2,84,"(7, 2, 84)",idx0:7_idx1:2_idx2:84,chd_conf_headgr,0.0,0.0
79,7,2,85,"(7, 2, 85)",idx0:7_idx1:2_idx2:85,chd_conf_headgr,0.0,0.0
80,7,2,86,"(7, 2, 86)",idx0:7_idx1:2_idx2:86,chd_conf_headgr,0.0,0.0
81,7,2,87,"(7, 2, 87)",idx0:7_idx1:2_idx2:87,chd_conf_headgr,0.0,0.0
82,7,2,88,"(7, 2, 88)",idx0:7_idx1:2_idx2:88,chd_conf_headgr,0.0,0.0
83,7,2,89,"(7, 2, 89)",idx0:7_idx1:2_idx2:89,chd_conf_headgr,0.0,0.0
84,7,2,90,"(7, 2, 90)",idx0:7_idx1:2_idx2:90,chd_conf_headgr,0.0,0.0
85,7,2,91,"(7, 2, 91)",idx0:7_idx1:2_idx2:91,chd_conf_headgr,0.0,0.0
86,7,2,92,"(7, 2, 92)",idx0:7_idx1:2_idx2:92,chd_conf_headgr,0.0,0.0
87,7,2,93,"(7, 2, 93)",idx0:7_idx1:2_idx2:93,chd_conf_headgr,0.0,0.0
88,7,2,94,"(7, 2, 94)",idx0:7_idx1:2_idx2:94,chd_conf_headgr,0.0,0.0
89,7,2,95,"(7, 2, 95)",idx0:7_idx1:2_idx2:95,chd_conf_headgr,0.0,0.0
90,7,2,96,"(7, 2, 96)",idx0:7_idx1:2_idx2:96,chd_conf_headgr,0.0,0.0
91,7,2,97,"(7, 2, 97)",idx0:7_idx1:2_idx2:97,chd_conf_headgr,0.0,0.0
92,7,2,98,"(7, 2, 98)",idx0:7_idx1:2_idx2:98,chd_conf_headgr,0.0,0.0
93,7,2,99,"(7, 2, 99)",idx0:7_idx1:2_idx2:99,chd_conf_headgr,0.0,0.0
94,7,2,100,"(7, 2, 100)",idx0:7_idx1:2_idx2:100,chd_conf_headgr,0.0,0.0
95,7,2,101,"(7, 2, 101)",idx0:7_idx1:2_idx2:101,chd_conf_headgr,0.0,0.0
96,7,2,102,"(7, 2, 102)",idx0:7_idx1:2_idx2:102,chd_conf_headgr,0.0,0.0
97,7,2,103,"(7, 2, 103)",idx0:7_idx1:2_idx2:103,chd_conf_headgr,0.0,0.0
98,7,2,104,"(7, 2, 104)",idx0:7_idx1:2_idx2:104,chd_conf_headgr,0.0,0.0
99,7,2,105,"(7, 2, 105)",idx0:7_idx1:2_idx2:105,chd_conf_headgr,0.0,0.0
100,7,2,106,"(7, 2, 106)",idx0:7_idx1:2_idx2:106,chd_conf_headgr,0.0,0.0
101,7,2,107,"(7, 2, 107)",idx0:7_idx1:2_idx2:107,chd_conf_headgr,0.0,0.0
102,7,2,108,"(7, 2, 108)",idx0:7_idx1:2_idx2:108,chd_conf_headgr,0.0,0.0
103,7,2,109,"(7, 2, 109)",idx0:7_idx1:2_idx2:109,chd_conf_headgr,0.0,0.0
104,7,2,110,"(7, 2, 110)",idx0:7_idx1:2_idx2:110,chd_conf_headgr,0.0,0.0
105,7,2,111,"(7, 2, 111)",idx0:7_idx1:2_idx2:111,chd_conf_headgr,0.0,0.0
106,7,2,112,"(7, 2, 112)",idx0:7_idx1:2_idx2:112,chd_conf_headgr,0.0,0.0
107,7,2,113,"(7, 2, 113)",idx0:7_idx1:2_idx2:113,chd_conf_headgr,0.0,0.0
108,7,2,114,"(7, 2, 114)",idx0:7_idx1:2_idx2:114,chd_conf_headgr,0.0,0.0
109,7,2,115,"(7, 2, 115)",idx0:7_idx1:2_idx2:115,chd_conf_headgr,0.0,0.0
110,7,2,116,"(7, 2, 116)",idx0:7_idx1:2_idx2:116,chd_conf_headgr,0.0,0.0
111,7,2,117,"(7, 2, 117)",idx0:7_idx1:2_idx2:117,chd_conf_headgr,0.0,0.0
112,7,2,118,"(7, 2, 118)",idx0:7_idx1:2_idx2:118,chd_conf_headgr,0.0,0.0
113,7,2,119,"(7, 2, 119)",idx0:7_idx1:2_idx2:119,chd_conf_headgr,0.0,0.0
114,7,2,120,"(7, 2, 120)",idx0:7_idx1:2_idx2:120,chd_conf_headgr,0.0,0.0
115,7,2,121,"(7, 2, 121)",idx0:7_idx1:2_idx2:121,chd_conf_headgr,0.0,0.0
116,7,2,122,"(7, 2, 122)",idx0:7_idx1:2_idx2:122,chd_conf_headgr,0.0,0.0
117,7,2,123,"(7, 2, 123)",idx0:7_idx1:2_idx2:123,chd_conf_headgr,0.0,0.0
118,7,2,124,"(7, 2, 124)",idx0:7_idx1:2_idx2:124,chd_conf_headgr,0.0,0.0
119,7,2,125,"(7, 2, 125)",idx0:7_idx1:2_idx2:125,chd_conf_headgr,0.0,0.0
120,7,2,126,"(7, 2, 126)",idx0:7_idx1:2_idx2:126,chd_conf_headgr,0.0,0.0
121,7,2,127,"(7, 2, 127)",idx0:7_idx1:2_idx2:127,chd_conf_headgr,0.0,0.0
122,7,2,128,"(7, 2, 128)",idx0:7_idx1:2_idx2:128,chd_conf_headgr,0.0,0.0
123,7,2,129,"(7, 2, 129)",idx0:7_idx1:2_idx2:129,chd_conf_headgr,0.0,0.0
124,7,2,130,"(7, 2, 130)",idx0:7_idx1:2_idx2:130,chd_conf_headgr,0.0,0.0
125,7,2,131,"(7, 2, 131)",idx0:7_idx1:2_idx2:131,chd_conf_headgr,0.0,0.0
126,7,2,132,"(7, 2, 132)",idx0:7_idx1:2_idx2:132,chd_conf_headgr,0.0,0.0
127,7,2,133,"(7, 2, 133)",idx0:7_idx1:2_idx2:133,chd_conf_headgr,0.0,0.0
128,7,2,134,"(7, 2, 134)",idx0:7_idx1:2_idx2:134,chd_conf_headgr,0.0,0.0
129,7,2,135,"(7, 2, 135)",idx0:7_idx1:2_idx2:135,chd_conf_headgr,0.0,0.0
130,7,2,136,"(7, 2, 136)",idx0:7_idx1:2_idx2:136,chd_conf_headgr,0.0,0.0
131,7,2,137,"(7, 2, 137)",idx0:7_idx1:2_idx2:137,chd_conf_headgr,0.0,0.0
132,7,2,138,"(7, 2, 138)",idx0:7_idx1:2_idx2:138,chd_conf_headgr,0.0,0.0
133,7,2,139,"(7, 2, 139)",idx0:7_idx1:2_idx2:139,chd_conf_headgr,0.0,0.0
134,7,3,56,"(7, 3, 56)",idx0:7_idx1:3_idx2:56,chd_conf_headgr,0.0,0.0
135,7,3,57,"(7, 3, 57)",idx0:7_idx1:3_idx2:57,chd_conf_headgr,0.0,0.0
136,7,3,58,"(7, 3, 58)",idx0:7_idx1:3_idx2:58,chd_conf_headgr,0.0,0.0
137,7,3,59,"(7, 3, 59)",idx0:7_idx1:3_idx2:59,chd_conf_headgr,0.0,0.0
138,7,3,60,"(7, 3, 60)",idx0:7_idx1:3_idx2:60,chd_conf_headgr,0.0,0.0
139,7,3,61,"(7, 3, 61)",idx0:7_idx1:3_idx2:61,chd_conf_headgr,0.0,0.0
140,7,3,62,"(7, 3, 62)",idx0:7_idx1:3_idx2:62,chd_conf_headgr,0.0,0.0
141,7,3,63,"(7, 3, 63)",idx0:7_idx1:3_idx2:63,chd_conf_headgr,0.0,0.0
142,7,3,64,"(7, 3, 64)",idx0:7_idx1:3_idx2:64,chd_conf_headgr,0.0,0.0
143,7,3,65,"(7, 3, 65)",idx0:7_idx1:3_idx2:65,chd_conf_headgr,0.0,0.0
144,7,3,66,"(7, 3, 66)",idx0:7_idx1:3_idx2:66,chd_conf_headgr,0.0,0.0
145,7,3,67,"(7, 3, 67)",idx0:7_idx1:3_idx2:67,chd_conf_headgr,0.0,0.0
146,7,3,68,"(7, 3, 68)",idx0:7_idx1:3_idx2:68,chd_conf_headgr,0.0,0.0
147,7,3,69,"(7, 3, 69)",idx0:7_idx1:3_idx2:69,chd_conf_headgr,0.0,0.0
148,7,3,70,"(7, 3, 70)",idx0:7_idx1:3_idx2:70,chd_conf_headgr,0.0,0.0
149,7,3,71,"(7, 3, 71)",idx0:7_idx1:3_idx2:71,chd_conf_headgr,0.0,0.0
150,7,3,72,"(7, 3, 72)",idx0:7_idx1:3_idx2:72,chd_conf_headgr,0.0,0.0
151,7,3,73,"(7, 3, 73)",idx0:7_idx1:3_idx2:73,chd_conf_headgr,0.0,0.0
152,7,3,74,"(7, 3, 74)",idx0:7_idx1:3_idx2:74,chd_conf_headgr,0.0,0.0
153,7,3,75,"(7, 3, 75)",idx0:7_idx1:3_idx2:75,chd_conf_headgr,0.0,0.0
154,7,3,76,"(7, 3, 76)",idx0:7_idx1:3_idx2:76,chd_conf_headgr,0.0,0.0
155,7,3,77,"(7, 3, 77)",idx0:7_idx1:3_idx2:77,chd_conf_headgr,0.0,0.0
156,7,3,78,"(7, 3, 78)",idx0:7_idx1:3_idx2:78,chd_conf_headgr,0.0,0.0
157,7,3,79,"(7, 3, 79)",idx0:7_idx1:3_idx2:79,chd_conf_headgr,0.0,0.0
158,7,3,80,"(7, 3, 80)",idx0:7_idx1:3_idx2:80,chd_conf_headgr,0.0,0.0
159,7,3,81,"(7, 3, 81)",idx0:7_idx1:3_idx2:81,chd_conf_headgr,0.0,0.0
160,7,3,82,"(7, 3, 82)",idx0:7_idx1:3_idx2:82,chd_conf_headgr,0.0,0.0
161,7,3,83,"(7, 3, 83)",idx0:7_idx1:3_idx2:83,chd_conf_headgr,0.0,0.0
162,7,3,84,"(7, 3, 84)",idx0:7_idx1:3_idx2:84,chd_conf_headgr,0.0,0.0
163,7,3,85,"(7, 3, 85)",idx0:7_idx1:3_idx2:85,chd_conf_headgr,0.0,0.0
164,7,3,86,"(7, 3, 86)",idx0:7_idx1:3_idx2:86,chd_conf_headgr,0.0,0.0
165,7,3,87,"(7, 3, 87)",idx0:7_idx1:3_idx2:87,chd_conf_headgr,0.0,0.0
166,7,3,88,"(7, 3, 88)",idx0:7_idx1:3_idx2:88,chd_conf_headgr,0.0,0.0
167,7,3,89,"(7, 3, 89)",idx0:7_idx1:3_idx2:89,chd_conf_headgr,0.0,0.0
168,7,3,90,"(7, 3, 90)",idx0:7_idx1:3_idx2:90,chd_conf_headgr,0.0,0.0
169,7,3,91,"(7, 3, 91)",idx0:7_idx1:3_idx2:91,chd_conf_headgr,0.0,0.0
170,7,3,92,"(7, 3, 92)",idx0:7_idx1:3_idx2:92,chd_conf_headgr,0.0,0.0
171,7,3,93,"(7, 3, 93)",idx0:7_idx1:3_idx2:93,chd_conf_headgr,0.0,0.0
172,7,3,94,"(7, 3, 94)",idx0:7_idx1:3_idx2:94,chd_conf_headgr,0.0,0.0
173,7,3,95,"(7, 3, 95)",idx0:7_idx1:3_idx2:95,chd_conf_headgr,0.0,0.0
174,7,3,96,"(7, 3, 96)",idx0:7_idx1:3_idx2:96,chd_conf_headgr,0.0,0.0
175,7,3,97,"(7, 3, 97)",idx0:7_idx1:3_idx2:97,chd_conf_headgr,0.0,0.0
176,7,3,98,"(7, 3, 98)",idx0:7_idx1:3_idx2:98,chd_conf_headgr,0.0,0.0
177,7,3,99,"(7, 3, 99)",idx0:7_idx1:3_idx2:99,chd_conf_headgr,0.0,0.0
178,7,3,100,"(7, 3, 100)",idx0:7_idx1:3_idx2:100,chd_conf_headgr,0.0,0.0
179,7,3,101,"(7, 3, 101)",idx0:7_idx1:3_idx2:101,chd_conf_headgr,0.0,0.0
180,7,3,102,"(7, 3, 102)",idx0:7_idx1:3_idx2:102,chd_conf_headgr,0.0,0.0
181,7,3,103,"(7, 3, 103)",idx0:7_idx1:3_idx2:103,chd_conf_headgr,0.0,0.0
182,7,3,104,"(7, 3, 104)",idx0:7_idx1:3_idx2:104,chd_conf_headgr,0.0,0.0
183,7,3,105,"(7, 3, 105)",idx0:7_idx1:3_idx2:105,chd_conf_headgr,0.0,0.0
184,7,3,106,"(7, 3, 106)",idx0:7_idx1:3_idx2:106,chd_conf_headgr,0.0,0.0
185,7,3,107,"(7, 3, 107)",idx0:7_idx1:3_idx2:107,chd_conf_headgr,0.0,0.0
186,7,3,108,"(7, 3, 108)",idx0:7_idx1:3_idx2:108,chd_conf_headgr,0.0,0.0
187,7,3,109,"(7, 3, 109)",idx0:7_idx1:3_idx2:109,chd_conf_headgr,0.0,0.0
188,7,3,110,"(7, 3, 110)",idx0:7_idx1:3_idx2:110,chd_conf_headgr,0.0,0.0
189,7,3,111,"(7, 3, 111)",idx0:7_idx1:3_idx2:111,chd_conf_headgr,0.0,0.0
190,7,3,112,"(7, 3, 112)",idx0:7_idx1:3_idx2:112,chd_conf_headgr,0.0,0.0
191,7,3,113,"(7, 3, 113)",idx0:7_idx1:3_idx2:113,chd_conf_headgr,0.0,0.0
192,7,3,114,"(7, 3, 114)",idx0:7_idx1:3_idx2:114,chd_conf_headgr,0.0,0.0
193,7,3,115,"(7, 3, 115)",idx0:7_idx1:3_idx2:115,chd_conf_headgr,0.0,0.0
194,7,3,116,"(7, 3, 116)",idx0:7_idx1:3_idx2:116,chd_conf_headgr,0.0,0.0
195,7,3,117,"(7, 3, 117)",idx0:7_idx1:3_idx2:117,chd_conf_headgr,0.0,0.0
196,7,3,118,"(7, 3, 118)",idx0:7_idx1:3_idx2:118,chd_conf_headgr,0.0,0.0
197,7,3,119,"(7, 3, 119)",idx0:7_idx1:3_idx2:119,chd_conf_headgr,0.0,0.0
198,7,3,120,"(7, 3, 120)",idx0:7_idx1:3_idx2:120,chd_conf_headgr,0.0,0.0
199,7,3,121,"(7, 3, 121)",idx0:7_idx1:3_idx2:121,chd_conf_headgr,0.0,0.0
200,7,3,122,"(7, 3, 122)",idx0:7_idx1:3_idx2:122,chd_conf_headgr,0.0,0.0
201,7,3,123,"(7, 3, 123)",idx0:7_idx1:3_idx2:123,chd_conf_headgr,0.0,0.0
202,7,3,124,"(7, 3, 124)",idx0:7_idx1:3_idx2:124,chd_conf_headgr,0.0,0.0
203,7,3,125,"(7, 3, 125)",idx0:7_idx1:3_idx2:125,chd_conf_headgr,0.0,0.0
204,7,3,126,"(7, 3, 126)",idx0:7_idx1:3_idx2:126,chd_conf_headgr,0.0,0.0
205,7,3,127,"(7, 3, 127)",idx0:7_idx1:3_idx2:127,chd_conf_headgr,0.0,0.0
206,7,3,128,"(7, 3, 128)",idx0:7_idx1:3_idx2:128,chd_conf_headgr,0.0,0.0
207,7,3,129,"(7, 3, 129)",idx0:7_idx1:3_idx2:129,chd_conf_headgr,0.0,0.0
208,7,3,130,"(7, 3, 130)",idx0:7_idx1:3_idx2:130,chd_conf_headgr,0.0,0.0
209,7,3,131,"(7, 3, 131)",idx0:7_idx1:3_idx2:131,chd_conf_headgr,0.0,0.0
210,7,3,132,"(7, 3, 132)",idx0:7_idx1:3_idx2:132,chd_conf_headgr,0.0,0.0
211,7,3,133,"(7, 3, 133)",idx0:7_idx1:3_idx2:133,chd_conf_headgr,0.0,0.0
212,7,3,134,"(7, 3, 134)",idx0:7_idx1:3_idx2:134,chd_conf_headgr,0.0,0.0
213,7,3,135,"(7, 3, 135)",idx0:7_idx1:3_idx2:135,chd_conf_headgr,0.0,0.0
214,7,3,136,"(7, 3, 136)",idx0:7_idx1:3_idx2:136,chd_conf_headgr,0.0,0.0
215,7,3,137,"(7, 3, 137)",idx0:7_idx1:3_idx2:137,chd_conf_headgr,0.0,0.0
216,7,3,138,"(7, 3, 138)",idx0:7_idx1:3_idx2:138,chd_conf_headgr,0.0,0.0
217,7,3,139,"(7, 3, 139)",idx0:7_idx1:3_idx2:139,chd_conf_headgr,0.0,0.0
218,7,3,140,"(7, 3, 140)",idx0:7_idx1:3_idx2:140,chd_conf_headgr,0.0,0.0
219,7,3,141,"(7, 3, 141)",idx0:7_idx1:3_idx2:141,chd_conf_headgr,0.0,0.0
220,7,3,142,"(7, 3, 142)",idx0:7_idx1:3_idx2:142,chd_conf_headgr,0.0,0.0
221,7,3,143,"(7, 3, 143)",idx0:7_idx1:3_idx2:143,chd_conf_headgr,0.0,0.0
222,7,3,144,"(7, 3, 144)",idx0:7_idx1:3_idx2:144,chd_conf_headgr,0.0,0.0
223,7,3,145,"(7, 3, 145)",idx0:7_idx1:3_idx2:145,chd_conf_headgr,0.0,0.0
224,7,3,146,"(7, 3, 146)",idx0:7_idx1:3_idx2:146,chd_conf_headgr,0.0,0.0
225,7,3,147,"(7, 3, 147)",idx0:7_idx1:3_idx2:147,chd_conf_headgr,0.0,0.0
226,7,3,148,"(7, 3, 148)",idx0:7_idx1:3_idx2:148,chd_conf_headgr,0.0,0.0
227,7,4,54,"(7, 4, 54)",idx0:7_idx1:4_idx2:54,chd_conf_headgr,0.0,0.0
228,7,4,55,"(7, 4, 55)",idx0:7_idx1:4_idx2:55,chd_conf_headgr,0.0,0.0
229,7,4,56,"(7, 4, 56)",idx0:7_idx1:4_idx2:56,chd_conf_headgr,0.0,0.0
230,7,4,57,"(7, 4, 57)",idx0:7_idx1:4_idx2:57,chd_conf_headgr,0.0,0.0
231,7,4,58,"(7, 4, 58)",idx0:7_idx1:4_idx2:58,chd_conf_headgr,0.0,0.0
232,7,4,59,"(7, 4, 59)",idx0:7_idx1:4_idx2:59,chd_conf_headgr,0.0,0.0
233,7,4,60,"(7, 4, 60)",idx0:7_idx1:4_idx2:60,chd_conf_headgr,0.0,0.0
234,7,4,61,"(7, 4, 61)",idx0:7_idx1:4_idx2:61,chd_conf_headgr,0.0,0.0
235,7,4,62,"(7, 4, 62)",idx0:7_idx1:4_idx2:62,chd_conf_headgr,0.0,0.0
236,7,4,63,"(7, 4, 63)",idx0:7_idx1:4_idx2:63,chd_conf_headgr,0.0,0.0
237,7,4,64,"(7, 4, 64)",idx0:7_idx1:4_idx2:64,chd_conf_headgr,0.0,0.0
238,7,4,65,"(7, 4, 65)",idx0:7_idx1:4_idx2:65,chd_conf_headgr,0.0,0.0
239,7,4,66,"(7, 4, 66)",idx0:7_idx1:4_idx2:66,chd_conf_headgr,0.0,0.0
240,7,4,67,"(7, 4, 67)",idx0:7_idx1:4_idx2:67,chd_conf_headgr,0.0,0.0
241,7,4,68,"(7, 4, 68)",idx0:7_idx1:4_idx2:68,chd_conf_headgr,0.0,0.0
242,7,4,69,"(7, 4, 69)",idx0:7_idx1:4_idx2:69,chd_conf_headgr,0.0,0.0
243,7,4,70,"(7, 4, 70)",idx0:7_idx1:4_idx2:70,chd_conf_headgr,0.0,0.0
244,7,4,71,"(7, 4, 71)",idx0:7_idx1:4_idx2:71,chd_conf_headgr,0.0,0.0
245,7,4,72,"(7, 4, 72)",idx0:7_idx1:4_idx2:72,chd_conf_headgr,0.0,0.0
246,7,4,73,"(7, 4, 73)",idx0:7_idx1:4_idx2:73,chd_conf_headgr,0.0,0.0
247,7,4,74,"(7, 4, 74)",idx0:7_idx1:4_idx2:74,chd_conf_headgr,0.0,0.0
248,7,4,75,"(7, 4, 75)",idx0:7_idx1:4_idx2:75,chd_conf_headgr,0.0,0.0
249,7,4,76,"(7, 4, 76)",idx0:7_idx1:4_idx2:76,chd_conf_headgr,0.0,0.0
250,7,4,77,"(7, 4, 77)",idx0:7_idx1:4_idx2:77,chd_conf_headgr,0.0,0.0
251,7,4,78,"(7, 4, 78)",idx0:7_idx1:4_idx2:78,chd_conf_headgr,0.0,0.0
252,7,4,79,"(7, 4, 79)",idx0:7_idx1:4_idx2:79,chd_conf_headgr,0.0,0.0
253,7,4,80,"(7, 4, 80)",idx0:7_idx1:4_idx2:80,chd_conf_headgr,0.0,0.0
254,7,4,81,"(7, 4, 81)",idx0:7_idx1:4_idx2:81,chd_conf_headgr,0.0,0.0
255,7,4,82,"(7, 4, 82)",idx0:7_idx1:4_idx2:82,chd_conf_headgr,0.0,0.0
256,7,4,83,"(7, 4, 83)",idx0:7_idx1:4_idx2:83,chd_conf_headgr,0.0,0.0
257,7,4,84,"(7, 4, 84)",idx0:7_idx1:4_idx2:84,chd_conf_headgr,0.0,0.0
258,7,4,85,"(7, 4, 85)",idx0:7_idx1:4_idx2:85,chd_conf_headgr,0.0,0.0
259,7,4,86,"(7, 4, 86)",idx0:7_idx1:4_idx2:86,chd_conf_headgr,0.0,0.0
260,7,4,87,"(7, 4, 87)",idx0:7_idx1:4_idx2:87,chd_conf_headgr,0.0,0.0
261,7,4,88,"(7, 4, 88)",idx0:7_idx1:4_idx2:88,chd_conf_headgr,0.0,0.0
262,7,4,89,"(7, 4, 89)",idx0:7_idx1:4_idx2:89,chd_conf_headgr,0.0,0.0
263,7,4,90,"(7, 4, 90)",idx0:7_idx1:4_idx2:90,chd_conf_headgr,0.0,0.0
264,7,4,91,"(7, 4, 91)",idx0:7_idx1:4_idx2:91,chd_conf_headgr,0.0,0.0
265,7,4,92,"(7, 4, 92)",idx0:7_idx1:4_idx2:92,chd_conf_headgr,0.0,0.0
266,7,4,93,"(7, 4, 93)",idx0:7_idx1:4_idx2:93,chd_conf_headgr,0.0,0.0
267,7,4,94,"(7, 4, 94)",idx0:7_idx1:4_idx2:94,chd_conf_headgr,0.0,0.0
268,7,4,95,"(7, 4, 95)",idx0:7_idx1:4_idx2:95,chd_conf_headgr,0.0,0.0
269,7,4,96,"(7, 4, 96)",idx0:7_idx1:4_idx2:96,chd_conf_headgr,0.0,0.0
270,7,4,97,"(7, 4, 97)",idx0:7_idx1:4_idx2:97,chd_conf_headgr,0.0,0.0
271,7,4,98,"(7, 4, 98)",idx0:7_idx1:4_idx2:98,chd_conf_headgr,0.0,0.0
272,7,4,99,"(7, 4, 99)",idx0:7_idx1:4_idx2:99,chd_conf_headgr,0.0,0.0
273,7,4,100,"(7, 4, 100)",idx0:7_idx1:4_idx2:100,chd_conf_headgr,0.0,0.0
274,7,4,101,"(7, 4, 101)",idx0:7_idx1:4_idx2:101,chd_conf_headgr,0.0,0.0
275,7,4,102,"(7, 4, 102)",idx0:7_idx1:4_idx2:102,chd_conf_headgr,0.0,0.0
276,7,4,103,"(7, 4, 103)",idx0:7_idx1:4_idx2:103,chd_conf_headgr,0.0,0.0
277,7,4,104,"(7, 4, 104)",idx0:7_idx1:4_idx2:104,chd_conf_headgr,0.0,0.0
278,7,4,105,"(7, 4, 105)",idx0:7_idx1:4_idx2:105,chd_conf_headgr,0.0,0.0
279,7,4,106,"(7, 4, 106)",idx0:7_idx1:4_idx2:106,chd_conf_headgr,0.0,0.0
280,7,4,107,"(7, 4, 107)",idx0:7_idx1:4_idx2:107,chd_conf_headgr,0.0,0.0
281,7,4,108,"(7, 4, 108)",idx0:7_idx1:4_idx2:108,chd_conf_headgr,0.0,0.0
282,7,4,109,"(7, 4, 109)",idx0:7_idx1:4_idx2:109,chd_conf_headgr,0.0,0.0
283,7,4,110,"(7, 4, 110)",idx0:7_idx1:4_idx2:110,chd_conf_headgr,0.0,0.0
284,7,4,111,"(7, 4, 111)",idx0:7_idx1:4_idx2:111,chd_conf_headgr,0.0,0.0
285,7,4,112,"(7, 4, 112)",idx0:7_idx1:4_idx2:112,chd_conf_headgr,0.0,0.0
286,7,4,113,"(7, 4, 113)",idx0:7_idx1:4_idx2:113,chd_conf_headgr,0.0,0.0
287,7,4,114,"(7, 4, 114)",idx0:7_idx1:4_idx2:114,chd_conf_headgr,0.0,0.0
288,7,4,115,"(7, 4, 115)",idx0:7_idx1:4_idx2:115,chd_conf_headgr,0.0,0.0
289,7,4,116,"(7, 4, 116)",idx0:7_idx1:4_idx2:116,chd_conf_headgr,0.0,0.0
290,7,4,117,"(7, 4, 117)",idx0:7_idx1:4_idx2:117,chd_conf_headgr,0.0,0.0
291,7,4,118,"(7, 4, 118)",idx0:7_idx1:4_idx2:118,chd_conf_headgr,0.0,0.0
292,7,4,119,"(7, 4, 119)",idx0:7_idx1:4_idx2:119,chd_conf_headgr,0.0,0.0
293,7,4,120,"(7, 4, 120)",idx0:7_idx1:4_idx2:120,chd_conf_headgr,0.0,0.0
294,7,4,121,"(7, 4, 121)",idx0:7_idx1:4_idx2:121,chd_conf_headgr,0.0,0.0
295,7,4,122,"(7, 4, 122)",idx0:7_idx1:4_idx2:122,chd_conf_headgr,0.0,0.0
296,7,4,123,"(7, 4, 123)",idx0:7_idx1:4_idx2:123,chd_conf_headgr,0.0,0.0
297,7,4,124,"(7, 4, 124)",idx0:7_idx1:4_idx2:124,chd_conf_headgr,0.0,0.0
298,7,4,125,"(7, 4, 125)",idx0:7_idx1:4_idx2:125,chd_conf_headgr,0.0,0.0
299,7,4,126,"(7, 4, 126)",idx0:7_idx1:4_idx2:126,chd_conf_headgr,0.0,0.0
300,7,4,127,"(7, 4, 127)",idx0:7_idx1:4_idx2:127,chd_conf_headgr,0.0,0.0
301,7,4,128,"(7, 4, 128)",idx0:7_idx1:4_idx2:128,chd_conf_headgr,0.0,0.0
302,7,4,129,"(7, 4, 129)",idx0:7_idx1:4_idx2:129,chd_conf_headgr,0.0,0.0
303,7,4,130,"(7, 4, 130)",idx0:7_idx1:4_idx2:130,chd_conf_headgr,0.0,0.0
304,7,4,131,"(7, 4, 131)",idx0:7_idx1:4_idx2:131,chd_conf_headgr,0.0,0.0
305,7,4,132,"(7, 4, 132)",idx0:7_idx1:4_idx2:132,chd_conf_headgr,0.0,0.0
306,7,4,133,"(7, 4, 133)",idx0:7_idx1:4_idx2:133,chd_conf_headgr,0.0,0.0
307,7,4,134,"(7, 4, 134)",idx0:7_idx1:4_idx2:134,chd_conf_headgr,0.0,0.0
308,7,4,135,"(7, 4, 135)",idx0:7_idx1:4_idx2:135,chd_conf_headgr,0.0,0.0
309,7,4,136,"(7, 4, 136)",idx0:7_idx1:4_idx2:136,chd_conf_headgr,0.0,0.0
310,7,4,137,"(7, 4, 137)",idx0:7_idx1:4_idx2:137,chd_conf_headgr,0.0,0.0
311,7,4,138,"(7, 4, 138)",idx0:7_idx1:4_idx2:138,chd_conf_headgr,0.0,0.0
312,7,4,139,"(7, 4, 139)",idx0:7_idx1:4_idx2:139,chd_conf_headgr,0.0,0.0
313,7,4,140,"(7, 4, 140)",idx0:7_idx1:4_idx2:140,chd_conf_headgr,0.0,0.0
314,7,4,141,"(7, 4, 141)",idx0:7_idx1:4_idx2:141,chd_conf_headgr,0.0,0.0
315,7,4,142,"(7, 4, 142)",idx0:7_idx1:4_idx2:142,chd_conf_headgr,0.0,0.0
316,7,4,143,"(7, 4, 143)",idx0:7_idx1:4_idx2:143,chd_conf_headgr,0.0,0.0
317,7,4,144,"(7, 4, 144)",idx0:7_idx1:4_idx2:144,chd_conf_headgr,0.0,0.0
318,7,4,145,"(7, 4, 145)",idx0:7_idx1:4_idx2:145,chd_conf_headgr,0.0,0.0
319,7,4,146,"(7, 4, 146)",idx0:7_idx1:4_idx2:146,chd_conf_headgr,0.0,0.0
320,7,4,147,"(7, 4, 147)",idx0:7_idx1:4_idx2:147,chd_conf_headgr,0.0,0.0
321,7,4,148,"(7, 4, 148)",idx0:7_idx1:4_idx2:148,chd_conf_headgr,0.0,0.0
322,7,5,53,"(7, 5, 53)",idx0:7_idx1:5_idx2:53,chd_conf_headgr,0.0,0.0
323,7,5,54,"(7, 5, 54)",idx0:7_idx1:5_idx2:54,chd_conf_headgr,0.0,0.0
324,7,5,55,"(7, 5, 55)",idx0:7_idx1:5_idx2:55,chd_conf_headgr,0.0,0.0
325,7,5,56,"(7, 5, 56)",idx0:7_idx1:5_idx2:56,chd_conf_headgr,0.0,0.0
326,7,5,57,"(7, 5, 57)",idx0:7_idx1:5_idx2:57,chd_conf_headgr,0.0,0.0
327,7,5,58,"(7, 5, 58)",idx0:7_idx1:5_idx2:58,chd_conf_headgr,0.0,0.0
328,7,5,59,"(7, 5, 59)",idx0:7_idx1:5_idx2:59,chd_conf_headgr,0.0,0.0
329,7,5,60,"(7, 5, 60)",idx0:7_idx1:5_idx2:60,chd_conf_headgr,0.0,0.0
330,7,5,61,"(7, 5, 61)",idx0:7_idx1:5_idx2:61,chd_conf_headgr,0.0,0.0
331,7,5,62,"(7, 5, 62)",idx0:7_idx1:5_idx2:62,chd_conf_headgr,0.0,0.0
332,7,5,63,"(7, 5, 63)",idx0:7_idx1:5_idx2:63,chd_conf_headgr,0.0,0.0
333,7,5,64,"(7, 5, 64)",idx0:7_idx1:5_idx2:64,chd_conf_headgr,0.0,0.0
334,7,5,65,"(7, 5, 65)",idx0:7_idx1:5_idx2:65,chd_conf_headgr,0.0,0.0
335,7,5,66,"(7, 5, 66)",idx0:7_idx1:5_idx2:66,chd_conf_headgr,0.0,0.0
336,7,5,67,"(7, 5, 67)",idx0:7_idx1:5_idx2:67,chd_conf_headgr,0.0,0.0
337,7,5,68,"(7, 5, 68)",idx0:7_idx1:5_idx2:68,chd_conf_headgr,0.0,0.0
338,7,5,69,"(7, 5, 69)",idx0:7_idx1:5_idx2:69,chd_conf_headgr,0.0,0.0
339,7,5,70,"(7, 5, 70)",idx0:7_idx1:5_idx2:70,chd_conf_headgr,0.0,0.0
340,7,5,71,"(7, 5, 71)",idx0:7_idx1:5_idx2:71,chd_conf_headgr,0.0,0.0
341,7,5,72,"(7, 5, 72)",idx0:7_idx1:5_idx2:72,chd_conf_headgr,0.0,0.0
342,7,5,73,"(7, 5, 73)",idx0:7_idx1:5_idx2:73,chd_conf_headgr,0.0,0.0
343,7,5,74,"(7, 5, 74)",idx0:7_idx1:5_idx2:74,chd_conf_headgr,0.0,0.0
344,7,5,75,"(7, 5, 75)",idx0:7_idx1:5_idx2:75,chd_conf_headgr,0.0,0.0
345,7,5,76,"(7, 5, 76)",idx0:7_idx1:5_idx2:76,chd_conf_headgr,0.0,0.0
346,7,5,77,"(7, 5, 77)",idx0:7_idx1:5_idx2:77,chd_conf_headgr,0.0,0.0
347,7,5,78,"(7, 5, 78)",idx0:7_idx1:5_idx2:78,chd_conf_headgr,0.0,0.0
348,7,5,79,"(7, 5, 79)",idx0:7_idx1:5_idx2:79,chd_conf_headgr,0.0,0.0
349,7,5,80,"(7, 5, 80)",idx0:7_idx1:5_idx2:80,chd_conf_headgr,0.0,0.0
350,7,5,81,"(7, 5, 81)",idx0:7_idx1:5_idx2:81,chd_conf_headgr,0.0,0.0
351,7,5,82,"(7, 5, 82)",idx0:7_idx1:5_idx2:82,chd_conf_headgr,0.0,0.0
352,7,5,83,"(7, 5, 83)",idx0:7_idx1:5_idx2:83,chd_conf_headgr,0.0,0.0
353,7,5,84,"(7, 5, 84)",idx0:7_idx1:5_idx2:84,chd_conf_headgr,0.0,0.0
354,7,5,85,"(7, 5, 85)",idx0:7_idx1:5_idx2:85,chd_conf_headgr,0.0,0.0
355,7,5,86,"(7, 5, 86)",idx0:7_idx1:5_idx2:86,chd_conf_headgr,0.0,0.0
356,7,5,87,"(7, 5, 87)",idx0:7_idx1:5_idx2:87,chd_conf_headgr,0.0,0.0
357,7,5,88,"(7, 5, 88)",idx0:7_idx1:5_idx2:88,chd_conf_headgr,0.0,0.0
358,7,5,89,"(7, 5, 89)",idx0:7_idx1:5_idx2:89,chd_conf_headgr,0.0,0.0
359,7,5,90,"(7, 5, 90)",idx0:7_idx1:5_idx2:90,chd_conf_headgr,0.0,0.0
360,7,5,91,"(7, 5, 91)",idx0:7_idx1:5_idx2:91,chd_conf_headgr,0.0,0.0
361,7,5,92,"(7, 5, 92)",idx0:7_idx1:5_idx2:92,chd_conf_headgr,0.0,0.0
362,7,5,93,"(7, 5, 93)",idx0:7_idx1:5_idx2:93,chd_conf_headgr,0.0,0.0
363,7,5,94,"(7, 5, 94)",idx0:7_idx1:5_idx2:94,chd_conf_headgr,0.0,0.0
364,7,5,95,"(7, 5, 95)",idx0:7_idx1:5_idx2:95,chd_conf_headgr,0.0,0.0
365,7,5,96,"(7, 5, 96)",idx0:7_idx1:5_idx2:96,chd_conf_headgr,0.0,0.0
366,7,5,97,"(7, 5, 97)",idx0:7_idx1:5_idx2:97,chd_conf_headgr,0.0,0.0
367,7,5,98,"(7, 5, 98)",idx0:7_idx1:5_idx2:98,chd_conf_headgr,0.0,0.0
368,7,5,99,"(7, 5, 99)",idx0:7_idx1:5_idx2:99,chd_conf_headgr,0.0,0.0
369,7,5,100,"(7, 5, 100)",idx0:7_idx1:5_idx2:100,chd_conf_headgr,0.0,0.0
370,7,5,101,"(7, 5, 101)",idx0:7_idx1:5_idx2:101,chd_conf_headgr,0.0,0.0
371,7,5,102,"(7, 5, 102)",idx0:7_idx1:5_idx2:102,chd_conf_headgr,0.0,0.0
372,7,5,103,"(7, 5, 103)",idx0:7_idx1:5_idx2:103,chd_conf_headgr,0.0,0.0
373,7,5,104,"(7, 5, 104)",idx0:7_idx1:5_idx2:104,chd_conf_headgr,0.0,0.0
374,7,5,105,"(7, 5, 105)",idx0:7_idx1:5_idx2:105,chd_conf_headgr,0.0,0.0
375,7,5,106,"(7, 5, 106)",idx0:7_idx1:5_idx2:106,chd_conf_headgr,0.0,0.0
376,7,5,107,"(7, 5, 107)",idx0:7_idx1:5_idx2:107,chd_conf_headgr,0.0,0.0
377,7,5,108,"(7, 5, 108)",idx0:7_idx1:5_idx2:108,chd_conf_headgr,0.0,0.0
378,7,5,109,"(7, 5, 109)",idx0:7_idx1:5_idx2:109,chd_conf_headgr,0.0,0.0
379,7,5,110,"(7, 5, 110)",idx0:7_idx1:5_idx2:110,chd_conf_headgr,0.0,0.0
380,7,5,111,"(7, 5, 111)",idx0:7_idx1:5_idx2:111,chd_conf_headgr,0.0,0.0
381,7,5,112,"(7, 5, 112)",idx0:7_idx1:5_idx2:112,chd_conf_headgr,0.0,0.0
382,7,5,113,"(7, 5, 113)",idx0:7_idx1:5_idx2:113,chd_conf_headgr,0.0,0.0
383,7,5,114,"(7, 5, 114)",idx0:7_idx1:5_idx2:114,chd_conf_headgr,0.0,0.0
384,7,5,115,"(7, 5, 115)",idx0:7_idx1:5_idx2:115,chd_conf_headgr,0.0,0.0
385,7,5,116,"(7, 5, 116)",idx0:7_idx1:5_idx2:116,chd_conf_headgr,0.0,0.0
386,7,5,117,"(7, 5, 117)",idx0:7_idx1:5_idx2:117,chd_conf_headgr,0.0,0.0
387,7,5,118,"(7, 5, 118)",idx0:7_idx1:5_idx2:118,chd_conf_headgr,0.0,0.0
388,7,5,119,"(7, 5, 119)",idx0:7_idx1:5_idx2:119,chd_conf_headgr,0.0,0.0
389,7,5,120,"(7, 5, 120)",idx0:7_idx1:5_idx2:120,chd_conf_headgr,0.0,0.0
390,7,5,121,"(7, 5, 121)",idx0:7_idx1:5_idx2:121,chd_conf_headgr,0.0,0.0
391,7,5,122,"(7, 5, 122)",idx0:7_idx1:5_idx2:122,chd_conf_headgr,0.0,0.0
392,7,5,123,"(7, 5, 123)",idx0:7_idx1:5_idx2:123,chd_conf_headgr,0.0,0.0
393,7,5,124,"(7, 5, 124)",idx0:7_idx1:5_idx2:124,chd_conf_headgr,0.0,0.0
394,7,5,125,"(7, 5, 125)",idx0:7_idx1:5_idx2:125,chd_conf_headgr,0.0,0.0
395,7,5,126,"(7, 5, 126)",idx0:7_idx1:5_idx2:126,chd_conf_headgr,0.0,0.0
396,7,5,127,"(7, 5, 127)",idx0:7_idx1:5_idx2:127,chd_conf_headgr,0.0,0.0
397,7,5,128,"(7, 5, 128)",idx0:7_idx1:5_idx2:128,chd_conf_headgr,0.0,0.0
398,7,5,129,"(7, 5, 129)",idx0:7_idx1:5_idx2:129,chd_conf_headgr,0.0,0.0
399,7,5,130,"(7, 5, 130)",idx0:7_idx1:5_idx2:130,chd_conf_headgr,0.0,0.0
400,7,5,131,"(7, 5, 131)",idx0:7_idx1:5_idx2:131,chd_conf_headgr,0.0,0.0
401,7,5,132,"(7, 5, 132)",idx0:7_idx1:5_idx2:132,chd_conf_headgr,0.0,0.0
402,7,5,133,"(7, 5, 133)",idx0:7_idx1:5_idx2:133,chd_conf_headgr,0.0,0.0
403,7,5,134,"(7, 5, 134)",idx0:7_idx1:5_idx2:134,chd_conf_headgr,0.0,0.0
404,7,5,135,"(7, 5, 135)",idx0:7_idx1:5_idx2:135,chd_conf_headgr,0.0,0.0
405,7,5,136,"(7, 5, 136)",idx0:7_idx1:5_idx2:136,chd_conf_headgr,0.0,0.0
406,7,5,137,"(7, 5, 137)",idx0:7_idx1:5_idx2:137,chd_conf_headgr,0.0,0.0
407,7,5,138,"(7, 5, 138)",idx0:7_idx1:5_idx2:138,chd_conf_headgr,0.0,0.0
408,7,5,139,"(7, 5, 139)",idx0:7_idx1:5_idx2:139,chd_conf_headgr,0.0,0.0
409,7,5,140,"(7, 5, 140)",idx0:7_idx1:5_idx2:140,chd_conf_headgr,0.0,0.0
410,7,5,141,"(7, 5, 141)",idx0:7_idx1:5_idx2:141,chd_conf_headgr,0.0,0.0
411,7,5,142,"(7, 5, 142)",idx0:7_idx1:5_idx2:142,chd_conf_headgr,0.0,0.0
412,7,5,143,"(7, 5, 143)",idx0:7_idx1:5_idx2:143,chd_conf_headgr,0.0,0.0
413,7,5,144,"(7, 5, 144)",idx0:7_idx1:5_idx2:144,chd_conf_headgr,0.0,0.0
414,7,5,145,"(7, 5, 145)",idx0:7_idx1:5_idx2:145,chd_conf_headgr,0.0,0.0
415,7,5,146,"(7, 5, 146)",idx0:7_idx1:5_idx2:146,chd_conf_headgr,0.0,0.0
416,7,5,147,"(7, 5, 147)",idx0:7_idx1:5_idx2:147,chd_conf_headgr,0.0,0.0
417,7,5,148,"(7, 5, 148)",idx0:7_idx1:5_idx2:148,chd_conf_headgr,0.0,0.0
418,7,6,51,"(7, 6, 51)",idx0:7_idx1:6_idx2:51,chd_conf_headgr,0.0,0.0
419,7,6,52,"(7, 6, 52)",idx0:7_idx1:6_idx2:52,chd_conf_headgr,0.0,0.0
420,7,6,53,"(7, 6, 53)",idx0:7_idx1:6_idx2:53,chd_conf_headgr,0.0,0.0
421,7,6,54,"(7, 6, 54)",idx0:7_idx1:6_idx2:54,chd_conf_headgr,0.0,0.0
422,7,6,55,"(7, 6, 55)",idx0:7_idx1:6_idx2:55,chd_conf_headgr,0.0,0.0
423,7,6,56,"(7, 6, 56)",idx0:7_idx1:6_idx2:56,chd_conf_headgr,0.0,0.0
424,7,6,57,"(7, 6, 57)",idx0:7_idx1:6_idx2:57,chd_conf_headgr,0.0,0.0
425,7,6,58,"(7, 6, 58)",idx0:7_idx1:6_idx2:58,chd_conf_headgr,0.0,0.0
426,7,6,59,"(7, 6, 59)",idx0:7_idx1:6_idx2:59,chd_conf_headgr,0.0,0.0
427,7,6,60,"(7, 6, 60)",idx0:7_idx1:6_idx2:60,chd_conf_headgr,0.0,0.0
428,7,6,61,"(7, 6, 61)",idx0:7_idx1:6_idx2:61,chd_conf_headgr,0.0,0.0
429,7,6,62,"(7, 6, 62)",idx0:7_idx1:6_idx2:62,chd_conf_headgr,0.0,0.0
430,7,6,63,"(7, 6, 63)",idx0:7_idx1:6_idx2:63,chd_conf_headgr,0.0,0.0
431,7,6,64,"(7, 6, 64)",idx0:7_idx1:6_idx2:64,chd_conf_headgr,0.0,0.0
432,7,6,65,"(7, 6, 65)",idx0:7_idx1:6_idx2:65,chd_conf_headgr,0.0,0.0
433,7,6,66,"(7, 6, 66)",idx0:7_idx1:6_idx2:66,chd_conf_headgr,0.0,0.0
434,7,6,67,"(7, 6, 67)",idx0:7_idx1:6_idx2:67,chd_conf_headgr,0.0,0.0
435,7,6,68,"(7, 6, 68)",idx0:7_idx1:6_idx2:68,chd_conf_headgr,0.0,0.0
436,7,6,69,"(7, 6, 69)",idx0:7_idx1:6_idx2:69,chd_conf_headgr,0.0,0.0
437,7,6,70,"(7, 6, 70)",idx0:7_idx1:6_idx2:70,chd_conf_headgr,0.0,0.0
438,7,6,71,"(7, 6, 71)",idx0:7_idx1:6_idx2:71,chd_conf_headgr,0.0,0.0
439,7,6,72,"(7, 6, 72)",idx0:7_idx1:6_idx2:72,chd_conf_headgr,0.0,0.0
440,7,6,73,"(7, 6, 73)",idx0:7_idx1:6_idx2:73,chd_conf_headgr,0.0,0.0
441,7,6,74,"(7, 6, 74)",idx0:7_idx1:6_idx2:74,chd_conf_headgr,0.0,0.0
442,7,6,75,"(7, 6, 75)",idx0:7_idx1:6_idx2:75,chd_conf_headgr,0.0,0.0
443,7,6,76,"(7, 6, 76)",idx0:7_idx1:6_idx2:76,chd_conf_headgr,0.0,0.0
444,7,6,77,"(7, 6, 77)",idx0:7_idx1:6_idx2:77,chd_conf_headgr,0.0,0.0
445,7,6,78,"(7, 6, 78)",idx0:7_idx1:6_idx2:78,chd_conf_headgr,0.0,0.0
446,7,6,79,"(7, 6, 79)",idx0:7_idx1:6_idx2:79,chd_conf_headgr,0.0,0.0
447,7,6,80,"(7, 6, 80)",idx0:7_idx1:6_idx2:80,chd_conf_headgr,0.0,0.0
448,7,6,81,"(7, 6, 81)",idx0:7_idx1:6_idx2:81,chd_conf_headgr,0.0,0.0
449,7,6,82,"(7, 6, 82)",idx0:7_idx1:6_idx2:82,chd_conf_headgr,0.0,0.0
450,7,6,83,"(7, 6, 83)",idx0:7_idx1:6_idx2:83,chd_conf_headgr,0.0,0.0
451,7,6,84,"(7, 6, 84)",idx0:7_idx1:6_idx2:84,chd_conf_headgr,0.0,0.0
452,7,6,85,"(7, 6, 85)",idx0:7_idx1:6_idx2:85,chd_conf_headgr,0.0,0.0
453,7,6,86,"(7, 6, 86)",idx0:7_idx1:6_idx2:86,chd_conf_headgr,0.0,0.0
454,7,6,87,"(7, 6, 87)",idx0:7_idx1:6_idx2:87,chd_conf_headgr,0.0,0.0
455,7,6,88,"(7, 6, 88)",idx0:7_idx1:6_idx2:88,chd_conf_headgr,0.0,0.0
456,7,6,89,"(7, 6, 89)",idx0:7_idx1:6_idx2:89,chd_conf_headgr,0.0,0.0
457,7,6,90,"(7, 6, 90)",idx0:7_idx1:6_idx2:90,chd_conf_headgr,0.0,0.0
458,7,6,91,"(7, 6, 91)",idx0:7_idx1:6_idx2:91,chd_conf_headgr,0.0,0.0
459,7,6,92,"(7, 6, 92)",idx0:7_idx1:6_idx2:92,chd_conf_headgr,0.0,0.0
460,7,6,93,"(7, 6, 93)",idx0:7_idx1:6_idx2:93,chd_conf_headgr,0.0,0.0
461,7,6,94,"(7, 6, 94)",idx0:7_idx1:6_idx2:94,chd_conf_headgr,0.0,0.0
462,7,6,95,"(7, 6, 95)",idx0:7_idx1:6_idx2:95,chd_conf_headgr,0.0,0.0
463,7,6,96,"(7, 6, 96)",idx0:7_idx1:6_idx2:96,chd_conf_headgr,0.0,0.0
464,7,6,97,"(7, 6, 97)",idx0:7_idx1:6_idx2:97,chd_conf_headgr,0.0,0.0
465,7,6,98,"(7, 6, 98)",idx0:7_idx1:6_idx2:98,chd_conf_headgr,0.0,0.0
466,7,6,99,"(7, 6, 99)",idx0:7_idx1:6_idx2:99,chd_conf_headgr,0.0,0.0
467,7,6,100,"(7, 6, 100)",idx0:7_idx1:6_idx2:100,chd_conf_headgr,0.0,0.0
468,7,6,101,"(7, 6, 101)",idx0:7_idx1:6_idx2:101,chd_conf_headgr,0.0,0.0
469,7,6,102,"(7, 6, 102)",idx0:7_idx1:6_idx2:102,chd_conf_headgr,0.0,0.0
470,7,6,103,"(7, 6, 103)",idx0:7_idx1:6_idx2:103,chd_conf_headgr,0.0,0.0
471,7,6,104,"(7, 6, 104)",idx0:7_idx1:6_idx2:104,chd_conf_headgr,0.0,0.0
472,7,6,105,"(7, 6, 105)",idx0:7_idx1:6_idx2:105,chd_conf_headgr,0.0,0.0
473,7,6,106,"(7, 6, 106)",idx0:7_idx1:6_idx2:106,chd_conf_headgr,0.0,0.0
474,7,6,107,"(7, 6, 107)",idx0:7_idx1:6_idx2:107,chd_conf_headgr,0.0,0.0
475,7,6,108,"(7, 6, 108)",idx0:7_idx1:6_idx2:108,chd_conf_headgr,0.0,0.0
476,7,6,109,"(7, 6, 109)",idx0:7_idx1:6_idx2:109,chd_conf_headgr,0.0,0.0
477,7,6,110,"(7, 6, 110)",idx0:7_idx1:6_idx2:110,chd_conf_headgr,0.0,0.0
478,7,6,111,"(7, 6, 111)",idx0:7_idx1:6_idx2:111,chd_conf_headgr,0.0,0.0
479,7,6,112,"(7, 6, 112)",idx0:7_idx1:6_idx2:112,chd_conf_headgr,0.0,0.0
480,7,6,113,"(7, 6, 113)",idx0:7_idx1:6_idx2:113,chd_conf_headgr,0.0,0.0
481,7,6,114,"(7, 6, 114)",idx0:7_idx1:6_idx2:114,chd_conf_headgr,0.0,0.0
482,7,6,115,"(7, 6, 115)",idx0:7_idx1:6_idx2:115,chd_conf_headgr,0.0,0.0
483,7,6,116,"(7, 6, 116)",idx0:7_idx1:6_idx2:116,chd_conf_headgr,0.0,0.0
484,7,6,117,"(7, 6, 117)",idx0:7_idx1:6_idx2:117,chd_conf_headgr,0.0,0.0
485,7,6,118,"(7, 6, 118)",idx0:7_idx1:6_idx2:118,chd_conf_headgr,0.0,0.0
486,7,6,119,"(7, 6, 119)",idx0:7_idx1:6_idx2:119,chd_conf_headgr,0.0,0.0
487,7,6,120,"(7, 6, 120)",idx0:7_idx1:6_idx2:120,chd_conf_headgr,0.0,0.0
488,7,6,121,"(7, 6, 121)",idx0:7_idx1:6_idx2:121,chd_conf_headgr,0.0,0.0
489,7,6,122,"(7, 6, 122)",idx0:7_idx1:6_idx2:122,chd_conf_headgr,0.0,0.0
490,7,6,123,"(7, 6, 123)",idx0:7_idx1:6_idx2:123,chd_conf_headgr,0.0,0.0
491,7,6,124,"(7, 6, 124)",idx0:7_idx1:6_idx2:124,chd_conf_headgr,0.0,0.0
492,7,6,125,"(7, 6, 125)",idx0:7_idx1:6_idx2:125,chd_conf_headgr,0.0,0.0
493,7,6,126,"(7, 6, 126)",idx0:7_idx1:6_idx2:126,chd_conf_headgr,0.0,0.0
494,7,6,127,"(7, 6, 127)",idx0:7_idx1:6_idx2:127,chd_conf_headgr,0.0,0.0
495,7,6,128,"(7, 6, 128)",idx0:7_idx1:6_idx2:128,chd_conf_headgr,0.0,0.0
496,7,6,129,"(7, 6, 129)",idx0:7_idx1:6_idx2:129,chd_conf_headgr,0.0,0.0
497,7,6,130,"(7, 6, 130)",idx0:7_idx1:6_idx2:130,chd_conf_headgr,0.0,0.0
498,7,6,131,"(7, 6, 131)",idx0:7_idx1:6_idx2:131,chd_conf_headgr,0.0,0.0
499,7,6,132,"(7, 6, 132)",idx0:7_idx1:6_idx2:132,chd_conf_headgr,0.0,0.0
500,7,6,133,"(7, 6, 133)",idx0:7_idx1:6_idx2:133,chd_conf_headgr,0.0,0.0
501,7,6,134,"(7, 6, 134)",idx0:7_idx1:6_idx2:134,chd_conf_headgr,0.0,0.0
502,7,6,135,"(7, 6, 135)",idx0:7_idx1:6_idx2:135,chd_conf_headgr,0.0,0.0
503,7,6,136,"(7, 6, 136)",idx0:7_idx1:6_idx2:136,chd_conf_headgr,0.0,0.0
504,7,6,137,"(7, 6, 137)",idx0:7_idx1:6_idx2:137,chd_conf_headgr,0.0,0.0
505,7,6,138,"(7, 6, 138)",idx0:7_idx1:6_idx2:138,chd_conf_headgr,0.0,0.0
506,7,6,139,"(7, 6, 139)",idx0:7_idx1:6_idx2:139,chd_conf_headgr,0.0,0.0
507,7,6,140,"(7, 6, 140)",idx0:7_idx1:6_idx2:140,chd_conf_headgr,0.0,0.0
508,7,6,141,"(7, 6, 141)",idx0:7_idx1:6_idx2:141,chd_conf_headgr,0.0,0.0
509,7,6,142,"(7, 6, 142)",idx0:7_idx1:6_idx2:142,chd_conf_headgr,0.0,0.0
510,7,6,143,"(7, 6, 143)",idx0:7_idx1:6_idx2:143,chd_conf_headgr,0.0,0.0
511,7,6,144,"(7, 6, 144)",idx0:7_idx1:6_idx2:144,chd_conf_headgr,0.0,0.0
512,7,6,145,"(7, 6, 145)",idx0:7_idx1:6_idx2:145,chd_conf_headgr,0.0,0.0
513,7,6,146,"(7, 6, 146)",idx0:7_idx1:6_idx2:146,chd_conf_headgr,0.0,0.0
514,7,6,147,"(7, 6, 147)",idx0:7_idx1:6_idx2:147,chd_conf_headgr,0.0,0.0
515,7,6,148,"(7, 6, 148)",idx0:7_idx1:6_idx2:148,chd_conf_headgr,0.0,0.0
516,7,7,49,"(7, 7, 49)",idx0:7_idx1:7_idx2:49,chd_conf_headgr,0.0,0.0
517,7,7,50,"(7, 7, 50)",idx0:7_idx1:7_idx2:50,chd_conf_headgr,0.0,0.0
518,7,7,51,"(7, 7, 51)",idx0:7_idx1:7_idx2:51,chd_conf_headgr,0.0,0.0
519,7,7,52,"(7, 7, 52)",idx0:7_idx1:7_idx2:52,chd_conf_headgr,0.0,0.0
520,7,7,53,"(7, 7, 53)",idx0:7_idx1:7_idx2:53,chd_conf_headgr,0.0,0.0
521,7,7,54,"(7, 7, 54)",idx0:7_idx1:7_idx2:54,chd_conf_headgr,0.0,0.0
522,7,7,55,"(7, 7, 55)",idx0:7_idx1:7_idx2:55,chd_conf_headgr,0.0,0.0
523,7,7,56,"(7, 7, 56)",idx0:7_idx1:7_idx2:56,chd_conf_headgr,0.0,0.0
524,7,7,57,"(7, 7, 57)",idx0:7_idx1:7_idx2:57,chd_conf_headgr,0.0,0.0
525,7,7,58,"(7, 7, 58)",idx0:7_idx1:7_idx2:58,chd_conf_headgr,0.0,0.0
526,7,7,59,"(7, 7, 59)",idx0:7_idx1:7_idx2:59,chd_conf_headgr,0.0,0.0
527,7,7,60,"(7, 7, 60)",idx0:7_idx1:7_idx2:60,chd_conf_headgr,0.0,0.0
528,7,7,61,"(7, 7, 61)",idx0:7_idx1:7_idx2:61,chd_conf_headgr,0.0,0.0
529,7,7,62,"(7, 7, 62)",idx0:7_idx1:7_idx2:62,chd_conf_headgr,0.0,0.0
530,7,7,63,"(7, 7, 63)",idx0:7_idx1:7_idx2:63,chd_conf_headgr,0.0,0.0
531,7,7,64,"(7, 7, 64)",idx0:7_idx1:7_idx2:64,chd_conf_headgr,0.0,0.0
532,7,7,65,"(7, 7, 65)",idx0:7_idx1:7_idx2:65,chd_conf_headgr,0.0,0.0
533,7,7,66,"(7, 7, 66)",idx0:7_idx1:7_idx2:66,chd_conf_headgr,0.0,0.0
534,7,7,67,"(7, 7, 67)",idx0:7_idx1:7_idx2:67,chd_conf_headgr,0.0,0.0
535,7,7,68,"(7, 7, 68)",idx0:7_idx1:7_idx2:68,chd_conf_headgr,0.0,0.0
536,7,7,69,"(7, 7, 69)",idx0:7_idx1:7_idx2:69,chd_conf_headgr,0.0,0.0
537,7,7,70,"(7, 7, 70)",idx0:7_idx1:7_idx2:70,chd_conf_headgr,0.0,0.0
538,7,7,71,"(7, 7, 71)",idx0:7_idx1:7_idx2:71,chd_conf_headgr,0.0,0.0
539,7,7,72,"(7, 7, 72)",idx0:7_idx1:7_idx2:72,chd_conf_headgr,0.0,0.0
540,7,7,73,"(7, 7, 73)",idx0:7_idx1:7_idx2:73,chd_conf_headgr,0.0,0.0
541,7,7,74,"(7, 7, 74)",idx0:7_idx1:7_idx2:74,chd_conf_headgr,0.0,0.0
542,7,7,75,"(7, 7, 75)",idx0:7_idx1:7_idx2:75,chd_conf_headgr,0.0,0.0
543,7,7,76,"(7, 7, 76)",idx0:7_idx1:7_idx2:76,chd_conf_headgr,0.0,0.0
544,7,7,77,"(7, 7, 77)",idx0:7_idx1:7_idx2:77,chd_conf_headgr,0.0,0.0
545,7,7,78,"(7, 7, 78)",idx0:7_idx1:7_idx2:78,chd_conf_headgr,0.0,0.0
546,7,7,79,"(7, 7, 79)",idx0:7_idx1:7_idx2:79,chd_conf_headgr,0.0,0.0
547,7,7,80,"(7, 7, 80)",idx0:7_idx1:7_idx2:80,chd_conf_headgr,0.0,0.0
548,7,7,81,"(7, 7, 81)",idx0:7_idx1:7_idx2:81,chd_conf_headgr,0.0,0.0
549,7,7,82,"(7, 7, 82)",idx0:7_idx1:7_idx2:82,chd_conf_headgr,0.0,0.0
550,7,7,83,"(7, 7, 83)",idx0:7_idx1:7_idx2:83,chd_conf_headgr,0.0,0.0
551,7,7,84,"(7, 7, 84)",idx0:7_idx1:7_idx2:84,chd_conf_headgr,0.0,0.0
552,7,7,85,"(7, 7, 85)",idx0:7_idx1:7_idx2:85,chd_conf_headgr,0.0,0.0
553,7,7,86,"(7, 7, 86)",idx0:7_idx1:7_idx2:86,chd_conf_headgr,0.0,0.0
554,7,7,87,"(7, 7, 87)",idx0:7_idx1:7_idx2:87,chd_conf_headgr,0.0,0.0
555,7,7,88,"(7, 7, 88)",idx0:7_idx1:7_idx2:88,chd_conf_headgr,0.0,0.0
556,7,7,89,"(7, 7, 89)",idx0:7_idx1:7_idx2:89,chd_conf_headgr,0.0,0.0
557,7,7,90,"(7, 7, 90)",idx0:7_idx1:7_idx2:90,chd_conf_headgr,0.0,0.0
558,7,7,91,"(7, 7, 91)",idx0:7_idx1:7_idx2:91,chd_conf_headgr,0.0,0.0
559,7,7,92,"(7, 7, 92)",idx0:7_idx1:7_idx2:92,chd_conf_headgr,0.0,0.0
560,7,7,93,"(7, 7, 93)",idx0:7_idx1:7_idx2:93,chd_conf_headgr,0.0,0.0
561,7,7,94,"(7, 7, 94)",idx0:7_idx1:7_idx2:94,chd_conf_headgr,0.0,0.0
562,7,7,95,"(7, 7, 95)",idx0:7_idx1:7_idx2:95,chd_conf_headgr,0.0,0.0
563,7,7,96,"(7, 7, 96)",idx0:7_idx1:7_idx2:96,chd_conf_headgr,0.0,0.0
564,7,7,97,"(7, 7, 97)",idx0:7_idx1:7_idx2:97,chd_conf_headgr,0.0,0.0
565,7,7,98,"(7, 7, 98)",idx0:7_idx1:7_idx2:98,chd_conf_headgr,0.0,0.0
566,7,7,99,"(7, 7, 99)",idx0:7_idx1:7_idx2:99,chd_conf_headgr,0.0,0.0
567,7,7,100,"(7, 7, 100)",idx0:7_idx1:7_idx2:100,chd_conf_headgr,0.0,0.0
568,7,7,101,"(7, 7, 101)",idx0:7_idx1:7_idx2:101,chd_conf_headgr,0.0,0.0
569,7,7,102,"(7, 7, 102)",idx0:7_idx1:7_idx2:102,chd_conf_headgr,0.0,0.0
570,7,7,103,"(7, 7, 103)",idx0:7_idx1:7_idx2:103,chd_conf_headgr,0.0,0.0
571,7,7,104,"(7, 7, 104)",idx0:7_idx1:7_idx2:104,chd_conf_headgr,0.0,0.0
572,7,7,105,"(7, 7, 105)",idx0:7_idx1:7_idx2:105,chd_conf_headgr,0.0,0.0
573,7,7,106,"(7, 7, 106)",idx0:7_idx1:7_idx2:106,chd_conf_headgr,0.0,0.0
574,7,7,107,"(7, 7, 107)",idx0:7_idx1:7_idx2:107,chd_conf_headgr,0.0,0.0
575,7,7,108,"(7, 7, 108)",idx0:7_idx1:7_idx2:108,chd_conf_headgr,0.0,0.0
576,7,7,109,"(7, 7, 109)",idx0:7_idx1:7_idx2:109,chd_conf_headgr,0.0,0.0
577,7,7,110,"(7, 7, 110)",idx0:7_idx1:7_idx2:110,chd_conf_headgr,0.0,0.0
578,7,7,111,"(7, 7, 111)",idx0:7_idx1:7_idx2:111,chd_conf_headgr,0.0,0.0
579,7,7,112,"(7, 7, 112)",idx0:7_idx1:7_idx2:112,chd_conf_headgr,0.0,0.0
580,7,7,113,"(7, 7, 113)",idx0:7_idx1:7_idx2:113,chd_conf_headgr,0.0,0.0
581,7,7,114,"(7, 7, 114)",idx0:7_idx1:7_idx2:114,chd_conf_headgr,0.0,0.0
582,7,7,115,"(7, 7, 115)",idx0:7_idx1:7_idx2:115,chd_conf_headgr,0.0,0.0
583,7,7,116,"(7, 7, 116)",idx0:7_idx1:7_idx2:116,chd_conf_headgr,0.0,0.0
584,7,7,117,"(7, 7, 117)",idx0:7_idx1:7_idx2:117,chd_conf_headgr,0.0,0.0
585,7,7,118,"(7, 7, 118)",idx0:7_idx1:7_idx2:118,chd_conf_headgr,0.0,0.0
586,7,7,119,"(7, 7, 119)",idx0:7_idx1:7_idx2:119,chd_conf_headgr,0.0,0.0
587,7,7,120,"(7, 7, 120)",idx0:7_idx1:7_idx2:120,chd_conf_headgr,0.0,0.0
588,7,7,121,"(7, 7, 121)",idx0:7_idx1:7_idx2:121,chd_conf_headgr,0.0,0.0
589,7,7,122,"(7, 7, 122)",idx0:7_idx1:7_idx2:122,chd_conf_headgr,0.0,0.0
590,7,7,123,"(7, 7, 123)",idx0:7_idx1:7_idx2:123,chd_conf_headgr,0.0,0.0
591,7,7,124,"(7, 7, 124)",idx0:7_idx1:7_idx2:124,chd_conf_headgr,0.0,0.0
592,7,7,125,"(7, 7, 125)",idx0:7_idx1:7_idx2:125,chd_conf_headgr,0.0,0.0
593,7,7,126,"(7, 7, 126)",idx0:7_idx1:7_idx2:126,chd_conf_headgr,0.0,0.0
594,7,7,127,"(7, 7, 127)",idx0:7_idx1:7_idx2:127,chd_conf_headgr,0.0,0.0
595,7,7,128,"(7, 7, 128)",idx0:7_idx1:7_idx2:128,chd_conf_headgr,0.0,0.0
596,7,7,129,"(7, 7, 129)",idx0:7_idx1:7_idx2:129,chd_conf_headgr,0.0,0.0
597,7,7,130,"(7, 7, 130)",idx0:7_idx1:7_idx2:130,chd_conf_headgr,0.0,0.0
598,7,7,131,"(7, 7, 131)",idx0:7_idx1:7_idx2:131,chd_conf_headgr,0.0,0.0
599,7,7,132,"(7, 7, 132)",idx0:7_idx1:7_idx2:132,chd_conf_headgr,0.0,0.0
600,7,7,133,"(7, 7, 133)",idx0:7_idx1:7_idx2:133,chd_conf_headgr,0.0,0.0
601,7,7,134,"(7, 7, 134)",idx0:7_idx1:7_idx2:134,chd_conf_headgr,0.0,0.0
602,7,7,135,"(7, 7, 135)",idx0:7_idx1:7_idx2:135,chd_conf_headgr,0.0,0.0
603,7,7,136,"(7, 7, 136)",idx0:7_idx1:7_idx2:136,chd_conf_headgr,0.0,0.0
604,7,7,137,"(7, 7, 137)",idx0:7_idx1:7_idx2:137,chd_conf_headgr,0.0,0.0
605,7,7,138,"(7, 7, 138)",idx0:7_idx1:7_idx2:138,chd_conf_headgr,0.0,0.0
606,7,7,139,"(7, 7, 139)",idx0:7_idx1:7_idx2:139,chd_conf_headgr,0.0,0.0
607,7,7,140,"(7, 7, 140)",idx0:7_idx1:7_idx2:140,chd_conf_headgr,0.0,0.0
608,7,7,141,"(7, 7, 141)",idx0:7_idx1:7_idx2:141,chd_conf_headgr,0.0,0.0
609,7,7,142,"(7, 7, 142)",idx0:7_idx1:7_idx2:142,chd_conf_headgr,0.0,0.0
610,7,7,143,"(7, 7, 143)",idx0:7_idx1:7_idx2:143,chd_conf_headgr,0.0,0.0
611,7,7,144,"(7, 7, 144)",idx0:7_idx1:7_idx2:144,chd_conf_headgr,0.0,0.0
612,7,7,145,"(7, 7, 145)",idx0:7_idx1:7_idx2:145,chd_conf_headgr,0.0,0.0
613,7,7,146,"(7, 7, 146)",idx0:7_idx1:7_idx2:146,chd_conf_headgr,0.0,0.0
614,7,7,147,"(7, 7, 147)",idx0:7_idx1:7_idx2:147,chd_conf_headgr,0.0,0.0
615,7,7,148,"(7, 7, 148)",idx0:7_idx1:7_idx2:148,chd_conf_headgr,0.0,0.0
616,7,8,48,"(7, 8, 48)",idx0:7_idx1:8_idx2:48,chd_conf_headgr,0.0,0.0
617,7,8,49,"(7, 8, 49)",idx0:7_idx1:8_idx2:49,chd_conf_headgr,0.0,0.0
618,7,8,50,"(7, 8, 50)",idx0:7_idx1:8_idx2:50,chd_conf_headgr,0.0,0.0
619,7,8,51,"(7, 8, 51)",idx0:7_idx1:8_idx2:51,chd_conf_headgr,0.0,0.0
620,7,8,52,"(7, 8, 52)",idx0:7_idx1:8_idx2:52,chd_conf_headgr,0.0,0.0
621,7,8,53,"(7, 8, 53)",idx0:7_idx1:8_idx2:53,chd_conf_headgr,0.0,0.0
622,7,8,54,"(7, 8, 54)",idx0:7_idx1:8_idx2:54,chd_conf_headgr,0.0,0.0
623,7,8,55,"(7, 8, 55)",idx0:7_idx1:8_idx2:55,chd_conf_headgr,0.0,0.0
624,7,8,56,"(7, 8, 56)",idx0:7_idx1:8_idx2:56,chd_conf_headgr,0.0,0.0
625,7,8,57,"(7, 8, 57)",idx0:7_idx1:8_idx2:57,chd_conf_headgr,0.0,0.0
626,7,8,58,"(7, 8, 58)",idx0:7_idx1:8_idx2:58,chd_conf_headgr,0.0,0.0
627,7,8,59,"(7, 8, 59)",idx0:7_idx1:8_idx2:59,chd_conf_headgr,0.0,0.0
628,7,8,60,"(7, 8, 60)",idx0:7_idx1:8_idx2:60,chd_conf_headgr,0.0,0.0
629,7,8,61,"(7, 8, 61)",idx0:7_idx1:8_idx2:61,chd_conf_headgr,0.0,0.0
630,7,8,62,"(7, 8, 62)",idx0:7_idx1:8_idx2:62,chd_conf_headgr,0.0,0.0
631,7,8,63,"(7, 8, 63)",idx0:7_idx1:8_idx2:63,chd_conf_headgr,0.0,0.0
632,7,8,64,"(7, 8, 64)",idx0:7_idx1:8_idx2:64,chd_conf_headgr,0.0,0.0
633,7,8,65,"(7, 8, 65)",idx0:7_idx1:8_idx2:65,chd_conf_headgr,0.0,0.0
634,7,8,66,"(7, 8, 66)",idx0:7_idx1:8_idx2:66,chd_conf_headgr,0.0,0.0
635,7,8,67,"(7, 8, 67)",idx0:7_idx1:8_idx2:67,chd_conf_headgr,0.0,0.0
636,7,8,68,"(7, 8, 68)",idx0:7_idx1:8_idx2:68,chd_conf_headgr,0.0,0.0
637,7,8,69,"(7, 8, 69)",idx0:7_idx1:8_idx2:69,chd_conf_headgr,0.0,0.0
638,7,8,70,"(7, 8, 70)",idx0:7_idx1:8_idx2:70,chd_conf_headgr,0.0,0.0
639,7,8,71,"(7, 8, 71)",idx0:7_idx1:8_idx2:71,chd_conf_headgr,0.0,0.0
640,7,8,72,"(7, 8, 72)",idx0:7_idx1:8_idx2:72,chd_conf_headgr,0.0,0.0
641,7,8,73,"(7, 8, 73)",idx0:7_idx1:8_idx2:73,chd_conf_headgr,0.0,0.0
642,7,8,74,"(7, 8, 74)",idx0:7_idx1:8_idx2:74,chd_conf_headgr,0.0,0.0
643,7,8,75,"(7, 8, 75)",idx0:7_idx1:8_idx2:75,chd_conf_headgr,0.0,0.0
644,7,8,76,"(7, 8, 76)",idx0:7_idx1:8_idx2:76,chd_conf_headgr,0.0,0.0
645,7,8,77,"(7, 8, 77)",idx0:7_idx1:8_idx2:77,chd_conf_headgr,0.0,0.0
646,7,8,78,"(7, 8, 78)",idx0:7_idx1:8_idx2:78,chd_conf_headgr,0.0,0.0
647,7,8,79,"(7, 8, 79)",idx0:7_idx1:8_idx2:79,chd_conf_headgr,0.0,0.0
648,7,8,80,"(7, 8, 80)",idx0:7_idx1:8_idx2:80,chd_conf_headgr,0.0,0.0
649,7,8,81,"(7, 8, 81)",idx0:7_idx1:8_idx2:81,chd_conf_headgr,0.0,0.0
650,7,8,82,"(7, 8, 82)",idx0:7_idx1:8_idx2:82,chd_conf_headgr,0.0,0.0
651,7,8,83,"(7, 8, 83)",idx0:7_idx1:8_idx2:83,chd_conf_headgr,0.0,0.0
652,7,8,84,"(7, 8, 84)",idx0:7_idx1:8_idx2:84,chd_conf_headgr,0.0,0.0
653,7,8,85,"(7, 8, 85)",idx0:7_idx1:8_idx2:85,chd_conf_headgr,0.0,0.0
654,7,8,86,"(7, 8, 86)",idx0:7_idx1:8_idx2:86,chd_conf_headgr,0.0,0.0
655,7,8,87,"(7, 8, 87)",idx0:7_idx1:8_idx2:87,chd_conf_headgr,0.0,0.0
656,7,8,88,"(7, 8, 88)",idx0:7_idx1:8_idx2:88,chd_conf_headgr,0.0,0.0
657,7,8,89,"(7, 8, 89)",idx0:7_idx1:8_idx2:89,chd_conf_headgr,0.0,0.0
658,7,8,90,"(7, 8, 90)",idx0:7_idx1:8_idx2:90,chd_conf_headgr,0.0,0.0
659,7,8,91,"(7, 8, 91)",idx0:7_idx1:8_idx2:91,chd_conf_headgr,0.0,0.0
660,7,8,92,"(7, 8, 92)",idx0:7_idx1:8_idx2:92,chd_conf_headgr,0.0,0.0
661,7,8,93,"(7, 8, 93)",idx0:7_idx1:8_idx2:93,chd_conf_headgr,0.0,0.0
662,7,8,94,"(7, 8, 94)",idx0:7_idx1:8_idx2:94,chd_conf_headgr,0.0,0.0
663,7,8,95,"(7, 8, 95)",idx0:7_idx1:8_idx2:95,chd_conf_headgr,0.0,0.0
664,7,8,96,"(7, 8, 96)",idx0:7_idx1:8_idx2:96,chd_conf_headgr,0.0,0.0
665,7,8,97,"(7, 8, 97)",idx0:7_idx1:8_idx2:97,chd_conf_headgr,0.0,0.0
666,7,8,98,"(7, 8, 98)",idx0:7_idx1:8_idx2:98,chd_conf_headgr,0.0,0.0
667,7,8,99,"(7, 8, 99)",idx0:7_idx1:8_idx2:99,chd_conf_headgr,0.0,0.0
668,7,8,100,"(7, 8, 100)",idx0:7_idx1:8_idx2:100,chd_conf_headgr,0.0,0.0
669,7,8,101,"(7, 8, 101)",idx0:7_idx1:8_idx2:101,chd_conf_headgr,0.0,0.0
670,7,8,102,"(7, 8, 102)",idx0:7_idx1:8_idx2:102,chd_conf_headgr,0.0,0.0
671,7,8,103,"(7, 8, 103)",idx0:7_idx1:8_idx2:103,chd_conf_headgr,0.0,0.0
672,7,8,104,"(7, 8, 104)",idx0:7_idx1:8_idx2:104,chd_conf_headgr,0.0,0.0
673,7,8,105,"(7, 8, 105)",idx0:7_idx1:8_idx2:105,chd_conf_headgr,0.0,0.0
674,7,8,106,"(7, 8, 106)",idx0:7_idx1:8_idx2:106,chd_conf_headgr,0.0,0.0
675,7,8,107,"(7, 8, 107)",idx0:7_idx1:8_idx2:107,chd_conf_headgr,0.0,0.0
676,7,8,108,"(7, 8, 108)",idx0:7_idx1:8_idx2:108,chd_conf_headgr,0.0,0.0
677,7,8,109,"(7, 8, 109)",idx0:7_idx1:8_idx2:109,chd_conf_headgr,0.0,0.0
678,7,8,110,"(7, 8, 110)",idx0:7_idx1:8_idx2:110,chd_conf_headgr,0.0,0.0
679,7,8,111,"(7, 8, 111)",idx0:7_idx1:8_idx2:111,chd_conf_headgr,0.0,0.0
680,7,8,112,"(7, 8, 112)",idx0:7_idx1:8_idx2:112,chd_conf_headgr,0.0,0.0
681,7,8,113,"(7, 8, 113)",idx0:7_idx1:8_idx2:113,chd_conf_headgr,0.0,0.0
682,7,8,114,"(7, 8, 114)",idx0:7_idx1:8_idx2:114,chd_conf_headgr,0.0,0.0
683,7,8,115,"(7, 8, 115)",idx0:7_idx1:8_idx2:115,chd_conf_headgr,0.0,0.0
684,7,8,116,"(7, 8, 116)",idx0:7_idx1:8_idx2:116,chd_conf_headgr,0.0,0.0
685,7,8,117,"(7, 8, 117)",idx0:7_idx1:8_idx2:117,chd_conf_headgr,0.0,0.0
686,7,8,118,"(7, 8, 118)",idx0:7_idx1:8_idx2:118,chd_conf_headgr,0.0,0.0
687,7,8,119,"(7, 8, 119)",idx0:7_idx1:8_idx2:119,chd_conf_headgr,0.0,0.0
688,7,8,120,"(7, 8, 120)",idx0:7_idx1:8_idx2:120,chd_conf_headgr,0.0,0.0
689,7,8,121,"(7, 8, 121)",idx0:7_idx1:8_idx2:121,chd_conf_headgr,0.0,0.0
690,7,8,122,"(7, 8, 122)",idx0:7_idx1:8_idx2:122,chd_conf_headgr,0.0,0.0
691,7,8,123,"(7, 8, 123)",idx0:7_idx1:8_idx2:123,chd_conf_headgr,0.0,0.0
692,7,8,124,"(7, 8, 124)",idx0:7_idx1:8_idx2:124,chd_conf_headgr,0.0,0.0
693,7,8,125,"(7, 8, 125)",idx0:7_idx1:8_idx2:125,chd_conf_headgr,0.0,0.0
694,7,8,126,"(7, 8, 126)",idx0:7_idx1:8_idx2:126,chd_conf_headgr,0.0,0.0
695,7,8,127,"(7, 8, 127)",idx0:7_idx1:8_idx2:127,chd_conf_headgr,0.0,0.0
696,7,8,128,"(7, 8, 128)",idx0:7_idx1:8_idx2:128,chd_conf_headgr,0.0,0.0
697,7,8,129,"(7, 8, 129)",idx0:7_idx1:8_idx2:129,chd_conf_headgr,0.0,0.0
698,7,8,130,"(7, 8, 130)",idx0:7_idx1:8_idx2:130,chd_conf_headgr,0.0,0.0
699,7,8,131,"(7, 8, 131)",idx0:7_idx1:8_idx2:131,chd_conf_headgr,0.0,0.0
700,7,8,132,"(7, 8, 132)",idx0:7_idx1:8_idx2:132,chd_conf_headgr,0.0,0.0
701,7,8,133,"(7, 8, 133)",idx0:7_idx1:8_idx2:133,chd_conf_headgr,0.0,0.0
702,7,8,134,"(7, 8, 134)",idx0:7_idx1:8_idx2:134,chd_conf_headgr,0.0,0.0
703,7,8,135,"(7, 8, 135)",idx0:7_idx1:8_idx2:135,chd_conf_headgr,0.0,0.0
704,7,8,136,"(7, 8, 136)",idx0:7_idx1:8_idx2:136,chd_conf_headgr,0.0,0.0
705,7,8,137,"(7, 8, 137)",idx0:7_idx1:8_idx2:137,chd_conf_headgr,0.0,0.0
706,7,8,138,"(7, 8, 138)",idx0:7_idx1:8_idx2:138,chd_conf_headgr,0.0,0.0
707,7,8,139,"(7, 8, 139)",idx0:7_idx1:8_idx2:139,chd_conf_headgr,0.0,0.0
708,7,8,140,"(7, 8, 140)",idx0:7_idx1:8_idx2:140,chd_conf_headgr,0.0,0.0
709,7,8,141,"(7, 8, 141)",idx0:7_idx1:8_idx2:141,chd_conf_headgr,0.0,0.0
710,7,8,142,"(7, 8, 142)",idx0:7_idx1:8_idx2:142,chd_conf_headgr,0.0,0.0
711,7,8,143,"(7, 8, 143)",idx0:7_idx1:8_idx2:143,chd_conf_headgr,0.0,0.0
712,7,8,144,"(7, 8, 144)",idx0:7_idx1:8_idx2:144,chd_conf_headgr,0.0,0.0
713,7,8,145,"(7, 8, 145)",idx0:7_idx1:8_idx2:145,chd_conf_headgr,0.0,0.0
714,7,8,146,"(7, 8, 146)",idx0:7_idx1:8_idx2:146,chd_conf_headgr,0.0,0.0
715,7,8,147,"(7, 8, 147)",idx0:7_idx1:8_idx2:147,chd_conf_headgr,0.0,0.0
716,7,8,148,"(7, 8, 148)",idx0:7_idx1:8_idx2:148,chd_conf_headgr,0.0,0.0
717,7,9,46,"(7, 9, 46)",idx0:7_idx1:9_idx2:46,chd_conf_headgr,0.0,0.0
718,7,9,47,"(7, 9, 47)",idx0:7_idx1:9_idx2:47,chd_conf_headgr,0.0,0.0
719,7,9,48,"(7, 9, 48)",idx0:7_idx1:9_idx2:48,chd_conf_headgr,0.0,0.0
720,7,9,49,"(7, 9, 49)",idx0:7_idx1:9_idx2:49,chd_conf_headgr,0.0,0.0
721,7,9,50,"(7, 9, 50)",idx0:7_idx1:9_idx2:50,chd_conf_headgr,0.0,0.0
722,7,9,51,"(7, 9, 51)",idx0:7_idx1:9_idx2:51,chd_conf_headgr,0.0,0.0
723,7,9,52,"(7, 9, 52)",idx0:7_idx1:9_idx2:52,chd_conf_headgr,0.0,0.0
724,7,9,53,"(7, 9, 53)",idx0:7_idx1:9_idx2:53,chd_conf_headgr,0.0,0.0
725,7,9,54,"(7, 9, 54)",idx0:7_idx1:9_idx2:54,chd_conf_headgr,0.0,0.0
726,7,9,55,"(7, 9, 55)",idx0:7_idx1:9_idx2:55,chd_conf_headgr,0.0,0.0
727,7,9,56,"(7, 9, 56)",idx0:7_idx1:9_idx2:56,chd_conf_headgr,0.0,0.0
728,7,9,57,"(7, 9, 57)",idx0:7_idx1:9_idx2:57,chd_conf_headgr,0.0,0.0
729,7,9,58,"(7, 9, 58)",idx0:7_idx1:9_idx2:58,chd_conf_headgr,0.0,0.0
730,7,9,59,"(7, 9, 59)",idx0:7_idx1:9_idx2:59,chd_conf_headgr,0.0,0.0
731,7,9,60,"(7, 9, 60)",idx0:7_idx1:9_idx2:60,chd_conf_headgr,0.0,0.0
732,7,9,61,"(7, 9, 61)",idx0:7_idx1:9_idx2:61,chd_conf_headgr,0.0,0.0
733,7,9,62,"(7, 9, 62)",idx0:7_idx1:9_idx2:62,chd_conf_headgr,0.0,0.0
734,7,9,63,"(7, 9, 63)",idx0:7_idx1:9_idx2:63,chd_conf_headgr,0.0,0.0
735,7,9,64,"(7, 9, 64)",idx0:7_idx1:9_idx2:64,chd_conf_headgr,0.0,0.0
736,7,9,65,"(7, 9, 65)",idx0:7_idx1:9_idx2:65,chd_conf_headgr,0.0,0.0
737,7,9,66,"(7, 9, 66)",idx0:7_idx1:9_idx2:66,chd_conf_headgr,0.0,0.0
738,7,9,67,"(7, 9, 67)",idx0:7_idx1:9_idx2:67,chd_conf_headgr,0.0,0.0
739,7,9,68,"(7, 9, 68)",idx0:7_idx1:9_idx2:68,chd_conf_headgr,0.0,0.0
740,7,9,69,"(7, 9, 69)",idx0:7_idx1:9_idx2:69,chd_conf_headgr,0.0,0.0
741,7,9,70,"(7, 9, 70)",idx0:7_idx1:9_idx2:70,chd_conf_headgr,0.0,0.0
742,7,9,71,"(7, 9, 71)",idx0:7_idx1:9_idx2:71,chd_conf_headgr,0.0,0.0
743,7,9,72,"(7, 9, 72)",idx0:7_idx1:9_idx2:72,chd_conf_headgr,0.0,0.0
744,7,9,73,"(7, 9, 73)",idx0:7_idx1:9_idx2:73,chd_conf_headgr,0.0,0.0
745,7,9,74,"(7, 9, 74)",idx0:7_idx1:9_idx2:74,chd_conf_headgr,0.0,0.0
746,7,9,75,"(7, 9, 75)",idx0:7_idx1:9_idx2:75,chd_conf_headgr,0.0,0.0
747,7,9,76,"(7, 9, 76)",idx0:7_idx1:9_idx2:76,chd_conf_headgr,0.0,0.0
748,7,9,77,"(7, 9, 77)",idx0:7_idx1:9_idx2:77,chd_conf_headgr,0.0,0.0
749,7,9,78,"(7, 9, 78)",idx0:7_idx1:9_idx2:78,chd_conf_headgr,0.0,0.0
750,7,9,79,"(7, 9, 79)",idx0:7_idx1:9_idx2:79,chd_conf_headgr,0.0,0.0
751,7,9,80,"(7, 9, 80)",idx0:7_idx1:9_idx2:80,chd_conf_headgr,0.0,0.0
752,7,9,81,"(7, 9, 81)",idx0:7_idx1:9_idx2:81,chd_conf_headgr,0.0,0.0
753,7,9,82,"(7, 9, 82)",idx0:7_idx1:9_idx2:82,chd_conf_headgr,0.0,0.0
754,7,9,83,"(7, 9, 83)",idx0:7_idx1:9_idx2:83,chd_conf_headgr,0.0,0.0
755,7,9,84,"(7, 9, 84)",idx0:7_idx1:9_idx2:84,chd_conf_headgr,0.0,0.0
756,7,9,85,"(7, 9, 85)",idx0:7_idx1:9_idx2:85,chd_conf_headgr,0.0,0.0
757,7,9,86,"(7, 9, 86)",idx0:7_idx1:9_idx2:86,chd_conf_headgr,0.0,0.0
758,7,9,87,"(7, 9, 87)",idx0:7_idx1:9_idx2:87,chd_conf_headgr,0.0,0.0
759,7,9,88,"(7, 9, 88)",idx0:7_idx1:9_idx2:88,chd_conf_headgr,0.0,0.0
760,7,9,89,"(7, 9, 89)",idx0:7_idx1:9_idx2:89,chd_conf_headgr,0.0,0.0
761,7,9,90,"(7, 9, 90)",idx0:7_idx1:9_idx2:90,chd_conf_headgr,0.0,0.0
762,7,9,91,"(7, 9, 91)",idx0:7_idx1:9_idx2:91,chd_conf_headgr,0.0,0.0
763,7,9,92,"(7, 9, 92)",idx0:7_idx1:9_idx2:92,chd_conf_headgr,0.0,0.0
764,7,9,93,"(7, 9, 93)",idx0:7_idx1:9_idx2:93,chd_conf_headgr,0.0,0.0
765,7,9,94,"(7, 9, 94)",idx0:7_idx1:9_idx2:94,chd_conf_headgr,0.0,0.0
766,7,9,95,"(7, 9, 95)",idx0:7_idx1:9_idx2:95,chd_conf_headgr,0.0,0.0
767,7,9,96,"(7, 9, 96)",idx0:7_idx1:9_idx2:96,chd_conf_headgr,0.0,0.0
768,7,9,97,"(7, 9, 97)",idx0:7_idx1:9_idx2:97,chd_conf_headgr,0.0,0.0
769,7,9,98,"(7, 9, 98)",idx0:7_idx1:9_idx2:98,chd_conf_headgr,0.0,0.0
770,7,9,99,"(7, 9, 99)",idx0:7_idx1:9_idx2:99,chd_conf_headgr,0.0,0.0
771,7,9,100,"(7, 9, 100)",idx0:7_idx1:9_idx2:100,chd_conf_headgr,0.0,0.0
772,7,9,101,"(7, 9, 101)",idx0:7_idx1:9_idx2:101,chd_conf_headgr,0.0,0.0
773,7,9,102,"(7, 9, 102)",idx0:7_idx1:9_idx2:102,chd_conf_headgr,0.0,0.0
774,7,9,103,"(7, 9, 103)",idx0:7_idx1:9_idx2:103,chd_conf_headgr,0.0,0.0
775,7,9,104,"(7, 9, 104)",idx0:7_idx1:9_idx2:104,chd_conf_headgr,0.0,0.0
776,7,9,105,"(7, 9, 105)",idx0:7_idx1:9_idx2:105,chd_conf_headgr,0.0,0.0
777,7,9,106,"(7, 9, 106)",idx0:7_idx1:9_idx2:106,chd_conf_headgr,0.0,0.0
778,7,9,107,"(7, 9, 107)",idx0:7_idx1:9_idx2:107,chd_conf_headgr,0.0,0.0
779,7,9,108,"(7, 9, 108)",idx0:7_idx1:9_idx2:108,chd_conf_headgr,0.0,0.0
780,7,9,109,"(7, 9, 109)",idx0:7_idx1:9_idx2:109,chd_conf_headgr,0.0,0.0
781,7,9,110,"(7, 9, 110)",idx0:7_idx1:9_idx2:110,chd_conf_headgr,0.0,0.0
782,7,9,111,"(7, 9, 111)",idx0:7_idx1:9_idx2:111,chd_conf_headgr,0.0,0.0
783,7,9,112,"(7, 9, 112)",idx0:7_idx1:9_idx2:112,chd_conf_headgr,0.0,0.0
784,7,9,113,"(7, 9, 113)",idx0:7_idx1:9_idx2:113,chd_conf_headgr,0.0,0.0
785,7,9,114,"(7, 9, 114)",idx0:7_idx1:9_idx2:114,chd_conf_headgr,0.0,0.0
786,7,9,115,"(7, 9, 115)",idx0:7_idx1:9_idx2:115,chd_conf_headgr,0.0,0.0
787,7,9,116,"(7, 9, 116)",idx0:7_idx1:9_idx2:116,chd_conf_headgr,0.0,0.0
788,7,9,117,"(7, 9, 117)",idx0:7_idx1:9_idx2:117,chd_conf_headgr,0.0,0.0
789,7,9,118,"(7, 9, 118)",idx0:7_idx1:9_idx2:118,chd_conf_headgr,0.0,0.0
790,7,9,119,"(7, 9, 119)",idx0:7_idx1:9_idx2:119,chd_conf_headgr,0.0,0.0
791,7,9,120,"(7, 9, 120)",idx0:7_idx1:9_idx2:120,chd_conf_headgr,0.0,0.0
792,7,9,121,"(7, 9, 121)",idx0:7_idx1:9_idx2:121,chd_conf_headgr,0.0,0.0
793,7,9,122,"(7, 9, 122)",idx0:7_idx1:9_idx2:122,chd_conf_headgr,0.0,0.0
794,7,9,123,"(7, 9, 123)",idx0:7_idx1:9_idx2:123,chd_conf_headgr,0.0,0.0
795,7,9,124,"(7, 9, 124)",idx0:7_idx1:9_idx2:124,chd_conf_headgr,0.0,0.0
796,7,9,125,"(7, 9, 125)",idx0:7_idx1:9_idx2:125,chd_conf_headgr,0.0,0.0
797,7,9,126,"(7, 9, 126)",idx0:7_idx1:9_idx2:126,chd_conf_headgr,0.0,0.0
798,7,9,127,"(7, 9, 127)",idx0:7_idx1:9_idx2:127,chd_conf_headgr,0.0,0.0
799,7,9,128,"(7, 9, 128)",idx0:7_idx1:9_idx2:128,chd_conf_headgr,0.0,0.0
800,7,9,129,"(7, 9, 129)",idx0:7_idx1:9_idx2:129,chd_conf_headgr,0.0,0.0
801,7,9,130,"(7, 9, 130)",idx0:7_idx1:9_idx2:130,chd_conf_headgr,0.0,0.0
802,7,9,131,"(7, 9, 131)",idx0:7_idx1:9_idx2:131,chd_conf_headgr,0.0,0.0
803,7,9,132,"(7, 9, 132)",idx0:7_idx1:9_idx2:132,chd_conf_headgr,0.0,0.0
804,7,9,133,"(7, 9, 133)",idx0:7_idx1:9_idx2:133,chd_conf_headgr,0.0,0.0
805,7,9,134,"(7, 9, 134)",idx0:7_idx1:9_idx2:134,chd_conf_headgr,0.0,0.0
806,7,9,135,"(7, 9, 135)",idx0:7_idx1:9_idx2:135,chd_conf_headgr,0.0,0.0
807,7,9,136,"(7, 9, 136)",idx0:7_idx1:9_idx2:136,chd_conf_headgr,0.0,0.0
808,7,9,137,"(7, 9, 137)",idx0:7_idx1:9_idx2:137,chd_conf_headgr,0.0,0.0
809,7,9,138,"(7, 9, 138)",idx0:7_idx1:9_idx2:138,chd_conf_headgr,0.0,0.0
810,7,9,139,"(7, 9, 139)",idx0:7_idx1:9_idx2:139,chd_conf_headgr,0.0,0.0
811,7,9,140,"(7, 9, 140)",idx0:7_idx1:9_idx2:140,chd_conf_headgr,0.0,0.0
812,7,9,141,"(7, 9, 141)",idx0:7_idx1:9_idx2:141,chd_conf_headgr,0.0,0.0
813,7,9,142,"(7, 9, 142)",idx0:7_idx1:9_idx2:142,chd_conf_headgr,0.0,0.0
814,7,9,143,"(7, 9, 143)",idx0:7_idx1:9_idx2:143,chd_conf_headgr,0.0,0.0
815,7,9,144,"(7, 9, 144)",idx0:7_idx1:9_idx2:144,chd_conf_headgr,0.0,0.0
816,7,9,145,"(7, 9, 145)",idx0:7_idx1:9_idx2:145,chd_conf_headgr,0.0,0.0
817,7,9,146,"(7, 9, 146)",idx0:7_idx1:9_idx2:146,chd_conf_headgr,0.0,0.0
818,7,9,147,"(7, 9, 147)",idx0:7_idx1:9_idx2:147,chd_conf_headgr,0.0,0.0
819,7,9,148,"(7, 9, 148)",idx0:7_idx1:9_idx2:148,chd_conf_headgr,0.0,0.0
820,7,10,45,"(7, 10, 45)",idx0:7_idx1:10_idx2:45,chd_conf_headgr,0.0,0.0
821,7,10,46,"(7, 10, 46)",idx0:7_idx1:10_idx2:46,chd_conf_headgr,0.0,0.0
822,7,10,47,"(7, 10, 47)",idx0:7_idx1:10_idx2:47,chd_conf_headgr,0.0,0.0
823,7,10,48,"(7, 10, 48)",idx0:7_idx1:10_idx2:48,chd_conf_headgr,0.0,0.0
824,7,10,49,"(7, 10, 49)",idx0:7_idx1:10_idx2:49,chd_conf_headgr,0.0,0.0
825,7,10,50,"(7, 10, 50)",idx0:7_idx1:10_idx2:50,chd_conf_headgr,0.0,0.0
826,7,10,51,"(7, 10, 51)",idx0:7_idx1:10_idx2:51,chd_conf_headgr,0.0,0.0
827,7,10,52,"(7, 10, 52)",idx0:7_idx1:10_idx2:52,chd_conf_headgr,0.0,0.0
828,7,10,53,"(7, 10, 53)",idx0:7_idx1:10_idx2:53,chd_conf_headgr,0.0,0.0
829,7,10,54,"(7, 10, 54)",idx0:7_idx1:10_idx2:54,chd_conf_headgr,0.0,0.0
830,7,10,55,"(7, 10, 55)",idx0:7_idx1:10_idx2:55,chd_conf_headgr,0.0,0.0
831,7,10,56,"(7, 10, 56)",idx0:7_idx1:10_idx2:56,chd_conf_headgr,0.0,0.0
832,7,10,57,"(7, 10, 57)",idx0:7_idx1:10_idx2:57,chd_conf_headgr,0.0,0.0
833,7,10,58,"(7, 10, 58)",idx0:7_idx1:10_idx2:58,chd_conf_headgr,0.0,0.0
834,7,10,59,"(7, 10, 59)",idx0:7_idx1:10_idx2:59,chd_conf_headgr,0.0,0.0
835,7,10,60,"(7, 10, 60)",idx0:7_idx1:10_idx2:60,chd_conf_headgr,0.0,0.0
836,7,10,61,"(7, 10, 61)",idx0:7_idx1:10_idx2:61,chd_conf_headgr,0.0,0.0
837,7,10,62,"(7, 10, 62)",idx0:7_idx1:10_idx2:62,chd_conf_headgr,0.0,0.0
838,7,10,63,"(7, 10, 63)",idx0:7_idx1:10_idx2:63,chd_conf_headgr,0.0,0.0
839,7,10,64,"(7, 10, 64)",idx0:7_idx1:10_idx2:64,chd_conf_headgr,0.0,0.0
840,7,10,65,"(7, 10, 65)",idx0:7_idx1:10_idx2:65,chd_conf_headgr,0.0,0.0
841,7,10,66,"(7, 10, 66)",idx0:7_idx1:10_idx2:66,chd_conf_headgr,0.0,0.0
842,7,10,67,"(7, 10, 67)",idx0:7_idx1:10_idx2:67,chd_conf_headgr,0.0,0.0
843,7,10,68,"(7, 10, 68)",idx0:7_idx1:10_idx2:68,chd_conf_headgr,0.0,0.0
844,7,10,69,"(7, 10, 69)",idx0:7_idx1:10_idx2:69,chd_conf_headgr,0.0,0.0
845,7,10,70,"(7, 10, 70)",idx0:7_idx1:10_idx2:70,chd_conf_headgr,0.0,0.0
846,7,10,71,"(7, 10, 71)",idx0:7_idx1:10_idx2:71,chd_conf_headgr,0.0,0.0
847,7,10,72,"(7, 10, 72)",idx0:7_idx1:10_idx2:72,chd_conf_headgr,0.0,0.0
848,7,10,73,"(7, 10, 73)",idx0:7_idx1:10_idx2:73,chd_conf_headgr,0.0,0.0
849,7,10,74,"(7, 10, 74)",idx0:7_idx1:10_idx2:74,chd_conf_headgr,0.0,0.0
850,7,10,75,"(7, 10, 75)",idx0:7_idx1:10_idx2:75,chd_conf_headgr,0.0,0.0
851,7,10,76,"(7, 10, 76)",idx0:7_idx1:10_idx2:76,chd_conf_headgr,0.0,0.0
852,7,10,77,"(7, 10, 77)",idx0:7_idx1:10_idx2:77,chd_conf_headgr,0.0,0.0
853,7,10,78,"(7, 10, 78)",idx0:7_idx1:10_idx2:78,chd_conf_headgr,0.0,0.0
854,7,10,79,"(7, 10, 79)",idx0:7_idx1:10_idx2:79,chd_conf_headgr,0.0,0.0
855,7,10,80,"(7, 10, 80)",idx0:7_idx1:10_idx2:80,chd_conf_headgr,0.0,0.0
856,7,10,81,"(7, 10, 81)",idx0:7_idx1:10_idx2:81,chd_conf_headgr,0.0,0.0
857,7,10,82,"(7, 10, 82)",idx0:7_idx1:10_idx2:82,chd_conf_headgr,0.0,0.0
858,7,10,83,"(7, 10, 83)",idx0:7_idx1:10_idx2:83,chd_conf_headgr,0.0,0.0
859,7,10,84,"(7, 10, 84)",idx0:7_idx1:10_idx2:84,chd_conf_headgr,0.0,0.0
860,7,10,85,"(7, 10, 85)",idx0:7_idx1:10_idx2:85,chd_conf_headgr,0.0,0.0
861,7,10,86,"(7, 10, 86)",idx0:7_idx1:10_idx2:86,chd_conf_headgr,0.0,0.0
862,7,10,87,"(7, 10, 87)",idx0:7_idx1:10_idx2:87,chd_conf_headgr,0.0,0.0
863,7,10,88,"(7, 10, 88)",idx0:7_idx1:10_idx2:88,chd_conf_headgr,0.0,0.0
864,7,10,89,"(7, 10, 89)",idx0:7_idx1:10_idx2:89,chd_conf_headgr,0.0,0.0
865,7,10,90,"(7, 10, 90)",idx0:7_idx1:10_idx2:90,chd_conf_headgr,0.0,0.0
866,7,10,91,"(7, 10, 91)",idx0:7_idx1:10_idx2:91,chd_conf_headgr,0.0,0.0
867,7,10,92,"(7, 10, 92)",idx0:7_idx1:10_idx2:92,chd_conf_headgr,0.0,0.0
868,7,10,93,"(7, 10, 93)",idx0:7_idx1:10_idx2:93,chd_conf_headgr,0.0,0.0
869,7,10,94,"(7, 10, 94)",idx0:7_idx1:10_idx2:94,chd_conf_headgr,0.0,0.0
870,7,10,95,"(7, 10, 95)",idx0:7_idx1:10_idx2:95,chd_conf_headgr,0.0,0.0
871,7,10,96,"(7, 10, 96)",idx0:7_idx1:10_idx2:96,chd_conf_headgr,0.0,0.0
872,7,10,97,"(7, 10, 97)",idx0:7_idx1:10_idx2:97,chd_conf_headgr,0.0,0.0
873,7,10,98,"(7, 10, 98)",idx0:7_idx1:10_idx2:98,chd_conf_headgr,0.0,0.0
874,7,10,99,"(7, 10, 99)",idx0:7_idx1:10_idx2:99,chd_conf_headgr,0.0,0.0
875,7,10,100,"(7, 10, 100)",idx0:7_idx1:10_idx2:100,chd_conf_headgr,0.0,0.0
876,7,10,101,"(7, 10, 101)",idx0:7_idx1:10_idx2:101,chd_conf_headgr,0.0,0.0
877,7,10,102,"(7, 10, 102)",idx0:7_idx1:10_idx2:102,chd_conf_headgr,0.0,0.0
878,7,10,103,"(7, 10, 103)",idx0:7_idx1:10_idx2:103,chd_conf_headgr,0.0,0.0
879,7,10,104,"(7, 10, 104)",idx0:7_idx1:10_idx2:104,chd_conf_headgr,0.0,0.0
880,7,10,105,"(7, 10, 105)",idx0:7_idx1:10_idx2:105,chd_conf_headgr,0.0,0.0
881,7,10,106,"(7, 10, 106)",idx0:7_idx1:10_idx2:106,chd_conf_headgr,0.0,0.0
882,7,10,107,"(7, 10, 107)",idx0:7_idx1:10_idx2:107,chd_conf_headgr,0.0,0.0
883,7,10,108,"(7, 10, 108)",idx0:7_idx1:10_idx2:108,chd_conf_headgr,0.0,0.0
884,7,10,109,"(7, 10, 109)",idx0:7_idx1:10_idx2:109,chd_conf_headgr,0.0,0.0
885,7,10,110,"(7, 10, 110)",idx0:7_idx1:10_idx2:110,chd_conf_headgr,0.0,0.0
886,7,10,111,"(7, 10, 111)",idx0:7_idx1:10_idx2:111,chd_conf_headgr,0.0,0.0
887,7,10,112,"(7, 10, 112)",idx0:7_idx1:10_idx2:112,chd_conf_headgr,0.0,0.0
888,7,10,113,"(7, 10, 113)",idx0:7_idx1:10_idx2:113,chd_conf_headgr,0.0,0.0
889,7,10,114,"(7, 10, 114)",idx0:7_idx1:10_idx2:114,chd_conf_headgr,0.0,0.0
890,7,10,115,"(7, 10, 115)",idx0:7_idx1:10_idx2:115,chd_conf_headgr,0.0,0.0
891,7,10,116,"(7, 10, 116)",idx0:7_idx1:10_idx2:116,chd_conf_headgr,0.0,0.0
892,7,10,117,"(7, 10, 117)",idx0:7_idx1:10_idx2:117,chd_conf_headgr,0.0,0.0
893,7,10,118,"(7, 10, 118)",idx0:7_idx1:10_idx2:118,chd_conf_headgr,0.0,0.0
894,7,10,119,"(7, 10, 119)",idx0:7_idx1:10_idx2:119,chd_conf_headgr,0.0,0.0
895,7,10,120,"(7, 10, 120)",idx0:7_idx1:10_idx2:120,chd_conf_headgr,0.0,0.0
896,7,10,121,"(7, 10, 121)",idx0:7_idx1:10_idx2:121,chd_conf_headgr,0.0,0.0
897,7,10,122,"(7, 10, 122)",idx0:7_idx1:10_idx2:122,chd_conf_headgr,0.0,0.0
898,7,10,123,"(7, 10, 123)",idx0:7_idx1:10_idx2:123,chd_conf_headgr,0.0,0.0
899,7,10,124,"(7, 10, 124)",idx0:7_idx1:10_idx2:124,chd_conf_headgr,0.0,0.0
900,7,10,125,"(7, 10, 125)",idx0:7_idx1:10_idx2:125,chd_conf_headgr,0.0,0.0
901,7,10,126,"(7, 10, 126)",idx0:7_idx1:10_idx2:126,chd_conf_headgr,0.0,0.0
902,7,10,127,"(7, 10, 127)",idx0:7_idx1:10_idx2:127,chd_conf_headgr,0.0,0.0
903,7,10,128,"(7, 10, 128)",idx0:7_idx1:10_idx2:128,chd_conf_headgr,0.0,0.0
904,7,10,129,"(7, 10, 129)",idx0:7_idx1:10_idx2:129,chd_conf_headgr,0.0,0.0
905,7,10,130,"(7, 10, 130)",idx0:7_idx1:10_idx2:130,chd_conf_headgr,0.0,0.0
906,7,10,131,"(7, 10, 131)",idx0:7_idx1:10_idx2:131,chd_conf_headgr,0.0,0.0
907,7,10,132,"(7, 10, 132)",idx0:7_idx1:10_idx2:132,chd_conf_headgr,0.0,0.0
908,7,10,133,"(7, 10, 133)",idx0:7_idx1:10_idx2:133,chd_conf_headgr,0.0,0.0
909,7,10,134,"(7, 10, 134)",idx0:7_idx1:10_idx2:134,chd_conf_headgr,0.0,0.0
910,7,10,135,"(7, 10, 135)",idx0:7_idx1:10_idx2:135,chd_conf_headgr,0.0,0.0
911,7,10,136,"(7, 10, 136)",idx0:7_idx1:10_idx2:136,chd_conf_headgr,0.0,0.0
912,7,10,137,"(7, 10, 137)",idx0:7_idx1:10_idx2:137,chd_conf_headgr,0.0,0.0
913,7,10,138,"(7, 10, 138)",idx0:7_idx1:10_idx2:138,chd_conf_headgr,0.0,0.0
914,7,10,139,"(7, 10, 139)",idx0:7_idx1:10_idx2:139,chd_conf_headgr,0.0,0.0
915,7,10,140,"(7, 10, 140)",idx0:7_idx1:10_idx2:140,chd_conf_headgr,0.0,0.0
916,7,10,141,"(7, 10, 141)",idx0:7_idx1:10_idx2:141,chd_conf_headgr,0.0,0.0
917,7,10,142,"(7, 10, 142)",idx0:7_idx1:10_idx2:142,chd_conf_headgr,0.0,0.0
918,7,10,143,"(7, 10, 143)",idx0:7_idx1:10_idx2:143,chd_conf_headgr,0.0,0.0
919,7,10,144,"(7, 10, 144)",idx0:7_idx1:10_idx2:144,chd_conf_headgr,0.0,0.0
920,7,10,145,"(7, 10, 145)",idx0:7_idx1:10_idx2:145,chd_conf_headgr,0.0,0.0
921,7,10,146,"(7, 10, 146)",idx0:7_idx1:10_idx2:146,chd_conf_headgr,0.0,0.0
922,7,10,147,"(7, 10, 147)",idx0:7_idx1:10_idx2:147,chd_conf_headgr,0.0,0.0
923,7,10,148,"(7, 10, 148)",idx0:7_idx1:10_idx2:148,chd_conf_headgr,0.0,0.0
924,7,11,43,"(7, 11, 43)",idx0:7_idx1:11_idx2:43,chd_conf_headgr,0.0,0.0
925,7,11,44,"(7, 11, 44)",idx0:7_idx1:11_idx2:44,chd_conf_headgr,0.0,0.0
926,7,11,45,"(7, 11, 45)",idx0:7_idx1:11_idx2:45,chd_conf_headgr,0.0,0.0
927,7,11,46,"(7, 11, 46)",idx0:7_idx1:11_idx2:46,chd_conf_headgr,0.0,0.0
928,7,11,47,"(7, 11, 47)",idx0:7_idx1:11_idx2:47,chd_conf_headgr,0.0,0.0
929,7,11,48,"(7, 11, 48)",idx0:7_idx1:11_idx2:48,chd_conf_headgr,0.0,0.0
930,7,11,49,"(7, 11, 49)",idx0:7_idx1:11_idx2:49,chd_conf_headgr,0.0,0.0
931,7,11,50,"(7, 11, 50)",idx0:7_idx1:11_idx2:50,chd_conf_headgr,0.0,0.0
932,7,11,51,"(7, 11, 51)",idx0:7_idx1:11_idx2:51,chd_conf_headgr,0.0,0.0
933,7,11,52,"(7, 11, 52)",idx0:7_idx1:11_idx2:52,chd_conf_headgr,0.0,0.0
934,7,11,53,"(7, 11, 53)",idx0:7_idx1:11_idx2:53,chd_conf_headgr,0.0,0.0
935,7,11,54,"(7, 11, 54)",idx0:7_idx1:11_idx2:54,chd_conf_headgr,0.0,0.0
936,7,11,55,"(7, 11, 55)",idx0:7_idx1:11_idx2:55,chd_conf_headgr,0.0,0.0
937,7,11,56,"(7, 11, 56)",idx0:7_idx1:11_idx2:56,chd_conf_headgr,0.0,0.0
938,7,11,57,"(7, 11, 57)",idx0:7_idx1:11_idx2:57,chd_conf_headgr,0.0,0.0
939,7,11,58,"(7, 11, 58)",idx0:7_idx1:11_idx2:58,chd_conf_headgr,0.0,0.0
940,7,11,59,"(7, 11, 59)",idx0:7_idx1:11_idx2:59,chd_conf_headgr,0.0,0.0
941,7,11,60,"(7, 11, 60)",idx0:7_idx1:11_idx2:60,chd_conf_headgr,0.0,0.0
942,7,11,61,"(7, 11, 61)",idx0:7_idx1:11_idx2:61,chd_conf_headgr,0.0,0.0
943,7,11,62,"(7, 11, 62)",idx0:7_idx1:11_idx2:62,chd_conf_headgr,0.0,0.0
944,7,11,63,"(7, 11, 63)",idx0:7_idx1:11_idx2:63,chd_conf_headgr,0.0,0.0
945,7,11,64,"(7, 11, 64)",idx0:7_idx1:11_idx2:64,chd_conf_headgr,0.0,0.0
946,7,11,65,"(7, 11, 65)",idx0:7_idx1:11_idx2:65,chd_conf_headgr,0.0,0.0
947,7,11,66,"(7, 11, 66)",idx0:7_idx1:11_idx2:66,chd_conf_headgr,0.0,0.0
948,7,11,67,"(7, 11, 67)",idx0:7_idx1:11_idx2:67,chd_conf_headgr,0.0,0.0
949,7,11,68,"(7, 11, 68)",idx0:7_idx1:11_idx2:68,chd_conf_headgr,0.0,0.0
950,7,11,69,"(7, 11, 69)",idx0:7_idx1:11_idx2:69,chd_conf_headgr,0.0,0.0
951,7,11,70,"(7, 11, 70)",idx0:7_idx1:11_idx2:70,chd_conf_headgr,0.0,0.0
952,7,11,71,"(7, 11, 71)",idx0:7_idx1:11_idx2:71,chd_conf_headgr,0.0,0.0
953,7,11,72,"(7, 11, 72)",idx0:7_idx1:11_idx2:72,chd_conf_headgr,0.0,0.0
954,7,11,73,"(7, 11, 73)",idx0:7_idx1:11_idx2:73,chd_conf_headgr,0.0,0.0
955,7,11,74,"(7, 11, 74)",idx0:7_idx1:11_idx2:74,chd_conf_headgr,0.0,0.0
956,7,11,75,"(7, 11, 75)",idx0:7_idx1:11_idx2:75,chd_conf_headgr,0.0,0.0
957,7,11,76,"(7, 11, 76)",idx0:7_idx1:11_idx2:76,chd_conf_headgr,0.0,0.0
958,7,11,77,"(7, 11, 77)",idx0:7_idx1:11_idx2:77,chd_conf_headgr,0.0,0.0
959,7,11,78,"(7, 11, 78)",idx0:7_idx1:11_idx2:78,chd_conf_headgr,0.0,0.0
960,7,11,79,"(7, 11, 79)",idx0:7_idx1:11_idx2:79,chd_conf_headgr,0.0,0.0
961,7,11,80,"(7, 11, 80)",idx0:7_idx1:11_idx2:80,chd_conf_headgr,0.0,0.0
962,7,11,81,"(7, 11, 81)",idx0:7_idx1:11_idx2:81,chd_conf_headgr,0.0,0.0
963,7,11,82,"(7, 11, 82)",idx0:7_idx1:11_idx2:82,chd_conf_headgr,0.0,0.0
964,7,11,83,"(7, 11, 83)",idx0:7_idx1:11_idx2:83,chd_conf_headgr,0.0,0.0
965,7,11,84,"(7, 11, 84)",idx0:7_idx1:11_idx2:84,chd_conf_headgr,0.0,0.0
966,7,11,85,"(7, 11, 85)",idx0:7_idx1:11_idx2:85,chd_conf_headgr,0.0,0.0
967,7,11,86,"(7, 11, 86)",idx0:7_idx1:11_idx2:86,chd_conf_headgr,0.0,0.0
968,7,11,87,"(7, 11, 87)",idx0:7_idx1:11_idx2:87,chd_conf_headgr,0.0,0.0
969,7,11,88,"(7, 11, 88)",idx0:7_idx1:11_idx2:88,chd_conf_headgr,0.0,0.0
970,7,11,89,"(7, 11, 89)",idx0:7_idx1:11_idx2:89,chd_conf_headgr,0.0,0.0
971,7,11,90,"(7, 11, 90)",idx0:7_idx1:11_idx2:90,chd_conf_headgr,0.0,0.0
972,7,11,91,"(7, 11, 91)",idx0:7_idx1:11_idx2:91,chd_conf_headgr,0.0,0.0
973,7,11,92,"(7, 11, 92)",idx0:7_idx1:11_idx2:92,chd_conf_headgr,0.0,0.0
974,7,11,93,"(7, 11, 93)",idx0:7_idx1:11_idx2:93,chd_conf_headgr,0.0,0.0
975,7,11,94,"(7, 11, 94)",idx0:7_idx1:11_idx2:94,chd_conf_headgr,0.0,0.0
976,7,11,95,"(7, 11, 95)",idx0:7_idx1:11_idx2:95,chd_conf_headgr,0.0,0.0
977,7,11,96,"(7, 11, 96)",idx0:7_idx1:11_idx2:96,chd_conf_headgr,0.0,0.0
978,7,11,97,"(7, 11, 97)",idx0:7_idx1:11_idx2:97,chd_conf_headgr,0.0,0.0
979,7,11,98,"(7, 11, 98)",idx0:7_idx1:11_idx2:98,chd_conf_headgr,0.0,0.0
980,7,11,99,"(7, 11, 99)",idx0:7_idx1:11_idx2:99,chd_conf_headgr,0.0,0.0
981,7,11,100,"(7, 11, 100)",idx0:7_idx1:11_idx2:100,chd_conf_headgr,0.0,0.0
982,7,11,101,"(7, 11, 101)",idx0:7_idx1:11_idx2:101,chd_conf_headgr,0.0,0.0
983,7,11,102,"(7, 11, 102)",idx0:7_idx1:11_idx2:102,chd_conf_headgr,0.0,0.0
984,7,11,103,"(7, 11, 103)",idx0:7_idx1:11_idx2:103,chd_conf_headgr,0.0,0.0
985,7,11,104,"(7, 11, 104)",idx0:7_idx1:11_idx2:104,chd_conf_headgr,0.0,0.0
986,7,11,105,"(7, 11, 105)",idx0:7_idx1:11_idx2:105,chd_conf_headgr,0.0,0.0
987,7,11,106,"(7, 11, 106)",idx0:7_idx1:11_idx2:106,chd_conf_headgr,0.0,0.0
988,7,11,107,"(7, 11, 107)",idx0:7_idx1:11_idx2:107,chd_conf_headgr,0.0,0.0
989,7,11,108,"(7, 11, 108)",idx0:7_idx1:11_idx2:108,chd_conf_headgr,0.0,0.0
990,7,11,109,"(7, 11, 109)",idx0:7_idx1:11_idx2:109,chd_conf_headgr,0.0,0.0
991,7,11,110,"(7, 11, 110)",idx0:7_idx1:11_idx2:110,chd_conf_headgr,0.0,0.0
992,7,11,111,"(7, 11, 111)",idx0:7_idx1:11_idx2:111,chd_conf_headgr,0.0,0.0
993,7,11,112,"(7, 11, 112)",idx0:7_idx1:11_idx2:112,chd_conf_headgr,0.0,0.0
994,7,11,113,"(7, 11, 113)",idx0:7_idx1:11_idx2:113,chd_conf_headgr,0.0,0.0
995,7,11,114,"(7, 11, 114)",idx0:7_idx1:11_idx2:114,chd_conf_headgr,0.0,0.0
996,7,11,115,"(7, 11, 115)",idx0:7_idx1:11_idx2:115,chd_conf_headgr,0.0,0.0
997,7,11,116,"(7, 11, 116)",idx0:7_idx1:11_idx2:116,chd_conf_headgr,0.0,0.0
998,7,11,117,"(7, 11, 117)",idx0:7_idx1:11_idx2:117,chd_conf_headgr,0.0,0.0
999,7,11,118,"(7, 11, 118)",idx0:7_idx1:11_idx2:118,chd_conf_headgr,0.0,0.0
1000,7,11,119,"(7, 11, 119)",idx0:7_idx1:11_idx2:119,chd_conf_headgr,0.0,0.0
1001,7,11,120,"(7, 11, 120)",idx0:7_idx1:11_idx2:120,chd_conf_headgr,0.0,0.0
1002,7,11,121,"(7, 11, 121)",idx0:7_idx1:11_idx2:121,chd_conf_headgr,0.0,0.0
1003,7,11,122,"(7, 11, 122)",idx0:7_idx1:11_idx2:122,chd_conf_headgr,0.0,0.0
1004,7,11,123,"(7, 11, 123)",idx0:7_idx1:11_idx2:123,chd_conf_headgr,0.0,0.0
1005,7,11,124,"(7, 11, 124)",idx0:7_idx1:11_idx2:124,chd_conf_headgr,0.0,0.0
1006,7,11,125,"(7, 11, 125)",idx0:7_idx1:11_idx2:125,chd_conf_headgr,0.0,0.0
1007,7,11,126,"(7, 11, 126)",idx0:7_idx1:11_idx2:126,chd_conf_headgr,0.0,0.0
1008,7,11,127,"(7, 11, 127)",idx0:7_idx1:11_idx2:127,chd_conf_headgr,0.0,0.0
1009,7,11,128,"(7, 11, 128)",idx0:7_idx1:11_idx2:128,chd_conf_headgr,0.0,0.0
1010,7,11,129,"(7, 11, 129)",idx0:7_idx1:11_idx2:129,chd_conf_headgr,0.0,0.0
1011,7,11,130,"(7, 11, 130)",idx0:7_idx1:11_idx2:130,chd_conf_headgr,0.0,0.0
1012,7,11,131,"(7, 11, 131)",idx0:7_idx1:11_idx2:131,chd_conf_headgr,0.0,0.0
1013,7,11,132,"(7, 11, 132)",idx0:7_idx1:11_idx2:132,chd_conf_headgr,0.0,0.0
1014,7,11,133,"(7, 11, 133)",idx0:7_idx1:11_idx2:133,chd_conf_headgr,0.0,0.0
1015,7,11,134,"(7, 11, 134)",idx0:7_idx1:11_idx2:134,chd_conf_headgr,0.0,0.0
1016,7,11,135,"(7, 11, 135)",idx0:7_idx1:11_idx2:135,chd_conf_headgr,0.0,0.0
1017,7,11,136,"(7, 11, 136)",idx0:7_idx1:11_idx2:136,chd_conf_headgr,0.0,0.0
1018,7,11,137,"(7, 11, 137)",idx0:7_idx1:11_idx2:137,chd_conf_headgr,0.0,0.0
1019,7,11,138,"(7, 11, 138)",idx0:7_idx1:11_idx2:138,chd_conf_headgr,0.0,0.0
1020,7,11,139,"(7, 11, 139)",idx0:7_idx1:11_idx2:139,chd_conf_headgr,0.0,0.0
1021,7,11,140,"(7, 11, 140)",idx0:7_idx1:11_idx2:140,chd_conf_headgr,0.0,0.0
1022,7,11,141,"(7, 11, 141)",idx0:7_idx1:11_idx2:141,chd_conf_headgr,0.0,0.0
1023,7,11,142,"(7, 11, 142)",idx0:7_idx1:11_idx2:142,chd_conf_headgr,0.0,0.0
1024,7,11,143,"(7, 11, 143)",idx0:7_idx1:11_idx2:143,chd_conf_headgr,0.0,0.0
1025,7,11,144,"(7, 11, 144)",idx0:7_idx1:11_idx2:144,chd_conf_headgr,0.0,0.0
1026,7,11,145,"(7, 11, 145)",idx0:7_idx1:11_idx2:145,chd_conf_headgr,0.0,0.0
1027,7,11,146,"(7, 11, 146)",idx0:7_idx1:11_idx2:146,chd_conf_headgr,0.0,0.0
1028,7,11,147,"(7, 11, 147)",idx0:7_idx1:11_idx2:147,chd_conf_headgr,0.0,0.0
1029,7,11,148,"(7, 11, 148)",idx0:7_idx1:11_idx2:148,chd_conf_headgr,0.0,0.0
1030,7,12,42,"(7, 12, 42)",idx0:7_idx1:12_idx2:42,chd_conf_headgr,0.0,0.0
1031,7,12,43,"(7, 12, 43)",idx0:7_idx1:12_idx2:43,chd_conf_headgr,0.0,0.0
1032,7,12,44,"(7, 12, 44)",idx0:7_idx1:12_idx2:44,chd_conf_headgr,0.0,0.0
1033,7,12,45,"(7, 12, 45)",idx0:7_idx1:12_idx2:45,chd_conf_headgr,0.0,0.0
1034,7,12,46,"(7, 12, 46)",idx0:7_idx1:12_idx2:46,chd_conf_headgr,0.0,0.0
1035,7,12,47,"(7, 12, 47)",idx0:7_idx1:12_idx2:47,chd_conf_headgr,0.0,0.0
1036,7,12,48,"(7, 12, 48)",idx0:7_idx1:12_idx2:48,chd_conf_headgr,0.0,0.0
1037,7,12,49,"(7, 12, 49)",idx0:7_idx1:12_idx2:49,chd_conf_headgr,0.0,0.0
1038,7,12,50,"(7, 12, 50)",idx0:7_idx1:12_idx2:50,chd_conf_headgr,0.0,0.0
1039,7,12,51,"(7, 12, 51)",idx0:7_idx1:12_idx2:51,chd_conf_headgr,0.0,0.0
1040,7,12,52,"(7, 12, 52)",idx0:7_idx1:12_idx2:52,chd_conf_headgr,0.0,0.0
1041,7,12,53,"(7, 12, 53)",idx0:7_idx1:12_idx2:53,chd_conf_headgr,0.0,0.0
1042,7,12,54,"(7, 12, 54)",idx0:7_idx1:12_idx2:54,chd_conf_headgr,0.0,0.0
1043,7,12,55,"(7, 12, 55)",idx0:7_idx1:12_idx2:55,chd_conf_headgr,0.0,0.0
1044,7,12,56,"(7, 12, 56)",idx0:7_idx1:12_idx2:56,chd_conf_headgr,0.0,0.0
1045,7,12,57,"(7, 12, 57)",idx0:7_idx1:12_idx2:57,chd_conf_headgr,0.0,0.0
1046,7,12,58,"(7, 12, 58)",idx0:7_idx1:12_idx2:58,chd_conf_headgr,0.0,0.0
1047,7,12,59,"(7, 12, 59)",idx0:7_idx1:12_idx2:59,chd_conf_headgr,0.0,0.0
1048,7,12,60,"(7, 12, 60)",idx0:7_idx1:12_idx2:60,chd_conf_headgr,0.0,0.0
1049,7,12,61,"(7, 12, 61)",idx0:7_idx1:12_idx2:61,chd_conf_headgr,0.0,0.0
1050,7,12,62,"(7, 12, 62)",idx0:7_idx1:12_idx2:62,chd_conf_headgr,0.0,0.0
1051,7,12,63,"(7, 12, 63)",idx0:7_idx1:12_idx2:63,chd_conf_headgr,0.0,0.0
1052,7,12,64,"(7, 12, 64)",idx0:7_idx1:12_idx2:64,chd_conf_headgr,0.0,0.0
1053,7,12,65,"(7, 12, 65)",idx0:7_idx1:12_idx2:65,chd_conf_headgr,0.0,0.0
1054,7,12,66,"(7, 12, 66)",idx0:7_idx1:12_idx2:66,chd_conf_headgr,0.0,0.0
1055,7,12,67,"(7, 12, 67)",idx0:7_idx1:12_idx2:67,chd_conf_headgr,0.0,0.0
1056,7,12,68,"(7, 12, 68)",idx0:7_idx1:12_idx2:68,chd_conf_headgr,0.0,0.0
1057,7,12,69,"(7, 12, 69)",idx0:7_idx1:12_idx2:69,chd_conf_headgr,0.0,0.0
1058,7,12,70,"(7, 12, 70)",idx0:7_idx1:12_idx2:70,chd_conf_headgr,0.0,0.0
1059,7,12,71,"(7, 12, 71)",idx0:7_idx1:12_idx2:71,chd_conf_headgr,0.0,0.0
1060,7,12,72,"(7, 12, 72)",idx0:7_idx1:12_idx2:72,chd_conf_headgr,0.0,0.0
1061,7,12,73,"(7, 12, 73)",idx0:7_idx1:12_idx2:73,chd_conf_headgr,0.0,0.0
1062,7,12,74,"(7, 12, 74)",idx0:7_idx1:12_idx2:74,chd_conf_headgr,0.0,0.0
1063,7,12,75,"(7, 12, 75)",idx0:7_idx1:12_idx2:75,chd_conf_headgr,0.0,0.0
1064,7,12,76,"(7, 12, 76)",idx0:7_idx1:12_idx2:76,chd_conf_headgr,0.0,0.0
1065,7,12,77,"(7, 12, 77)",idx0:7_idx1:12_idx2:77,chd_conf_headgr,0.0,0.0
1066,7,12,78,"(7, 12, 78)",idx0:7_idx1:12_idx2:78,chd_conf_headgr,0.0,0.0
1067,7,12,79,"(7, 12, 79)",idx0:7_idx1:12_idx2:79,chd_conf_headgr,0.0,0.0
1068,7,12,80,"(7, 12, 80)",idx0:7_idx1:12_idx2:80,chd_conf_headgr,0.0,0.0
1069,7,12,81,"(7, 12, 81)",idx0:7_idx1:12_idx2:81,chd_conf_headgr,0.0,0.0
1070,7,12,82,"(7, 12, 82)",idx0:7_idx1:12_idx2:82,chd_conf_headgr,0.0,0.0
1071,7,12,83,"(7, 12, 83)",idx0:7_idx1:12_idx2:83,chd_conf_headgr,0.0,0.0
1072,7,12,84,"(7, 12, 84)",idx0:7_idx1:12_idx2:84,chd_conf_headgr,0.0,0.0
1073,7,12,85,"(7, 12, 85)",idx0:7_idx1:12_idx2:85,chd_conf_headgr,0.0,0.0
1074,7,12,86,"(7, 12, 86)",idx0:7_idx1:12_idx2:86,chd_conf_headgr,0.0,0.0
1075,7,12,87,"(7, 12, 87)",idx0:7_idx1:12_idx2:87,chd_conf_headgr,0.0,0.0
1076,7,12,88,"(7, 12, 88)",idx0:7_idx1:12_idx2:88,chd_conf_headgr,0.0,0.0
1077,7,12,89,"(7, 12, 89)",idx0:7_idx1:12_idx2:89,chd_conf_headgr,0.0,0.0
1078,7,12,90,"(7, 12, 90)",idx0:7_idx1:12_idx2:90,chd_conf_headgr,0.0,0.0
1079,7,12,91,"(7, 12, 91)",idx0:7_idx1:12_idx2:91,chd_conf_headgr,0.0,0.0
1080,7,12,92,"(7, 12, 92)",idx0:7_idx1:12_idx2:92,chd_conf_headgr,0.0,0.0
1081,7,12,93,"(7, 12, 93)",idx0:7_idx1:12_idx2:93,chd_conf_headgr,0.0,0.0
1082,7,12,94,"(7, 12, 94)",idx0:7_idx1:12_idx2:94,chd_conf_headgr,0.0,0.0
1083,7,12,95,"(7, 12, 95)",idx0:7_idx1:12_idx2:95,chd_conf_headgr,0.0,0.0
1084,7,12,96,"(7, 12, 96)",idx0:7_idx1:12_idx2:96,chd_conf_headgr,0.0,0.0
1085,7,12,97,"(7, 12, 97)",idx0:7_idx1:12_idx2:97,chd_conf_headgr,0.0,0.0
1086,7,12,98,"(7, 12, 98)",idx0:7_idx1:12_idx2:98,chd_conf_headgr,0.0,0.0
1087,7,12,99,"(7, 12, 99)",idx0:7_idx1:12_idx2:99,chd_conf_headgr,0.0,0.0
1088,7,12,100,"(7, 12, 100)",idx0:7_idx1:12_idx2:100,chd_conf_headgr,0.0,0.0
1089,7,12,101,"(7, 12, 101)",idx0:7_idx1:12_idx2:101,chd_conf_headgr,0.0,0.0
1090,7,12,102,"(7, 12, 102)",idx0:7_idx1:12_idx2:102,chd_conf_headgr,0.0,0.0
1091,7,12,103,"(7, 12, 103)",idx0:7_idx1:12_idx2:103,chd_conf_headgr,0.0,0.0
1092,7,12,104,"(7, 12, 104)",idx0:7_idx1:12_idx2:104,chd_conf_headgr,0.0,0.0
1093,7,12,105,"(7, 12, 105)",idx0:7_idx1:12_idx2:105,chd_conf_headgr,0.0,0.0
1094,7,12,106,"(7, 12, 106)",idx0:7_idx1:12_idx2:106,chd_conf_headgr,0.0,0.0
1095,7,12,107,"(7, 12, 107)",idx0:7_idx1:12_idx2:107,chd_conf_headgr,0.0,0.0
1096,7,12,108,"(7, 12, 108)",idx0:7_idx1:12_idx2:108,chd_conf_headgr,0.0,0.0
1097,7,12,109,"(7, 12, 109)",idx0:7_idx1:12_idx2:109,chd_conf_headgr,0.0,0.0
1098,7,12,110,"(7, 12, 110)",idx0:7_idx1:12_idx2:110,chd_conf_headgr,0.0,0.0
1099,7,12,111,"(7, 12, 111)",idx0:7_idx1:12_idx2:111,chd_conf_headgr,0.0,0.0
1100,7,12,112,"(7, 12, 112)",idx0:7_idx1:12_idx2:112,chd_conf_headgr,0.0,0.0
1101,7,12,113,"(7, 12, 113)",idx0:7_idx1:12_idx2:113,chd_conf_headgr,0.0,0.0
1102,7,12,114,"(7, 12, 114)",idx0:7_idx1:12_idx2:114,chd_conf_headgr,0.0,0.0
1103,7,12,115,"(7, 12, 115)",idx0:7_idx1:12_idx2:115,chd_conf_headgr,0.0,0.0
1104,7,12,116,"(7, 12, 116)",idx0:7_idx1:12_idx2:116,chd_conf_headgr,0.0,0.0
1105,7,12,117,"(7, 12, 117)",idx0:7_idx1:12_idx2:117,chd_conf_headgr,0.0,0.0
1106,7,12,118,"(7, 12, 118)",idx0:7_idx1:12_idx2:118,chd_conf_headgr,0.0,0.0
1107,7,12,119,"(7, 12, 119)",idx0:7_idx1:12_idx2:119,chd_conf_headgr,0.0,0.0
1108,7,12,120,"(7, 12, 120)",idx0:7_idx1:12_idx2:120,chd_conf_headgr,0.0,0.0
1109,7,12,121,"(7, 12, 121)",idx0:7_idx1:12_idx2:121,chd_conf_headgr,0.0,0.0
1110,7,12,122,"(7, 12, 122)",idx0:7_idx1:12_idx2:122,chd_conf_headgr,0.0,0.0
1111,7,12,123,"(7, 12, 123)",idx0:7_idx1:12_idx2:123,chd_conf_headgr,0.0,0.0
1112,7,12,124,"(7, 12, 124)",idx0:7_idx1:12_idx2:124,chd_conf_headgr,0.0,0.0
1113,7,12,125,"(7, 12, 125)",idx0:7_idx1:12_idx2:125,chd_conf_headgr,0.0,0.0
1114,7,12,126,"(7, 12, 126)",idx0:7_idx1:12_idx2:126,chd_conf_headgr,0.0,0.0
1115,7,12,127,"(7, 12, 127)",idx0:7_idx1:12_idx2:127,chd_conf_headgr,0.0,0.0
1116,7,12,128,"(7, 12, 128)",idx0:7_idx1:12_idx2:128,chd_conf_headgr,0.0,0.0
1117,7,12,129,"(7, 12, 129)",idx0:7_idx1:12_idx2:129,chd_conf_headgr,0.0,0.0
1118,7,12,130,"(7, 12, 130)",idx0:7_idx1:12_idx2:130,chd_conf_headgr,0.0,0.0
1119,7,12,131,"(7, 12, 131)",idx0:7_idx1:12_idx2:131,chd_conf_headgr,0.0,0.0
1120,7,12,132,"(7, 12, 132)",idx0:7_idx1:12_idx2:132,chd_conf_headgr,0.0,0.0
1121,7,12,133,"(7, 12, 133)",idx0:7_idx1:12_idx2:133,chd_conf_headgr,0.0,0.0
1122,7,12,134,"(7, 12, 134)",idx0:7_idx1:12_idx2:134,chd_conf_headgr,0.0,0.0
1123,7,12,135,"(7, 12, 135)",idx0:7_idx1:12_idx2:135,chd_conf_headgr,0.0,0.0
1124,7,12,136,"(7, 12, 136)",idx0:7_idx1:12_idx2:136,chd_conf_headgr,0.0,0.0
1125,7,12,137,"(7, 12, 137)",idx0:7_idx1:12_idx2:137,chd_conf_headgr,0.0,0.0
1126,7,12,138,"(7, 12, 138)",idx0:7_idx1:12_idx2:138,chd_conf_headgr,0.0,0.0
1127,7,12,139,"(7, 12, 139)",idx0:7_idx1:12_idx2:139,chd_conf_headgr,0.0,0.0
1128,7,12,140,"(7, 12, 140)",idx0:7_idx1:12_idx2:140,chd_conf_headgr,0.0,0.0
1129,7,12,141,"(7, 12, 141)",idx0:7_idx1:12_idx2:141,chd_conf_headgr,0.0,0.0
1130,7,12,142,"(7, 12, 142)",idx0:7_idx1:12_idx2:142,chd_conf_headgr,0.0,0.0
1131,7,12,143,"(7, 12, 143)",idx0:7_idx1:12_idx2:143,chd_conf_headgr,0.0,0.0
1132,7,12,144,"(7, 12, 144)",idx0:7_idx1:12_idx2:144,chd_conf_headgr,0.0,0.0
1133,7,12,145,"(7, 12, 145)",idx0:7_idx1:12_idx2:145,chd_conf_headgr,0.0,0.0
1134,7,12,146,"(7, 12, 146)",idx0:7_idx1:12_idx2:146,chd_conf_headgr,0.0,0.0
1135,7,12,147,"(7, 12, 147)",idx0:7_idx1:12_idx2:147,chd_conf_headgr,0.0,0.0
1136,7,12,148,"(7, 12, 148)",idx0:7_idx1:12_idx2:148,chd_conf_headgr,0.0,0.0
1137,7,13,40,"(7, 13, 40)",idx0:7_idx1:13_idx2:40,chd_conf_headgr,0.0,0.0
1138,7,13,41,"(7, 13, 41)",idx0:7_idx1:13_idx2:41,chd_conf_headgr,0.0,0.0
1139,7,13,42,"(7, 13, 42)",idx0:7_idx1:13_idx2:42,chd_conf_headgr,0.0,0.0
1140,7,13,43,"(7, 13, 43)",idx0:7_idx1:13_idx2:43,chd_conf_headgr,0.0,0.0
1141,7,13,44,"(7, 13, 44)",idx0:7_idx1:13_idx2:44,chd_conf_headgr,0.0,0.0
1142,7,13,45,"(7, 13, 45)",idx0:7_idx1:13_idx2:45,chd_conf_headgr,0.0,0.0
1143,7,13,46,"(7, 13, 46)",idx0:7_idx1:13_idx2:46,chd_conf_headgr,0.0,0.0
1144,7,13,47,"(7, 13, 47)",idx0:7_idx1:13_idx2:47,chd_conf_headgr,0.0,0.0
1145,7,13,48,"(7, 13, 48)",idx0:7_idx1:13_idx2:48,chd_conf_headgr,0.0,0.0
1146,7,13,49,"(7, 13, 49)",idx0:7_idx1:13_idx2:49,chd_conf_headgr,0.0,0.0
1147,7,13,50,"(7, 13, 50)",idx0:7_idx1:13_idx2:50,chd_conf_headgr,0.0,0.0
1148,7,13,51,"(7, 13, 51)",idx0:7_idx1:13_idx2:51,chd_conf_headgr,0.0,0.0
1149,7,13,52,"(7, 13, 52)",idx0:7_idx1:13_idx2:52,chd_conf_headgr,0.0,0.0
1150,7,13,53,"(7, 13, 53)",idx0:7_idx1:13_idx2:53,chd_conf_headgr,0.0,0.0
1151,7,13,54,"(7, 13, 54)",idx0:7_idx1:13_idx2:54,chd_conf_headgr,0.0,0.0
1152,7,13,55,"(7, 13, 55)",idx0:7_idx1:13_idx2:55,chd_conf_headgr,0.0,0.0
1153,7,13,56,"(7, 13, 56)",idx0:7_idx1:13_idx2:56,chd_conf_headgr,0.0,0.0
1154,7,13,57,"(7, 13, 57)",idx0:7_idx1:13_idx2:57,chd_conf_headgr,0.0,0.0
1155,7,13,58,"(7, 13, 58)",idx0:7_idx1:13_idx2:58,chd_conf_headgr,0.0,0.0
1156,7,13,59,"(7, 13, 59)",idx0:7_idx1:13_idx2:59,chd_conf_headgr,0.0,0.0
1157,7,13,60,"(7, 13, 60)",idx0:7_idx1:13_idx2:60,chd_conf_headgr,0.0,0.0
1158,7,13,61,"(7, 13, 61)",idx0:7_idx1:13_idx2:61,chd_conf_headgr,0.0,0.0
1159,7,13,62,"(7, 13, 62)",idx0:7_idx1:13_idx2:62,chd_conf_headgr,0.0,0.0
1160,7,13,63,"(7, 13, 63)",idx0:7_idx1:13_idx2:63,chd_conf_headgr,0.0,0.0
1161,7,13,64,"(7, 13, 64)",idx0:7_idx1:13_idx2:64,chd_conf_headgr,0.0,0.0
1162,7,13,65,"(7, 13, 65)",idx0:7_idx1:13_idx2:65,chd_conf_headgr,0.0,0.0
1163,7,13,66,"(7, 13, 66)",idx0:7_idx1:13_idx2:66,chd_conf_headgr,0.0,0.0
1164,7,13,67,"(7, 13, 67)",idx0:7_idx1:13_idx2:67,chd_conf_headgr,0.0,0.0
1165,7,13,68,"(7, 13, 68)",idx0:7_idx1:13_idx2:68,chd_conf_headgr,0.0,0.0
1166,7,13,69,"(7, 13, 69)",idx0:7_idx1:13_idx2:69,chd_conf_headgr,0.0,0.0
1167,7,13,70,"(7, 13, 70)",idx0:7_idx1:13_idx2:70,chd_conf_headgr,0.0,0.0
1168,7,13,71,"(7, 13, 71)",idx0:7_idx1:13_idx2:71,chd_conf_headgr,0.0,0.0
1169,7,13,72,"(7, 13, 72)",idx0:7_idx1:13_idx2:72,chd_conf_headgr,0.0,0.0
1170,7,13,73,"(7, 13, 73)",idx0:7_idx1:13_idx2:73,chd_conf_headgr,0.0,0.0
1171,7,13,74,"(7, 13, 74)",idx0:7_idx1:13_idx2:74,chd_conf_headgr,0.0,0.0
1172,7,13,75,"(7, 13, 75)",idx0:7_idx1:13_idx2:75,chd_conf_headgr,0.0,0.0
1173,7,13,76,"(7, 13, 76)",idx0:7_idx1:13_idx2:76,chd_conf_headgr,0.0,0.0
1174,7,13,77,"(7, 13, 77)",idx0:7_idx1:13_idx2:77,chd_conf_headgr,0.0,0.0
1175,7,13,78,"(7, 13, 78)",idx0:7_idx1:13_idx2:78,chd_conf_headgr,0.0,0.0
1176,7,13,79,"(7, 13, 79)",idx0:7_idx1:13_idx2:79,chd_conf_headgr,0.0,0.0
1177,7,13,80,"(7, 13, 80)",idx0:7_idx1:13_idx2:80,chd_conf_headgr,0.0,0.0
1178,7,13,81,"(7, 13, 81)",idx0:7_idx1:13_idx2:81,chd_conf_headgr,0.0,0.0
1179,7,13,82,"(7, 13, 82)",idx0:7_idx1:13_idx2:82,chd_conf_headgr,0.0,0.0
1180,7,13,83,"(7, 13, 83)",idx0:7_idx1:13_idx2:83,chd_conf_headgr,0.0,0.0
1181,7,13,84,"(7, 13, 84)",idx0:7_idx1:13_idx2:84,chd_conf_headgr,0.0,0.0
1182,7,13,85,"(7, 13, 85)",idx0:7_idx1:13_idx2:85,chd_conf_headgr,0.0,0.0
1183,7,13,86,"(7, 13, 86)",idx0:7_idx1:13_idx2:86,chd_conf_headgr,0.0,0.0
1184,7,13,87,"(7, 13, 87)",idx0:7_idx1:13_idx2:87,chd_conf_headgr,0.0,0.0
1185,7,13,88,"(7, 13, 88)",idx0:7_idx1:13_idx2:88,chd_conf_headgr,0.0,0.0
1186,7,13,89,"(7, 13, 89)",idx0:7_idx1:13_idx2:89,chd_conf_headgr,0.0,0.0
1187,7,13,90,"(7, 13, 90)",idx0:7_idx1:13_idx2:90,chd_conf_headgr,0.0,0.0
1188,7,13,91,"(7, 13, 91)",idx0:7_idx1:13_idx2:91,chd_conf_headgr,0.0,0.0
1189,7,13,92,"(7, 13, 92)",idx0:7_idx1:13_idx2:92,chd_conf_headgr,0.0,0.0
1190,7,13,93,"(7, 13, 93)",idx0:7_idx1:13_idx2:93,chd_conf_headgr,0.0,0.0
1191,7,13,94,"(7, 13, 94)",idx0:7_idx1:13_idx2:94,chd_conf_headgr,0.0,0.0
1192,7,13,95,"(7, 13, 95)",idx0:7_idx1:13_idx2:95,chd_conf_headgr,0.0,0.0
1193,7,13,96,"(7, 13, 96)",idx0:7_idx1:13_idx2:96,chd_conf_headgr,0.0,0.0
1194,7,13,97,"(7, 13, 97)",idx0:7_idx1:13_idx2:97,chd_conf_headgr,0.0,0.0
1195,7,13,98,"(7, 13, 98)",idx0:7_idx1:13_idx2:98,chd_conf_headgr,0.0,0.0
1196,7,13,99,"(7, 13, 99)",idx0:7_idx1:13_idx2:99,chd_conf_headgr,0.0,0.0
1197,7,13,100,"(7, 13, 100)",idx0:7_idx1:13_idx2:100,chd_conf_headgr,0.0,0.0
1198,7,13,101,"(7, 13, 101)",idx0:7_idx1:13_idx2:101,chd_conf_headgr,0.0,0.0
1199,7,13,102,"(7, 13, 102)",idx0:7_idx1:13_idx2:102,chd_conf_headgr,0.0,0.0
1200,7,13,103,"(7, 13, 103)",idx0:7_idx1:13_idx2:103,chd_conf_headgr,0.0,0.0
1201,7,13,104,"(7, 13, 104)",idx0:7_idx1:13_idx2:104,chd_conf_headgr,0.0,0.0
1202,7,13,105,"(7, 13, 105)",idx0:7_idx1:13_idx2:105,chd_conf_headgr,0.0,0.0
1203,7,13,106,"(7, 13, 106)",idx0:7_idx1:13_idx2:106,chd_conf_headgr,0.0,0.0
1204,7,13,107,"(7, 13, 107)",idx0:7_idx1:13_idx2:107,chd_conf_headgr,0.0,0.0
1205,7,13,108,"(7, 13, 108)",idx0:7_idx1:13_idx2:108,chd_conf_headgr,0.0,0.0
1206,7,13,109,"(7, 13, 109)",idx0:7_idx1:13_idx2:109,chd_conf_headgr,0.0,0.0
1207,7,13,110,"(7, 13, 110)",idx0:7_idx1:13_idx2:110,chd_conf_headgr,0.0,0.0
1208,7,13,111,"(7, 13, 111)",idx0:7_idx1:13_idx2:111,chd_conf_headgr,0.0,0.0
1209,7,13,112,"(7, 13, 112)",idx0:7_idx1:13_idx2:112,chd_conf_headgr,0.0,0.0
1210,7,13,113,"(7, 13, 113)",idx0:7_idx1:13_idx2:113,chd_conf_headgr,0.0,0.0
1211,7,13,114,"(7, 13, 114)",idx0:7_idx1:13_idx2:114,chd_conf_headgr,0.0,0.0
1212,7,13,115,"(7, 13, 115)",idx0:7_idx1:13_idx2:115,chd_conf_headgr,0.0,0.0
1213,7,13,116,"(7, 13, 116)",idx0:7_idx1:13_idx2:116,chd_conf_headgr,0.0,0.0
1214,7,13,117,"(7, 13, 117)",idx0:7_idx1:13_idx2:117,chd_conf_headgr,0.0,0.0
1215,7,13,118,"(7, 13, 118)",idx0:7_idx1:13_idx2:118,chd_conf_headgr,0.0,0.0
1216,7,13,119,"(7, 13, 119)",idx0:7_idx1:13_idx2:119,chd_conf_headgr,0.0,0.0
1217,7,13,120,"(7, 13, 120)",idx0:7_idx1:13_idx2:120,chd_conf_headgr,0.0,0.0
1218,7,13,121,"(7, 13, 121)",idx0:7_idx1:13_idx2:121,chd_conf_headgr,0.0,0.0
1219,7,13,122,"(7, 13, 122)",idx0:7_idx1:13_idx2:122,chd_conf_headgr,0.0,0.0
1220,7,13,123,"(7, 13, 123)",idx0:7_idx1:13_idx2:123,chd_conf_headgr,0.0,0.0
1221,7,13,124,"(7, 13, 124)",idx0:7_idx1:13_idx2:124,chd_conf_headgr,0.0,0.0
1222,7,13,125,"(7, 13, 125)",idx0:7_idx1:13_idx2:125,chd_conf_headgr,0.0,0.0
1223,7,13,126,"(7, 13, 126)",idx0:7_idx1:13_idx2:126,chd_conf_headgr,0.0,0.0
1224,7,13,127,"(7, 13, 127)",idx0:7_idx1:13_idx2:127,chd_conf_headgr,0.0,0.0
1225,7,13,128,"(7, 13, 128)",idx0:7_idx1:13_idx2:128,chd_conf_headgr,0.0,0.0
1226,7,13,129,"(7, 13, 129)",idx0:7_idx1:13_idx2:129,chd_conf_headgr,0.0,0.0
1227,7,13,130,"(7, 13, 130)",idx0:7_idx1:13_idx2:130,chd_conf_headgr,0.0,0.0
1228,7,13,131,"(7, 13, 131)",idx0:7_idx1:13_idx2:131,chd_conf_headgr,0.0,0.0
1229,7,13,132,"(7, 13, 132)",idx0:7_idx1:13_idx2:132,chd_conf_headgr,0.0,0.0
1230,7,13,133,"(7, 13, 133)",idx0:7_idx1:13_idx2:133,chd_conf_headgr,0.0,0.0
1231,7,13,134,"(7, 13, 134)",idx0:7_idx1:13_idx2:134,chd_conf_headgr,0.0,0.0
1232,7,13,135,"(7, 13, 135)",idx0:7_idx1:13_idx2:135,chd_conf_headgr,0.0,0.0
1233,7,13,136,"(7, 13, 136)",idx0:7_idx1:13_idx2:136,chd_conf_headgr,0.0,0.0
1234,7,13,137,"(7, 13, 137)",idx0:7_idx1:13_idx2:137,chd_conf_headgr,0.0,0.0
1235,7,13,138,"(7, 13, 138)",idx0:7_idx1:13_idx2:138,chd_conf_headgr,0.0,0.0
1236,7,13,139,"(7, 13, 139)",idx0:7_idx1:13_idx2:139,chd_conf_headgr,0.0,0.0
1237,7,13,140,"(7, 13, 140)",idx0:7_idx1:13_idx2:140,chd_conf_headgr,0.0,0.0
1238,7,13,141,"(7, 13, 141)",idx0:7_idx1:13_idx2:141,chd_conf_headgr,0.0,0.0
1239,7,13,142,"(7, 13, 142)",idx0:7_idx1:13_idx2:142,chd_conf_headgr,0.0,0.0
1240,7,13,143,"(7, 13, 143)",idx0:7_idx1:13_idx2:143,chd_conf_headgr,0.0,0.0
1241,7,13,144,"(7, 13, 144)",idx0:7_idx1:13_idx2:144,chd_conf_headgr,0.0,0.0
1242,7,13,145,"(7, 13, 145)",idx0:7_idx1:13_idx2:145,chd_conf_headgr,0.0,0.0
1243,7,13,146,"(7, 13, 146)",idx0:7_idx1:13_idx2:146,chd_conf_headgr,0.0,0.0
1244,7,13,147,"(7, 13, 147)",idx0:7_idx1:13_idx2:147,chd_conf_headgr,0.0,0.0
1245,7,13,148,"(7, 13, 148)",idx0:7_idx1:13_idx2:148,chd_conf_headgr,0.0,0.0
1246,7,14,39,"(7, 14, 39)",idx0:7_idx1:14_idx2:39,chd_conf_headgr,0.0,0.0
1247,7,14,40,"(7, 14, 40)",idx0:7_idx1:14_idx2:40,chd_conf_headgr,0.0,0.0
1248,7,14,41,"(7, 14, 41)",idx0:7_idx1:14_idx2:41,chd_conf_headgr,0.0,0.0
1249,7,14,42,"(7, 14, 42)",idx0:7_idx1:14_idx2:42,chd_conf_headgr,0.0,0.0
1250,7,14,43,"(7, 14, 43)",idx0:7_idx1:14_idx2:43,chd_conf_headgr,0.0,0.0
1251,7,14,44,"(7, 14, 44)",idx0:7_idx1:14_idx2:44,chd_conf_headgr,0.0,0.0
1252,7,14,45,"(7, 14, 45)",idx0:7_idx1:14_idx2:45,chd_conf_headgr,0.0,0.0
1253,7,14,46,"(7, 14, 46)",idx0:7_idx1:14_idx2:46,chd_conf_headgr,0.0,0.0
1254,7,14,47,"(7, 14, 47)",idx0:7_idx1:14_idx2:47,chd_conf_headgr,0.0,0.0
1255,7,14,48,"(7, 14, 48)",idx0:7_idx1:14_idx2:48,chd_conf_headgr,0.0,0.0
1256,7,14,49,"(7, 14, 49)",idx0:7_idx1:14_idx2:49,chd_conf_headgr,0.0,0.0
1257,7,14,50,"(7, 14, 50)",idx0:7_idx1:14_idx2:50,chd_conf_headgr,0.0,0.0
1258,7,14,51,"(7, 14, 51)",idx0:7_idx1:14_idx2:51,chd_conf_headgr,0.0,0.0
1259,7,14,52,"(7, 14, 52)",idx0:7_idx1:14_idx2:52,chd_conf_headgr,0.0,0.0
1260,7,14,53,"(7, 14, 53)",idx0:7_idx1:14_idx2:53,chd_conf_headgr,0.0,0.0
1261,7,14,54,"(7, 14, 54)",idx0:7_idx1:14_idx2:54,chd_conf_headgr,0.0,0.0
1262,7,14,55,"(7, 14, 55)",idx0:7_idx1:14_idx2:55,chd_conf_headgr,0.0,0.0
1263,7,14,56,"(7, 14, 56)",idx0:7_idx1:14_idx2:56,chd_conf_headgr,0.0,0.0
1264,7,14,57,"(7, 14, 57)",idx0:7_idx1:14_idx2:57,chd_conf_headgr,0.0,0.0
1265,7,14,58,"(7, 14, 58)",idx0:7_idx1:14_idx2:58,chd_conf_headgr,0.0,0.0
1266,7,14,59,"(7, 14, 59)",idx0:7_idx1:14_idx2:59,chd_conf_headgr,0.0,0.0
1267,7,14,60,"(7, 14, 60)",idx0:7_idx1:14_idx2:60,chd_conf_headgr,0.0,0.0
1268,7,14,61,"(7, 14, 61)",idx0:7_idx1:14_idx2:61,chd_conf_headgr,0.0,0.0
1269,7,14,62,"(7, 14, 62)",idx0:7_idx1:14_idx2:62,chd_conf_headgr,0.0,0.0
1270,7,14,63,"(7, 14, 63)",idx0:7_idx1:14_idx2:63,chd_conf_headgr,0.0,0.0
1271,7,14,64,"(7, 14, 64)",idx0:7_idx1:14_idx2:64,chd_conf_headgr,0.0,0.0
1272,7,14,65,"(7, 14, 65)",idx0:7_idx1:14_idx2:65,chd_conf_headgr,0.0,0.0
1273,7,14,66,"(7, 14, 66)",idx0:7_idx1:14_idx2:66,chd_conf_headgr,0.0,0.0
1274,7,14,67,"(7, 14, 67)",idx0:7_idx1:14_idx2:67,chd_conf_headgr,0.0,0.0
1275,7,14,68,"(7, 14, 68)",idx0:7_idx1:14_idx2:68,chd_conf_headgr,0.0,0.0
1276,7,14,69,"(7, 14, 69)",idx0:7_idx1:14_idx2:69,chd_conf_headgr,0.0,0.0
1277,7,14,70,"(7, 14, 70)",idx0:7_idx1:14_idx2:70,chd_conf_headgr,0.0,0.0
1278,7,14,71,"(7, 14, 71)",idx0:7_idx1:14_idx2:71,chd_conf_headgr,0.0,0.0
1279,7,14,72,"(7, 14, 72)",idx0:7_idx1:14_idx2:72,chd_conf_headgr,0.0,0.0
1280,7,14,73,"(7, 14, 73)",idx0:7_idx1:14_idx2:73,chd_conf_headgr,0.0,0.0
1281,7,14,74,"(7, 14, 74)",idx0:7_idx1:14_idx2:74,chd_conf_headgr,0.0,0.0
1282,7,14,75,"(7, 14, 75)",idx0:7_idx1:14_idx2:75,chd_conf_headgr,0.0,0.0
1283,7,14,76,"(7, 14, 76)",idx0:7_idx1:14_idx2:76,chd_conf_headgr,0.0,0.0
1284,7,14,77,"(7, 14, 77)",idx0:7_idx1:14_idx2:77,chd_conf_headgr,0.0,0.0
1285,7,14,78,"(7, 14, 78)",idx0:7_idx1:14_idx2:78,chd_conf_headgr,0.0,0.0
1286,7,14,79,"(7, 14, 79)",idx0:7_idx1:14_idx2:79,chd_conf_headgr,0.0,0.0
1287,7,14,80,"(7, 14, 80)",idx0:7_idx1:14_idx2:80,chd_conf_headgr,0.0,0.0
1288,7,14,81,"(7, 14, 81)",idx0:7_idx1:14_idx2:81,chd_conf_headgr,0.0,0.0
1289,7,14,82,"(7, 14, 82)",idx0:7_idx1:14_idx2:82,chd_conf_headgr,0.0,0.0
1290,7,14,83,"(7, 14, 83)",idx0:7_idx1:14_idx2:83,chd_conf_headgr,0.0,0.0
1291,7,14,84,"(7, 14, 84)",idx0:7_idx1:14_idx2:84,chd_conf_headgr,0.0,0.0
1292,7,14,85,"(7, 14, 85)",idx0:7_idx1:14_idx2:85,chd_conf_headgr,0.0,0.0
1293,7,14,86,"(7, 14, 86)",idx0:7_idx1:14_idx2:86,chd_conf_headgr,0.0,0.0
1294,7,14,87,"(7, 14, 87)",idx0:7_idx1:14_idx2:87,chd_conf_headgr,0.0,0.0
1295,7,14,88,"(7, 14, 88)",idx0:7_idx1:14_idx2:88,chd_conf_headgr,0.0,0.0
1296,7,14,89,"(7, 14, 89)",idx0:7_idx1:14_idx2:89,chd_conf_headgr,0.0,0.0
1297,7,14,90,"(7, 14, 90)",idx0:7_idx1:14_idx2:90,chd_conf_headgr,0.0,0.0
1298,7,14,91,"(7, 14, 91)",idx0:7_idx1:14_idx2:91,chd_conf_headgr,0.0,0.0
1299,7,14,92,"(7, 14, 92)",idx0:7_idx1:14_idx2:92,chd_conf_headgr,0.0,0.0
1300,7,14,93,"(7, 14, 93)",idx0:7_idx1:14_idx2:93,chd_conf_headgr,0.0,0.0
1301,7,14,94,"(7, 14, 94)",idx0:7_idx1:14_idx2:94,chd_conf_headgr,0.0,0.0
1302,7,14,95,"(7, 14, 95)",idx0:7_idx1:14_idx2:95,chd_conf_headgr,0.0,0.0
1303,7,14,96,"(7, 14, 96)",idx0:7_idx1:14_idx2:96,chd_conf_headgr,0.0,0.0
1304,7,14,97,"(7, 14, 97)",idx0:7_idx1:14_idx2:97,chd_conf_headgr,0.0,0.0
1305,7,14,98,"(7, 14, 98)",idx0:7_idx1:14_idx2:98,chd_conf_headgr,0.0,0.0
1306,7,14,99,"(7, 14, 99)",idx0:7_idx1:14_idx2:99,chd_conf_headgr,0.0,0.0
1307,7,14,100,"(7, 14, 100)",idx0:7_idx1:14_idx2:100,chd_conf_headgr,0.0,0.0
1308,7,14,101,"(7, 14, 101)",idx0:7_idx1:14_idx2:101,chd_conf_headgr,0.0,0.0
1309,7,14,102,"(7, 14, 102)",idx0:7_idx1:14_idx2:102,chd_conf_headgr,0.0,0.0
1310,7,14,103,"(7, 14, 103)",idx0:7_idx1:14_idx2:103,chd_conf_headgr,0.0,0.0
1311,7,14,104,"(7, 14, 104)",idx0:7_idx1:14_idx2:104,chd_conf_headgr,0.0,0.0
1312,7,14,105,"(7, 14, 105)",idx0:7_idx1:14_idx2:105,chd_conf_headgr,0.0,0.0
1313,7,14,106,"(7, 14, 106)",idx0:7_idx1:14_idx2:106,chd_conf_headgr,0.0,0.0
1314,7,14,107,"(7, 14, 107)",idx0:7_idx1:14_idx2:107,chd_conf_headgr,0.0,0.0
1315,7,14,108,"(7, 14, 108)",idx0:7_idx1:14_idx2:108,chd_conf_headgr,0.0,0.0
1316,7,14,109,"(7, 14, 109)",idx0:7_idx1:14_idx2:109,chd_conf_headgr,0.0,0.0
1317,7,14,110,"(7, 14, 110)",idx0:7_idx1:14_idx2:110,chd_conf_headgr,0.0,0.0
1318,7,14,111,"(7, 14, 111)",idx0:7_idx1:14_idx2:111,chd_conf_headgr,0.0,0.0
1319,7,14,112,"(7, 14, 112)",idx0:7_idx1:14_idx2:112,chd_conf_headgr,0.0,0.0
1320,7,14,113,"(7, 14, 113)",idx0:7_idx1:14_idx2:113,chd_conf_headgr,0.0,0.0
1321,7,14,114,"(7, 14, 114)",idx0:7_idx1:14_idx2:114,chd_conf_headgr,0.0,0.0
1322,7,14,115,"(7, 14, 115)",idx0:7_idx1:14_idx2:115,chd_conf_headgr,0.0,0.0
1323,7,14,116,"(7, 14, 116)",idx0:7_idx1:14_idx2:116,chd_conf_headgr,0.0,0.0
1324,7,14,117,"(7, 14, 117)",idx0:7_idx1:14_idx2:117,chd_conf_headgr,0.0,0.0
1325,7,14,118,"(7, 14, 118)",idx0:7_idx1:14_idx2:118,chd_conf_headgr,0.0,0.0
1326,7,14,119,"(7, 14, 119)",idx0:7_idx1:14_idx2:119,chd_conf_headgr,0.0,0.0
1327,7,14,120,"(7, 14, 120)",idx0:7_idx1:14_idx2:120,chd_conf_headgr,0.0,0.0
1328,7,14,121,"(7, 14, 121)",idx0:7_idx1:14_idx2:121,chd_conf_headgr,0.0,0.0
1329,7,14,122,"(7, 14, 122)",idx0:7_idx1:14_idx2:122,chd_conf_headgr,0.0,0.0
1330,7,14,123,"(7, 14, 123)",idx0:7_idx1:14_idx2:123,chd_conf_headgr,0.0,0.0
1331,7,14,124,"(7, 14, 124)",idx0:7_idx1:14_idx2:124,chd_conf_headgr,0.0,0.0
1332,7,14,125,"(7, 14, 125)",idx0:7_idx1:14_idx2:125,chd_conf_headgr,0.0,0.0
1333,7,14,126,"(7, 14, 126)",idx0:7_idx1:14_idx2:126,chd_conf_headgr,0.0,0.0
1334,7,14,127,"(7, 14, 127)",idx0:7_idx1:14_idx2:127,chd_conf_headgr,0.0,0.0
1335,7,14,128,"(7, 14, 128)",idx0:7_idx1:14_idx2:128,chd_conf_headgr,0.0,0.0
1336,7,14,129,"(7, 14, 129)",idx0:7_idx1:14_idx2:129,chd_conf_headgr,0.0,0.0
1337,7,14,130,"(7, 14, 130)",idx0:7_idx1:14_idx2:130,chd_conf_headgr,0.0,0.0
1338,7,14,131,"(7, 14, 131)",idx0:7_idx1:14_idx2:131,chd_conf_headgr,0.0,0.0
1339,7,14,132,"(7, 14, 132)",idx0:7_idx1:14_idx2:132,chd_conf_headgr,0.0,0.0
1340,7,14,133,"(7, 14, 133)",idx0:7_idx1:14_idx2:133,chd_conf_headgr,0.0,0.0
1341,7,14,134,"(7, 14, 134)",idx0:7_idx1:14_idx2:134,chd_conf_headgr,0.0,0.0
1342,7,14,135,"(7, 14, 135)",idx0:7_idx1:14_idx2:135,chd_conf_headgr,0.0,0.0
1343,7,14,136,"(7, 14, 136)",idx0:7_idx1:14_idx2:136,chd_conf_headgr,0.0,0.0
1344,7,14,137,"(7, 14, 137)",idx0:7_idx1:14_idx2:137,chd_conf_headgr,0.0,0.0
1345,7,14,138,"(7, 14, 138)",idx0:7_idx1:14_idx2:138,chd_conf_headgr,0.0,0.0
1346,7,14,139,"(7, 14, 139)",idx0:7_idx1:14_idx2:139,chd_conf_headgr,0.0,0.0
1347,7,14,140,"(7, 14, 140)",idx0:7_idx1:14_idx2:140,chd_conf_headgr,0.0,0.0
1348,7,14,141,"(7, 14, 141)",idx0:7_idx1:14_idx2:141,chd_conf_headgr,0.0,0.0
1349,7,14,142,"(7, 14, 142)",idx0:7_idx1:14_idx2:142,chd_conf_headgr,0.0,0.0
1350,7,14,143,"(7, 14, 143)",idx0:7_idx1:14_idx2:143,chd_conf_headgr,0.0,0.0
1351,7,14,144,"(7, 14, 144)",idx0:7_idx1:14_idx2:144,chd_conf_headgr,0.0,0.0
1352,7,14,145,"(7, 14, 145)",idx0:7_idx1:14_idx2:145,chd_conf_headgr,0.0,0.0
1353,7,14,146,"(7, 14, 146)",idx0:7_idx1:14_idx2:146,chd_conf_headgr,0.0,0.0
1354,7,14,147,"(7, 14, 147)",idx0:7_idx1:14_idx2:147,chd_conf_headgr,0.0,0.0
1355,7,14,148,"(7, 14, 148)",idx0:7_idx1:14_idx2:148,chd_conf_headgr,0.0,0.0
1356,7,15,37,"(7, 15, 37)",idx0:7_idx1:15_idx2:37,chd_conf_headgr,0.0,0.0
1357,7,15,38,"(7, 15, 38)",idx0:7_idx1:15_idx2:38,chd_conf_headgr,0.0,0.0
1358,7,15,39,"(7, 15, 39)",idx0:7_idx1:15_idx2:39,chd_conf_headgr,0.0,0.0
1359,7,15,40,"(7, 15, 40)",idx0:7_idx1:15_idx2:40,chd_conf_headgr,0.0,0.0
1360,7,15,41,"(7, 15, 41)",idx0:7_idx1:15_idx2:41,chd_conf_headgr,0.0,0.0
1361,7,15,42,"(7, 15, 42)",idx0:7_idx1:15_idx2:42,chd_conf_headgr,0.0,0.0
1362,7,15,43,"(7, 15, 43)",idx0:7_idx1:15_idx2:43,chd_conf_headgr,0.0,0.0
1363,7,15,44,"(7, 15, 44)",idx0:7_idx1:15_idx2:44,chd_conf_headgr,0.0,0.0
1364,7,15,45,"(7, 15, 45)",idx0:7_idx1:15_idx2:45,chd_conf_headgr,0.0,0.0
1365,7,15,46,"(7, 15, 46)",idx0:7_idx1:15_idx2:46,chd_conf_headgr,0.0,0.0
1366,7,15,47,"(7, 15, 47)",idx0:7_idx1:15_idx2:47,chd_conf_headgr,0.0,0.0
1367,7,15,48,"(7, 15, 48)",idx0:7_idx1:15_idx2:48,chd_conf_headgr,0.0,0.0
1368,7,15,49,"(7, 15, 49)",idx0:7_idx1:15_idx2:49,chd_conf_headgr,0.0,0.0
1369,7,15,50,"(7, 15, 50)",idx0:7_idx1:15_idx2:50,chd_conf_headgr,0.0,0.0
1370,7,15,51,"(7, 15, 51)",idx0:7_idx1:15_idx2:51,chd_conf_headgr,0.0,0.0
1371,7,15,52,"(7, 15, 52)",idx0:7_idx1:15_idx2:52,chd_conf_headgr,0.0,0.0
1372,7,15,53,"(7, 15, 53)",idx0:7_idx1:15_idx2:53,chd_conf_headgr,0.0,0.0
1373,7,15,54,"(7, 15, 54)",idx0:7_idx1:15_idx2:54,chd_conf_headgr,0.0,0.0
1374,7,15,55,"(7, 15, 55)",idx0:7_idx1:15_idx2:55,chd_conf_headgr,0.0,0.0
1375,7,15,56,"(7, 15, 56)",idx0:7_idx1:15_idx2:56,chd_conf_headgr,0.0,0.0
1376,7,15,57,"(7, 15, 57)",idx0:7_idx1:15_idx2:57,chd_conf_headgr,0.0,0.0
1377,7,15,58,"(7, 15, 58)",idx0:7_idx1:15_idx2:58,chd_conf_headgr,0.0,0.0
1378,7,15,59,"(7, 15, 59)",idx0:7_idx1:15_idx2:59,chd_conf_headgr,0.0,0.0
1379,7,15,60,"(7, 15, 60)",idx0:7_idx1:15_idx2:60,chd_conf_headgr,0.0,0.0
1380,7,15,61,"(7, 15, 61)",idx0:7_idx1:15_idx2:61,chd_conf_headgr,0.0,0.0
1381,7,15,62,"(7, 15, 62)",idx0:7_idx1:15_idx2:62,chd_conf_headgr,0.0,0.0
1382,7,15,63,"(7, 15, 63)",idx0:7_idx1:15_idx2:63,chd_conf_headgr,0.0,0.0
1383,7,15,64,"(7, 15, 64)",idx0:7_idx1:15_idx2:64,chd_conf_headgr,0.0,0.0
1384,7,15,65,"(7, 15, 65)",idx0:7_idx1:15_idx2:65,chd_conf_headgr,0.0,0.0
1385,7,15,66,"(7, 15, 66)",idx0:7_idx1:15_idx2:66,chd_conf_headgr,0.0,0.0
1386,7,15,67,"(7, 15, 67)",idx0:7_idx1:15_idx2:67,chd_conf_headgr,0.0,0.0
1387,7,15,68,"(7, 15, 68)",idx0:7_idx1:15_idx2:68,chd_conf_headgr,0.0,0.0
1388,7,15,69,"(7, 15, 69)",idx0:7_idx1:15_idx2:69,chd_conf_headgr,0.0,0.0
1389,7,15,70,"(7, 15, 70)",idx0:7_idx1:15_idx2:70,chd_conf_headgr,0.0,0.0
1390,7,15,71,"(7, 15, 71)",idx0:7_idx1:15_idx2:71,chd_conf_headgr,0.0,0.0
1391,7,15,72,"(7, 15, 72)",idx0:7_idx1:15_idx2:72,chd_conf_headgr,0.0,0.0
1392,7,15,73,"(7, 15, 73)",idx0:7_idx1:15_idx2:73,chd_conf_headgr,0.0,0.0
1393,7,15,74,"(7, 15, 74)",idx0:7_idx1:15_idx2:74,chd_conf_headgr,0.0,0.0
1394,7,15,75,"(7, 15, 75)",idx0:7_idx1:15_idx2:75,chd_conf_headgr,0.0,0.0
1395,7,15,76,"(7, 15, 76)",idx0:7_idx1:15_idx2:76,chd_conf_headgr,0.0,0.0
1396,7,15,77,"(7, 15, 77)",idx0:7_idx1:15_idx2:77,chd_conf_headgr,0.0,0.0
1397,7,15,78,"(7, 15, 78)",idx0:7_idx1:15_idx2:78,chd_conf_headgr,0.0,0.0
1398,7,15,79,"(7, 15, 79)",idx0:7_idx1:15_idx2:79,chd_conf_headgr,0.0,0.0
1399,7,15,80,"(7, 15, 80)",idx0:7_idx1:15_idx2:80,chd_conf_headgr,0.0,0.0
1400,7,15,81,"(7, 15, 81)",idx0:7_idx1:15_idx2:81,chd_conf_headgr,0.0,0.0
1401,7,15,82,"(7, 15, 82)",idx0:7_idx1:15_idx2:82,chd_conf_headgr,0.0,0.0
1402,7,15,83,"(7, 15, 83)",idx0:7_idx1:15_idx2:83,chd_conf_headgr,0.0,0.0
1403,7,15,84,"(7, 15, 84)",idx0:7_idx1:15_idx2:84,chd_conf_headgr,0.0,0.0
1404,7,15,85,"(7, 15, 85)",idx0:7_idx1:15_idx2:85,chd_conf_headgr,0.0,0.0
1405,7,15,86,"(7, 15, 86)",idx0:7_idx1:15_idx2:86,chd_conf_headgr,0.0,0.0
1406,7,15,87,"(7, 15, 87)",idx0:7_idx1:15_idx2:87,chd_conf_headgr,0.0,0.0
1407,7,15,88,"(7, 15, 88)",idx0:7_idx1:15_idx2:88,chd_conf_headgr,0.0,0.0
1408,7,15,89,"(7, 15, 89)",idx0:7_idx1:15_idx2:89,chd_conf_headgr,0.0,0.0
1409,7,15,90,"(7, 15, 90)",idx0:7_idx1:15_idx2:90,chd_conf_headgr,0.0,0.0
1410,7,15,91,"(7, 15, 91)",idx0:7_idx1:15_idx2:91,chd_conf_headgr,0.0,0.0
1411,7,15,92,"(7, 15, 92)",idx0:7_idx1:15_idx2:92,chd_conf_headgr,0.0,0.0
1412,7,15,93,"(7, 15, 93)",idx0:7_idx1:15_idx2:93,chd_conf_headgr,0.0,0.0
1413,7,15,94,"(7, 15, 94)",idx0:7_idx1:15_idx2:94,chd_conf_headgr,0.0,0.0
1414,7,15,95,"(7, 15, 95)",idx0:7_idx1:15_idx2:95,chd_conf_headgr,0.0,0.0
1415,7,15,96,"(7, 15, 96)",idx0:7_idx1:15_idx2:96,chd_conf_headgr,0.0,0.0
1416,7,15,97,"(7, 15, 97)",idx0:7_idx1:15_idx2:97,chd_conf_headgr,0.0,0.0
1417,7,15,98,"(7, 15, 98)",idx0:7_idx1:15_idx2:98,chd_conf_headgr,0.0,0.0
1418,7,15,99,"(7, 15, 99)",idx0:7_idx1:15_idx2:99,chd_conf_headgr,0.0,0.0
1419,7,15,100,"(7, 15, 100)",idx0:7_idx1:15_idx2:100,chd_conf_headgr,0.0,0.0
1420,7,15,101,"(7, 15, 101)",idx0:7_idx1:15_idx2:101,chd_conf_headgr,0.0,0.0
1421,7,15,102,"(7, 15, 102)",idx0:7_idx1:15_idx2:102,chd_conf_headgr,0.0,0.0
1422,7,15,103,"(7, 15, 103)",idx0:7_idx1:15_idx2:103,chd_conf_headgr,0.0,0.0
1423,7,15,104,"(7, 15, 104)",idx0:7_idx1:15_idx2:104,chd_conf_headgr,0.0,0.0
1424,7,15,105,"(7, 15, 105)",idx0:7_idx1:15_idx2:105,chd_conf_headgr,0.0,0.0
1425,7,15,106,"(7, 15, 106)",idx0:7_idx1:15_idx2:106,chd_conf_headgr,0.0,0.0
1426,7,15,107,"(7, 15, 107)",idx0:7_idx1:15_idx2:107,chd_conf_headgr,0.0,0.0
1427,7,15,108,"(7, 15, 108)",idx0:7_idx1:15_idx2:108,chd_conf_headgr,0.0,0.0
1428,7,15,109,"(7, 15, 109)",idx0:7_idx1:15_idx2:109,chd_conf_headgr,0.0,0.0
1429,7,15,110,"(7, 15, 110)",idx0:7_idx1:15_idx2:110,chd_conf_headgr,0.0,0.0
1430,7,15,111,"(7, 15, 111)",idx0:7_idx1:15_idx2:111,chd_conf_headgr,0.0,0.0
1431,7,15,112,"(7, 15, 112)",idx0:7_idx1:15_idx2:112,chd_conf_headgr,0.0,0.0
1432,7,15,113,"(7, 15, 113)",idx0:7_idx1:15_idx2:113,chd_conf_headgr,0.0,0.0
1433,7,15,114,"(7, 15, 114)",idx0:7_idx1:15_idx2:114,chd_conf_headgr,0.0,0.0
1434,7,15,115,"(7, 15, 115)",idx0:7_idx1:15_idx2:115,chd_conf_headgr,0.0,0.0
1435,7,15,116,"(7, 15, 116)",idx0:7_idx1:15_idx2:116,chd_conf_headgr,0.0,0.0
1436,7,15,117,"(7, 15, 117)",idx0:7_idx1:15_idx2:117,chd_conf_headgr,0.0,0.0
1437,7,15,118,"(7, 15, 118)",idx0:7_idx1:15_idx2:118,chd_conf_headgr,0.0,0.0
1438,7,15,119,"(7, 15, 119)",idx0:7_idx1:15_idx2:119,chd_conf_headgr,0.0,0.0
1439,7,15,120,"(7, 15, 120)",idx0:7_idx1:15_idx2:120,chd_conf_headgr,0.0,0.0
1440,7,15,121,"(7, 15, 121)",idx0:7_idx1:15_idx2:121,chd_conf_headgr,0.0,0.0
1441,7,15,122,"(7, 15, 122)",idx0:7_idx1:15_idx2:122,chd_conf_headgr,0.0,0.0
1442,7,15,123,"(7, 15, 123)",idx0:7_idx1:15_idx2:123,chd_conf_headgr,0.0,0.0
1443,7,15,124,"(7, 15, 124)",idx0:7_idx1:15_idx2:124,chd_conf_headgr,0.0,0.0
1444,7,15,125,"(7, 15, 125)",idx0:7_idx1:15_idx2:125,chd_conf_headgr,0.0,0.0
1445,7,15,126,"(7, 15, 126)",idx0:7_idx1:15_idx2:126,chd_conf_headgr,0.0,0.0
1446,7,15,127,"(7, 15, 127)",idx0:7_idx1:15_idx2:127,chd_conf_headgr,0.0,0.0
1447,7,15,128,"(7, 15, 128)",idx0:7_idx1:15_idx2:128,chd_conf_headgr,0.0,0.0
1448,7,15,129,"(7, 15, 129)",idx0:7_idx1:15_idx2:129,chd_conf_headgr,0.0,0.0
1449,7,15,130,"(7, 15, 130)",idx0:7_idx1:15_idx2:130,chd_conf_headgr,0.0,0.0
1450,7,15,131,"(7, 15, 131)",idx0:7_idx1:15_idx2:131,chd_conf_headgr,0.0,0.0
1451,7,15,132,"(7, 15, 132)",idx0:7_idx1:15_idx2:132,chd_conf_headgr,0.0,0.0
1452,7,15,133,"(7, 15, 133)",idx0:7_idx1:15_idx2:133,chd_conf_headgr,0.0,0.0
1453,7,15,134,"(7, 15, 134)",idx0:7_idx1:15_idx2:134,chd_conf_headgr,0.0,0.0
1454,7,15,135,"(7, 15, 135)",idx0:7_idx1:15_idx2:135,chd_conf_headgr,0.0,0.0
1455,7,15,136,"(7, 15, 136)",idx0:7_idx1:15_idx2:136,chd_conf_headgr,0.0,0.0
1456,7,15,137,"(7, 15, 137)",idx0:7_idx1:15_idx2:137,chd_conf_headgr,0.0,0.0
1457,7,15,138,"(7, 15, 138)",idx0:7_idx1:15_idx2:138,chd_conf_headgr,0.0,0.0
1458,7,15,139,"(7, 15, 139)",idx0:7_idx1:15_idx2:139,chd_conf_headgr,0.0,0.0
1459,7,15,140,"(7, 15, 140)",idx0:7_idx1:15_idx2:140,chd_conf_headgr,0.0,0.0
1460,7,15,141,"(7, 15, 141)",idx0:7_idx1:15_idx2:141,chd_conf_headgr,0.0,0.0
1461,7,15,142,"(7, 15, 142)",idx0:7_idx1:15_idx2:142,chd_conf_headgr,0.0,0.0
1462,7,15,143,"(7, 15, 143)",idx0:7_idx1:15_idx2:143,chd_conf_headgr,0.0,0.0
1463,7,15,144,"(7, 15, 144)",idx0:7_idx1:15_idx2:144,chd_conf_headgr,0.0,0.0
1464,7,15,145,"(7, 15, 145)",idx0:7_idx1:15_idx2:145,chd_conf_headgr,0.0,0.0
1465,7,15,146,"(7, 15, 146)",idx0:7_idx1:15_idx2:146,chd_conf_headgr,0.0,0.0
1466,7,15,147,"(7, 15, 147)",idx0:7_idx1:15_idx2:147,chd_conf_headgr,0.0,0.0
1467,7,15,148,"(7, 15, 148)",idx0:7_idx1:15_idx2:148,chd_conf_headgr,0.0,0.0
1468,7,16,36,"(7, 16, 36)",idx0:7_idx1:16_idx2:36,chd_conf_headgr,0.0,0.0
1469,7,16,37,"(7, 16, 37)",idx0:7_idx1:16_idx2:37,chd_conf_headgr,0.0,0.0
1470,7,16,38,"(7, 16, 38)",idx0:7_idx1:16_idx2:38,chd_conf_headgr,0.0,0.0
1471,7,16,39,"(7, 16, 39)",idx0:7_idx1:16_idx2:39,chd_conf_headgr,0.0,0.0
1472,7,16,40,"(7, 16, 40)",idx0:7_idx1:16_idx2:40,chd_conf_headgr,0.0,0.0
1473,7,16,41,"(7, 16, 41)",idx0:7_idx1:16_idx2:41,chd_conf_headgr,0.0,0.0
1474,7,16,42,"(7, 16, 42)",idx0:7_idx1:16_idx2:42,chd_conf_headgr,0.0,0.0
1475,7,16,43,"(7, 16, 43)",idx0:7_idx1:16_idx2:43,chd_conf_headgr,0.0,0.0
1476,7,16,44,"(7, 16, 44)",idx0:7_idx1:16_idx2:44,chd_conf_headgr,0.0,0.0
1477,7,16,45,"(7, 16, 45)",idx0:7_idx1:16_idx2:45,chd_conf_headgr,0.0,0.0
1478,7,16,46,"(7, 16, 46)",idx0:7_idx1:16_idx2:46,chd_conf_headgr,0.0,0.0
1479,7,16,47,"(7, 16, 47)",idx0:7_idx1:16_idx2:47,chd_conf_headgr,0.0,0.0
1480,7,16,48,"(7, 16, 48)",idx0:7_idx1:16_idx2:48,chd_conf_headgr,0.0,0.0
1481,7,16,49,"(7, 16, 49)",idx0:7_idx1:16_idx2:49,chd_conf_headgr,0.0,0.0
1482,7,16,50,"(7, 16, 50)",idx0:7_idx1:16_idx2:50,chd_conf_headgr,0.0,0.0
1483,7,16,51,"(7, 16, 51)",idx0:7_idx1:16_idx2:51,chd_conf_headgr,0.0,0.0
1484,7,16,52,"(7, 16, 52)",idx0:7_idx1:16_idx2:52,chd_conf_headgr,0.0,0.0
1485,7,16,53,"(7, 16, 53)",idx0:7_idx1:16_idx2:53,chd_conf_headgr,0.0,0.0
1486,7,16,54,"(7, 16, 54)",idx0:7_idx1:16_idx2:54,chd_conf_headgr,0.0,0.0
1487,7,16,55,"(7, 16, 55)",idx0:7_idx1:16_idx2:55,chd_conf_headgr,0.0,0.0
1488,7,16,56,"(7, 16, 56)",idx0:7_idx1:16_idx2:56,chd_conf_headgr,0.0,0.0
1489,7,16,57,"(7, 16, 57)",idx0:7_idx1:16_idx2:57,chd_conf_headgr,0.0,0.0
1490,7,16,58,"(7, 16, 58)",idx0:7_idx1:16_idx2:58,chd_conf_headgr,0.0,0.0
1491,7,16,59,"(7, 16, 59)",idx0:7_idx1:16_idx2:59,chd_conf_headgr,0.0,0.0
1492,7,16,60,"(7, 16, 60)",idx0:7_idx1:16_idx2:60,chd_conf_headgr,0.0,0.0
1493,7,16,61,"(7, 16, 61)",idx0:7_idx1:16_idx2:61,chd_conf_headgr,0.0,0.0
1494,7,16,62,"(7, 16, 62)",idx0:7_idx1:16_idx2:62,chd_conf_headgr,0.0,0.0
1495,7,16,63,"(7, 16, 63)",idx0:7_idx1:16_idx2:63,chd_conf_headgr,0.0,0.0
1496,7,16,64,"(7, 16, 64)",idx0:7_idx1:16_idx2:64,chd_conf_headgr,0.0,0.0
1497,7,16,65,"(7, 16, 65)",idx0:7_idx1:16_idx2:65,chd_conf_headgr,0.0,0.0
1498,7,16,66,"(7, 16, 66)",idx0:7_idx1:16_idx2:66,chd_conf_headgr,0.0,0.0
1499,7,16,67,"(7, 16, 67)",idx0:7_idx1:16_idx2:67,chd_conf_headgr,0.0,0.0
1500,7,16,68,"(7, 16, 68)",idx0:7_idx1:16_idx2:68,chd_conf_headgr,0.0,0.0
1501,7,16,69,"(7, 16, 69)",idx0:7_idx1:16_idx2:69,chd_conf_headgr,0.0,0.0
1502,7,16,70,"(7, 16, 70)",idx0:7_idx1:16_idx2:70,chd_conf_headgr,0.0,0.0
1503,7,16,71,"(7, 16, 71)",idx0:7_idx1:16_idx2:71,chd_conf_headgr,0.0,0.0
1504,7,16,72,"(7, 16, 72)",idx0:7_idx1:16_idx2:72,chd_conf_headgr,0.0,0.0
1505,7,16,73,"(7, 16, 73)",idx0:7_idx1:16_idx2:73,chd_conf_headgr,0.0,0.0
1506,7,16,74,"(7, 16, 74)",idx0:7_idx1:16_idx2:74,chd_conf_headgr,0.0,0.0
1507,7,16,75,"(7, 16, 75)",idx0:7_idx1:16_idx2:75,chd_conf_headgr,0.0,0.0
1508,7,16,76,"(7, 16, 76)",idx0:7_idx1:16_idx2:76,chd_conf_headgr,0.0,0.0
1509,7,16,77,"(7, 16, 77)",idx0:7_idx1:16_idx2:77,chd_conf_headgr,0.0,0.0
1510,7,16,78,"(7, 16, 78)",idx0:7_idx1:16_idx2:78,chd_conf_headgr,0.0,0.0
1511,7,16,79,"(7, 16, 79)",idx0:7_idx1:16_idx2:79,chd_conf_headgr,0.0,0.0
1512,7,16,80,"(7, 16, 80)",idx0:7_idx1:16_idx2:80,chd_conf_headgr,0.0,0.0
1513,7,16,81,"(7, 16, 81)",idx0:7_idx1:16_idx2:81,chd_conf_headgr,0.0,0.0
1514,7,16,82,"(7, 16, 82)",idx0:7_idx1:16_idx2:82,chd_conf_headgr,0.0,0.0
1515,7,16,83,"(7, 16, 83)",idx0:7_idx1:16_idx2:83,chd_conf_headgr,0.0,0.0
1516,7,16,84,"(7, 16, 84)",idx0:7_idx1:16_idx2:84,chd_conf_headgr,0.0,0.0
1517,7,16,85,"(7, 16, 85)",idx0:7_idx1:16_idx2:85,chd_conf_headgr,0.0,0.0
1518,7,16,86,"(7, 16, 86)",idx0:7_idx1:16_idx2:86,chd_conf_headgr,0.0,0.0
1519,7,16,87,"(7, 16, 87)",idx0:7_idx1:16_idx2:87,chd_conf_headgr,0.0,0.0
1520,7,16,88,"(7, 16, 88)",idx0:7_idx1:16_idx2:88,chd_conf_headgr,0.0,0.0
1521,7,16,89,"(7, 16, 89)",idx0:7_idx1:16_idx2:89,chd_conf_headgr,0.0,0.0
1522,7,16,90,"(7, 16, 90)",idx0:7_idx1:16_idx2:90,chd_conf_headgr,0.0,0.0
1523,7,16,91,"(7, 16, 91)",idx0:7_idx1:16_idx2:91,chd_conf_headgr,0.0,0.0
1524,7,16,92,"(7, 16, 92)",idx0:7_idx1:16_idx2:92,chd_conf_headgr,0.0,0.0
1525,7,16,93,"(7, 16, 93)",idx0:7_idx1:16_idx2:93,chd_conf_headgr,0.0,0.0
1526,7,16,94,"(7, 16, 94)",idx0:7_idx1:16_idx2:94,chd_conf_headgr,0.0,0.0
1527,7,16,95,"(7, 16, 95)",idx0:7_idx1:16_idx2:95,chd_conf_headgr,0.0,0.0
1528,7,16,96,"(7, 16, 96)",idx0:7_idx1:16_idx2:96,chd_conf_headgr,0.0,0.0
1529,7,16,97,"(7, 16, 97)",idx0:7_idx1:16_idx2:97,chd_conf_headgr,0.0,0.0
1530,7,16,98,"(7, 16, 98)",idx0:7_idx1:16_idx2:98,chd_conf_headgr,0.0,0.0
1531,7,16,99,"(7, 16, 99)",idx0:7_idx1:16_idx2:99,chd_conf_headgr,0.0,0.0
1532,7,16,100,"(7, 16, 100)",idx0:7_idx1:16_idx2:100,chd_conf_headgr,0.0,0.0
1533,7,16,101,"(7, 16, 101)",idx0:7_idx1:16_idx2:101,chd_conf_headgr,0.0,0.0
1534,7,16,102,"(7, 16, 102)",idx0:7_idx1:16_idx2:102,chd_conf_headgr,0.0,0.0
1535,7,16,103,"(7, 16, 103)",idx0:7_idx1:16_idx2:103,chd_conf_headgr,0.0,0.0
1536,7,16,104,"(7, 16, 104)",idx0:7_idx1:16_idx2:104,chd_conf_headgr,0.0,0.0
1537,7,16,105,"(7, 16, 105)",idx0:7_idx1:16_idx2:105,chd_conf_headgr,0.0,0.0
1538,7,16,106,"(7, 16, 106)",idx0:7_idx1:16_idx2:106,chd_conf_headgr,0.0,0.0
1539,7,16,107,"(7, 16, 107)",idx0:7_idx1:16_idx2:107,chd_conf_headgr,0.0,0.0
1540,7,16,108,"(7, 16, 108)",idx0:7_idx1:16_idx2:108,chd_conf_headgr,0.0,0.0
1541,7,16,109,"(7, 16, 109)",idx0:7_idx1:16_idx2:109,chd_conf_headgr,0.0,0.0
1542,7,16,110,"(7, 16, 110)",idx0:7_idx1:16_idx2:110,chd_conf_headgr,0.0,0.0
1543,7,16,111,"(7, 16, 111)",idx0:7_idx1:16_idx2:111,chd_conf_headgr,0.0,0.0
1544,7,16,112,"(7, 16, 112)",idx0:7_idx1:16_idx2:112,chd_conf_headgr,0.0,0.0
1545,7,16,113,"(7, 16, 113)",idx0:7_idx1:16_idx2:113,chd_conf_headgr,0.0,0.0
1546,7,16,114,"(7, 16, 114)",idx0:7_idx1:16_idx2:114,chd_conf_headgr,0.0,0.0
1547,7,16,115,"(7, 16, 115)",idx0:7_idx1:16_idx2:115,chd_conf_headgr,0.0,0.0
1548,7,16,116,"(7, 16, 116)",idx0:7_idx1:16_idx2:116,chd_conf_headgr,0.0,0.0
1549,7,16,117,"(7, 16, 117)",idx0:7_idx1:16_idx2:117,chd_conf_headgr,0.0,0.0
1550,7,16,118,"(7, 16, 118)",idx0:7_idx1:16_idx2:118,chd_conf_headgr,0.0,0.0
1551,7,16,119,"(7, 16, 119)",idx0:7_idx1:16_idx2:119,chd_conf_headgr,0.0,0.0
1552,7,16,120,"(7, 16, 120)",idx0:7_idx1:16_idx2:120,chd_conf_headgr,0.0,0.0
1553,7,16,121,"(7, 16, 121)",idx0:7_idx1:16_idx2:121,chd_conf_headgr,0.0,0.0
1554,7,16,122,"(7, 16, 122)",idx0:7_idx1:16_idx2:122,chd_conf_headgr,0.0,0.0
1555,7,16,123,"(7, 16, 123)",idx0:7_idx1:16_idx2:123,chd_conf_headgr,0.0,0.0
1556,7,16,124,"(7, 16, 124)",idx0:7_idx1:16_idx2:124,chd_conf_headgr,0.0,0.0
1557,7,16,125,"(7, 16, 125)",idx0:7_idx1:16_idx2:125,chd_conf_headgr,0.0,0.0
1558,7,16,126,"(7, 16, 126)",idx0:7_idx1:16_idx2:126,chd_conf_headgr,0.0,0.0
1559,7,16,127,"(7, 16, 127)",idx0:7_idx1:16_idx2:127,chd_conf_headgr,0.0,0.0
1560,7,16,128,"(7, 16, 128)",idx0:7_idx1:16_idx2:128,chd_conf_headgr,0.0,0.0
1561,7,16,129,"(7, 16, 129)",idx0:7_idx1:16_idx2:129,chd_conf_headgr,0.0,0.0
1562,7,16,130,"(7, 16, 130)",idx0:7_idx1:16_idx2:130,chd_conf_headgr,0.0,0.0
1563,7,16,131,"(7, 16, 131)",idx0:7_idx1:16_idx2:131,chd_conf_headgr,0.0,0.0
1564,7,16,132,"(7, 16, 132)",idx0:7_idx1:16_idx2:132,chd_conf_headgr,0.0,0.0
1565,7,16,133,"(7, 16, 133)",idx0:7_idx1:16_idx2:133,chd_conf_headgr,0.0,0.0
1566,7,16,134,"(7, 16, 134)",idx0:7_idx1:16_idx2:134,chd_conf_headgr,0.0,0.0
1567,7,16,135,"(7, 16, 135)",idx0:7_idx1:16_idx2:135,chd_conf_headgr,0.0,0.0
1568,7,16,136,"(7, 16, 136)",idx0:7_idx1:16_idx2:136,chd_conf_headgr,0.0,0.0
1569,7,16,137,"(7, 16, 137)",idx0:7_idx1:16_idx2:137,chd_conf_headgr,0.0,0.0
1570,7,16,138,"(7, 16, 138)",idx0:7_idx1:16_idx2:138,chd_conf_headgr,0.0,0.0
1571,7,16,139,"(7, 16, 139)",idx0:7_idx1:16_idx2:139,chd_conf_headgr,0.0,0.0
1572,7,16,140,"(7, 16, 140)",idx0:7_idx1:16_idx2:140,chd_conf_headgr,0.0,0.0
1573,7,16,141,"(7, 16, 141)",idx0:7_idx1:16_idx2:141,chd_conf_headgr,0.0,0.0
1574,7,16,142,"(7, 16, 142)",idx0:7_idx1:16_idx2:142,chd_conf_headgr,0.0,0.0
1575,7,16,143,"(7, 16, 143)",idx0:7_idx1:16_idx2:143,chd_conf_headgr,0.0,0.0
1576,7,16,144,"(7, 16, 144)",idx0:7_idx1:16_idx2:144,chd_conf_headgr,0.0,0.0
1577,7,16,145,"(7, 16, 145)",idx0:7_idx1:16_idx2:145,chd_conf_headgr,0.0,0.0
1578,7,16,146,"(7, 16, 146)",idx0:7_idx1:16_idx2:146,chd_conf_headgr,0.0,0.0
1579,7,16,147,"(7, 16, 147)",idx0:7_idx1:16_idx2:147,chd_conf_headgr,0.0,0.0
1580,7,16,148,"(7, 16, 148)",idx0:7_idx1:16_idx2:148,chd_conf_headgr,0.0,0.0
1581,7,17,34,"(7, 17, 34)",idx0:7_idx1:17_idx2:34,chd_conf_headgr,0.0,0.0
1582,7,17,35,"(7, 17, 35)",idx0:7_idx1:17_idx2:35,chd_conf_headgr,0.0,0.0
1583,7,17,36,"(7, 17, 36)",idx0:7_idx1:17_idx2:36,chd_conf_headgr,0.0,0.0
1584,7,17,37,"(7, 17, 37)",idx0:7_idx1:17_idx2:37,chd_conf_headgr,0.0,0.0
1585,7,17,38,"(7, 17, 38)",idx0:7_idx1:17_idx2:38,chd_conf_headgr,0.0,0.0
1586,7,17,39,"(7, 17, 39)",idx0:7_idx1:17_idx2:39,chd_conf_headgr,0.0,0.0
1587,7,17,40,"(7, 17, 40)",idx0:7_idx1:17_idx2:40,chd_conf_headgr,0.0,0.0
1588,7,17,41,"(7, 17, 41)",idx0:7_idx1:17_idx2:41,chd_conf_headgr,0.0,0.0
1589,7,17,42,"(7, 17, 42)",idx0:7_idx1:17_idx2:42,chd_conf_headgr,0.0,0.0
1590,7,17,43,"(7, 17, 43)",idx0:7_idx1:17_idx2:43,chd_conf_headgr,0.0,0.0
1591,7,17,44,"(7, 17, 44)",idx0:7_idx1:17_idx2:44,chd_conf_headgr,0.0,0.0
1592,7,17,45,"(7, 17, 45)",idx0:7_idx1:17_idx2:45,chd_conf_headgr,0.0,0.0
1593,7,17,46,"(7, 17, 46)",idx0:7_idx1:17_idx2:46,chd_conf_headgr,0.0,0.0
1594,7,17,47,"(7, 17, 47)",idx0:7_idx1:17_idx2:47,chd_conf_headgr,0.0,0.0
1595,7,17,48,"(7, 17, 48)",idx0:7_idx1:17_idx2:48,chd_conf_headgr,0.0,0.0
1596,7,17,49,"(7, 17, 49)",idx0:7_idx1:17_idx2:49,chd_conf_headgr,0.0,0.0
1597,7,17,50,"(7, 17, 50)",idx0:7_idx1:17_idx2:50,chd_conf_headgr,0.0,0.0
1598,7,17,51,"(7, 17, 51)",idx0:7_idx1:17_idx2:51,chd_conf_headgr,0.0,0.0
1599,7,17,52,"(7, 17, 52)",idx0:7_idx1:17_idx2:52,chd_conf_headgr,0.0,0.0
1600,7,17,53,"(7, 17, 53)",idx0:7_idx1:17_idx2:53,chd_conf_headgr,0.0,0.0
1601,7,17,54,"(7, 17, 54)",idx0:7_idx1:17_idx2:54,chd_conf_headgr,0.0,0.0
1602,7,17,55,"(7, 17, 55)",idx0:7_idx1:17_idx2:55,chd_conf_headgr,0.0,0.0
1603,7,17,56,"(7, 17, 56)",idx0:7_idx1:17_idx2:56,chd_conf_headgr,0.0,0.0
1604,7,17,57,"(7, 17, 57)",idx0:7_idx1:17_idx2:57,chd_conf_headgr,0.0,0.0
1605,7,17,58,"(7, 17, 58)",idx0:7_idx1:17_idx2:58,chd_conf_headgr,0.0,0.0
1606,7,17,59,"(7, 17, 59)",idx0:7_idx1:17_idx2:59,chd_conf_headgr,0.0,0.0
1607,7,17,60,"(7, 17, 60)",idx0:7_idx1:17_idx2:60,chd_conf_headgr,0.0,0.0
1608,7,17,61,"(7, 17, 61)",idx0:7_idx1:17_idx2:61,chd_conf_headgr,0.0,0.0
1609,7,17,62,"(7, 17, 62)",idx0:7_idx1:17_idx2:62,chd_conf_headgr,0.0,0.0
1610,7,17,63,"(7, 17, 63)",idx0:7_idx1:17_idx2:63,chd_conf_headgr,0.0,0.0
1611,7,17,64,"(7, 17, 64)",idx0:7_idx1:17_idx2:64,chd_conf_headgr,0.0,0.0
1612,7,17,65,"(7, 17, 65)",idx0:7_idx1:17_idx2:65,chd_conf_headgr,0.0,0.0
1613,7,17,66,"(7, 17, 66)",idx0:7_idx1:17_idx2:66,chd_conf_headgr,0.0,0.0
1614,7,17,67,"(7, 17, 67)",idx0:7_idx1:17_idx2:67,chd_conf_headgr,0.0,0.0
1615,7,17,68,"(7, 17, 68)",idx0:7_idx1:17_idx2:68,chd_conf_headgr,0.0,0.0
1616,7,17,69,"(7, 17, 69)",idx0:7_idx1:17_idx2:69,chd_conf_headgr,0.0,0.0
1617,7,17,70,"(7, 17, 70)",idx0:7_idx1:17_idx2:70,chd_conf_headgr,0.0,0.0
1618,7,17,71,"(7, 17, 71)",idx0:7_idx1:17_idx2:71,chd_conf_headgr,0.0,0.0
1619,7,17,72,"(7, 17, 72)",idx0:7_idx1:17_idx2:72,chd_conf_headgr,0.0,0.0
1620,7,17,73,"(7, 17, 73)",idx0:7_idx1:17_idx2:73,chd_conf_headgr,0.0,0.0
1621,7,17,74,"(7, 17, 74)",idx0:7_idx1:17_idx2:74,chd_conf_headgr,0.0,0.0
1622,7,17,75,"(7, 17, 75)",idx0:7_idx1:17_idx2:75,chd_conf_headgr,0.0,0.0
1623,7,17,76,"(7, 17, 76)",idx0:7_idx1:17_idx2:76,chd_conf_headgr,0.0,0.0
1624,7,17,77,"(7, 17, 77)",idx0:7_idx1:17_idx2:77,chd_conf_headgr,0.0,0.0
1625,7,17,78,"(7, 17, 78)",idx0:7_idx1:17_idx2:78,chd_conf_headgr,0.0,0.0
1626,7,17,79,"(7, 17, 79)",idx0:7_idx1:17_idx2:79,chd_conf_headgr,0.0,0.0
1627,7,17,80,"(7, 17, 80)",idx0:7_idx1:17_idx2:80,chd_conf_headgr,0.0,0.0
1628,7,17,81,"(7, 17, 81)",idx0:7_idx1:17_idx2:81,chd_conf_headgr,0.0,0.0
1629,7,17,82,"(7, 17, 82)",idx0:7_idx1:17_idx2:82,chd_conf_headgr,0.0,0.0
1630,7,17,83,"(7, 17, 83)",idx0:7_idx1:17_idx2:83,chd_conf_headgr,0.0,0.0
1631,7,17,84,"(7, 17, 84)",idx0:7_idx1:17_idx2:84,chd_conf_headgr,0.0,0.0
1632,7,17,85,"(7, 17, 85)",idx0:7_idx1:17_idx2:85,chd_conf_headgr,0.0,0.0
1633,7,17,86,"(7, 17, 86)",idx0:7_idx1:17_idx2:86,chd_conf_headgr,0.0,0.0
1634,7,17,87,"(7, 17, 87)",idx0:7_idx1:17_idx2:87,chd_conf_headgr,0.0,0.0
1635,7,17,88,"(7, 17, 88)",idx0:7_idx1:17_idx2:88,chd_conf_headgr,0.0,0.0
1636,7,17,89,"(7, 17, 89)",idx0:7_idx1:17_idx2:89,chd_conf_headgr,0.0,0.0
1637,7,17,90,"(7, 17, 90)",idx0:7_idx1:17_idx2:90,chd_conf_headgr,0.0,0.0
1638,7,17,91,"(7, 17, 91)",idx0:7_idx1:17_idx2:91,chd_conf_headgr,0.0,0.0
1639,7,17,92,"(7, 17, 92)",idx0:7_idx1:17_idx2:92,chd_conf_headgr,0.0,0.0
1640,7,17,93,"(7, 17, 93)",idx0:7_idx1:17_idx2:93,chd_conf_headgr,0.0,0.0
1641,7,17,94,"(7, 17, 94)",idx0:7_idx1:17_idx2:94,chd_conf_headgr,0.0,0.0
1642,7,17,95,"(7, 17, 95)",idx0:7_idx1:17_idx2:95,chd_conf_headgr,0.0,0.0
1643,7,17,96,"(7, 17, 96)",idx0:7_idx1:17_idx2:96,chd_conf_headgr,0.0,0.0
1644,7,17,97,"(7, 17, 97)",idx0:7_idx1:17_idx2:97,chd_conf_headgr,0.0,0.0
1645,7,17,98,"(7, 17, 98)",idx0:7_idx1:17_idx2:98,chd_conf_headgr,0.0,0.0
1646,7,17,99,"(7, 17, 99)",idx0:7_idx1:17_idx2:99,chd_conf_headgr,0.0,0.0
1647,7,17,100,"(7, 17, 100)",idx0:7_idx1:17_idx2:100,chd_conf_headgr,0.0,0.0
1648,7,17,101,"(7, 17, 101)",idx0:7_idx1:17_idx2:101,chd_conf_headgr,0.0,0.0
1649,7,17,102,"(7, 17, 102)",idx0:7_idx1:17_idx2:102,chd_conf_headgr,0.0,0.0
1650,7,17,103,"(7, 17, 103)",idx0:7_idx1:17_idx2:103,chd_conf_headgr,0.0,0.0
1651,7,17,104,"(7, 17, 104)",idx0:7_idx1:17_idx2:104,chd_conf_headgr,0.0,0.0
1652,7,17,105,"(7, 17, 105)",idx0:7_idx1:17_idx2:105,chd_conf_headgr,0.0,0.0
1653,7,17,106,"(7, 17, 106)",idx0:7_idx1:17_idx2:106,chd_conf_headgr,0.0,0.0
1654,7,17,107,"(7, 17, 107)",idx0:7_idx1:17_idx2:107,chd_conf_headgr,0.0,0.0
1655,7,17,108,"(7, 17, 108)",idx0:7_idx1:17_idx2:108,chd_conf_headgr,0.0,0.0
1656,7,17,109,"(7, 17, 109)",idx0:7_idx1:17_idx2:109,chd_conf_headgr,0.0,0.0
1657,7,17,110,"(7, 17, 110)",idx0:7_idx1:17_idx2:110,chd_conf_headgr,0.0,0.0
1658,7,17,111,"(7, 17, 111)",idx0:7_idx1:17_idx2:111,chd_conf_headgr,0.0,0.0
1659,7,17,112,"(7, 17, 112)",idx0:7_idx1:17_idx2:112,chd_conf_headgr,0.0,0.0
1660,7,17,113,"(7, 17, 113)",idx0:7_idx1:17_idx2:113,chd_conf_headgr,0.0,0.0
1661,7,17,114,"(7, 17, 114)",idx0:7_idx1:17_idx2:114,chd_conf_headgr,0.0,0.0
1662,7,17,115,"(7, 17, 115)",idx0:7_idx1:17_idx2:115,chd_conf_headgr,0.0,0.0
1663,7,17,116,"(7, 17, 116)",idx0:7_idx1:17_idx2:116,chd_conf_headgr,0.0,0.0
1664,7,17,117,"(7, 17, 117)",idx0:7_idx1:17_idx2:117,chd_conf_headgr,0.0,0.0
1665,7,17,118,"(7, 17, 118)",idx0:7_idx1:17_idx2:118,chd_conf_headgr,0.0,0.0
1666,7,17,119,"(7, 17, 119)",idx0:7_idx1:17_idx2:119,chd_conf_headgr,0.0,0.0
1667,7,17,120,"(7, 17, 120)",idx0:7_idx1:17_idx2:120,chd_conf_headgr,0.0,0.0
1668,7,17,121,"(7, 17, 121)",idx0:7_idx1:17_idx2:121,chd_conf_headgr,0.0,0.0
1669,7,17,122,"(7, 17, 122)",idx0:7_idx1:17_idx2:122,chd_conf_headgr,0.0,0.0
1670,7,17,123,"(7, 17, 123)",idx0:7_idx1:17_idx2:123,chd_conf_headgr,0.0,0.0
1671,7,17,124,"(7, 17, 124)",idx0:7_idx1:17_idx2:124,chd_conf_headgr,0.0,0.0
1672,7,17,125,"(7, 17, 125)",idx0:7_idx1:17_idx2:125,chd_conf_headgr,0.0,0.0
1673,7,17,126,"(7, 17, 126)",idx0:7_idx1:17_idx2:126,chd_conf_headgr,0.0,0.0
1674,7,17,127,"(7, 17, 127)",idx0:7_idx1:17_idx2:127,chd_conf_headgr,0.0,0.0
1675,7,17,128,"(7, 17, 128)",idx0:7_idx1:17_idx2:128,chd_conf_headgr,0.0,0.0
1676,7,17,129,"(7, 17, 129)",idx0:7_idx1:17_idx2:129,chd_conf_headgr,0.0,0.0
1677,7,17,130,"(7, 17, 130)",idx0:7_idx1:17_idx2:130,chd_conf_headgr,0.0,0.0
1678,7,17,131,"(7, 17, 131)",idx0:7_idx1:17_idx2:131,chd_conf_headgr,0.0,0.0
1679,7,17,132,"(7, 17, 132)",idx0:7_idx1:17_idx2:132,chd_conf_headgr,0.0,0.0
1680,7,17,133,"(7, 17, 133)",idx0:7_idx1:17_idx2:133,chd_conf_headgr,0.0,0.0
1681,7,17,134,"(7, 17, 134)",idx0:7_idx1:17_idx2:134,chd_conf_headgr,0.0,0.0
1682,7,17,135,"(7, 17, 135)",idx0:7_idx1:17_idx2:135,chd_conf_headgr,0.0,0.0
1683,7,17,136,"(7, 17, 136)",idx0:7_idx1:17_idx2:136,chd_conf_headgr,0.0,0.0
1684,7,17,137,"(7, 17, 137)",idx0:7_idx1:17_idx2:137,chd_conf_headgr,0.0,0.0
1685,7,17,138,"(7, 17, 138)",idx0:7_idx1:17_idx2:138,chd_conf_headgr,0.0,0.0
1686,7,17,139,"(7, 17, 139)",idx0:7_idx1:17_idx2:139,chd_conf_headgr,0.0,0.0
1687,7,17,140,"(7, 17, 140)",idx0:7_idx1:17_idx2:140,chd_conf_headgr,0.0,0.0
1688,7,17,141,"(7, 17, 141)",idx0:7_idx1:17_idx2:141,chd_conf_headgr,0.0,0.0
1689,7,17,142,"(7, 17, 142)",idx0:7_idx1:17_idx2:142,chd_conf_headgr,0.0,0.0
1690,7,17,143,"(7, 17, 143)",idx0:7_idx1:17_idx2:143,chd_conf_headgr,0.0,0.0
1691,7,17,144,"(7, 17, 144)",idx0:7_idx1:17_idx2:144,chd_conf_headgr,0.0,0.0
1692,7,17,145,"(7, 17, 145)",idx0:7_idx1:17_idx2:145,chd_conf_headgr,0.0,0.0
1693,7,17,146,"(7, 17, 146)",idx0:7_idx1:17_idx2:146,chd_conf_headgr,0.0,0.0
1694,7,17,147,"(7, 17, 147)",idx0:7_idx1:17_idx2:147,chd_conf_headgr,0.0,0.0
1695,7,17,148,"(7, 17, 148)",idx0:7_idx1:17_idx2:148,chd_conf_headgr,0.0,0.0
1696,7,18,32,"(7, 18, 32)",idx0:7_idx1:18_idx2:32,chd_conf_headgr,0.0,0.0
1697,7,18,33,"(7, 18, 33)",idx0:7_idx1:18_idx2:33,chd_conf_headgr,0.0,0.0
1698,7,18,34,"(7, 18, 34)",idx0:7_idx1:18_idx2:34,chd_conf_headgr,0.0,0.0
1699,7,18,35,"(7, 18, 35)",idx0:7_idx1:18_idx2:35,chd_conf_headgr,0.0,0.0
1700,7,18,36,"(7, 18, 36)",idx0:7_idx1:18_idx2:36,chd_conf_headgr,0.0,0.0
1701,7,18,37,"(7, 18, 37)",idx0:7_idx1:18_idx2:37,chd_conf_headgr,0.0,0.0
1702,7,18,38,"(7, 18, 38)",idx0:7_idx1:18_idx2:38,chd_conf_headgr,0.0,0.0
1703,7,18,39,"(7, 18, 39)",idx0:7_idx1:18_idx2:39,chd_conf_headgr,0.0,0.0
1704,7,18,40,"(7, 18, 40)",idx0:7_idx1:18_idx2:40,chd_conf_headgr,0.0,0.0
1705,7,18,41,"(7, 18, 41)",idx0:7_idx1:18_idx2:41,chd_conf_headgr,0.0,0.0
1706,7,18,42,"(7, 18, 42)",idx0:7_idx1:18_idx2:42,chd_conf_headgr,0.0,0.0
1707,7,18,43,"(7, 18, 43)",idx0:7_idx1:18_idx2:43,chd_conf_headgr,0.0,0.0
1708,7,18,44,"(7, 18, 44)",idx0:7_idx1:18_idx2:44,chd_conf_headgr,0.0,0.0
1709,7,18,45,"(7, 18, 45)",idx0:7_idx1:18_idx2:45,chd_conf_headgr,0.0,0.0
1710,7,18,46,"(7, 18, 46)",idx0:7_idx1:18_idx2:46,chd_conf_headgr,0.0,0.0
1711,7,18,47,"(7, 18, 47)",idx0:7_idx1:18_idx2:47,chd_conf_headgr,0.0,0.0
1712,7,18,48,"(7, 18, 48)",idx0:7_idx1:18_idx2:48,chd_conf_headgr,0.0,0.0
1713,7,18,49,"(7, 18, 49)",idx0:7_idx1:18_idx2:49,chd_conf_headgr,0.0,0.0
1714,7,18,50,"(7, 18, 50)",idx0:7_idx1:18_idx2:50,chd_conf_headgr,0.0,0.0
1715,7,18,51,"(7, 18, 51)",idx0:7_idx1:18_idx2:51,chd_conf_headgr,0.0,0.0
1716,7,18,52,"(7, 18, 52)",idx0:7_idx1:18_idx2:52,chd_conf_headgr,0.0,0.0
1717,7,18,53,"(7, 18, 53)",idx0:7_idx1:18_idx2:53,chd_conf_headgr,0.0,0.0
1718,7,18,54,"(7, 18, 54)",idx0:7_idx1:18_idx2:54,chd_conf_headgr,0.0,0.0
1719,7,18,55,"(7, 18, 55)",idx0:7_idx1:18_idx2:55,chd_conf_headgr,0.0,0.0
1720,7,18,56,"(7, 18, 56)",idx0:7_idx1:18_idx2:56,chd_conf_headgr,0.0,0.0
1721,7,18,57,"(7, 18, 57)",idx0:7_idx1:18_idx2:57,chd_conf_headgr,0.0,0.0
1722,7,18,58,"(7, 18, 58)",idx0:7_idx1:18_idx2:58,chd_conf_headgr,0.0,0.0
1723,7,18,59,"(7, 18, 59)",idx0:7_idx1:18_idx2:59,chd_conf_headgr,0.0,0.0
1724,7,18,60,"(7, 18, 60)",idx0:7_idx1:18_idx2:60,chd_conf_headgr,0.0,0.0
1725,7,18,61,"(7, 18, 61)",idx0:7_idx1:18_idx2:61,chd_conf_headgr,0.0,0.0
1726,7,18,62,"(7, 18, 62)",idx0:7_idx1:18_idx2:62,chd_conf_headgr,0.0,0.0
1727,7,18,63,"(7, 18, 63)",idx0:7_idx1:18_idx2:63,chd_conf_headgr,0.0,0.0
1728,7,18,64,"(7, 18, 64)",idx0:7_idx1:18_idx2:64,chd_conf_headgr,0.0,0.0
1729,7,18,65,"(7, 18, 65)",idx0:7_idx1:18_idx2:65,chd_conf_headgr,0.0,0.0
1730,7,18,66,"(7, 18, 66)",idx0:7_idx1:18_idx2:66,chd_conf_headgr,0.0,0.0
1731,7,18,67,"(7, 18, 67)",idx0:7_idx1:18_idx2:67,chd_conf_headgr,0.0,0.0
1732,7,18,68,"(7, 18, 68)",idx0:7_idx1:18_idx2:68,chd_conf_headgr,0.0,0.0
1733,7,18,69,"(7, 18, 69)",idx0:7_idx1:18_idx2:69,chd_conf_headgr,0.0,0.0
1734,7,18,70,"(7, 18, 70)",idx0:7_idx1:18_idx2:70,chd_conf_headgr,0.0,0.0
1735,7,18,71,"(7, 18, 71)",idx0:7_idx1:18_idx2:71,chd_conf_headgr,0.0,0.0
1736,7,18,72,"(7, 18, 72)",idx0:7_idx1:18_idx2:72,chd_conf_headgr,0.0,0.0
1737,7,18,73,"(7, 18, 73)",idx0:7_idx1:18_idx2:73,chd_conf_headgr,0.0,0.0
1738,7,18,74,"(7, 18, 74)",idx0:7_idx1:18_idx2:74,chd_conf_headgr,0.0,0.0
1739,7,18,75,"(7, 18, 75)",idx0:7_idx1:18_idx2:75,chd_conf_headgr,0.0,0.0
1740,7,18,76,"(7, 18, 76)",idx0:7_idx1:18_idx2:76,chd_conf_headgr,0.0,0.0
1741,7,18,77,"(7, 18, 77)",idx0:7_idx1:18_idx2:77,chd_conf_headgr,0.0,0.0
1742,7,18,78,"(7, 18, 78)",idx0:7_idx1:18_idx2:78,chd_conf_headgr,0.0,0.0
1743,7,18,79,"(7, 18, 79)",idx0:7_idx1:18_idx2:79,chd_conf_headgr,0.0,0.0
1744,7,18,80,"(7, 18, 80)",idx0:7_idx1:18_idx2:80,chd_conf_headgr,0.0,0.0
1745,7,18,81,"(7, 18, 81)",idx0:7_idx1:18_idx2:81,chd_conf_headgr,0.0,0.0
1746,7,18,82,"(7, 18, 82)",idx0:7_idx1:18_idx2:82,chd_conf_headgr,0.0,0.0
1747,7,18,83,"(7, 18, 83)",idx0:7_idx1:18_idx2:83,chd_conf_headgr,0.0,0.0
1748,7,18,84,"(7, 18, 84)",idx0:7_idx1:18_idx2:84,chd_conf_headgr,0.0,0.0
1749,7,18,85,"(7, 18, 85)",idx0:7_idx1:18_idx2:85,chd_conf_headgr,0.0,0.0
1750,7,18,86,"(7, 18, 86)",idx0:7_idx1:18_idx2:86,chd_conf_headgr,0.0,0.0
1751,7,18,87,"(7, 18, 87)",idx0:7_idx1:18_idx2:87,chd_conf_headgr,0.0,0.0
1752,7,18,88,"(7, 18, 88)",idx0:7_idx1:18_idx2:88,chd_conf_headgr,0.0,0.0
1753,7,18,89,"(7, 18, 89)",idx0:7_idx1:18_idx2:89,chd_conf_headgr,0.0,0.0
1754,7,18,90,"(7, 18, 90)",idx0:7_idx1:18_idx2:90,chd_conf_headgr,0.0,0.0
1755,7,18,91,"(7, 18, 91)",idx0:7_idx1:18_idx2:91,chd_conf_headgr,0.0,0.0
1756,7,18,92,"(7, 18, 92)",idx0:7_idx1:18_idx2:92,chd_conf_headgr,0.0,0.0
1757,7,18,93,"(7, 18, 93)",idx0:7_idx1:18_idx2:93,chd_conf_headgr,0.0,0.0
1758,7,18,94,"(7, 18, 94)",idx0:7_idx1:18_idx2:94,chd_conf_headgr,0.0,0.0
1759,7,18,95,"(7, 18, 95)",idx0:7_idx1:18_idx2:95,chd_conf_headgr,0.0,0.0
1760,7,18,96,"(7, 18, 96)",idx0:7_idx1:18_idx2:96,chd_conf_headgr,0.0,0.0
1761,7,18,97,"(7, 18, 97)",idx0:7_idx1:18_idx2:97,chd_conf_headgr,0.0,0.0
1762,7,18,98,"(7, 18, 98)",idx0:7_idx1:18_idx2:98,chd_conf_headgr,0.0,0.0
1763,7,18,99,"(7, 18, 99)",idx0:7_idx1:18_idx2:99,chd_conf_headgr,0.0,0.0
1764,7,18,100,"(7, 18, 100)",idx0:7_idx1:18_idx2:100,chd_conf_headgr,0.0,0.0
1765,7,18,101,"(7, 18, 101)",idx0:7_idx1:18_idx2:101,chd_conf_headgr,0.0,0.0
1766,7,18,102,"(7, 18, 102)",idx0:7_idx1:18_idx2:102,chd_conf_headgr,0.0,0.0
1767,7,18,103,"(7, 18, 103)",idx0:7_idx1:18_idx2:103,chd_conf_headgr,0.0,0.0
1768,7,18,104,"(7, 18, 104)",idx0:7_idx1:18_idx2:104,chd_conf_headgr,0.0,0.0
1769,7,18,105,"(7, 18, 105)",idx0:7_idx1:18_idx2:105,chd_conf_headgr,0.0,0.0
1770,7,18,106,"(7, 18, 106)",idx0:7_idx1:18_idx2:106,chd_conf_headgr,0.0,0.0
1771,7,18,107,"(7, 18, 107)",idx0:7_idx1:18_idx2:107,chd_conf_headgr,0.0,0.0
1772,7,18,108,"(7, 18, 108)",idx0:7_idx1:18_idx2:108,chd_conf_headgr,0.0,0.0
1773,7,18,109,"(7, 18, 109)",idx0:7_idx1:18_idx2:109,chd_conf_headgr,0.0,0.0
1774,7,18,110,"(7, 18, 110)",idx0:7_idx1:18_idx2:110,chd_conf_headgr,0.0,0.0
1775,7,18,111,"(7, 18, 111)",idx0:7_idx1:18_idx2:111,chd_conf_headgr,0.0,0.0
1776,7,18,112,"(7, 18, 112)",idx0:7_idx1:18_idx2:112,chd_conf_headgr,0.0,0.0
1777,7,18,113,"(7, 18, 113)",idx0:7_idx1:18_idx2:113,chd_conf_headgr,0.0,0.0
1778,7,18,114,"(7, 18, 114)",idx0:7_idx1:18_idx2:114,chd_conf_headgr,0.0,0.0
1779,7,18,115,"(7, 18, 115)",idx0:7_idx1:18_idx2:115,chd_conf_headgr,0.0,0.0
1780,7,18,116,"(7, 18, 116)",idx0:7_idx1:18_idx2:116,chd_conf_headgr,0.0,0.0
1781,7,18,117,"(7, 18, 117)",idx0:7_idx1:18_idx2:117,chd_conf_headgr,0.0,0.0
1782,7,18,118,"(7, 18, 118)",idx0:7_idx1:18_idx2:118,chd_conf_headgr,0.0,0.0
1783,7,18,119,"(7, 18, 119)",idx0:7_idx1:18_idx2:119,chd_conf_headgr,0.0,0.0
1784,7,18,120,"(7, 18, 120)",idx0:7_idx1:18_idx2:120,chd_conf_headgr,0.0,0.0
1785,7,18,121,"(7, 18, 121)",idx0:7_idx1:18_idx2:121,chd_conf_headgr,0.0,0.0
1786,7,18,122,"(7, 18, 122)",idx0:7_idx1:18_idx2:122,chd_conf_headgr,0.0,0.0
1787,7,18,123,"(7, 18, 123)",idx0:7_idx1:18_idx2:123,chd_conf_headgr,0.0,0.0
1788,7,18,124,"(7, 18, 124)",idx0:7_idx1:18_idx2:124,chd_conf_headgr,0.0,0.0
1789,7,18,125,"(7, 18, 125)",idx0:7_idx1:18_idx2:125,chd_conf_headgr,0.0,0.0
1790,7,18,126,"(7, 18, 126)",idx0:7_idx1:18_idx2:126,chd_conf_headgr,0.0,0.0
1791,7,18,127,"(7, 18, 127)",idx0:7_idx1:18_idx2:127,chd_conf_headgr,0.0,0.0
1792,7,18,128,"(7, 18, 128)",idx0:7_idx1:18_idx2:128,chd_conf_headgr,0.0,0.0
1793,7,18,129,"(7, 18, 129)",idx0:7_idx1:18_idx2:129,chd_conf_headgr,0.0,0.0
1794,7,18,130,"(7, 18, 130)",idx0:7_idx1:18_idx2:130,chd_conf_headgr,0.0,0.0
1795,7,18,131,"(7, 18, 131)",idx0:7_idx1:18_idx2:131,chd_conf_headgr,0.0,0.0
1796,7,18,132,"(7, 18, 132)",idx0:7_idx1:18_idx2:132,chd_conf_headgr,0.0,0.0
1797,7,18,133,"(7, 18, 133)",idx0:7_idx1:18_idx2:133,chd_conf_headgr,0.0,0.0
1798,7,18,134,"(7, 18, 134)",idx0:7_idx1:18_idx2:134,chd_conf_headgr,0.0,0.0
1799,7,18,135,"(7, 18, 135)",idx0:7_idx1:18_idx2:135,chd_conf_headgr,0.0,0.0
1800,7,18,136,"(7, 18, 136)",idx0:7_idx1:18_idx2:136,chd_conf_headgr,0.0,0.0
1801,7,18,137,"(7, 18, 137)",idx0:7_idx1:18_idx2:137,chd_conf_headgr,0.0,0.0
1802,7,18,138,"(7, 18, 138)",idx0:7_idx1:18_idx2:138,chd_conf_headgr,0.0,0.0
1803,7,18,139,"(7, 18, 139)",idx0:7_idx1:18_idx2:139,chd_conf_headgr,0.0,0.0
1804,7,18,140,"(7, 18, 140)",idx0:7_idx1:18_idx2:140,chd_conf_headgr,0.0,0.0
1805,7,18,141,"(7, 18, 141)",idx0:7_idx1:18_idx2:141,chd_conf_headgr,0.0,0.0
1806,7,18,142,"(7, 18, 142)",idx0:7_idx1:18_idx2:142,chd_conf_headgr,0.0,0.0
1807,7,18,143,"(7, 18, 143)",idx0:7_idx1:18_idx2:143,chd_conf_headgr,0.0,0.0
1808,7,18,144,"(7, 18, 144)",idx0:7_idx1:18_idx2:144,chd_conf_headgr,0.0,0.0
1809,7,18,145,"(7, 18, 145)",idx0:7_idx1:18_idx2:145,chd_conf_headgr,0.0,0.0
1810,7,18,146,"(7, 18, 146)",idx0:7_idx1:18_idx2:146,chd_conf_headgr,0.0,0.0
1811,7,18,147,"(7, 18, 147)",idx0:7_idx1:18_idx2:147,chd_conf_headgr,0.0,0.0
1812,7,18,148,"(7, 18, 148)",idx0:7_idx1:18_idx2:148,chd_conf_headgr,0.0,0.0
1813,7,19,31,"(7, 19, 31)",idx0:7_idx1:19_idx2:31,chd_conf_headgr,0.0,0.0
1814,7,19,32,"(7, 19, 32)",idx0:7_idx1:19_idx2:32,chd_conf_headgr,0.0,0.0
1815,7,19,33,"(7, 19, 33)",idx0:7_idx1:19_idx2:33,chd_conf_headgr,0.0,0.0
1816,7,19,34,"(7, 19, 34)",idx0:7_idx1:19_idx2:34,chd_conf_headgr,0.0,0.0
1817,7,19,35,"(7, 19, 35)",idx0:7_idx1:19_idx2:35,chd_conf_headgr,0.0,0.0
1818,7,19,36,"(7, 19, 36)",idx0:7_idx1:19_idx2:36,chd_conf_headgr,0.0,0.0
1819,7,19,37,"(7, 19, 37)",idx0:7_idx1:19_idx2:37,chd_conf_headgr,0.0,0.0
1820,7,19,38,"(7, 19, 38)",idx0:7_idx1:19_idx2:38,chd_conf_headgr,0.0,0.0
1821,7,19,39,"(7, 19, 39)",idx0:7_idx1:19_idx2:39,chd_conf_headgr,0.0,0.0
1822,7,19,40,"(7, 19, 40)",idx0:7_idx1:19_idx2:40,chd_conf_headgr,0.0,0.0
1823,7,19,41,"(7, 19, 41)",idx0:7_idx1:19_idx2:41,chd_conf_headgr,0.0,0.0
1824,7,19,42,"(7, 19, 42)",idx0:7_idx1:19_idx2:42,chd_conf_headgr,0.0,0.0
1825,7,19,43,"(7, 19, 43)",idx0:7_idx1:19_idx2:43,chd_conf_headgr,0.0,0.0
1826,7,19,44,"(7, 19, 44)",idx0:7_idx1:19_idx2:44,chd_conf_headgr,0.0,0.0
1827,7,19,45,"(7, 19, 45)",idx0:7_idx1:19_idx2:45,chd_conf_headgr,0.0,0.0
1828,7,19,46,"(7, 19, 46)",idx0:7_idx1:19_idx2:46,chd_conf_headgr,0.0,0.0
1829,7,19,47,"(7, 19, 47)",idx0:7_idx1:19_idx2:47,chd_conf_headgr,0.0,0.0
1830,7,19,48,"(7, 19, 48)",idx0:7_idx1:19_idx2:48,chd_conf_headgr,0.0,0.0
1831,7,19,49,"(7, 19, 49)",idx0:7_idx1:19_idx2:49,chd_conf_headgr,0.0,0.0
1832,7,19,50,"(7, 19, 50)",idx0:7_idx1:19_idx2:50,chd_conf_headgr,0.0,0.0
1833,7,19,51,"(7, 19, 51)",idx0:7_idx1:19_idx2:51,chd_conf_headgr,0.0,0.0
1834,7,19,52,"(7, 19, 52)",idx0:7_idx1:19_idx2:52,chd_conf_headgr,0.0,0.0
1835,7,19,53,"(7, 19, 53)",idx0:7_idx1:19_idx2:53,chd_conf_headgr,0.0,0.0
1836,7,19,54,"(7, 19, 54)",idx0:7_idx1:19_idx2:54,chd_conf_headgr,0.0,0.0
1837,7,19,55,"(7, 19, 55)",idx0:7_idx1:19_idx2:55,chd_conf_headgr,0.0,0.0
1838,7,19,56,"(7, 19, 56)",idx0:7_idx1:19_idx2:56,chd_conf_headgr,0.0,0.0
1839,7,19,57,"(7, 19, 57)",idx0:7_idx1:19_idx2:57,chd_conf_headgr,0.0,0.0
1840,7,19,58,"(7, 19, 58)",idx0:7_idx1:19_idx2:58,chd_conf_headgr,0.0,0.0
1841,7,19,59,"(7, 19, 59)",idx0:7_idx1:19_idx2:59,chd_conf_headgr,0.0,0.0
1842,7,19,60,"(7, 19, 60)",idx0:7_idx1:19_idx2:60,chd_conf_headgr,0.0,0.0
1843,7,19,61,"(7, 19, 61)",idx0:7_idx1:19_idx2:61,chd_conf_headgr,0.0,0.0
1844,7,19,62,"(7, 19, 62)",idx0:7_idx1:19_idx2:62,chd_conf_headgr,0.0,0.0
1845,7,19,63,"(7, 19, 63)",idx0:7_idx1:19_idx2:63,chd_conf_headgr,0.0,0.0
1846,7,19,64,"(7, 19, 64)",idx0:7_idx1:19_idx2:64,chd_conf_headgr,0.0,0.0
1847,7,19,65,"(7, 19, 65)",idx0:7_idx1:19_idx2:65,chd_conf_headgr,0.0,0.0
1848,7,19,66,"(7, 19, 66)",idx0:7_idx1:19_idx2:66,chd_conf_headgr,0.0,0.0
1849,7,19,67,"(7, 19, 67)",idx0:7_idx1:19_idx2:67,chd_conf_headgr,0.0,0.0
1850,7,19,68,"(7, 19, 68)",idx0:7_idx1:19_idx2:68,chd_conf_headgr,0.0,0.0
1851,7,19,69,"(7, 19, 69)",idx0:7_idx1:19_idx2:69,chd_conf_headgr,0.0,0.0
1852,7,19,70,"(7, 19, 70)",idx0:7_idx1:19_idx2:70,chd_conf_headgr,0.0,0.0
1853,7,19,71,"(7, 19, 71)",idx0:7_idx1:19_idx2:71,chd_conf_headgr,0.0,0.0
1854,7,19,72,"(7, 19, 72)",idx0:7_idx1:19_idx2:72,chd_conf_headgr,0.0,0.0
1855,7,19,73,"(7, 19, 73)",idx0:7_idx1:19_idx2:73,chd_conf_headgr,0.0,0.0
1856,7,19,74,"(7, 19, 74)",idx0:7_idx1:19_idx2:74,chd_conf_headgr,0.0,0.0
1857,7,19,75,"(7, 19, 75)",idx0:7_idx1:19_idx2:75,chd_conf_headgr,0.0,0.0
1858,7,19,76,"(7, 19, 76)",idx0:7_idx1:19_idx2:76,chd_conf_headgr,0.0,0.0
1859,7,19,77,"(7, 19, 77)",idx0:7_idx1:19_idx2:77,chd_conf_headgr,0.0,0.0
1860,7,19,78,"(7, 19, 78)",idx0:7_idx1:19_idx2:78,chd_conf_headgr,0.0,0.0
1861,7,19,79,"(7, 19, 79)",idx0:7_idx1:19_idx2:79,chd_conf_headgr,0.0,0.0
1862,7,19,80,"(7, 19, 80)",idx0:7_idx1:19_idx2:80,chd_conf_headgr,0.0,0.0
1863,7,19,81,"(7, 19, 81)",idx0:7_idx1:19_idx2:81,chd_conf_headgr,0.0,0.0
1864,7,19,82,"(7, 19, 82)",idx0:7_idx1:19_idx2:82,chd_conf_headgr,0.0,0.0
1865,7,19,83,"(7, 19, 83)",idx0:7_idx1:19_idx2:83,chd_conf_headgr,0.0,0.0
1866,7,19,84,"(7, 19, 84)",idx0:7_idx1:19_idx2:84,chd_conf_headgr,0.0,0.0
1867,7,19,85,"(7, 19, 85)",idx0:7_idx1:19_idx2:85,chd_conf_headgr,0.0,0.0
1868,7,19,86,"(7, 19, 86)",idx0:7_idx1:19_idx2:86,chd_conf_headgr,0.0,0.0
1869,7,19,87,"(7, 19, 87)",idx0:7_idx1:19_idx2:87,chd_conf_headgr,0.0,0.0
1870,7,19,88,"(7, 19, 88)",idx0:7_idx1:19_idx2:88,chd_conf_headgr,0.0,0.0
1871,7,19,89,"(7, 19, 89)",idx0:7_idx1:19_idx2:89,chd_conf_headgr,0.0,0.0
1872,7,19,90,"(7, 19, 90)",idx0:7_idx1:19_idx2:90,chd_conf_headgr,0.0,0.0
1873,7,19,91,"(7, 19, 91)",idx0:7_idx1:19_idx2:91,chd_conf_headgr,0.0,0.0
1874,7,19,92,"(7, 19, 92)",idx0:7_idx1:19_idx2:92,chd_conf_headgr,0.0,0.0
1875,7,19,93,"(7, 19, 93)",idx0:7_idx1:19_idx2:93,chd_conf_headgr,0.0,0.0
1876,7,19,94,"(7, 19, 94)",idx0:7_idx1:19_idx2:94,chd_conf_headgr,0.0,0.0
1877,7,19,95,"(7, 19, 95)",idx0:7_idx1:19_idx2:95,chd_conf_headgr,0.0,0.0
1878,7,19,96,"(7, 19, 96)",idx0:7_idx1:19_idx2:96,chd_conf_headgr,0.0,0.0
1879,7,19,97,"(7, 19, 97)",idx0:7_idx1:19_idx2:97,chd_conf_headgr,0.0,0.0
1880,7,19,98,"(7, 19, 98)",idx0:7_idx1:19_idx2:98,chd_conf_headgr,0.0,0.0
1881,7,19,99,"(7, 19, 99)",idx0:7_idx1:19_idx2:99,chd_conf_headgr,0.0,0.0
1882,7,19,100,"(7, 19, 100)",idx0:7_idx1:19_idx2:100,chd_conf_headgr,0.0,0.0
1883,7,19,101,"(7, 19, 101)",idx0:7_idx1:19_idx2:101,chd_conf_headgr,0.0,0.0
1884,7,19,102,"(7, 19, 102)",idx0:7_idx1:19_idx2:102,chd_conf_headgr,0.0,0.0
1885,7,19,103,"(7, 19, 103)",idx0:7_idx1:19_idx2:103,chd_conf_headgr,0.0,0.0
1886,7,19,104,"(7, 19, 104)",idx0:7_idx1:19_idx2:104,chd_conf_headgr,0.0,0.0
1887,7,19,105,"(7, 19, 105)",idx0:7_idx1:19_idx2:105,chd_conf_headgr,0.0,0.0
1888,7,19,106,"(7, 19, 106)",idx0:7_idx1:19_idx2:106,chd_conf_headgr,0.0,0.0
1889,7,19,107,"(7, 19, 107)",idx0:7_idx1:19_idx2:107,chd_conf_headgr,0.0,0.0
1890,7,19,108,"(7, 19, 108)",idx0:7_idx1:19_idx2:108,chd_conf_headgr,0.0,0.0
1891,7,19,109,"(7, 19, 109)",idx0:7_idx1:19_idx2:109,chd_conf_headgr,0.0,0.0
1892,7,19,110,"(7, 19, 110)",idx0:7_idx1:19_idx2:110,chd_conf_headgr,0.0,0.0
1893,7,19,111,"(7, 19, 111)",idx0:7_idx1:19_idx2:111,chd_conf_headgr,0.0,0.0
1894,7,19,112,"(7, 19, 112)",idx0:7_idx1:19_idx2:112,chd_conf_headgr,0.0,0.0
1895,7,19,113,"(7, 19, 113)",idx0:7_idx1:19_idx2:113,chd_conf_headgr,0.0,0.0
1896,7,19,114,"(7, 19, 114)",idx0:7_idx1:19_idx2:114,chd_conf_headgr,0.0,0.0
1897,7,19,115,"(7, 19, 115)",idx0:7_idx1:19_idx2:115,chd_conf_headgr,0.0,0.0
1898,7,19,116,"(7, 19, 116)",idx0:7_idx1:19_idx2:116,chd_conf_headgr,0.0,0.0
1899,7,19,117,"(7, 19, 117)",idx0:7_idx1:19_idx2:117,chd_conf_headgr,0.0,0.0
1900,7,19,118,"(7, 19, 118)",idx0:7_idx1:19_idx2:118,chd_conf_headgr,0.0,0.0
1901,7,19,119,"(7, 19, 119)",idx0:7_idx1:19_idx2:119,chd_conf_headgr,0.0,0.0
1902,7,19,120,"(7, 19, 120)",idx0:7_idx1:19_idx2:120,chd_conf_headgr,0.0,0.0
1903,7,19,121,"(7, 19, 121)",idx0:7_idx1:19_idx2:121,chd_conf_headgr,0.0,0.0
1904,7,19,122,"(7, 19, 122)",idx0:7_idx1:19_idx2:122,chd_conf_headgr,0.0,0.0
1905,7,19,123,"(7, 19, 123)",idx0:7_idx1:19_idx2:123,chd_conf_headgr,0.0,0.0
1906,7,19,124,"(7, 19, 124)",idx0:7_idx1:19_idx2:124,chd_conf_headgr,0.0,0.0
1907,7,19,125,"(7, 19, 125)",idx0:7_idx1:19_idx2:125,chd_conf_headgr,0.0,0.0
1908,7,19,126,"(7, 19, 126)",idx0:7_idx1:19_idx2:126,chd_conf_headgr,0.0,0.0
1909,7,19,127,"(7, 19, 127)",idx0:7_idx1:19_idx2:127,chd_conf_headgr,0.0,0.0
1910,7,19,128,"(7, 19, 128)",idx0:7_idx1:19_idx2:128,chd_conf_headgr,0.0,0.0
1911,7,19,129,"(7, 19, 129)",idx0:7_idx1:19_idx2:129,chd_conf_headgr,0.0,0.0
1912,7,19,130,"(7, 19, 130)",idx0:7_idx1:19_idx2:130,chd_conf_headgr,0.0,0.0
1913,7,19,131,"(7, 19, 131)",idx0:7_idx1:19_idx2:131,chd_conf_headgr,0.0,0.0
1914,7,19,132,"(7, 19, 132)",idx0:7_idx1:19_idx2:132,chd_conf_headgr,0.0,0.0
1915,7,19,133,"(7, 19, 133)",idx0:7_idx1:19_idx2:133,chd_conf_headgr,0.0,0.0
1916,7,19,134,"(7, 19, 134)",idx0:7_idx1:19_idx2:134,chd_conf_headgr,0.0,0.0
1917,7,19,135,"(7, 19, 135)",idx0:7_idx1:19_idx2:135,chd_conf_headgr,0.0,0.0
1918,7,19,136,"(7, 19, 136)",idx0:7_idx1:19_idx2:136,chd_conf_headgr,0.0,0.0
1919,7,19,137,"(7, 19, 137)",idx0:7_idx1:19_idx2:137,chd_conf_headgr,0.0,0.0
1920,7,19,138,"(7, 19, 138)",idx0:7_idx1:19_idx2:138,chd_conf_headgr,0.0,0.0
1921,7,19,139,"(7, 19, 139)",idx0:7_idx1:19_idx2:139,chd_conf_headgr,0.0,0.0
1922,7,19,140,"(7, 19, 140)",idx0:7_idx1:19_idx2:140,chd_conf_headgr,0.0,0.0
1923,7,19,141,"(7, 19, 141)",idx0:7_idx1:19_idx2:141,chd_conf_headgr,0.0,0.0
1924,7,19,142,"(7, 19, 142)",idx0:7_idx1:19_idx2:142,chd_conf_headgr,0.0,0.0
1925,7,19,143,"(7, 19, 143)",idx0:7_idx1:19_idx2:143,chd_conf_headgr,0.0,0.0
1926,7,19,144,"(7, 19, 144)",idx0:7_idx1:19_idx2:144,chd_conf_headgr,0.0,0.0
1927,7,19,145,"(7, 19, 145)",idx0:7_idx1:19_idx2:145,chd_conf_headgr,0.0,0.0
1928,7,19,146,"(7, 19, 146)",idx0:7_idx1:19_idx2:146,chd_conf_headgr,0.0,0.0
1929,7,19,147,"(7, 19, 147)",idx0:7_idx1:19_idx2:147,chd_conf_headgr,0.0,0.0
1930,7,19,148,"(7, 19, 148)",idx0:7_idx1:19_idx2:148,chd_conf_headgr,0.0,0.0
1931,7,20,29,"(7, 20, 29)",idx0:7_idx1:20_idx2:29,chd_conf_headgr,0.0,0.0
1932,7,20,30,"(7, 20, 30)",idx0:7_idx1:20_idx2:30,chd_conf_headgr,0.0,0.0
1933,7,20,31,"(7, 20, 31)",idx0:7_idx1:20_idx2:31,chd_conf_headgr,0.0,0.0
1934,7,20,32,"(7, 20, 32)",idx0:7_idx1:20_idx2:32,chd_conf_headgr,0.0,0.0
1935,7,20,33,"(7, 20, 33)",idx0:7_idx1:20_idx2:33,chd_conf_headgr,0.0,0.0
1936,7,20,34,"(7, 20, 34)",idx0:7_idx1:20_idx2:34,chd_conf_headgr,0.0,0.0
1937,7,20,35,"(7, 20, 35)",idx0:7_idx1:20_idx2:35,chd_conf_headgr,0.0,0.0
1938,7,20,36,"(7, 20, 36)",idx0:7_idx1:20_idx2:36,chd_conf_headgr,0.0,0.0
1939,7,20,37,"(7, 20, 37)",idx0:7_idx1:20_idx2:37,chd_conf_headgr,0.0,0.0
1940,7,20,38,"(7, 20, 38)",idx0:7_idx1:20_idx2:38,chd_conf_headgr,0.0,0.0
1941,7,20,39,"(7, 20, 39)",idx0:7_idx1:20_idx2:39,chd_conf_headgr,0.0,0.0
1942,7,20,40,"(7, 20, 40)",idx0:7_idx1:20_idx2:40,chd_conf_headgr,0.0,0.0
1943,7,20,41,"(7, 20, 41)",idx0:7_idx1:20_idx2:41,chd_conf_headgr,0.0,0.0
1944,7,20,42,"(7, 20, 42)",idx0:7_idx1:20_idx2:42,chd_conf_headgr,0.0,0.0
1945,7,20,43,"(7, 20, 43)",idx0:7_idx1:20_idx2:43,chd_conf_headgr,0.0,0.0
1946,7,20,44,"(7, 20, 44)",idx0:7_idx1:20_idx2:44,chd_conf_headgr,0.0,0.0
1947,7,20,45,"(7, 20, 45)",idx0:7_idx1:20_idx2:45,chd_conf_headgr,0.0,0.0
1948,7,20,46,"(7, 20, 46)",idx0:7_idx1:20_idx2:46,chd_conf_headgr,0.0,0.0
1949,7,20,47,"(7, 20, 47)",idx0:7_idx1:20_idx2:47,chd_conf_headgr,0.0,0.0
1950,7,20,48,"(7, 20, 48)",idx0:7_idx1:20_idx2:48,chd_conf_headgr,0.0,0.0
1951,7,20,49,"(7, 20, 49)",idx0:7_idx1:20_idx2:49,chd_conf_headgr,0.0,0.0
1952,7,20,50,"(7, 20, 50)",idx0:7_idx1:20_idx2:50,chd_conf_headgr,0.0,0.0
1953,7,20,51,"(7, 20, 51)",idx0:7_idx1:20_idx2:51,chd_conf_headgr,0.0,0.0
1954,7,20,52,"(7, 20, 52)",idx0:7_idx1:20_idx2:52,chd_conf_headgr,0.0,0.0
1955,7,20,53,"(7, 20, 53)",idx0:7_idx1:20_idx2:53,chd_conf_headgr,0.0,0.0
1956,7,20,54,"(7, 20, 54)",idx0:7_idx1:20_idx2:54,chd_conf_headgr,0.0,0.0
1957,7,20,55,"(7, 20, 55)",idx0:7_idx1:20_idx2:55,chd_conf_headgr,0.0,0.0
1958,7,20,56,"(7, 20, 56)",idx0:7_idx1:20_idx2:56,chd_conf_headgr,0.0,0.0
1959,7,20,57,"(7, 20, 57)",idx0:7_idx1:20_idx2:57,chd_conf_headgr,0.0,0.0
1960,7,20,58,"(7, 20, 58)",idx0:7_idx1:20_idx2:58,chd_conf_headgr,0.0,0.0
1961,7,20,59,"(7, 20, 59)",idx0:7_idx1:20_idx2:59,chd_conf_headgr,0.0,0.0
1962,7,20,60,"(7, 20, 60)",idx0:7_idx1:20_idx2:60,chd_conf_headgr,0.0,0.0
1963,7,20,61,"(7, 20, 61)",idx0:7_idx1:20_idx2:61,chd_conf_headgr,0.0,0.0
1964,7,20,62,"(7, 20, 62)",idx0:7_idx1:20_idx2:62,chd_conf_headgr,0.0,0.0
1965,7,20,63,"(7, 20, 63)",idx0:7_idx1:20_idx2:63,chd_conf_headgr,0.0,0.0
1966,7,20,64,"(7, 20, 64)",idx0:7_idx1:20_idx2:64,chd_conf_headgr,0.0,0.0
1967,7,20,65,"(7, 20, 65)",idx0:7_idx1:20_idx2:65,chd_conf_headgr,0.0,0.0
1968,7,20,66,"(7, 20, 66)",idx0:7_idx1:20_idx2:66,chd_conf_headgr,0.0,0.0
1969,7,20,67,"(7, 20, 67)",idx0:7_idx1:20_idx2:67,chd_conf_headgr,0.0,0.0
1970,7,20,68,"(7, 20, 68)",idx0:7_idx1:20_idx2:68,chd_conf_headgr,0.0,0.0
1971,7,20,69,"(7, 20, 69)",idx0:7_idx1:20_idx2:69,chd_conf_headgr,0.0,0.0
1972,7,20,70,"(7, 20, 70)",idx0:7_idx1:20_idx2:70,chd_conf_headgr,0.0,0.0
1973,7,20,71,"(7, 20, 71)",idx0:7_idx1:20_idx2:71,chd_conf_headgr,0.0,0.0
1974,7,20,72,"(7, 20, 72)",idx0:7_idx1:20_idx2:72,chd_conf_headgr,0.0,0.0
1975,7,20,73,"(7, 20, 73)",idx0:7_idx1:20_idx2:73,chd_conf_headgr,0.0,0.0
1976,7,20,74,"(7, 20, 74)",idx0:7_idx1:20_idx2:74,chd_conf_headgr,0.0,0.0
1977,7,20,75,"(7, 20, 75)",idx0:7_idx1:20_idx2:75,chd_conf_headgr,0.0,0.0
1978,7,20,76,"(7, 20, 76)",idx0:7_idx1:20_idx2:76,chd_conf_headgr,0.0,0.0
1979,7,20,77,"(7, 20, 77)",idx0:7_idx1:20_idx2:77,chd_conf_headgr,0.0,0.0
1980,7,20,78,"(7, 20, 78)",idx0:7_idx1:20_idx2:78,chd_conf_headgr,0.0,0.0
1981,7,20,79,"(7, 20, 79)",idx0:7_idx1:20_idx2:79,chd_conf_headgr,0.0,0.0
1982,7,20,80,"(7, 20, 80)",idx0:7_idx1:20_idx2:80,chd_conf_headgr,0.0,0.0
1983,7,20,81,"(7, 20, 81)",idx0:7_idx1:20_idx2:81,chd_conf_headgr,0.0,0.0
1984,7,20,82,"(7, 20, 82)",idx0:7_idx1:20_idx2:82,chd_conf_headgr,0.0,0.0
1985,7,20,83,"(7, 20, 83)",idx0:7_idx1:20_idx2:83,chd_conf_headgr,0.0,0.0
1986,7,20,84,"(7, 20, 84)",idx0:7_idx1:20_idx2:84,chd_conf_headgr,0.0,0.0
1987,7,20,85,"(7, 20, 85)",idx0:7_idx1:20_idx2:85,chd_conf_headgr,0.0,0.0
1988,7,20,86,"(7, 20, 86)",idx0:7_idx1:20_idx2:86,chd_conf_headgr,0.0,0.0
1989,7,20,87,"(7, 20, 87)",idx0:7_idx1:20_idx2:87,chd_conf_headgr,0.0,0.0
1990,7,20,88,"(7, 20, 88)",idx0:7_idx1:20_idx2:88,chd_conf_headgr,0.0,0.0
1991,7,20,89,"(7, 20, 89)",idx0:7_idx1:20_idx2:89,chd_conf_headgr,0.0,0.0
1992,7,20,90,"(7, 20, 90)",idx0:7_idx1:20_idx2:90,chd_conf_headgr,0.0,0.0
1993,7,20,91,"(7, 20, 91)",idx0:7_idx1:20_idx2:91,chd_conf_headgr,0.0,0.0
1994,7,20,92,"(7, 20, 92)",idx0:7_idx1:20_idx2:92,chd_conf_headgr,0.0,0.0
1995,7,20,93,"(7, 20, 93)",idx0:7_idx1:20_idx2:93,chd_conf_headgr,0.0,0.0
1996,7,20,94,"(7, 20, 94)",idx0:7_idx1:20_idx2:94,chd_conf_headgr,0.0,0.0
1997,7,20,95,"(7, 20, 95)",idx0:7_idx1:20_idx2:95,chd_conf_headgr,0.0,0.0
1998,7,20,96,"(7, 20, 96)",idx0:7_idx1:20_idx2:96,chd_conf_headgr,0.0,0.0
1999,7,20,97,"(7, 20, 97)",idx0:7_idx1:20_idx2:97,chd_conf_headgr,0.0,0.0
2000,7,20,98,"(7, 20, 98)",idx0:7_idx1:20_idx2:98,chd_conf_headgr,0.0,0.0
2001,7,20,99,"(7, 20, 99)",idx0:7_idx1:20_idx2:99,chd_conf_headgr,0.0,0.0
2002,7,20,100,"(7, 20, 100)",idx0:7_idx1:20_idx2:100,chd_conf_headgr,0.0,0.0
2003,7,20,101,"(7, 20, 101)",idx0:7_idx1:20_idx2:101,chd_conf_headgr,0.0,0.0
2004,7,20,102,"(7, 20, 102)",idx0:7_idx1:20_idx2:102,chd_conf_headgr,0.0,0.0
2005,7,20,103,"(7, 20, 103)",idx0:7_idx1:20_idx2:103,chd_conf_headgr,0.0,0.0
2006,7,20,104,"(7, 20, 104)",idx0:7_idx1:20_idx2:104,chd_conf_headgr,0.0,0.0
2007,7,20,105,"(7, 20, 105)",idx0:7_idx1:20_idx2:105,chd_conf_headgr,0.0,0.0
2008,7,20,106,"(7, 20, 106)",idx0:7_idx1:20_idx2:106,chd_conf_headgr,0.0,0.0
2009,7,20,107,"(7, 20, 107)",idx0:7_idx1:20_idx2:107,chd_conf_headgr,0.0,0.0
2010,7,20,108,"(7, 20, 108)",idx0:7_idx1:20_idx2:108,chd_conf_headgr,0.0,0.0
2011,7,20,109,"(7, 20, 109)",idx0:7_idx1:20_idx2:109,chd_conf_headgr,0.0,0.0
2012,7,20,110,"(7, 20, 110)",idx0:7_idx1:20_idx2:110,chd_conf_headgr,0.0,0.0
2013,7,20,111,"(7, 20, 111)",idx0:7_idx1:20_idx2:111,chd_conf_headgr,0.0,0.0
2014,7,20,112,"(7, 20, 112)",idx0:7_idx1:20_idx2:112,chd_conf_headgr,0.0,0.0
2015,7,20,113,"(7, 20, 113)",idx0:7_idx1:20_idx2:113,chd_conf_headgr,0.0,0.0
2016,7,20,114,"(7, 20, 114)",idx0:7_idx1:20_idx2:114,chd_conf_headgr,0.0,0.0
2017,7,20,115,"(7, 20, 115)",idx0:7_idx1:20_idx2:115,chd_conf_headgr,0.0,0.0
2018,7,20,116,"(7, 20, 116)",idx0:7_idx1:20_idx2:116,chd_conf_headgr,0.0,0.0
2019,7,20,117,"(7, 20, 117)",idx0:7_idx1:20_idx2:117,chd_conf_headgr,0.0,0.0
2020,7,20,118,"(7, 20, 118)",idx0:7_idx1:20_idx2:118,chd_conf_headgr,0.0,0.0
2021,7,20,119,"(7, 20, 119)",idx0:7_idx1:20_idx2:119,chd_conf_headgr,0.0,0.0
2022,7,20,120,"(7, 20, 120)",idx0:7_idx1:20_idx2:120,chd_conf_headgr,0.0,0.0
2023,7,20,121,"(7, 20, 121)",idx0:7_idx1:20_idx2:121,chd_conf_headgr,0.0,0.0
2024,7,20,122,"(7, 20, 122)",idx0:7_idx1:20_idx2:122,chd_conf_headgr,0.0,0.0
2025,7,20,123,"(7, 20, 123)",idx0:7_idx1:20_idx2:123,chd_conf_headgr,0.0,0.0
2026,7,20,124,"(7, 20, 124)",idx0:7_idx1:20_idx2:124,chd_conf_headgr,0.0,0.0
2027,7,20,125,"(7, 20, 125)",idx0:7_idx1:20_idx2:125,chd_conf_headgr,0.0,0.0
2028,7,20,126,"(7, 20, 126)",idx0:7_idx1:20_idx2:126,chd_conf_headgr,0.0,0.0
2029,7,20,127,"(7, 20, 127)",idx0:7_idx1:20_idx2:127,chd_conf_headgr,0.0,0.0
2030,7,20,128,"(7, 20, 128)",idx0:7_idx1:20_idx2:128,chd_conf_headgr,0.0,0.0
2031,7,20,129,"(7, 20, 129)",idx0:7_idx1:20_idx2:129,chd_conf_headgr,0.0,0.0
2032,7,20,130,"(7, 20, 130)",idx0:7_idx1:20_idx2:130,chd_conf_headgr,0.0,0.0
2033,7,20,131,"(7, 20, 131)",idx0:7_idx1:20_idx2:131,chd_conf_headgr,0.0,0.0
2034,7,20,132,"(7, 20, 132)",idx0:7_idx1:20_idx2:132,chd_conf_headgr,0.0,0.0
2035,7,20,133,"(7, 20, 133)",idx0:7_idx1:20_idx2:133,chd_conf_headgr,0.0,0.0
2036,7,20,134,"(7, 20, 134)",idx0:7_idx1:20_idx2:134,chd_conf_headgr,0.0,0.0
2037,7,20,135,"(7, 20, 135)",idx0:7_idx1:20_idx2:135,chd_conf_headgr,0.0,0.0
2038,7,20,136,"(7, 20, 136)",idx0:7_idx1:20_idx2:136,chd_conf_headgr,0.0,0.0
2039,7,20,137,"(7, 20, 137)",idx0:7_idx1:20_idx2:137,chd_conf_headgr,0.0,0.0
2040,7,20,138,"(7, 20, 138)",idx0:7_idx1:20_idx2:138,chd_conf_headgr,0.0,0.0
2041,7,20,139,"(7, 20, 139)",idx0:7_idx1:20_idx2:139,chd_conf_headgr,0.0,0.0
2042,7,20,140,"(7, 20, 140)",idx0:7_idx1:20_idx2:140,chd_conf_headgr,0.0,0.0
2043,7,20,141,"(7, 20, 141)",idx0:7_idx1:20_idx2:141,chd_conf_headgr,0.0,0.0
2044,7,20,142,"(7, 20, 142)",idx0:7_idx1:20_idx2:142,chd_conf_headgr,0.0,0.0
2045,7,20,143,"(7, 20, 143)",idx0:7_idx1:20_idx2:143,chd_conf_headgr,0.0,0.0
2046,7,20,144,"(7, 20, 144)",idx0:7_idx1:20_idx2:144,chd_conf_headgr,0.0,0.0
2047,7,20,145,"(7, 20, 145)",idx0:7_idx1:20_idx2:145,chd_conf_headgr,0.0,0.0
2048,7,20,146,"(7, 20, 146)",idx0:7_idx1:20_idx2:146,chd_conf_headgr,0.0,0.0
2049,7,20,147,"(7, 20, 147)",idx0:7_idx1:20_idx2:147,chd_conf_headgr,0.0,0.0
2050,7,20,148,"(7, 20, 148)",idx0:7_idx1:20_idx2:148,chd_conf_headgr,0.0,0.0
2051,7,21,28,"(7, 21, 28)",idx0:7_idx1:21_idx2:28,chd_conf_headgr,0.0,0.0
2052,7,21,29,"(7, 21, 29)",idx0:7_idx1:21_idx2:29,chd_conf_headgr,0.0,0.0
2053,7,21,30,"(7, 21, 30)",idx0:7_idx1:21_idx2:30,chd_conf_headgr,0.0,0.0
2054,7,21,31,"(7, 21, 31)",idx0:7_idx1:21_idx2:31,chd_conf_headgr,0.0,0.0
2055,7,21,32,"(7, 21, 32)",idx0:7_idx1:21_idx2:32,chd_conf_headgr,0.0,0.0
2056,7,21,33,"(7, 21, 33)",idx0:7_idx1:21_idx2:33,chd_conf_headgr,0.0,0.0
2057,7,21,34,"(7, 21, 34)",idx0:7_idx1:21_idx2:34,chd_conf_headgr,0.0,0.0
2058,7,21,35,"(7, 21, 35)",idx0:7_idx1:21_idx2:35,chd_conf_headgr,0.0,0.0
2059,7,21,36,"(7, 21, 36)",idx0:7_idx1:21_idx2:36,chd_conf_headgr,0.0,0.0
2060,7,21,37,"(7, 21, 37)",idx0:7_idx1:21_idx2:37,chd_conf_headgr,0.0,0.0
2061,7,21,38,"(7, 21, 38)",idx0:7_idx1:21_idx2:38,chd_conf_headgr,0.0,0.0
2062,7,21,39,"(7, 21, 39)",idx0:7_idx1:21_idx2:39,chd_conf_headgr,0.0,0.0
2063,7,21,40,"(7, 21, 40)",idx0:7_idx1:21_idx2:40,chd_conf_headgr,0.0,0.0
2064,7,21,41,"(7, 21, 41)",idx0:7_idx1:21_idx2:41,chd_conf_headgr,0.0,0.0
2065,7,21,42,"(7, 21, 42)",idx0:7_idx1:21_idx2:42,chd_conf_headgr,0.0,0.0
2066,7,21,43,"(7, 21, 43)",idx0:7_idx1:21_idx2:43,chd_conf_headgr,0.0,0.0
2067,7,21,44,"(7, 21, 44)",idx0:7_idx1:21_idx2:44,chd_conf_headgr,0.0,0.0
2068,7,21,45,"(7, 21, 45)",idx0:7_idx1:21_idx2:45,chd_conf_headgr,0.0,0.0
2069,7,21,46,"(7, 21, 46)",idx0:7_idx1:21_idx2:46,chd_conf_headgr,0.0,0.0
2070,7,21,47,"(7, 21, 47)",idx0:7_idx1:21_idx2:47,chd_conf_headgr,0.0,0.0
2071,7,21,48,"(7, 21, 48)",idx0:7_idx1:21_idx2:48,chd_conf_headgr,0.0,0.0
2072,7,21,49,"(7, 21, 49)",idx0:7_idx1:21_idx2:49,chd_conf_headgr,0.0,0.0
2073,7,21,50,"(7, 21, 50)",idx0:7_idx1:21_idx2:50,chd_conf_headgr,0.0,0.0
2074,7,21,51,"(7, 21, 51)",idx0:7_idx1:21_idx2:51,chd_conf_headgr,0.0,0.0
2075,7,21,52,"(7, 21, 52)",idx0:7_idx1:21_idx2:52,chd_conf_headgr,0.0,0.0
2076,7,21,53,"(7, 21, 53)",idx0:7_idx1:21_idx2:53,chd_conf_headgr,0.0,0.0
2077,7,21,54,"(7, 21, 54)",idx0:7_idx1:21_idx2:54,chd_conf_headgr,0.0,0.0
2078,7,21,55,"(7, 21, 55)",idx0:7_idx1:21_idx2:55,chd_conf_headgr,0.0,0.0
2079,7,21,56,"(7, 21, 56)",idx0:7_idx1:21_idx2:56,chd_conf_headgr,0.0,0.0
2080,7,21,57,"(7, 21, 57)",idx0:7_idx1:21_idx2:57,chd_conf_headgr,0.0,0.0
2081,7,21,58,"(7, 21, 58)",idx0:7_idx1:21_idx2:58,chd_conf_headgr,0.0,0.0
2082,7,21,59,"(7, 21, 59)",idx0:7_idx1:21_idx2:59,chd_conf_headgr,0.0,0.0
2083,7,21,60,"(7, 21, 60)",idx0:7_idx1:21_idx2:60,chd_conf_headgr,0.0,0.0
2084,7,21,61,"(7, 21, 61)",idx0:7_idx1:21_idx2:61,chd_conf_headgr,0.0,0.0
2085,7,21,62,"(7, 21, 62)",idx0:7_idx1:21_idx2:62,chd_conf_headgr,0.0,0.0
2086,7,21,63,"(7, 21, 63)",idx0:7_idx1:21_idx2:63,chd_conf_headgr,0.0,0.0
2087,7,21,64,"(7, 21, 64)",idx0:7_idx1:21_idx2:64,chd_conf_headgr,0.0,0.0
2088,7,21,65,"(7, 21, 65)",idx0:7_idx1:21_idx2:65,chd_conf_headgr,0.0,0.0
2089,7,21,66,"(7, 21, 66)",idx0:7_idx1:21_idx2:66,chd_conf_headgr,0.0,0.0
2090,7,21,67,"(7, 21, 67)",idx0:7_idx1:21_idx2:67,chd_conf_headgr,0.0,0.0
2091,7,21,68,"(7, 21, 68)",idx0:7_idx1:21_idx2:68,chd_conf_headgr,0.0,0.0
2092,7,21,69,"(7, 21, 69)",idx0:7_idx1:21_idx2:69,chd_conf_headgr,0.0,0.0
2093,7,21,70,"(7, 21, 70)",idx0:7_idx1:21_idx2:70,chd_conf_headgr,0.0,0.0
2094,7,21,71,"(7, 21, 71)",idx0:7_idx1:21_idx2:71,chd_conf_headgr,0.0,0.0
2095,7,21,72,"(7, 21, 72)",idx0:7_idx1:21_idx2:72,chd_conf_headgr,0.0,0.0
2096,7,21,73,"(7, 21, 73)",idx0:7_idx1:21_idx2:73,chd_conf_headgr,0.0,0.0
2097,7,21,74,"(7, 21, 74)",idx0:7_idx1:21_idx2:74,chd_conf_headgr,0.0,0.0
2098,7,21,75,"(7, 21, 75)",idx0:7_idx1:21_idx2:75,chd_conf_headgr,0.0,0.0
2099,7,21,76,"(7, 21, 76)",idx0:7_idx1:21_idx2:76,chd_conf_headgr,0.0,0.0
2100,7,21,77,"(7, 21, 77)",idx0:7_idx1:21_idx2:77,chd_conf_headgr,0.0,0.0
2101,7,21,78,"(7, 21, 78)",idx0:7_idx1:21_idx2:78,chd_conf_headgr,0.0,0.0
2102,7,21,79,"(7, 21, 79)",idx0:7_idx1:21_idx2:79,chd_conf_headgr,0.0,0.0
2103,7,21,80,"(7, 21, 80)",idx0:7_idx1:21_idx2:80,chd_conf_headgr,0.0,0.0
2104,7,21,81,"(7, 21, 81)",idx0:7_idx1:21_idx2:81,chd_conf_headgr,0.0,0.0
2105,7,21,82,"(7, 21, 82)",idx0:7_idx1:21_idx2:82,chd_conf_headgr,0.0,0.0
2106,7,21,83,"(7, 21, 83)",idx0:7_idx1:21_idx2:83,chd_conf_headgr,0.0,0.0
2107,7,21,84,"(7, 21, 84)",idx0:7_idx1:21_idx2:84,chd_conf_headgr,0.0,0.0
2108,7,21,85,"(7, 21, 85)",idx0:7_idx1:21_idx2:85,chd_conf_headgr,0.0,0.0
2109,7,21,86,"(7, 21, 86)",idx0:7_idx1:21_idx2:86,chd_conf_headgr,0.0,0.0
2110,7,21,87,"(7, 21, 87)",idx0:7_idx1:21_idx2:87,chd_conf_headgr,0.0,0.0
2111,7,21,88,"(7, 21, 88)",idx0:7_idx1:21_idx2:88,chd_conf_headgr,0.0,0.0
2112,7,21,89,"(7, 21, 89)",idx0:7_idx1:21_idx2:89,chd_conf_headgr,0.0,0.0
2113,7,21,90,"(7, 21, 90)",idx0:7_idx1:21_idx2:90,chd_conf_headgr,0.0,0.0
2114,7,21,91,"(7, 21, 91)",idx0:7_idx1:21_idx2:91,chd_conf_headgr,0.0,0.0
2115,7,21,92,"(7, 21, 92)",idx0:7_idx1:21_idx2:92,chd_conf_headgr,0.0,0.0
2116,7,21,93,"(7, 21, 93)",idx0:7_idx1:21_idx2:93,chd_conf_headgr,0.0,0.0
2117,7,21,94,"(7, 21, 94)",idx0:7_idx1:21_idx2:94,chd_conf_headgr,0.0,0.0
2118,7,21,95,"(7, 21, 95)",idx0:7_idx1:21_idx2:95,chd_conf_headgr,0.0,0.0
2119,7,21,96,"(7, 21, 96)",idx0:7_idx1:21_idx2:96,chd_conf_headgr,0.0,0.0
2120,7,21,97,"(7, 21, 97)",idx0:7_idx1:21_idx2:97,chd_conf_headgr,0.0,0.0
2121,7,21,98,"(7, 21, 98)",idx0:7_idx1:21_idx2:98,chd_conf_headgr,0.0,0.0
2122,7,21,99,"(7, 21, 99)",idx0:7_idx1:21_idx2:99,chd_conf_headgr,0.0,0.0
2123,7,21,100,"(7, 21, 100)",idx0:7_idx1:21_idx2:100,chd_conf_headgr,0.0,0.0
2124,7,21,101,"(7, 21, 101)",idx0:7_idx1:21_idx2:101,chd_conf_headgr,0.0,0.0
2125,7,21,102,"(7, 21, 102)",idx0:7_idx1:21_idx2:102,chd_conf_headgr,0.0,0.0
2126,7,21,103,"(7, 21, 103)",idx0:7_idx1:21_idx2:103,chd_conf_headgr,0.0,0.0
2127,7,21,104,"(7, 21, 104)",idx0:7_idx1:21_idx2:104,chd_conf_headgr,0.0,0.0
2128,7,21,105,"(7, 21, 105)",idx0:7_idx1:21_idx2:105,chd_conf_headgr,0.0,0.0
2129,7,21,106,"(7, 21, 106)",idx0:7_idx1:21_idx2:106,chd_conf_headgr,0.0,0.0
2130,7,21,107,"(7, 21, 107)",idx0:7_idx1:21_idx2:107,chd_conf_headgr,0.0,0.0
2131,7,21,108,"(7, 21, 108)",idx0:7_idx1:21_idx2:108,chd_conf_headgr,0.0,0.0
2132,7,21,109,"(7, 21, 109)",idx0:7_idx1:21_idx2:109,chd_conf_headgr,0.0,0.0
2133,7,21,110,"(7, 21, 110)",idx0:7_idx1:21_idx2:110,chd_conf_headgr,0.0,0.0
2134,7,21,111,"(7, 21, 111)",idx0:7_idx1:21_idx2:111,chd_conf_headgr,0.0,0.0
2135,7,21,112,"(7, 21, 112)",idx0:7_idx1:21_idx2:112,chd_conf_headgr,0.0,0.0
2136,7,21,113,"(7, 21, 113)",idx0:7_idx1:21_idx2:113,chd_conf_headgr,0.0,0.0
2137,7,21,114,"(7, 21, 114)",idx0:7_idx1:21_idx2:114,chd_conf_headgr,0.0,0.0
2138,7,21,115,"(7, 21, 115)",idx0:7_idx1:21_idx2:115,chd_conf_headgr,0.0,0.0
2139,7,21,116,"(7, 21, 116)",idx0:7_idx1:21_idx2:116,chd_conf_headgr,0.0,0.0
2140,7,21,117,"(7, 21, 117)",idx0:7_idx1:21_idx2:117,chd_conf_headgr,0.0,0.0
2141,7,21,118,"(7, 21, 118)",idx0:7_idx1:21_idx2:118,chd_conf_headgr,0.0,0.0
2142,7,21,119,"(7, 21, 119)",idx0:7_idx1:21_idx2:119,chd_conf_headgr,0.0,0.0
2143,7,21,120,"(7, 21, 120)",idx0:7_idx1:21_idx2:120,chd_conf_headgr,0.0,0.0
2144,7,21,121,"(7, 21, 121)",idx0:7_idx1:21_idx2:121,chd_conf_headgr,0.0,0.0
2145,7,21,122,"(7, 21, 122)",idx0:7_idx1:21_idx2:122,chd_conf_headgr,0.0,0.0
2146,7,21,123,"(7, 21, 123)",idx0:7_idx1:21_idx2:123,chd_conf_headgr,0.0,0.0
2147,7,21,124,"(7, 21, 124)",idx0:7_idx1:21_idx2:124,chd_conf_headgr,0.0,0.0
2148,7,21,125,"(7, 21, 125)",idx0:7_idx1:21_idx2:125,chd_conf_headgr,0.0,0.0
2149,7,21,126,"(7, 21, 126)",idx0:7_idx1:21_idx2:126,chd_conf_headgr,0.0,0.0
2150,7,21,127,"(7, 21, 127)",idx0:7_idx1:21_idx2:127,chd_conf_headgr,0.0,0.0
2151,7,21,128,"(7, 21, 128)",idx0:7_idx1:21_idx2:128,chd_conf_headgr,0.0,0.0
2152,7,21,129,"(7, 21, 129)",idx0:7_idx1:21_idx2:129,chd_conf_headgr,0.0,0.0
2153,7,21,130,"(7, 21, 130)",idx0:7_idx1:21_idx2:130,chd_conf_headgr,0.0,0.0
2154,7,21,131,"(7, 21, 131)",idx0:7_idx1:21_idx2:131,chd_conf_headgr,0.0,0.0
2155,7,21,132,"(7, 21, 132)",idx0:7_idx1:21_idx2:132,chd_conf_headgr,0.0,0.0
2156,7,21,133,"(7, 21, 133)",idx0:7_idx1:21_idx2:133,chd_conf_headgr,0.0,0.0
2157,7,21,134,"(7, 21, 134)",idx0:7_idx1:21_idx2:134,chd_conf_headgr,0.0,0.0
2158,7,21,135,"(7, 21, 135)",idx0:7_idx1:21_idx2:135,chd_conf_headgr,0.0,0.0
2159,7,21,136,"(7, 21, 136)",idx0:7_idx1:21_idx2:136,chd_conf_headgr,0.0,0.0
2160,7,21,137,"(7, 21, 137)",idx0:7_idx1:21_idx2:137,chd_conf_headgr,0.0,0.0
2161,7,21,138,"(7, 21, 138)",idx0:7_idx1:21_idx2:138,chd_conf_headgr,0.0,0.0
2162,7,21,139,"(7, 21, 139)",idx0:7_idx1:21_idx2:139,chd_conf_headgr,0.0,0.0
2163,7,21,140,"(7, 21, 140)",idx0:7_idx1:21_idx2:140,chd_conf_headgr,0.0,0.0
2164,7,21,141,"(7, 21, 141)",idx0:7_idx1:21_idx2:141,chd_conf_headgr,0.0,0.0
2165,7,21,142,"(7, 21, 142)",idx0:7_idx1:21_idx2:142,chd_conf_headgr,0.0,0.0
2166,7,21,143,"(7, 21, 143)",idx0:7_idx1:21_idx2:143,chd_conf_headgr,0.0,0.0
2167,7,21,144,"(7, 21, 144)",idx0:7_idx1:21_idx2:144,chd_conf_headgr,0.0,0.0
2168,7,21,145,"(7, 21, 145)",idx0:7_idx1:21_idx2:145,chd_conf_headgr,0.0,0.0
2169,7,21,146,"(7, 21, 146)",idx0:7_idx1:21_idx2:146,chd_conf_headgr,0.0,0.0
2170,7,21,147,"(7, 21, 147)",idx0:7_idx1:21_idx2:147,chd_conf_headgr,0.0,0.0
2171,7,21,148,"(7, 21, 148)",idx0:7_idx1:21_idx2:148,chd_conf_headgr,0.0,0.0
2172,7,22,26,"(7, 22, 26)",idx0:7_idx1:22_idx2:26,chd_conf_headgr,0.0,0.0
2173,7,22,27,"(7, 22, 27)",idx0:7_idx1:22_idx2:27,chd_conf_headgr,0.0,0.0
2174,7,22,28,"(7, 22, 28)",idx0:7_idx1:22_idx2:28,chd_conf_headgr,0.0,0.0
2175,7,22,29,"(7, 22, 29)",idx0:7_idx1:22_idx2:29,chd_conf_headgr,0.0,0.0
2176,7,22,30,"(7, 22, 30)",idx0:7_idx1:22_idx2:30,chd_conf_headgr,0.0,0.0
2177,7,22,31,"(7, 22, 31)",idx0:7_idx1:22_idx2:31,chd_conf_headgr,0.0,0.0
2178,7,22,32,"(7, 22, 32)",idx0:7_idx1:22_idx2:32,chd_conf_headgr,0.0,0.0
2179,7,22,33,"(7, 22, 33)",idx0:7_idx1:22_idx2:33,chd_conf_headgr,0.0,0.0
2180,7,22,34,"(7, 22, 34)",idx0:7_idx1:22_idx2:34,chd_conf_headgr,0.0,0.0
2181,7,22,35,"(7, 22, 35)",idx0:7_idx1:22_idx2:35,chd_conf_headgr,0.0,0.0
2182,7,22,36,"(7, 22, 36)",idx0:7_idx1:22_idx2:36,chd_conf_headgr,0.0,0.0
2183,7,22,37,"(7, 22, 37)",idx0:7_idx1:22_idx2:37,chd_conf_headgr,0.0,0.0
2184,7,22,38,"(7, 22, 38)",idx0:7_idx1:22_idx2:38,chd_conf_headgr,0.0,0.0
2185,7,22,39,"(7, 22, 39)",idx0:7_idx1:22_idx2:39,chd_conf_headgr,0.0,0.0
2186,7,22,40,"(7, 22, 40)",idx0:7_idx1:22_idx2:40,chd_conf_headgr,0.0,0.0
2187,7,22,41,"(7, 22, 41)",idx0:7_idx1:22_idx2:41,chd_conf_headgr,0.0,0.0
2188,7,22,42,"(7, 22, 42)",idx0:7_idx1:22_idx2:42,chd_conf_headgr,0.0,0.0
2189,7,22,43,"(7, 22, 43)",idx0:7_idx1:22_idx2:43,chd_conf_headgr,0.0,0.0
2190,7,22,44,"(7, 22, 44)",idx0:7_idx1:22_idx2:44,chd_conf_headgr,0.0,0.0
2191,7,22,45,"(7, 22, 45)",idx0:7_idx1:22_idx2:45,chd_conf_headgr,0.0,0.0
2192,7,22,46,"(7, 22, 46)",idx0:7_idx1:22_idx2:46,chd_conf_headgr,0.0,0.0
2193,7,22,47,"(7, 22, 47)",idx0:7_idx1:22_idx2:47,chd_conf_headgr,0.0,0.0
2194,7,22,48,"(7, 22, 48)",idx0:7_idx1:22_idx2:48,chd_conf_headgr,0.0,0.0
2195,7,22,49,"(7, 22, 49)",idx0:7_idx1:22_idx2:49,chd_conf_headgr,0.0,0.0
2196,7,22,50,"(7, 22, 50)",idx0:7_idx1:22_idx2:50,chd_conf_headgr,0.0,0.0
2197,7,22,51,"(7, 22, 51)",idx0:7_idx1:22_idx2:51,chd_conf_headgr,0.0,0.0
2198,7,22,52,"(7, 22, 52)",idx0:7_idx1:22_idx2:52,chd_conf_headgr,0.0,0.0
2199,7,22,53,"(7, 22, 53)",idx0:7_idx1:22_idx2:53,chd_conf_headgr,0.0,0.0
2200,7,22,54,"(7, 22, 54)",idx0:7_idx1:22_idx2:54,chd_conf_headgr,0.0,0.0
2201,7,22,55,"(7, 22, 55)",idx0:7_idx1:22_idx2:55,chd_conf_headgr,0.0,0.0
2202,7,22,56,"(7, 22, 56)",idx0:7_idx1:22_idx2:56,chd_conf_headgr,0.0,0.0
2203,7,22,57,"(7, 22, 57)",idx0:7_idx1:22_idx2:57,chd_conf_headgr,0.0,0.0
2204,7,22,58,"(7, 22, 58)",idx0:7_idx1:22_idx2:58,chd_conf_headgr,0.0,0.0
2205,7,22,59,"(7, 22, 59)",idx0:7_idx1:22_idx2:59,chd_conf_headgr,0.0,0.0
2206,7,22,60,"(7, 22, 60)",idx0:7_idx1:22_idx2:60,chd_conf_headgr,0.0,0.0
2207,7,22,61,"(7, 22, 61)",idx0:7_idx1:22_idx2:61,chd_conf_headgr,0.0,0.0
2208,7,22,62,"(7, 22, 62)",idx0:7_idx1:22_idx2:62,chd_conf_headgr,0.0,0.0
2209,7,22,63,"(7, 22, 63)",idx0:7_idx1:22_idx2:63,chd_conf_headgr,0.0,0.0
2210,7,22,64,"(7, 22, 64)",idx0:7_idx1:22_idx2:64,chd_conf_headgr,0.0,0.0
2211,7,22,65,"(7, 22, 65)",idx0:7_idx1:22_idx2:65,chd_conf_headgr,0.0,0.0
2212,7,22,66,"(7, 22, 66)",idx0:7_idx1:22_idx2:66,chd_conf_headgr,0.0,0.0
2213,7,22,67,"(7, 22, 67)",idx0:7_idx1:22_idx2:67,chd_conf_headgr,0.0,0.0
2214,7,22,68,"(7, 22, 68)",idx0:7_idx1:22_idx2:68,chd_conf_headgr,0.0,0.0
2215,7,22,69,"(7, 22, 69)",idx0:7_idx1:22_idx2:69,chd_conf_headgr,0.0,0.0
2216,7,22,70,"(7, 22, 70)",idx0:7_idx1:22_idx2:70,chd_conf_headgr,0.0,0.0
2217,7,22,71,"(7, 22, 71)",idx0:7_idx1:22_idx2:71,chd_conf_headgr,0.0,0.0
2218,7,22,72,"(7, 22, 72)",idx0:7_idx1:22_idx2:72,chd_conf_headgr,0.0,0.0
2219,7,22,73,"(7, 22, 73)",idx0:7_idx1:22_idx2:73,chd_conf_headgr,0.0,0.0
2220,7,22,74,"(7, 22, 74)",idx0:7_idx1:22_idx2:74,chd_conf_headgr,0.0,0.0
2221,7,22,75,"(7, 22, 75)",idx0:7_idx1:22_idx2:75,chd_conf_headgr,0.0,0.0
2222,7,22,76,"(7, 22, 76)",idx0:7_idx1:22_idx2:76,chd_conf_headgr,0.0,0.0
2223,7,22,77,"(7, 22, 77)",idx0:7_idx1:22_idx2:77,chd_conf_headgr,0.0,0.0
2224,7,22,78,"(7, 22, 78)",idx0:7_idx1:22_idx2:78,chd_conf_headgr,0.0,0.0
2225,7,22,79,"(7, 22, 79)",idx0:7_idx1:22_idx2:79,chd_conf_headgr,0.0,0.0
2226,7,22,80,"(7, 22, 80)",idx0:7_idx1:22_idx2:80,chd_conf_headgr,0.0,0.0
2227,7,22,81,"(7, 22, 81)",idx0:7_idx1:22_idx2:81,chd_conf_headgr,0.0,0.0
2228,7,22,82,"(7, 22, 82)",idx0:7_idx1:22_idx2:82,chd_conf_headgr,0.0,0.0
2229,7,22,83,"(7, 22, 83)",idx0:7_idx1:22_idx2:83,chd_conf_headgr,0.0,0.0
2230,7,22,84,"(7, 22, 84)",idx0:7_idx1:22_idx2:84,chd_conf_headgr,0.0,0.0
2231,7,22,85,"(7, 22, 85)",idx0:7_idx1:22_idx2:85,chd_conf_headgr,0.0,0.0
2232,7,22,86,"(7, 22, 86)",idx0:7_idx1:22_idx2:86,chd_conf_headgr,0.0,0.0
2233,7,22,87,"(7, 22, 87)",idx0:7_idx1:22_idx2:87,chd_conf_headgr,0.0,0.0
2234,7,22,88,"(7, 22, 88)",idx0:7_idx1:22_idx2:88,chd_conf_headgr,0.0,0.0
2235,7,22,89,"(7, 22, 89)",idx0:7_idx1:22_idx2:89,chd_conf_headgr,0.0,0.0
2236,7,22,90,"(7, 22, 90)",idx0:7_idx1:22_idx2:90,chd_conf_headgr,0.0,0.0
2237,7,22,91,"(7, 22, 91)",idx0:7_idx1:22_idx2:91,chd_conf_headgr,0.0,0.0
2238,7,22,92,"(7, 22, 92)",idx0:7_idx1:22_idx2:92,chd_conf_headgr,0.0,0.0
2239,7,22,93,"(7, 22, 93)",idx0:7_idx1:22_idx2:93,chd_conf_headgr,0.0,0.0
2240,7,22,94,"(7, 22, 94)",idx0:7_idx1:22_idx2:94,chd_conf_headgr,0.0,0.0
2241,7,22,95,"(7, 22, 95)",idx0:7_idx1:22_idx2:95,chd_conf_headgr,0.0,0.0
2242,7,22,96,"(7, 22, 96)",idx0:7_idx1:22_idx2:96,chd_conf_headgr,0.0,0.0
2243,7,22,97,"(7, 22, 97)",idx0:7_idx1:22_idx2:97,chd_conf_headgr,0.0,0.0
2244,7,22,98,"(7, 22, 98)",idx0:7_idx1:22_idx2:98,chd_conf_headgr,0.0,0.0
2245,7,22,99,"(7, 22, 99)",idx0:7_idx1:22_idx2:99,chd_conf_headgr,0.0,0.0
2246,7,22,100,"(7, 22, 100)",idx0:7_idx1:22_idx2:100,chd_conf_headgr,0.0,0.0
2247,7,22,101,"(7, 22, 101)",idx0:7_idx1:22_idx2:101,chd_conf_headgr,0.0,0.0
2248,7,22,102,"(7, 22, 102)",idx0:7_idx1:22_idx2:102,chd_conf_headgr,0.0,0.0
2249,7,22,103,"(7, 22, 103)",idx0:7_idx1:22_idx2:103,chd_conf_headgr,0.0,0.0
2250,7,22,104,"(7, 22, 104)",idx0:7_idx1:22_idx2:104,chd_conf_headgr,0.0,0.0
2251,7,22,105,"(7, 22, 105)",idx0:7_idx1:22_idx2:105,chd_conf_headgr,0.0,0.0
2252,7,22,106,"(7, 22, 106)",idx0:7_idx1:22_idx2:106,chd_conf_headgr,0.0,0.0
2253,7,22,107,"(7, 22, 107)",idx0:7_idx1:22_idx2:107,chd_conf_headgr,0.0,0.0
2254,7,22,108,"(7, 22, 108)",idx0:7_idx1:22_idx2:108,chd_conf_headgr,0.0,0.0
2255,7,22,109,"(7, 22, 109)",idx0:7_idx1:22_idx2:109,chd_conf_headgr,0.0,0.0
2256,7,22,110,"(7, 22, 110)",idx0:7_idx1:22_idx2:110,chd_conf_headgr,0.0,0.0
2257,7,22,111,"(7, 22, 111)",idx0:7_idx1:22_idx2:111,chd_conf_headgr,0.0,0.0
2258,7,22,112,"(7, 22, 112)",idx0:7_idx1:22_idx2:112,chd_conf_headgr,0.0,0.0
2259,7,22,113,"(7, 22, 113)",idx0:7_idx1:22_idx2:113,chd_conf_headgr,0.0,0.0
2260,7,22,114,"(7, 22, 114)",idx0:7_idx1:22_idx2:114,chd_conf_headgr,0.0,0.0
2261,7,22,115,"(7, 22, 115)",idx0:7_idx1:22_idx2:115,chd_conf_headgr,0.0,0.0
2262,7,22,116,"(7, 22, 116)",idx0:7_idx1:22_idx2:116,chd_conf_headgr,0.0,0.0
2263,7,22,117,"(7, 22, 117)",idx0:7_idx1:22_idx2:117,chd_conf_headgr,0.0,0.0
2264,7,22,118,"(7, 22, 118)",idx0:7_idx1:22_idx2:118,chd_conf_headgr,0.0,0.0
2265,7,22,119,"(7, 22, 119)",idx0:7_idx1:22_idx2:119,chd_conf_headgr,0.0,0.0
2266,7,22,120,"(7, 22, 120)",idx0:7_idx1:22_idx2:120,chd_conf_headgr,0.0,0.0
2267,7,22,121,"(7, 22, 121)",idx0:7_idx1:22_idx2:121,chd_conf_headgr,0.0,0.0
2268,7,22,122,"(7, 22, 122)",idx0:7_idx1:22_idx2:122,chd_conf_headgr,0.0,0.0
2269,7,22,123,"(7, 22, 123)",idx0:7_idx1:22_idx2:123,chd_conf_headgr,0.0,0.0
2270,7,22,124,"(7, 22, 124)",idx0:7_idx1:22_idx2:124,chd_conf_headgr,0.0,0.0
2271,7,22,125,"(7, 22, 125)",idx0:7_idx1:22_idx2:125,chd_conf_headgr,0.0,0.0
2272,7,22,126,"(7, 22, 126)",idx0:7_idx1:22_idx2:126,chd_conf_headgr,0.0,0.0
2273,7,22,127,"(7, 22, 127)",idx0:7_idx1:22_idx2:127,chd_conf_headgr,0.0,0.0
2274,7,22,128,"(7, 22, 128)",idx0:7_idx1:22_idx2:128,chd_conf_headgr,0.0,0.0
2275,7,22,129,"(7, 22, 129)",idx0:7_idx1:22_idx2:129,chd_conf_headgr,0.0,0.0
2276,7,22,130,"(7, 22, 130)",idx0:7_idx1:22_idx2:130,chd_conf_headgr,0.0,0.0
2277,7,22,131,"(7, 22, 131)",idx0:7_idx1:22_idx2:131,chd_conf_headgr,0.0,0.0
2278,7,22,132,"(7, 22, 132)",idx0:7_idx1:22_idx2:132,chd_conf_headgr,0.0,0.0
2279,7,22,133,"(7, 22, 133)",idx0:7_idx1:22_idx2:133,chd_conf_headgr,0.0,0.0
2280,7,22,134,"(7, 22, 134)",idx0:7_idx1:22_idx2:134,chd_conf_headgr,0.0,0.0
2281,7,22,135,"(7, 22, 135)",idx0:7_idx1:22_idx2:135,chd_conf_headgr,0.0,0.0
2282,7,22,136,"(7, 22, 136)",idx0:7_idx1:22_idx2:136,chd_conf_headgr,0.0,0.0
2283,7,22,137,"(7, 22, 137)",idx0:7_idx1:22_idx2:137,chd_conf_headgr,0.0,0.0
2284,7,22,138,"(7, 22, 138)",idx0:7_idx1:22_idx2:138,chd_conf_headgr,0.0,0.0
2285,7,22,139,"(7, 22, 139)",idx0:7_idx1:22_idx2:139,chd_conf_headgr,0.0,0.0
2286,7,22,140,"(7, 22, 140)",idx0:7_idx1:22_idx2:140,chd_conf_headgr,0.0,0.0
2287,7,22,141,"(7, 22, 141)",idx0:7_idx1:22_idx2:141,chd_conf_headgr,0.0,0.0
2288,7,22,142,"(7, 22, 142)",idx0:7_idx1:22_idx2:142,chd_conf_headgr,0.0,0.0
2289,7,22,143,"(7, 22, 143)",idx0:7_idx1:22_idx2:143,chd_conf_headgr,0.0,0.0
2290,7,22,144,"(7, 22, 144)",idx0:7_idx1:22_idx2:144,chd_conf_headgr,0.0,0.0
2291,7,22,145,"(7, 22, 145)",idx0:7_idx1:22_idx2:145,chd_conf_headgr,0.0,0.0
2292,7,22,146,"(7, 22, 146)",idx0:7_idx1:22_idx2:146,chd_conf_headgr,0.0,0.0
2293,7,22,147,"(7, 22, 147)",idx0:7_idx1:22_idx2:147,chd_conf_headgr,0.0,0.0
2294,7,22,148,"(7, 22, 148)",idx0:7_idx1:22_idx2:148,chd_conf_headgr,0.0,0.0
2295,7,23,25,"(7, 23, 25)",idx0:7_idx1:23_idx2:25,chd_conf_headgr,0.0,0.0
2296,7,23,26,"(7, 23, 26)",idx0:7_idx1:23_idx2:26,chd_conf_headgr,0.0,0.0
2297,7,23,27,"(7, 23, 27)",idx0:7_idx1:23_idx2:27,chd_conf_headgr,0.0,0.0
2298,7,23,28,"(7, 23, 28)",idx0:7_idx1:23_idx2:28,chd_conf_headgr,0.0,0.0
2299,7,23,29,"(7, 23, 29)",idx0:7_idx1:23_idx2:29,chd_conf_headgr,0.0,0.0
2300,7,23,30,"(7, 23, 30)",idx0:7_idx1:23_idx2:30,chd_conf_headgr,0.0,0.0
2301,7,23,31,"(7, 23, 31)",idx0:7_idx1:23_idx2:31,chd_conf_headgr,0.0,0.0
2302,7,23,32,"(7, 23, 32)",idx0:7_idx1:23_idx2:32,chd_conf_headgr,0.0,0.0
2303,7,23,33,"(7, 23, 33)",idx0:7_idx1:23_idx2:33,chd_conf_headgr,0.0,0.0
2304,7,23,34,"(7, 23, 34)",idx0:7_idx1:23_idx2:34,chd_conf_headgr,0.0,0.0
2305,7,23,35,"(7, 23, 35)",idx0:7_idx1:23_idx2:35,chd_conf_headgr,0.0,0.0
2306,7,23,36,"(7, 23, 36)",idx0:7_idx1:23_idx2:36,chd_conf_headgr,0.0,0.0
2307,7,23,37,"(7, 23, 37)",idx0:7_idx1:23_idx2:37,chd_conf_headgr,0.0,0.0
2308,7,23,38,"(7, 23, 38)",idx0:7_idx1:23_idx2:38,chd_conf_headgr,0.0,0.0
2309,7,23,39,"(7, 23, 39)",idx0:7_idx1:23_idx2:39,chd_conf_headgr,0.0,0.0
2310,7,23,40,"(7, 23, 40)",idx0:7_idx1:23_idx2:40,chd_conf_headgr,0.0,0.0
2311,7,23,41,"(7, 23, 41)",idx0:7_idx1:23_idx2:41,chd_conf_headgr,0.0,0.0
2312,7,23,42,"(7, 23, 42)",idx0:7_idx1:23_idx2:42,chd_conf_headgr,0.0,0.0
2313,7,23,43,"(7, 23, 43)",idx0:7_idx1:23_idx2:43,chd_conf_headgr,0.0,0.0
2314,7,23,44,"(7, 23, 44)",idx0:7_idx1:23_idx2:44,chd_conf_headgr,0.0,0.0
2315,7,23,45,"(7, 23, 45)",idx0:7_idx1:23_idx2:45,chd_conf_headgr,0.0,0.0
2316,7,23,46,"(7, 23, 46)",idx0:7_idx1:23_idx2:46,chd_conf_headgr,0.0,0.0
2317,7,23,47,"(7, 23, 47)",idx0:7_idx1:23_idx2:47,chd_conf_headgr,0.0,0.0
2318,7,23,48,"(7, 23, 48)",idx0:7_idx1:23_idx2:48,chd_conf_headgr,0.0,0.0
2319,7,23,49,"(7, 23, 49)",idx0:7_idx1:23_idx2:49,chd_conf_headgr,0.0,0.0
2320,7,23,50,"(7, 23, 50)",idx0:7_idx1:23_idx2:50,chd_conf_headgr,0.0,0.0
2321,7,23,51,"(7, 23, 51)",idx0:7_idx1:23_idx2:51,chd_conf_headgr,0.0,0.0
2322,7,23,52,"(7, 23, 52)",idx0:7_idx1:23_idx2:52,chd_conf_headgr,0.0,0.0
2323,7,23,53,"(7, 23, 53)",idx0:7_idx1:23_idx2:53,chd_conf_headgr,0.0,0.0
2324,7,23,54,"(7, 23, 54)",idx0:7_idx1:23_idx2:54,chd_conf_headgr,0.0,0.0
2325,7,23,55,"(7, 23, 55)",idx0:7_idx1:23_idx2:55,chd_conf_headgr,0.0,0.0
2326,7,23,56,"(7, 23, 56)",idx0:7_idx1:23_idx2:56,chd_conf_headgr,0.0,0.0
2327,7,23,57,"(7, 23, 57)",idx0:7_idx1:23_idx2:57,chd_conf_headgr,0.0,0.0
2328,7,23,58,"(7, 23, 58)",idx0:7_idx1:23_idx2:58,chd_conf_headgr,0.0,0.0
2329,7,23,59,"(7, 23, 59)",idx0:7_idx1:23_idx2:59,chd_conf_headgr,0.0,0.0
2330,7,23,60,"(7, 23, 60)",idx0:7_idx1:23_idx2:60,chd_conf_headgr,0.0,0.0
2331,7,23,61,"(7, 23, 61)",idx0:7_idx1:23_idx2:61,chd_conf_headgr,0.0,0.0
2332,7,23,62,"(7, 23, 62)",idx0:7_idx1:23_idx2:62,chd_conf_headgr,0.0,0.0
2333,7,23,63,"(7, 23, 63)",idx0:7_idx1:23_idx2:63,chd_conf_headgr,0.0,0.0
2334,7,23,64,"(7, 23, 64)",idx0:7_idx1:23_idx2:64,chd_conf_headgr,0.0,0.0
2335,7,23,65,"(7, 23, 65)",idx0:7_idx1:23_idx2:65,chd_conf_headgr,0.0,0.0
2336,7,23,66,"(7, 23, 66)",idx0:7_idx1:23_idx2:66,chd_conf_headgr,0.0,0.0
2337,7,23,67,"(7, 23, 67)",idx0:7_idx1:23_idx2:67,chd_conf_headgr,0.0,0.0
2338,7,23,68,"(7, 23, 68)",idx0:7_idx1:23_idx2:68,chd_conf_headgr,0.0,0.0
2339,7,23,69,"(7, 23, 69)",idx0:7_idx1:23_idx2:69,chd_conf_headgr,0.0,0.0
2340,7,23,70,"(7, 23, 70)",idx0:7_idx1:23_idx2:70,chd_conf_headgr,0.0,0.0
2341,7,23,71,"(7, 23, 71)",idx0:7_idx1:23_idx2:71,chd_conf_headgr,0.0,0.0
2342,7,23,72,"(7, 23, 72)",idx0:7_idx1:23_idx2:72,chd_conf_headgr,0.0,0.0
2343,7,23,73,"(7, 23, 73)",idx0:7_idx1:23_idx2:73,chd_conf_headgr,0.0,0.0
2344,7,23,74,"(7, 23, 74)",idx0:7_idx1:23_idx2:74,chd_conf_headgr,0.0,0.0
2345,7,23,75,"(7, 23, 75)",idx0:7_idx1:23_idx2:75,chd_conf_headgr,0.0,0.0
2346,7,23,76,"(7, 23, 76)",idx0:7_idx1:23_idx2:76,chd_conf_headgr,0.0,0.0
2347,7,23,77,"(7, 23, 77)",idx0:7_idx1:23_idx2:77,chd_conf_headgr,0.0,0.0
2348,7,23,78,"(7, 23, 78)",idx0:7_idx1:23_idx2:78,chd_conf_headgr,0.0,0.0
2349,7,23,79,"(7, 23, 79)",idx0:7_idx1:23_idx2:79,chd_conf_headgr,0.0,0.0
2350,7,23,80,"(7, 23, 80)",idx0:7_idx1:23_idx2:80,chd_conf_headgr,0.0,0.0
2351,7,23,81,"(7, 23, 81)",idx0:7_idx1:23_idx2:81,chd_conf_headgr,0.0,0.0
2352,7,23,82,"(7, 23, 82)",idx0:7_idx1:23_idx2:82,chd_conf_headgr,0.0,0.0
2353,7,23,83,"(7, 23, 83)",idx0:7_idx1:23_idx2:83,chd_conf_headgr,0.0,0.0
2354,7,23,84,"(7, 23, 84)",idx0:7_idx1:23_idx2:84,chd_conf_headgr,0.0,0.0
2355,7,23,85,"(7, 23, 85)",idx0:7_idx1:23_idx2:85,chd_conf_headgr,0.0,0.0
2356,7,23,86,"(7, 23, 86)",idx0:7_idx1:23_idx2:86,chd_conf_headgr,0.0,0.0
2357,7,23,87,"(7, 23, 87)",idx0:7_idx1:23_idx2:87,chd_conf_headgr,0.0,0.0
2358,7,23,88,"(7, 23, 88)",idx0:7_idx1:23_idx2:88,chd_conf_headgr,0.0,0.0
2359,7,23,89,"(7, 23, 89)",idx0:7_idx1:23_idx2:89,chd_conf_headgr,0.0,0.0
2360,7,23,90,"(7, 23, 90)",idx0:7_idx1:23_idx2:90,chd_conf_headgr,0.0,0.0
2361,7,23,91,"(7, 23, 91)",idx0:7_idx1:23_idx2:91,chd_conf_headgr,0.0,0.0
2362,7,23,92,"(7, 23, 92)",idx0:7_idx1:23_idx2:92,chd_conf_headgr,0.0,0.0
2363,7,23,93,"(7, 23, 93)",idx0:7_idx1:23_idx2:93,chd_conf_headgr,0.0,0.0
2364,7,23,94,"(7, 23, 94)",idx0:7_idx1:23_idx2:94,chd_conf_headgr,0.0,0.0
2365,7,23,95,"(7, 23, 95)",idx0:7_idx1:23_idx2:95,chd_conf_headgr,0.0,0.0
2366,7,23,96,"(7, 23, 96)",idx0:7_idx1:23_idx2:96,chd_conf_headgr,0.0,0.0
2367,7,23,97,"(7, 23, 97)",idx0:7_idx1:23_idx2:97,chd_conf_headgr,0.0,0.0
2368,7,23,98,"(7, 23, 98)",idx0:7_idx1:23_idx2:98,chd_conf_headgr,0.0,0.0
2369,7,23,99,"(7, 23, 99)",idx0:7_idx1:23_idx2:99,chd_conf_headgr,0.0,0.0
2370,7,23,100,"(7, 23, 100)",idx0:7_idx1:23_idx2:100,chd_conf_headgr,0.0,0.0
2371,7,23,101,"(7, 23, 101)",idx0:7_idx1:23_idx2:101,chd_conf_headgr,0.0,0.0
2372,7,23,102,"(7, 23, 102)",idx0:7_idx1:23_idx2:102,chd_conf_headgr,0.0,0.0
2373,7,23,103,"(7, 23, 103)",idx0:7_idx1:23_idx2:103,chd_conf_headgr,0.0,0.0
2374,7,23,104,"(7, 23, 104)",idx0:7_idx1:23_idx2:104,chd_conf_headgr,0.0,0.0
2375,7,23,105,"(7, 23, 105)",idx0:7_idx1:23_idx2:105,chd_conf_headgr,0.0,0.0
2376,7,23,106,"(7, 23, 106)",idx0:7_idx1:23_idx2:106,chd_conf_headgr,0.0,0.0
2377,7,23,107,"(7, 23, 107)",idx0:7_idx1:23_idx2:107,chd_conf_headgr,0.0,0.0
2378,7,23,108,"(7, 23, 108)",idx0:7_idx1:23_idx2:108,chd_conf_headgr,0.0,0.0
2379,7,23,109,"(7, 23, 109)",idx0:7_idx1:23_idx2:109,chd_conf_headgr,0.0,0.0
2380,7,23,110,"(7, 23, 110)",idx0:7_idx1:23_idx2:110,chd_conf_headgr,0.0,0.0
2381,7,23,111,"(7, 23, 111)",idx0:7_idx1:23_idx2:111,chd_conf_headgr,0.0,0.0
2382,7,23,112,"(7, 23, 112)",idx0:7_idx1:23_idx2:112,chd_conf_headgr,0.0,0.0
2383,7,23,113,"(7, 23, 113)",idx0:7_idx1:23_idx2:113,chd_conf_headgr,0.0,0.0
2384,7,23,114,"(7, 23, 114)",idx0:7_idx1:23_idx2:114,chd_conf_headgr,0.0,0.0
2385,7,23,115,"(7, 23, 115)",idx0:7_idx1:23_idx2:115,chd_conf_headgr,0.0,0.0
2386,7,23,116,"(7, 23, 116)",idx0:7_idx1:23_idx2:116,chd_conf_headgr,0.0,0.0
2387,7,23,117,"(7, 23, 117)",idx0:7_idx1:23_idx2:117,chd_conf_headgr,0.0,0.0
2388,7,23,118,"(7, 23, 118)",idx0:7_idx1:23_idx2:118,chd_conf_headgr,0.0,0.0
2389,7,23,119,"(7, 23, 119)",idx0:7_idx1:23_idx2:119,chd_conf_headgr,0.0,0.0
2390,7,23,120,"(7, 23, 120)",idx0:7_idx1:23_idx2:120,chd_conf_headgr,0.0,0.0
2391,7,23,121,"(7, 23, 121)",idx0:7_idx1:23_idx2:121,chd_conf_headgr,0.0,0.0
2392,7,23,122,"(7, 23, 122)",idx0:7_idx1:23_idx2:122,chd_conf_headgr,0.0,0.0
2393,7,23,123,"(7, 23, 123)",idx0:7_idx1:23_idx2:123,chd_conf_headgr,0.0,0.0
2394,7,23,124,"(7, 23, 124)",idx0:7_idx1:23_idx2:124,chd_conf_headgr,0.0,0.0
2395,7,23,125,"(7, 23, 125)",idx0:7_idx1:23_idx2:125,chd_conf_headgr,0.0,0.0
2396,7,23,126,"(7, 23, 126)",idx0:7_idx1:23_idx2:126,chd_conf_headgr,0.0,0.0
2397,7,23,127,"(7, 23, 127)",idx0:7_idx1:23_idx2:127,chd_conf_headgr,0.0,0.0
2398,7,23,128,"(7, 23, 128)",idx0:7_idx1:23_idx2:128,chd_conf_headgr,0.0,0.0
2399,7,23,129,"(7, 23, 129)",idx0:7_idx1:23_idx2:129,chd_conf_headgr,0.0,0.0
2400,7,23,130,"(7, 23, 130)",idx0:7_idx1:23_idx2:130,chd_conf_headgr,0.0,0.0
2401,7,23,131,"(7, 23, 131)",idx0:7_idx1:23_idx2:131,chd_conf_headgr,0.0,0.0
2402,7,23,132,"(7, 23, 132)",idx0:7_idx1:23_idx2:132,chd_conf_headgr,0.0,0.0
2403,7,23,133,"(7, 23, 133)",idx0:7_idx1:23_idx2:133,chd_conf_headgr,0.0,0.0
2404,7,23,134,"(7, 23, 134)",idx0:7_idx1:23_idx2:134,chd_conf_headgr,0.0,0.0
2405,7,23,135,"(7, 23, 135)",idx0:7_idx1:23_idx2:135,chd_conf_headgr,0.0,0.0
2406,7,23,136,"(7, 23, 136)",idx0:7_idx1:23_idx2:136,chd_conf_headgr,0.0,0.0
2407,7,23,137,"(7, 23, 137)",idx0:7_idx1:23_idx2:137,chd_conf_headgr,0.0,0.0
2408,7,23,138,"(7, 23, 138)",idx0:7_idx1:23_idx2:138,chd_conf_headgr,0.0,0.0
2409,7,23,139,"(7, 23, 139)",idx0:7_idx1:23_idx2:139,chd_conf_headgr,0.0,0.0
2410,7,23,140,"(7, 23, 140)",idx0:7_idx1:23_idx2:140,chd_conf_headgr,0.0,0.0
2411,7,23,141,"(7, 23, 141)",idx0:7_idx1:23_idx2:141,chd_conf_headgr,0.0,0.0
2412,7,23,142,"(7, 23, 142)",idx0:7_idx1:23_idx2:142,chd_conf_headgr,0.0,0.0
2413,7,23,143,"(7, 23, 143)",idx0:7_idx1:23_idx2:143,chd_conf_headgr,0.0,0.0
2414,7,23,144,"(7, 23, 144)",idx0:7_idx1:23_idx2:144,chd_conf_headgr,0.0,0.0
2415,7,23,145,"(7, 23, 145)",idx0:7_idx1:23_idx2:145,chd_conf_headgr,0.0,0.0
2416,7,23,146,"(7, 23, 146)",idx0:7_idx1:23_idx2:146,chd_conf_headgr,0.0,0.0
2417,7,23,147,"(7, 23, 147)",idx0:7_idx1:23_idx2:147,chd_conf_headgr,0.0,0.0
2418,7,23,148,"(7, 23, 148)",idx0:7_idx1:23_idx2:148,chd_conf_headgr,0.0,0.0
2419,7,23,149,"(7, 23, 149)",idx0:7_idx1:23_idx2:149,chd_conf_headgr,0.0,0.0
2420,7,24,23,"(7, 24, 23)",idx0:7_idx1:24_idx2:23,chd_conf_headgr,0.0,0.0
2421,7,24,24,"(7, 24, 24)",idx0:7_idx1:24_idx2:24,chd_conf_headgr,0.0,0.0
2422,7,24,25,"(7, 24, 25)",idx0:7_idx1:24_idx2:25,chd_conf_headgr,0.0,0.0
2423,7,24,26,"(7, 24, 26)",idx0:7_idx1:24_idx2:26,chd_conf_headgr,0.0,0.0
2424,7,24,27,"(7, 24, 27)",idx0:7_idx1:24_idx2:27,chd_conf_headgr,0.0,0.0
2425,7,24,28,"(7, 24, 28)",idx0:7_idx1:24_idx2:28,chd_conf_headgr,0.0,0.0
2426,7,24,29,"(7, 24, 29)",idx0:7_idx1:24_idx2:29,chd_conf_headgr,0.0,0.0
2427,7,24,30,"(7, 24, 30)",idx0:7_idx1:24_idx2:30,chd_conf_headgr,0.0,0.0
2428,7,24,31,"(7, 24, 31)",idx0:7_idx1:24_idx2:31,chd_conf_headgr,0.0,0.0
2429,7,24,32,"(7, 24, 32)",idx0:7_idx1:24_idx2:32,chd_conf_headgr,0.0,0.0
2430,7,24,33,"(7, 24, 33)",idx0:7_idx1:24_idx2:33,chd_conf_headgr,0.0,0.0
2431,7,24,34,"(7, 24, 34)",idx0:7_idx1:24_idx2:34,chd_conf_headgr,0.0,0.0
2432,7,24,35,"(7, 24, 35)",idx0:7_idx1:24_idx2:35,chd_conf_headgr,0.0,0.0
2433,7,24,36,"(7, 24, 36)",idx0:7_idx1:24_idx2:36,chd_conf_headgr,0.0,0.0
2434,7,24,37,"(7, 24, 37)",idx0:7_idx1:24_idx2:37,chd_conf_headgr,0.0,0.0
2435,7,24,38,"(7, 24, 38)",idx0:7_idx1:24_idx2:38,chd_conf_headgr,0.0,0.0
2436,7,24,39,"(7, 24, 39)",idx0:7_idx1:24_idx2:39,chd_conf_headgr,0.0,0.0
2437,7,24,40,"(7, 24, 40)",idx0:7_idx1:24_idx2:40,chd_conf_headgr,0.0,0.0
2438,7,24,41,"(7, 24, 41)",idx0:7_idx1:24_idx2:41,chd_conf_headgr,0.0,0.0
2439,7,24,42,"(7, 24, 42)",idx0:7_idx1:24_idx2:42,chd_conf_headgr,0.0,0.0
2440,7,24,43,"(7, 24, 43)",idx0:7_idx1:24_idx2:43,chd_conf_headgr,0.0,0.0
2441,7,24,44,"(7, 24, 44)",idx0:7_idx1:24_idx2:44,chd_conf_headgr,0.0,0.0
2442,7,24,45,"(7, 24, 45)",idx0:7_idx1:24_idx2:45,chd_conf_headgr,0.0,0.0
2443,7,24,46,"(7, 24, 46)",idx0:7_idx1:24_idx2:46,chd_conf_headgr,0.0,0.0
2444,7,24,47,"(7, 24, 47)",idx0:7_idx1:24_idx2:47,chd_conf_headgr,0.0,0.0
2445,7,24,48,"(7, 24, 48)",idx0:7_idx1:24_idx2:48,chd_conf_headgr,0.0,0.0
2446,7,24,49,"(7, 24, 49)",idx0:7_idx1:24_idx2:49,chd_conf_headgr,0.0,0.0
2447,7,24,50,"(7, 24, 50)",idx0:7_idx1:24_idx2:50,chd_conf_headgr,0.0,0.0
2448,7,24,51,"(7, 24, 51)",idx0:7_idx1:24_idx2:51,chd_conf_headgr,0.0,0.0
2449,7,24,52,"(7, 24, 52)",idx0:7_idx1:24_idx2:52,chd_conf_headgr,0.0,0.0
2450,7,24,53,"(7, 24, 53)",idx0:7_idx1:24_idx2:53,chd_conf_headgr,0.0,0.0
2451,7,24,54,"(7, 24, 54)",idx0:7_idx1:24_idx2:54,chd_conf_headgr,0.0,0.0
2452,7,24,55,"(7, 24, 55)",idx0:7_idx1:24_idx2:55,chd_conf_headgr,0.0,0.0
2453,7,24,56,"(7, 24, 56)",idx0:7_idx1:24_idx2:56,chd_conf_headgr,0.0,0.0
2454,7,24,57,"(7, 24, 57)",idx0:7_idx1:24_idx2:57,chd_conf_headgr,0.0,0.0
2455,7,24,58,"(7, 24, 58)",idx0:7_idx1:24_idx2:58,chd_conf_headgr,0.0,0.0
2456,7,24,59,"(7, 24, 59)",idx0:7_idx1:24_idx2:59,chd_conf_headgr,0.0,0.0
2457,7,24,60,"(7, 24, 60)",idx0:7_idx1:24_idx2:60,chd_conf_headgr,0.0,0.0
2458,7,24,61,"(7, 24, 61)",idx0:7_idx1:24_idx2:61,chd_conf_headgr,0.0,0.0
2459,7,24,62,"(7, 24, 62)",idx0:7_idx1:24_idx2:62,chd_conf_headgr,0.0,0.0
2460,7,24,63,"(7, 24, 63)",idx0:7_idx1:24_idx2:63,chd_conf_headgr,0.0,0.0
2461,7,24,64,"(7, 24, 64)",idx0:7_idx1:24_idx2:64,chd_conf_headgr,0.0,0.0
2462,7,24,65,"(7, 24, 65)",idx0:7_idx1:24_idx2:65,chd_conf_headgr,0.0,0.0
2463,7,24,66,"(7, 24, 66)",idx0:7_idx1:24_idx2:66,chd_conf_headgr,0.0,0.0
2464,7,24,67,"(7, 24, 67)",idx0:7_idx1:24_idx2:67,chd_conf_headgr,0.0,0.0
2465,7,24,68,"(7, 24, 68)",idx0:7_idx1:24_idx2:68,chd_conf_headgr,0.0,0.0
2466,7,24,69,"(7, 24, 69)",idx0:7_idx1:24_idx2:69,chd_conf_headgr,0.0,0.0
2467,7,24,70,"(7, 24, 70)",idx0:7_idx1:24_idx2:70,chd_conf_headgr,0.0,0.0
2468,7,24,71,"(7, 24, 71)",idx0:7_idx1:24_idx2:71,chd_conf_headgr,0.0,0.0
2469,7,24,72,"(7, 24, 72)",idx0:7_idx1:24_idx2:72,chd_conf_headgr,0.0,0.0
2470,7,24,73,"(7, 24, 73)",idx0:7_idx1:24_idx2:73,chd_conf_headgr,0.0,0.0
2471,7,24,74,"(7, 24, 74)",idx0:7_idx1:24_idx2:74,chd_conf_headgr,0.0,0.0
2472,7,24,75,"(7, 24, 75)",idx0:7_idx1:24_idx2:75,chd_conf_headgr,0.0,0.0
2473,7,24,76,"(7, 24, 76)",idx0:7_idx1:24_idx2:76,chd_conf_headgr,0.0,0.0
2474,7,24,77,"(7, 24, 77)",idx0:7_idx1:24_idx2:77,chd_conf_headgr,0.0,0.0
2475,7,24,78,"(7, 24, 78)",idx0:7_idx1:24_idx2:78,chd_conf_headgr,0.0,0.0
2476,7,24,79,"(7, 24, 79)",idx0:7_idx1:24_idx2:79,chd_conf_headgr,0.0,0.0
2477,7,24,80,"(7, 24, 80)",idx0:7_idx1:24_idx2:80,chd_conf_headgr,0.0,0.0
2478,7,24,81,"(7, 24, 81)",idx0:7_idx1:24_idx2:81,chd_conf_headgr,0.0,0.0
2479,7,24,82,"(7, 24, 82)",idx0:7_idx1:24_idx2:82,chd_conf_headgr,0.0,0.0
2480,7,24,83,"(7, 24, 83)",idx0:7_idx1:24_idx2:83,chd_conf_headgr,0.0,0.0
2481,7,24,84,"(7, 24, 84)",idx0:7_idx1:24_idx2:84,chd_conf_headgr,0.0,0.0
2482,7,24,85,"(7, 24, 85)",idx0:7_idx1:24_idx2:85,chd_conf_headgr,0.0,0.0
2483,7,24,86,"(7, 24, 86)",idx0:7_idx1:24_idx2:86,chd_conf_headgr,0.0,0.0
2484,7,24,87,"(7, 24, 87)",idx0:7_idx1:24_idx2:87,chd_conf_headgr,0.0,0.0
2485,7,24,88,"(7, 24, 88)",idx0:7_idx1:24_idx2:88,chd_conf_headgr,0.0,0.0
2486,7,24,89,"(7, 24, 89)",idx0:7_idx1:24_idx2:89,chd_conf_headgr,0.0,0.0
2487,7,24,90,"(7, 24, 90)",idx0:7_idx1:24_idx2:90,chd_conf_headgr,0.0,0.0
2488,7,24,91,"(7, 24, 91)",idx0:7_idx1:24_idx2:91,chd_conf_headgr,0.0,0.0
2489,7,24,92,"(7, 24, 92)",idx0:7_idx1:24_idx2:92,chd_conf_headgr,0.0,0.0
2490,7,24,93,"(7, 24, 93)",idx0:7_idx1:24_idx2:93,chd_conf_headgr,0.0,0.0
2491,7,24,94,"(7, 24, 94)",idx0:7_idx1:24_idx2:94,chd_conf_headgr,0.0,0.0
2492,7,24,95,"(7, 24, 95)",idx0:7_idx1:24_idx2:95,chd_conf_headgr,0.0,0.0
2493,7,24,96,"(7, 24, 96)",idx0:7_idx1:24_idx2:96,chd_conf_headgr,0.0,0.0
2494,7,24,97,"(7, 24, 97)",idx0:7_idx1:24_idx2:97,chd_conf_headgr,0.0,0.0
2495,7,24,98,"(7, 24, 98)",idx0:7_idx1:24_idx2:98,chd_conf_headgr,0.0,0.0
2496,7,24,99,"(7, 24, 99)",idx0:7_idx1:24_idx2:99,chd_conf_headgr,0.0,0.0
2497,7,24,100,"(7, 24, 100)",idx0:7_idx1:24_idx2:100,chd_conf_headgr,0.0,0.0
2498,7,24,101,"(7, 24, 101)",idx0:7_idx1:24_idx2:101,chd_conf_headgr,0.0,0.0
2499,7,24,102,"(7, 24, 102)",idx0:7_idx1:24_idx2:102,chd_conf_headgr,0.0,0.0
2500,7,24,103,"(7, 24, 103)",idx0:7_idx1:24_idx2:103,chd_conf_headgr,0.0,0.0
2501,7,24,104,"(7, 24, 104)",idx0:7_idx1:24_idx2:104,chd_conf_headgr,0.0,0.0
2502,7,24,105,"(7, 24, 105)",idx0:7_idx1:24_idx2:105,chd_conf_headgr,0.0,0.0
2503,7,24,106,"(7, 24, 106)",idx0:7_idx1:24_idx2:106,chd_conf_headgr,0.0,0.0
2504,7,24,107,"(7, 24, 107)",idx0:7_idx1:24_idx2:107,chd_conf_headgr,0.0,0.0
2505,7,24,108,"(7, 24, 108)",idx0:7_idx1:24_idx2:108,chd_conf_headgr,0.0,0.0
2506,7,24,109,"(7, 24, 109)",idx0:7_idx1:24_idx2:109,chd_conf_headgr,0.0,0.0
2507,7,24,110,"(7, 24, 110)",idx0:7_idx1:24_idx2:110,chd_conf_headgr,0.0,0.0
2508,7,24,111,"(7, 24, 111)",idx0:7_idx1:24_idx2:111,chd_conf_headgr,0.0,0.0
2509,7,24,112,"(7, 24, 112)",idx0:7_idx1:24_idx2:112,chd_conf_headgr,0.0,0.0
2510,7,24,113,"(7, 24, 113)",idx0:7_idx1:24_idx2:113,chd_conf_headgr,0.0,0.0
2511,7,24,114,"(7, 24, 114)",idx0:7_idx1:24_idx2:114,chd_conf_headgr,0.0,0.0
2512,7,24,115,"(7, 24, 115)",idx0:7_idx1:24_idx2:115,chd_conf_headgr,0.0,0.0
2513,7,24,116,"(7, 24, 116)",idx0:7_idx1:24_idx2:116,chd_conf_headgr,0.0,0.0
2514,7,24,117,"(7, 24, 117)",idx0:7_idx1:24_idx2:117,chd_conf_headgr,0.0,0.0
2515,7,24,118,"(7, 24, 118)",idx0:7_idx1:24_idx2:118,chd_conf_headgr,0.0,0.0
2516,7,24,119,"(7, 24, 119)",idx0:7_idx1:24_idx2:119,chd_conf_headgr,0.0,0.0
2517,7,24,120,"(7, 24, 120)",idx0:7_idx1:24_idx2:120,chd_conf_headgr,0.0,0.0
2518,7,24,121,"(7, 24, 121)",idx0:7_idx1:24_idx2:121,chd_conf_headgr,0.0,0.0
2519,7,24,122,"(7, 24, 122)",idx0:7_idx1:24_idx2:122,chd_conf_headgr,0.0,0.0
2520,7,24,123,"(7, 24, 123)",idx0:7_idx1:24_idx2:123,chd_conf_headgr,0.0,0.0
2521,7,24,124,"(7, 24, 124)",idx0:7_idx1:24_idx2:124,chd_conf_headgr,0.0,0.0
2522,7,24,125,"(7, 24, 125)",idx0:7_idx1:24_idx2:125,chd_conf_headgr,0.0,0.0
2523,7,24,126,"(7, 24, 126)",idx0:7_idx1:24_idx2:126,chd_conf_headgr,0.0,0.0
2524,7,24,127,"(7, 24, 127)",idx0:7_idx1:24_idx2:127,chd_conf_headgr,0.0,0.0
2525,7,24,128,"(7, 24, 128)",idx0:7_idx1:24_idx2:128,chd_conf_headgr,0.0,0.0
2526,7,24,129,"(7, 24, 129)",idx0:7_idx1:24_idx2:129,chd_conf_headgr,0.0,0.0
2527,7,24,130,"(7, 24, 130)",idx0:7_idx1:24_idx2:130,chd_conf_headgr,0.0,0.0
2528,7,24,131,"(7, 24, 131)",idx0:7_idx1:24_idx2:131,chd_conf_headgr,0.0,0.0
2529,7,24,132,"(7, 24, 132)",idx0:7_idx1:24_idx2:132,chd_conf_headgr,0.0,0.0
2530,7,24,133,"(7, 24, 133)",idx0:7_idx1:24_idx2:133,chd_conf_headgr,0.0,0.0
2531,7,24,134,"(7, 24, 134)",idx0:7_idx1:24_idx2:134,chd_conf_headgr,0.0,0.0
2532,7,24,135,"(7, 24, 135)",idx0:7_idx1:24_idx2:135,chd_conf_headgr,0.0,0.0
2533,7,24,136,"(7, 24, 136)",idx0:7_idx1:24_idx2:136,chd_conf_headgr,0.0,0.0
2534,7,24,137,"(7, 24, 137)",idx0:7_idx1:24_idx2:137,chd_conf_headgr,0.0,0.0
2535,7,24,138,"(7, 24, 138)",idx0:7_idx1:24_idx2:138,chd_conf_headgr,0.0,0.0
2536,7,24,139,"(7, 24, 139)",idx0:7_idx1:24_idx2:139,chd_conf_headgr,0.0,0.0
2537,7,24,140,"(7, 24, 140)",idx0:7_idx1:24_idx2:140,chd_conf_headgr,0.0,0.0
2538,7,24,141,"(7, 24, 141)",idx0:7_idx1:24_idx2:141,chd_conf_headgr,0.0,0.0
2539,7,24,142,"(7, 24, 142)",idx0:7_idx1:24_idx2:142,chd_conf_headgr,0.0,0.0
2540,7,24,143,"(7, 24, 143)",idx0:7_idx1:24_idx2:143,chd_conf_headgr,0.0,0.0
2541,7,24,144,"(7, 24, 144)",idx0:7_idx1:24_idx2:144,chd_conf_headgr,0.0,0.0
2542,7,24,145,"(7, 24, 145)",idx0:7_idx1:24_idx2:145,chd_conf_headgr,0.0,0.0
2543,7,24,146,"(7, 24, 146)",idx0:7_idx1:24_idx2:146,chd_conf_headgr,0.0,0.0
2544,7,24,147,"(7, 24, 147)",idx0:7_idx1:24_idx2:147,chd_conf_headgr,0.0,0.0
2545,7,24,148,"(7, 24, 148)",idx0:7_idx1:24_idx2:148,chd_conf_headgr,0.0,0.0
2546,7,24,149,"(7, 24, 149)",idx0:7_idx1:24_idx2:149,chd_conf_headgr,0.0,0.0
2547,7,25,22,"(7, 25, 22)",idx0:7_idx1:25_idx2:22,chd_conf_headgr,0.0,0.0
2548,7,25,23,"(7, 25, 23)",idx0:7_idx1:25_idx2:23,chd_conf_headgr,0.0,0.0
2549,7,25,24,"(7, 25, 24)",idx0:7_idx1:25_idx2:24,chd_conf_headgr,0.0,0.0
2550,7,25,25,"(7, 25, 25)",idx0:7_idx1:25_idx2:25,chd_conf_headgr,0.0,0.0
2551,7,25,26,"(7, 25, 26)",idx0:7_idx1:25_idx2:26,chd_conf_headgr,0.0,0.0
2552,7,25,27,"(7, 25, 27)",idx0:7_idx1:25_idx2:27,chd_conf_headgr,0.0,0.0
2553,7,25,28,"(7, 25, 28)",idx0:7_idx1:25_idx2:28,chd_conf_headgr,0.0,0.0
2554,7,25,29,"(7, 25, 29)",idx0:7_idx1:25_idx2:29,chd_conf_headgr,0.0,0.0
2555,7,25,30,"(7, 25, 30)",idx0:7_idx1:25_idx2:30,chd_conf_headgr,0.0,0.0
2556,7,25,31,"(7, 25, 31)",idx0:7_idx1:25_idx2:31,chd_conf_headgr,0.0,0.0
2557,7,25,32,"(7, 25, 32)",idx0:7_idx1:25_idx2:32,chd_conf_headgr,0.0,0.0
2558,7,25,33,"(7, 25, 33)",idx0:7_idx1:25_idx2:33,chd_conf_headgr,0.0,0.0
2559,7,25,34,"(7, 25, 34)",idx0:7_idx1:25_idx2:34,chd_conf_headgr,0.0,0.0
2560,7,25,35,"(7, 25, 35)",idx0:7_idx1:25_idx2:35,chd_conf_headgr,0.0,0.0
2561,7,25,36,"(7, 25, 36)",idx0:7_idx1:25_idx2:36,chd_conf_headgr,0.0,0.0
2562,7,25,37,"(7, 25, 37)",idx0:7_idx1:25_idx2:37,chd_conf_headgr,0.0,0.0
2563,7,25,38,"(7, 25, 38)",idx0:7_idx1:25_idx2:38,chd_conf_headgr,0.0,0.0
2564,7,25,39,"(7, 25, 39)",idx0:7_idx1:25_idx2:39,chd_conf_headgr,0.0,0.0
2565,7,25,40,"(7, 25, 40)",idx0:7_idx1:25_idx2:40,chd_conf_headgr,0.0,0.0
2566,7,25,41,"(7, 25, 41)",idx0:7_idx1:25_idx2:41,chd_conf_headgr,0.0,0.0
2567,7,25,42,"(7, 25, 42)",idx0:7_idx1:25_idx2:42,chd_conf_headgr,0.0,0.0
2568,7,25,43,"(7, 25, 43)",idx0:7_idx1:25_idx2:43,chd_conf_headgr,0.0,0.0
2569,7,25,44,"(7, 25, 44)",idx0:7_idx1:25_idx2:44,chd_conf_headgr,0.0,0.0
2570,7,25,45,"(7, 25, 45)",idx0:7_idx1:25_idx2:45,chd_conf_headgr,0.0,0.0
2571,7,25,46,"(7, 25, 46)",idx0:7_idx1:25_idx2:46,chd_conf_headgr,0.0,0.0
2572,7,25,47,"(7, 25, 47)",idx0:7_idx1:25_idx2:47,chd_conf_headgr,0.0,0.0
2573,7,25,48,"(7, 25, 48)",idx0:7_idx1:25_idx2:48,chd_conf_headgr,0.0,0.0
2574,7,25,49,"(7, 25, 49)",idx0:7_idx1:25_idx2:49,chd_conf_headgr,0.0,0.0
2575,7,25,50,"(7, 25, 50)",idx0:7_idx1:25_idx2:50,chd_conf_headgr,0.0,0.0
2576,7,25,51,"(7, 25, 51)",idx0:7_idx1:25_idx2:51,chd_conf_headgr,0.0,0.0
2577,7,25,52,"(7, 25, 52)",idx0:7_idx1:25_idx2:52,chd_conf_headgr,0.0,0.0
2578,7,25,53,"(7, 25, 53)",idx0:7_idx1:25_idx2:53,chd_conf_headgr,0.0,0.0
2579,7,25,54,"(7, 25, 54)",idx0:7_idx1:25_idx2:54,chd_conf_headgr,0.0,0.0
2580,7,25,55,"(7, 25, 55)",idx0:7_idx1:25_idx2:55,chd_conf_headgr,0.0,0.0
2581,7,25,56,"(7, 25, 56)",idx0:7_idx1:25_idx2:56,chd_conf_headgr,0.0,0.0
2582,7,25,57,"(7, 25, 57)",idx0:7_idx1:25_idx2:57,chd_conf_headgr,0.0,0.0
2583,7,25,58,"(7, 25, 58)",idx0:7_idx1:25_idx2:58,chd_conf_headgr,0.0,0.0
2584,7,25,59,"(7, 25, 59)",idx0:7_idx1:25_idx2:59,chd_conf_headgr,0.0,0.0
2585,7,25,60,"(7, 25, 60)",idx0:7_idx1:25_idx2:60,chd_conf_headgr,0.0,0.0
2586,7,25,61,"(7, 25, 61)",idx0:7_idx1:25_idx2:61,chd_conf_headgr,0.0,0.0
2587,7,25,62,"(7, 25, 62)",idx0:7_idx1:25_idx2:62,chd_conf_headgr,0.0,0.0
2588,7,25,63,"(7, 25, 63)",idx0:7_idx1:25_idx2:63,chd_conf_headgr,0.0,0.0
2589,7,25,64,"(7, 25, 64)",idx0:7_idx1:25_idx2:64,chd_conf_headgr,0.0,0.0
2590,7,25,65,"(7, 25, 65)",idx0:7_idx1:25_idx2:65,chd_conf_headgr,0.0,0.0
2591,7,25,66,"(7, 25, 66)",idx0:7_idx1:25_idx2:66,chd_conf_headgr,0.0,0.0
2592,7,25,67,"(7, 25, 67)",idx0:7_idx1:25_idx2:67,chd_conf_headgr,0.0,0.0
2593,7,25,68,"(7, 25, 68)",idx0:7_idx1:25_idx2:68,chd_conf_headgr,0.0,0.0
2594,7,25,69,"(7, 25, 69)",idx0:7_idx1:25_idx2:69,chd_conf_headgr,0.0,0.0
2595,7,25,70,"(7, 25, 70)",idx0:7_idx1:25_idx2:70,chd_conf_headgr,0.0,0.0
2596,7,25,71,"(7, 25, 71)",idx0:7_idx1:25_idx2:71,chd_conf_headgr,0.0,0.0
2597,7,25,72,"(7, 25, 72)",idx0:7_idx1:25_idx2:72,chd_conf_headgr,0.0,0.0
2598,7,25,73,"(7, 25, 73)",idx0:7_idx1:25_idx2:73,chd_conf_headgr,0.0,0.0
2599,7,25,74,"(7, 25, 74)",idx0:7_idx1:25_idx2:74,chd_conf_headgr,0.0,0.0
2600,7,25,75,"(7, 25, 75)",idx0:7_idx1:25_idx2:75,chd_conf_headgr,0.0,0.0
2601,7,25,76,"(7, 25, 76)",idx0:7_idx1:25_idx2:76,chd_conf_headgr,0.0,0.0
2602,7,25,77,"(7, 25, 77)",idx0:7_idx1:25_idx2:77,chd_conf_headgr,0.0,0.0
2603,7,25,78,"(7, 25, 78)",idx0:7_idx1:25_idx2:78,chd_conf_headgr,0.0,0.0
2604,7,25,79,"(7, 25, 79)",idx0:7_idx1:25_idx2:79,chd_conf_headgr,0.0,0.0
2605,7,25,80,"(7, 25, 80)",idx0:7_idx1:25_idx2:80,chd_conf_headgr,0.0,0.0
2606,7,25,81,"(7, 25, 81)",idx0:7_idx1:25_idx2:81,chd_conf_headgr,0.0,0.0
2607,7,25,82,"(7, 25, 82)",idx0:7_idx1:25_idx2:82,chd_conf_headgr,0.0,0.0
2608,7,25,83,"(7, 25, 83)",idx0:7_idx1:25_idx2:83,chd_conf_headgr,0.0,0.0
2609,7,25,84,"(7, 25, 84)",idx0:7_idx1:25_idx2:84,chd_conf_headgr,0.0,0.0
2610,7,25,85,"(7, 25, 85)",idx0:7_idx1:25_idx2:85,chd_conf_headgr,0.0,0.0
2611,7,25,86,"(7, 25, 86)",idx0:7_idx1:25_idx2:86,chd_conf_headgr,0.0,0.0
2612,7,25,87,"(7, 25, 87)",idx0:7_idx1:25_idx2:87,chd_conf_headgr,0.0,0.0
2613,7,25,88,"(7, 25, 88)",idx0:7_idx1:25_idx2:88,chd_conf_headgr,0.0,0.0
2614,7,25,89,"(7, 25, 89)",idx0:7_idx1:25_idx2:89,chd_conf_headgr,0.0,0.0
2615,7,25,90,"(7, 25, 90)",idx0:7_idx1:25_idx2:90,chd_conf_headgr,0.0,0.0
2616,7,25,91,"(7, 25, 91)",idx0:7_idx1:25_idx2:91,chd_conf_headgr,0.0,0.0
2617,7,25,92,"(7, 25, 92)",idx0:7_idx1:25_idx2:92,chd_conf_headgr,0.0,0.0
2618,7,25,93,"(7, 25, 93)",idx0:7_idx1:25_idx2:93,chd_conf_headgr,0.0,0.0
2619,7,25,94,"(7, 25, 94)",idx0:7_idx1:25_idx2:94,chd_conf_headgr,0.0,0.0
2620,7,25,95,"(7, 25, 95)",idx0:7_idx1:25_idx2:95,chd_conf_headgr,0.0,0.0
2621,7,25,96,"(7, 25, 96)",idx0:7_idx1:25_idx2:96,chd_conf_headgr,0.0,0.0
2622,7,25,97,"(7, 25, 97)",idx0:7_idx1:25_idx2:97,chd_conf_headgr,0.0,0.0
2623,7,25,98,"(7, 25, 98)",idx0:7_idx1:25_idx2:98,chd_conf_headgr,0.0,0.0
2624,7,25,99,"(7, 25, 99)",idx0:7_idx1:25_idx2:99,chd_conf_headgr,0.0,0.0
2625,7,25,100,"(7, 25, 100)",idx0:7_idx1:25_idx2:100,chd_conf_headgr,0.0,0.0
2626,7,25,101,"(7, 25, 101)",idx0:7_idx1:25_idx2:101,chd_conf_headgr,0.0,0.0
2627,7,25,102,"(7, 25, 102)",idx0:7_idx1:25_idx2:102,chd_conf_headgr,0.0,0.0
2628,7,25,103,"(7, 25, 103)",idx0:7_idx1:25_idx2:103,chd_conf_headgr,0.0,0.0
2629,7,25,104,"(7, 25, 104)",idx0:7_idx1:25_idx2:104,chd_conf_headgr,0.0,0.0
2630,7,25,105,"(7, 25, 105)",idx0:7_idx1:25_idx2:105,chd_conf_headgr,0.0,0.0
2631,7,25,106,"(7, 25, 106)",idx0:7_idx1:25_idx2:106,chd_conf_headgr,0.0,0.0
2632,7,25,107,"(7, 25, 107)",idx0:7_idx1:25_idx2:107,chd_conf_headgr,0.0,0.0
2633,7,25,108,"(7, 25, 108)",idx0:7_idx1:25_idx2:108,chd_conf_headgr,0.0,0.0
2634,7,25,109,"(7, 25, 109)",idx0:7_idx1:25_idx2:109,chd_conf_headgr,0.0,0.0
2635,7,25,110,"(7, 25, 110)",idx0:7_idx1:25_idx2:110,chd_conf_headgr,0.0,0.0
2636,7,25,111,"(7, 25, 111)",idx0:7_idx1:25_idx2:111,chd_conf_headgr,0.0,0.0
2637,7,25,112,"(7, 25, 112)",idx0:7_idx1:25_idx2:112,chd_conf_headgr,0.0,0.0
2638,7,25,113,"(7, 25, 113)",idx0:7_idx1:25_idx2:113,chd_conf_headgr,0.0,0.0
2639,7,25,114,"(7, 25, 114)",idx0:7_idx1:25_idx2:114,chd_conf_headgr,0.0,0.0
2640,7,25,115,"(7, 25, 115)",idx0:7_idx1:25_idx2:115,chd_conf_headgr,0.0,0.0
2641,7,25,116,"(7, 25, 116)",idx0:7_idx1:25_idx2:116,chd_conf_headgr,0.0,0.0
2642,7,25,117,"(7, 25, 117)",idx0:7_idx1:25_idx2:117,chd_conf_headgr,0.0,0.0
2643,7,25,118,"(7, 25, 118)",idx0:7_idx1:25_idx2:118,chd_conf_headgr,0.0,0.0
2644,7,25,119,"(7, 25, 119)",idx0:7_idx1:25_idx2:119,chd_conf_headgr,0.0,0.0
2645,7,25,120,"(7, 25, 120)",idx0:7_idx1:25_idx2:120,chd_conf_headgr,0.0,0.0
2646,7,25,121,"(7, 25, 121)",idx0:7_idx1:25_idx2:121,chd_conf_headgr,0.0,0.0
2647,7,25,122,"(7, 25, 122)",idx0:7_idx1:25_idx2:122,chd_conf_headgr,0.0,0.0
2648,7,25,123,"(7, 25, 123)",idx0:7_idx1:25_idx2:123,chd_conf_headgr,0.0,0.0
2649,7,25,124,"(7, 25, 124)",idx0:7_idx1:25_idx2:124,chd_conf_headgr,0.0,0.0
2650,7,25,125,"(7, 25, 125)",idx0:7_idx1:25_idx2:125,chd_conf_headgr,0.0,0.0
2651,7,25,126,"(7, 25, 126)",idx0:7_idx1:25_idx2:126,chd_conf_headgr,0.0,0.0
2652,7,25,127,"(7, 25, 127)",idx0:7_idx1:25_idx2:127,chd_conf_headgr,0.0,0.0
2653,7,25,128,"(7, 25, 128)",idx0:7_idx1:25_idx2:128,chd_conf_headgr,0.0,0.0
2654,7,25,129,"(7, 25, 129)",idx0:7_idx1:25_idx2:129,chd_conf_headgr,0.0,0.0
2655,7,25,130,"(7, 25, 130)",idx0:7_idx1:25_idx2:130,chd_conf_headgr,0.0,0.0
2656,7,25,131,"(7, 25, 131)",idx0:7_idx1:25_idx2:131,chd_conf_headgr,0.0,0.0
2657,7,25,132,"(7, 25, 132)",idx0:7_idx1:25_idx2:132,chd_conf_headgr,0.0,0.0
2658,7,25,133,"(7, 25, 133)",idx0:7_idx1:25_idx2:133,chd_conf_headgr,0.0,0.0
2659,7,25,134,"(7, 25, 134)",idx0:7_idx1:25_idx2:134,chd_conf_headgr,0.0,0.0
2660,7,25,135,"(7, 25, 135)",idx0:7_idx1:25_idx2:135,chd_conf_headgr,0.0,0.0
2661,7,25,136,"(7, 25, 136)",idx0:7_idx1:25_idx2:136,chd_conf_headgr,0.0,0.0
2662,7,25,137,"(7, 25, 137)",idx0:7_idx1:25_idx2:137,chd_conf_headgr,0.0,0.0
2663,7,25,138,"(7, 25, 138)",idx0:7_idx1:25_idx2:138,chd_conf_headgr,0.0,0.0
2664,7,25,139,"(7, 25, 139)",idx0:7_idx1:25_idx2:139,chd_conf_headgr,0.0,0.0
2665,7,25,140,"(7, 25, 140)",idx0:7_idx1:25_idx2:140,chd_conf_headgr,0.0,0.0
2666,7,25,141,"(7, 25, 141)",idx0:7_idx1:25_idx2:141,chd_conf_headgr,0.0,0.0
2667,7,25,142,"(7, 25, 142)",idx0:7_idx1:25_idx2:142,chd_conf_headgr,0.0,0.0
2668,7,25,143,"(7, 25, 143)",idx0:7_idx1:25_idx2:143,chd_conf_headgr,0.0,0.0
2669,7,25,144,"(7, 25, 144)",idx0:7_idx1:25_idx2:144,chd_conf_headgr,0.0,0.0
2670,7,25,145,"(7, 25, 145)",idx0:7_idx1:25_idx2:145,chd_conf_headgr,0.0,0.0
2671,7,25,146,"(7, 25, 146)",idx0:7_idx1:25_idx2:146,chd_conf_headgr,0.0,0.0
2672,7,25,147,"(7, 25, 147)",idx0:7_idx1:25_idx2:147,chd_conf_headgr,0.0,0.0
2673,7,25,148,"(7, 25, 148)",idx0:7_idx1:25_idx2:148,chd_conf_headgr,0.0,0.0
2674,7,25,149,"(7, 25, 149)",idx0:7_idx1:25_idx2:149,chd_conf_headgr,0.0,0.0
2675,7,26,20,"(7, 26, 20)",idx0:7_idx1:26_idx2:20,chd_conf_headgr,0.0,0.0
2676,7,26,21,"(7, 26, 21)",idx0:7_idx1:26_idx2:21,chd_conf_headgr,0.0,0.0
2677,7,26,22,"(7, 26, 22)",idx0:7_idx1:26_idx2:22,chd_conf_headgr,0.0,0.0
2678,7,26,23,"(7, 26, 23)",idx0:7_idx1:26_idx2:23,chd_conf_headgr,0.0,0.0
2679,7,26,24,"(7, 26, 24)",idx0:7_idx1:26_idx2:24,chd_conf_headgr,0.0,0.0
2680,7,26,25,"(7, 26, 25)",idx0:7_idx1:26_idx2:25,chd_conf_headgr,0.0,0.0
2681,7,26,26,"(7, 26, 26)",idx0:7_idx1:26_idx2:26,chd_conf_headgr,0.0,0.0
2682,7,26,27,"(7, 26, 27)",idx0:7_idx1:26_idx2:27,chd_conf_headgr,0.0,0.0
2683,7,26,28,"(7, 26, 28)",idx0:7_idx1:26_idx2:28,chd_conf_headgr,0.0,0.0
2684,7,26,29,"(7, 26, 29)",idx0:7_idx1:26_idx2:29,chd_conf_headgr,0.0,0.0
2685,7,26,30,"(7, 26, 30)",idx0:7_idx1:26_idx2:30,chd_conf_headgr,0.0,0.0
2686,7,26,31,"(7, 26, 31)",idx0:7_idx1:26_idx2:31,chd_conf_headgr,0.0,0.0
2687,7,26,32,"(7, 26, 32)",idx0:7_idx1:26_idx2:32,chd_conf_headgr,0.0,0.0
2688,7,26,33,"(7, 26, 33)",idx0:7_idx1:26_idx2:33,chd_conf_headgr,0.0,0.0
2689,7,26,34,"(7, 26, 34)",idx0:7_idx1:26_idx2:34,chd_conf_headgr,0.0,0.0
2690,7,26,35,"(7, 26, 35)",idx0:7_idx1:26_idx2:35,chd_conf_headgr,0.0,0.0
2691,7,26,36,"(7, 26, 36)",idx0:7_idx1:26_idx2:36,chd_conf_headgr,0.0,0.0
2692,7,26,37,"(7, 26, 37)",idx0:7_idx1:26_idx2:37,chd_conf_headgr,0.0,0.0
2693,7,26,38,"(7, 26, 38)",idx0:7_idx1:26_idx2:38,chd_conf_headgr,0.0,0.0
2694,7,26,39,"(7, 26, 39)",idx0:7_idx1:26_idx2:39,chd_conf_headgr,0.0,0.0
2695,7,26,40,"(7, 26, 40)",idx0:7_idx1:26_idx2:40,chd_conf_headgr,0.0,0.0
2696,7,26,41,"(7, 26, 41)",idx0:7_idx1:26_idx2:41,chd_conf_headgr,0.0,0.0
2697,7,26,42,"(7, 26, 42)",idx0:7_idx1:26_idx2:42,chd_conf_headgr,0.0,0.0
2698,7,26,43,"(7, 26, 43)",idx0:7_idx1:26_idx2:43,chd_conf_headgr,0.0,0.0
2699,7,26,44,"(7, 26, 44)",idx0:7_idx1:26_idx2:44,chd_conf_headgr,0.0,0.0
2700,7,26,45,"(7, 26, 45)",idx0:7_idx1:26_idx2:45,chd_conf_headgr,0.0,0.0
2701,7,26,46,"(7, 26, 46)",idx0:7_idx1:26_idx2:46,chd_conf_headgr,0.0,0.0
2702,7,26,47,"(7, 26, 47)",idx0:7_idx1:26_idx2:47,chd_conf_headgr,0.0,0.0
2703,7,26,48,"(7, 26, 48)",idx0:7_idx1:26_idx2:48,chd_conf_headgr,0.0,0.0
2704,7,26,49,"(7, 26, 49)",idx0:7_idx1:26_idx2:49,chd_conf_headgr,0.0,0.0
2705,7,26,50,"(7, 26, 50)",idx0:7_idx1:26_idx2:50,chd_conf_headgr,0.0,0.0
2706,7,26,51,"(7, 26, 51)",idx0:7_idx1:26_idx2:51,chd_conf_headgr,0.0,0.0
2707,7,26,52,"(7, 26, 52)",idx0:7_idx1:26_idx2:52,chd_conf_headgr,0.0,0.0
2708,7,26,53,"(7, 26, 53)",idx0:7_idx1:26_idx2:53,chd_conf_headgr,0.0,0.0
2709,7,26,54,"(7, 26, 54)",idx0:7_idx1:26_idx2:54,chd_conf_headgr,0.0,0.0
2710,7,26,55,"(7, 26, 55)",idx0:7_idx1:26_idx2:55,chd_conf_headgr,0.0,0.0
2711,7,26,56,"(7, 26, 56)",idx0:7_idx1:26_idx2:56,chd_conf_headgr,0.0,0.0
2712,7,26,57,"(7, 26, 57)",idx0:7_idx1:26_idx2:57,chd_conf_headgr,0.0,0.0
2713,7,26,58,"(7, 26, 58)",idx0:7_idx1:26_idx2:58,chd_conf_headgr,0.0,0.0
2714,7,26,59,"(7, 26, 59)",idx0:7_idx1:26_idx2:59,chd_conf_headgr,0.0,0.0
2715,7,26,60,"(7, 26, 60)",idx0:7_idx1:26_idx2:60,chd_conf_headgr,0.0,0.0
2716,7,26,61,"(7, 26, 61)",idx0:7_idx1:26_idx2:61,chd_conf_headgr,0.0,0.0
2717,7,26,62,"(7, 26, 62)",idx0:7_idx1:26_idx2:62,chd_conf_headgr,0.0,0.0
2718,7,26,63,"(7, 26, 63)",idx0:7_idx1:26_idx2:63,chd_conf_headgr,0.0,0.0
2719,7,26,64,"(7, 26, 64)",idx0:7_idx1:26_idx2:64,chd_conf_headgr,0.0,0.0
2720,7,26,65,"(7, 26, 65)",idx0:7_idx1:26_idx2:65,chd_conf_headgr,0.0,0.0
2721,7,26,66,"(7, 26, 66)",idx0:7_idx1:26_idx2:66,chd_conf_headgr,0.0,0.0
2722,7,26,67,"(7, 26, 67)",idx0:7_idx1:26_idx2:67,chd_conf_headgr,0.0,0.0
2723,7,26,68,"(7, 26, 68)",idx0:7_idx1:26_idx2:68,chd_conf_headgr,0.0,0.0
2724,7,26,69,"(7, 26, 69)",idx0:7_idx1:26_idx2:69,chd_conf_headgr,0.0,0.0
2725,7,26,70,"(7, 26, 70)",idx0:7_idx1:26_idx2:70,chd_conf_headgr,0.0,0.0
2726,7,26,71,"(7, 26, 71)",idx0:7_idx1:26_idx2:71,chd_conf_headgr,0.0,0.0
2727,7,26,72,"(7, 26, 72)",idx0:7_idx1:26_idx2:72,chd_conf_headgr,0.0,0.0
2728,7,26,73,"(7, 26, 73)",idx0:7_idx1:26_idx2:73,chd_conf_headgr,0.0,0.0
2729,7,26,74,"(7, 26, 74)",idx0:7_idx1:26_idx2:74,chd_conf_headgr,0.0,0.0
2730,7,26,75,"(7, 26, 75)",idx0:7_idx1:26_idx2:75,chd_conf_headgr,0.0,0.0
2731,7,26,76,"(7, 26, 76)",idx0:7_idx1:26_idx2:76,chd_conf_headgr,0.0,0.0
2732,7,26,77,"(7, 26, 77)",idx0:7_idx1:26_idx2:77,chd_conf_headgr,0.0,0.0
2733,7,26,78,"(7, 26, 78)",idx0:7_idx1:26_idx2:78,chd_conf_headgr,0.0,0.0
2734,7,26,79,"(7, 26, 79)",idx0:7_idx1:26_idx2:79,chd_conf_headgr,0.0,0.0
2735,7,26,80,"(7, 26, 80)",idx0:7_idx1:26_idx2:80,chd_conf_headgr,0.0,0.0
2736,7,26,81,"(7, 26, 81)",idx0:7_idx1:26_idx2:81,chd_conf_headgr,0.0,0.0
2737,7,26,82,"(7, 26, 82)",idx0:7_idx1:26_idx2:82,chd_conf_headgr,0.0,0.0
2738,7,26,83,"(7, 26, 83)",idx0:7_idx1:26_idx2:83,chd_conf_headgr,0.0,0.0
2739,7,26,84,"(7, 26, 84)",idx0:7_idx1:26_idx2:84,chd_conf_headgr,0.0,0.0
2740,7,26,85,"(7, 26, 85)",idx0:7_idx1:26_idx2:85,chd_conf_headgr,0.0,0.0
2741,7,26,86,"(7, 26, 86)",idx0:7_idx1:26_idx2:86,chd_conf_headgr,0.0,0.0
2742,7,26,87,"(7, 26, 87)",idx0:7_idx1:26_idx2:87,chd_conf_headgr,0.0,0.0
2743,7,26,88,"(7, 26, 88)",idx0:7_idx1:26_idx2:88,chd_conf_headgr,0.0,0.0
2744,7,26,89,"(7, 26, 89)",idx0:7_idx1:26_idx2:89,chd_conf_headgr,0.0,0.0
2745,7,26,90,"(7, 26, 90)",idx0:7_idx1:26_idx2:90,chd_conf_headgr,0.0,0.0
2746,7,26,91,"(7, 26, 91)",idx0:7_idx1:26_idx2:91,chd_conf_headgr,0.0,0.0
2747,7,26,92,"(7, 26, 92)",idx0:7_idx1:26_idx2:92,chd_conf_headgr,0.0,0.0
2748,7,26,93,"(7, 26, 93)",idx0:7_idx1:26_idx2:93,chd_conf_headgr,0.0,0.0
2749,7,26,94,"(7, 26, 94)",idx0:7_idx1:26_idx2:94,chd_conf_headgr,0.0,0.0
2750,7,26,95,"(7, 26, 95)",idx0:7_idx1:26_idx2:95,chd_conf_headgr,0.0,0.0
2751,7,26,96,"(7, 26, 96)",idx0:7_idx1:26_idx2:96,chd_conf_headgr,0.0,0.0
2752,7,26,97,"(7, 26, 97)",idx0:7_idx1:26_idx2:97,chd_conf_headgr,0.0,0.0
2753,7,26,98,"(7, 26, 98)",idx0:7_idx1:26_idx2:98,chd_conf_headgr,0.0,0.0
2754,7,26,99,"(7, 26, 99)",idx0:7_idx1:26_idx2:99,chd_conf_headgr,0.0,0.0
2755,7,26,100,"(7, 26, 100)",idx0:7_idx1:26_idx2:100,chd_conf_headgr,0.0,0.0
2756,7,26,101,"(7, 26, 101)",idx0:7_idx1:26_idx2:101,chd_conf_headgr,0.0,0.0
2757,7,26,102,"(7, 26, 102)",idx0:7_idx1:26_idx2:102,chd_conf_headgr,0.0,0.0
2758,7,26,103,"(7, 26, 103)",idx0:7_idx1:26_idx2:103,chd_conf_headgr,0.0,0.0
2759,7,26,104,"(7, 26, 104)",idx0:7_idx1:26_idx2:104,chd_conf_headgr,0.0,0.0
2760,7,26,105,"(7, 26, 105)",idx0:7_idx1:26_idx2:105,chd_conf_headgr,0.0,0.0
2761,7,26,106,"(7, 26, 106)",idx0:7_idx1:26_idx2:106,chd_conf_headgr,0.0,0.0
2762,7,26,107,"(7, 26, 107)",idx0:7_idx1:26_idx2:107,chd_conf_headgr,0.0,0.0
2763,7,26,108,"(7, 26, 108)",idx0:7_idx1:26_idx2:108,chd_conf_headgr,0.0,0.0
2764,7,26,109,"(7, 26, 109)",idx0:7_idx1:26_idx2:109,chd_conf_headgr,0.0,0.0
2765,7,26,110,"(7, 26, 110)",idx0:7_idx1:26_idx2:110,chd_conf_headgr,0.0,0.0
2766,7,26,111,"(7, 26, 111)",idx0:7_idx1:26_idx2:111,chd_conf_headgr,0.0,0.0
2767,7,26,112,"(7, 26, 112)",idx0:7_idx1:26_idx2:112,chd_conf_headgr,0.0,0.0
2768,7,26,113,"(7, 26, 113)",idx0:7_idx1:26_idx2:113,chd_conf_headgr,0.0,0.0
2769,7,26,114,"(7, 26, 114)",idx0:7_idx1:26_idx2:114,chd_conf_headgr,0.0,0.0
2770,7,26,115,"(7, 26, 115)",idx0:7_idx1:26_idx2:115,chd_conf_headgr,0.0,0.0
2771,7,26,116,"(7, 26, 116)",idx0:7_idx1:26_idx2:116,chd_conf_headgr,0.0,0.0
2772,7,26,117,"(7, 26, 117)",idx0:7_idx1:26_idx2:117,chd_conf_headgr,0.0,0.0
2773,7,26,118,"(7, 26, 118)",idx0:7_idx1:26_idx2:118,chd_conf_headgr,0.0,0.0
2774,7,26,119,"(7, 26, 119)",idx0:7_idx1:26_idx2:119,chd_conf_headgr,0.0,0.0
2775,7,26,120,"(7, 26, 120)",idx0:7_idx1:26_idx2:120,chd_conf_headgr,0.0,0.0
2776,7,26,121,"(7, 26, 121)",idx0:7_idx1:26_idx2:121,chd_conf_headgr,0.0,0.0
2777,7,26,122,"(7, 26, 122)",idx0:7_idx1:26_idx2:122,chd_conf_headgr,0.0,0.0
2778,7,26,123,"(7, 26, 123)",idx0:7_idx1:26_idx2:123,chd_conf_headgr,0.0,0.0
2779,7,26,124,"(7, 26, 124)",idx0:7_idx1:26_idx2:124,chd_conf_headgr,0.0,0.0
2780,7,26,125,"(7, 26, 125)",idx0:7_idx1:26_idx2:125,chd_conf_headgr,0.0,0.0
2781,7,26,126,"(7, 26, 126)",idx0:7_idx1:26_idx2:126,chd_conf_headgr,0.0,0.0
2782,7,26,127,"(7, 26, 127)",idx0:7_idx1:26_idx2:127,chd_conf_headgr,0.0,0.0
2783,7,26,128,"(7, 26, 128)",idx0:7_idx1:26_idx2:128,chd_conf_headgr,0.0,0.0
2784,7,26,129,"(7, 26, 129)",idx0:7_idx1:26_idx2:129,chd_conf_headgr,0.0,0.0
2785,7,26,130,"(7, 26, 130)",idx0:7_idx1:26_idx2:130,chd_conf_headgr,0.0,0.0
2786,7,26,131,"(7, 26, 131)",idx0:7_idx1:26_idx2:131,chd_conf_headgr,0.0,0.0
2787,7,26,132,"(7, 26, 132)",idx0:7_idx1:26_idx2:132,chd_conf_headgr,0.0,0.0
2788,7,26,133,"(7, 26, 133)",idx0:7_idx1:26_idx2:133,chd_conf_headgr,0.0,0.0
2789,7,26,134,"(7, 26, 134)",idx0:7_idx1:26_idx2:134,chd_conf_headgr,0.0,0.0
2790,7,26,135,"(7, 26, 135)",idx0:7_idx1:26_idx2:135,chd_conf_headgr,0.0,0.0
2791,7,26,136,"(7, 26, 136)",idx0:7_idx1:26_idx2:136,chd_conf_headgr,0.0,0.0
2792,7,26,137,"(7, 26, 137)",idx0:7_idx1:26_idx2:137,chd_conf_headgr,0.0,0.0
2793,7,26,138,"(7, 26, 138)",idx0:7_idx1:26_idx2:138,chd_conf_headgr,0.0,0.0
2794,7,26,139,"(7, 26, 139)",idx0:7_idx1:26_idx2:139,chd_conf_headgr,0.0,0.0
2795,7,26,140,"(7, 26, 140)",idx0:7_idx1:26_idx2:140,chd_conf_headgr,0.0,0.0
2796,7,26,141,"(7, 26, 141)",idx0:7_idx1:26_idx2:141,chd_conf_headgr,0.0,0.0
2797,7,26,142,"(7, 26, 142)",idx0:7_idx1:26_idx2:142,chd_conf_headgr,0.0,0.0
2798,7,26,143,"(7, 26, 143)",idx0:7_idx1:26_idx2:143,chd_conf_headgr,0.0,0.0
2799,7,26,144,"(7, 26, 144)",idx0:7_idx1:26_idx2:144,chd_conf_headgr,0.0,0.0
2800,7,26,145,"(7, 26, 145)",idx0:7_idx1:26_idx2:145,chd_conf_headgr,0.0,0.0
2801,7,26,146,"(7, 26, 146)",idx0:7_idx1:26_idx2:146,chd_conf_headgr,0.0,0.0
2802,7,26,147,"(7, 26, 147)",idx0:7_idx1:26_idx2:147,chd_conf_headgr,0.0,0.0
2803,7,26,148,"(7, 26, 148)",idx0:7_idx1:26_idx2:148,chd_conf_headgr,0.0,0.0
2804,7,26,149,"(7, 26, 149)",idx0:7_idx1:26_idx2:149,chd_conf_headgr,0.0,0.0
2805,7,27,20,"(7, 27, 20)",idx0:7_idx1:27_idx2:20,chd_conf_headgr,0.0,0.0
2806,7,27,21,"(7, 27, 21)",idx0:7_idx1:27_idx2:21,chd_conf_headgr,0.0,0.0
2807,7,27,22,"(7, 27, 22)",idx0:7_idx1:27_idx2:22,chd_conf_headgr,0.0,0.0
2808,7,27,23,"(7, 27, 23)",idx0:7_idx1:27_idx2:23,chd_conf_headgr,0.0,0.0
2809,7,27,24,"(7, 27, 24)",idx0:7_idx1:27_idx2:24,chd_conf_headgr,0.0,0.0
2810,7,27,25,"(7, 27, 25)",idx0:7_idx1:27_idx2:25,chd_conf_headgr,0.0,0.0
2811,7,27,26,"(7, 27, 26)",idx0:7_idx1:27_idx2:26,chd_conf_headgr,0.0,0.0
2812,7,27,27,"(7, 27, 27)",idx0:7_idx1:27_idx2:27,chd_conf_headgr,0.0,0.0
2813,7,27,28,"(7, 27, 28)",idx0:7_idx1:27_idx2:28,chd_conf_headgr,0.0,0.0
2814,7,27,29,"(7, 27, 29)",idx0:7_idx1:27_idx2:29,chd_conf_headgr,0.0,0.0
2815,7,27,30,"(7, 27, 30)",idx0:7_idx1:27_idx2:30,chd_conf_headgr,0.0,0.0
2816,7,27,31,"(7, 27, 31)",idx0:7_idx1:27_idx2:31,chd_conf_headgr,0.0,0.0
2817,7,27,32,"(7, 27, 32)",idx0:7_idx1:27_idx2:32,chd_conf_headgr,0.0,0.0
2818,7,27,33,"(7, 27, 33)",idx0:7_idx1:27_idx2:33,chd_conf_headgr,0.0,0.0
2819,7,27,34,"(7, 27, 34)",idx0:7_idx1:27_idx2:34,chd_conf_headgr,0.0,0.0
2820,7,27,35,"(7, 27, 35)",idx0:7_idx1:27_idx2:35,chd_conf_headgr,0.0,0.0
2821,7,27,36,"(7, 27, 36)",idx0:7_idx1:27_idx2:36,chd_conf_headgr,0.0,0.0
2822,7,27,37,"(7, 27, 37)",idx0:7_idx1:27_idx2:37,chd_conf_headgr,0.0,0.0
2823,7,27,38,"(7, 27, 38)",idx0:7_idx1:27_idx2:38,chd_conf_headgr,0.0,0.0
2824,7,27,39,"(7, 27, 39)",idx0:7_idx1:27_idx2:39,chd_conf_headgr,0.0,0.0
2825,7,27,40,"(7, 27, 40)",idx0:7_idx1:27_idx2:40,chd_conf_headgr,0.0,0.0
2826,7,27,41,"(7, 27, 41)",idx0:7_idx1:27_idx2:41,chd_conf_headgr,0.0,0.0
2827,7,27,42,"(7, 27, 42)",idx0:7_idx1:27_idx2:42,chd_conf_headgr,0.0,0.0
2828,7,27,43,"(7, 27, 43)",idx0:7_idx1:27_idx2:43,chd_conf_headgr,0.0,0.0
2829,7,27,44,"(7, 27, 44)",idx0:7_idx1:27_idx2:44,chd_conf_headgr,0.0,0.0
2830,7,27,45,"(7, 27, 45)",idx0:7_idx1:27_idx2:45,chd_conf_headgr,0.0,0.0
2831,7,27,46,"(7, 27, 46)",idx0:7_idx1:27_idx2:46,chd_conf_headgr,0.0,0.0
2832,7,27,47,"(7, 27, 47)",idx0:7_idx1:27_idx2:47,chd_conf_headgr,0.0,0.0
2833,7,27,48,"(7, 27, 48)",idx0:7_idx1:27_idx2:48,chd_conf_headgr,0.0,0.0
2834,7,27,49,"(7, 27, 49)",idx0:7_idx1:27_idx2:49,chd_conf_headgr,0.0,0.0
2835,7,27,50,"(7, 27, 50)",idx0:7_idx1:27_idx2:50,chd_conf_headgr,0.0,0.0
2836,7,27,51,"(7, 27, 51)",idx0:7_idx1:27_idx2:51,chd_conf_headgr,0.0,0.0
2837,7,27,52,"(7, 27, 52)",idx0:7_idx1:27_idx2:52,chd_conf_headgr,0.0,0.0
2838,7,27,53,"(7, 27, 53)",idx0:7_idx1:27_idx2:53,chd_conf_headgr,0.0,0.0
2839,7,27,54,"(7, 27, 54)",idx0:7_idx1:27_idx2:54,chd_conf_headgr,0.0,0.0
2840,7,27,55,"(7, 27, 55)",idx0:7_idx1:27_idx2:55,chd_conf_headgr,0.0,0.0
2841,7,27,56,"(7, 27, 56)",idx0:7_idx1:27_idx2:56,chd_conf_headgr,0.0,0.0
2842,7,27,57,"(7, 27, 57)",idx0:7_idx1:27_idx2:57,chd_conf_headgr,0.0,0.0
2843,7,27,58,"(7, 27, 58)",idx0:7_idx1:27_idx2:58,chd_conf_headgr,0.0,0.0
2844,7,27,59,"(7, 27, 59)",idx0:7_idx1:27_idx2:59,chd_conf_headgr,0.0,0.0
2845,7,27,60,"(7, 27, 60)",idx0:7_idx1:27_idx2:60,chd_conf_headgr,0.0,0.0
2846,7,27,61,"(7, 27, 61)",idx0:7_idx1:27_idx2:61,chd_conf_headgr,0.0,0.0
2847,7,27,62,"(7, 27, 62)",idx0:7_idx1:27_idx2:62,chd_conf_headgr,0.0,0.0
2848,7,27,63,"(7, 27, 63)",idx0:7_idx1:27_idx2:63,chd_conf_headgr,0.0,0.0
2849,7,27,64,"(7, 27, 64)",idx0:7_idx1:27_idx2:64,chd_conf_headgr,0.0,0.0
2850,7,27,65,"(7, 27, 65)",idx0:7_idx1:27_idx2:65,chd_conf_headgr,0.0,0.0
2851,7,27,66,"(7, 27, 66)",idx0:7_idx1:27_idx2:66,chd_conf_headgr,0.0,0.0
2852,7,27,67,"(7, 27, 67)",idx0:7_idx1:27_idx2:67,chd_conf_headgr,0.0,0.0
2853,7,27,68,"(7, 27, 68)",idx0:7_idx1:27_idx2:68,chd_conf_headgr,0.0,0.0
2854,7,27,69,"(7, 27, 69)",idx0:7_idx1:27_idx2:69,chd_conf_headgr,0.0,0.0
2855,7,27,70,"(7, 27, 70)",idx0:7_idx1:27_idx2:70,chd_conf_headgr,0.0,0.0
2856,7,27,71,"(7, 27, 71)",idx0:7_idx1:27_idx2:71,chd_conf_headgr,0.0,0.0
2857,7,27,72,"(7, 27, 72)",idx0:7_idx1:27_idx2:72,chd_conf_headgr,0.0,0.0
2858,7,27,73,"(7, 27, 73)",idx0:7_idx1:27_idx2:73,chd_conf_headgr,0.0,0.0
2859,7,27,74,"(7, 27, 74)",idx0:7_idx1:27_idx2:74,chd_conf_headgr,0.0,0.0
2860,7,27,75,"(7, 27, 75)",idx0:7_idx1:27_idx2:75,chd_conf_headgr,0.0,0.0
2861,7,27,76,"(7, 27, 76)",idx0:7_idx1:27_idx2:76,chd_conf_headgr,0.0,0.0
2862,7,27,77,"(7, 27, 77)",idx0:7_idx1:27_idx2:77,chd_conf_headgr,0.0,0.0
2863,7,27,78,"(7, 27, 78)",idx0:7_idx1:27_idx2:78,chd_conf_headgr,0.0,0.0
2864,7,27,79,"(7, 27, 79)",idx0:7_idx1:27_idx2:79,chd_conf_headgr,0.0,0.0
2865,7,27,80,"(7, 27, 80)",idx0:7_idx1:27_idx2:80,chd_conf_headgr,0.0,0.0
2866,7,27,81,"(7, 27, 81)",idx0:7_idx1:27_idx2:81,chd_conf_headgr,0.0,0.0
2867,7,27,82,"(7, 27, 82)",idx0:7_idx1:27_idx2:82,chd_conf_headgr,0.0,0.0
2868,7,27,83,"(7, 27, 83)",idx0:7_idx1:27_idx2:83,chd_conf_headgr,0.0,0.0
2869,7,27,84,"(7, 27, 84)",idx0:7_idx1:27_idx2:84,chd_conf_headgr,0.0,0.0
2870,7,27,85,"(7, 27, 85)",idx0:7_idx1:27_idx2:85,chd_conf_headgr,0.0,0.0
2871,7,27,86,"(7, 27, 86)",idx0:7_idx1:27_idx2:86,chd_conf_headgr,0.0,0.0
2872,7,27,87,"(7, 27, 87)",idx0:7_idx1:27_idx2:87,chd_conf_headgr,0.0,0.0
2873,7,27,88,"(7, 27, 88)",idx0:7_idx1:27_idx2:88,chd_conf_headgr,0.0,0.0
2874,7,27,89,"(7, 27, 89)",idx0:7_idx1:27_idx2:89,chd_conf_headgr,0.0,0.0
2875,7,27,90,"(7, 27, 90)",idx0:7_idx1:27_idx2:90,chd_conf_headgr,0.0,0.0
2876,7,27,91,"(7, 27, 91)",idx0:7_idx1:27_idx2:91,chd_conf_headgr,0.0,0.0
2877,7,27,92,"(7, 27, 92)",idx0:7_idx1:27_idx2:92,chd_conf_headgr,0.0,0.0
2878,7,27,93,"(7, 27, 93)",idx0:7_idx1:27_idx2:93,chd_conf_headgr,0.0,0.0
2879,7,27,94,"(7, 27, 94)",idx0:7_idx1:27_idx2:94,chd_conf_headgr,0.0,0.0
2880,7,27,95,"(7, 27, 95)",idx0:7_idx1:27_idx2:95,chd_conf_headgr,0.0,0.0
2881,7,27,96,"(7, 27, 96)",idx0:7_idx1:27_idx2:96,chd_conf_headgr,0.0,0.0
2882,7,27,97,"(7, 27, 97)",idx0:7_idx1:27_idx2:97,chd_conf_headgr,0.0,0.0
2883,7,27,98,"(7, 27, 98)",idx0:7_idx1:27_idx2:98,chd_conf_headgr,0.0,0.0
2884,7,27,99,"(7, 27, 99)",idx0:7_idx1:27_idx2:99,chd_conf_headgr,0.0,0.0
2885,7,27,100,"(7, 27, 100)",idx0:7_idx1:27_idx2:100,chd_conf_headgr,0.0,0.0
2886,7,27,101,"(7, 27, 101)",idx0:7_idx1:27_idx2:101,chd_conf_headgr,0.0,0.0
2887,7,27,102,"(7, 27, 102)",idx0:7_idx1:27_idx2:102,chd_conf_headgr,0.0,0.0
2888,7,27,103,"(7, 27, 103)",idx0:7_idx1:27_idx2:103,chd_conf_headgr,0.0,0.0
2889,7,27,104,"(7, 27, 104)",idx0:7_idx1:27_idx2:104,chd_conf_headgr,0.0,0.0
2890,7,27,105,"(7, 27, 105)",idx0:7_idx1:27_idx2:105,chd_conf_headgr,0.0,0.0
2891,7,27,106,"(7, 27, 106)",idx0:7_idx1:27_idx2:106,chd_conf_headgr,0.0,0.0
2892,7,27,107,"(7, 27, 107)",idx0:7_idx1:27_idx2:107,chd_conf_headgr,0.0,0.0
2893,7,27,108,"(7, 27, 108)",idx0:7_idx1:27_idx2:108,chd_conf_headgr,0.0,0.0
2894,7,27,109,"(7, 27, 109)",idx0:7_idx1:27_idx2:109,chd_conf_headgr,0.0,0.0
2895,7,27,110,"(7, 27, 110)",idx0:7_idx1:27_idx2:110,chd_conf_headgr,0.0,0.0
2896,7,27,111,"(7, 27, 111)",idx0:7_idx1:27_idx2:111,chd_conf_headgr,0.0,0.0
2897,7,27,112,"(7, 27, 112)",idx0:7_idx1:27_idx2:112,chd_conf_headgr,0.0,0.0
2898,7,27,113,"(7, 27, 113)",idx0:7_idx1:27_idx2:113,chd_conf_headgr,0.0,0.0
2899,7,27,114,"(7, 27, 114)",idx0:7_idx1:27_idx2:114,chd_conf_headgr,0.0,0.0
2900,7,27,115,"(7, 27, 115)",idx0:7_idx1:27_idx2:115,chd_conf_headgr,0.0,0.0
2901,7,27,116,"(7, 27, 116)",idx0:7_idx1:27_idx2:116,chd_conf_headgr,0.0,0.0
2902,7,27,117,"(7, 27, 117)",idx0:7_idx1:27_idx2:117,chd_conf_headgr,0.0,0.0
2903,7,27,118,"(7, 27, 118)",idx0:7_idx1:27_idx2:118,chd_conf_headgr,0.0,0.0
2904,7,27,119,"(7, 27, 119)",idx0:7_idx1:27_idx2:119,chd_conf_headgr,0.0,0.0
2905,7,27,120,"(7, 27, 120)",idx0:7_idx1:27_idx2:120,chd_conf_headgr,0.0,0.0
2906,7,27,121,"(7, 27, 121)",idx0:7_idx1:27_idx2:121,chd_conf_headgr,0.0,0.0
2907,7,27,122,"(7, 27, 122)",idx0:7_idx1:27_idx2:122,chd_conf_headgr,0.0,0.0
2908,7,27,123,"(7, 27, 123)",idx0:7_idx1:27_idx2:123,chd_conf_headgr,0.0,0.0
2909,7,27,124,"(7, 27, 124)",idx0:7_idx1:27_idx2:124,chd_conf_headgr,0.0,0.0
2910,7,27,125,"(7, 27, 125)",idx0:7_idx1:27_idx2:125,chd_conf_headgr,0.0,0.0
2911,7,27,126,"(7, 27, 126)",idx0:7_idx1:27_idx2:126,chd_conf_headgr,0.0,0.0
2912,7,27,127,"(7, 27, 127)",idx0:7_idx1:27_idx2:127,chd_conf_headgr,0.0,0.0
2913,7,27,128,"(7, 27, 128)",idx0:7_idx1:27_idx2:128,chd_conf_headgr,0.0,0.0
2914,7,27,129,"(7, 27, 129)",idx0:7_idx1:27_idx2:129,chd_conf_headgr,0.0,0.0
2915,7,27,130,"(7, 27, 130)",idx0:7_idx1:27_idx2:130,chd_conf_headgr,0.0,0.0
2916,7,27,131,"(7, 27, 131)",idx0:7_idx1:27_idx2:131,chd_conf_headgr,0.0,0.0
2917,7,27,132,"(7, 27, 132)",idx0:7_idx1:27_idx2:132,chd_conf_headgr,0.0,0.0
2918,7,27,133,"(7, 27, 133)",idx0:7_idx1:27_idx2:133,chd_conf_headgr,0.0,0.0
2919,7,27,134,"(7, 27, 134)",idx0:7_idx1:27_idx2:134,chd_conf_headgr,0.0,0.0
2920,7,27,135,"(7, 27, 135)",idx0:7_idx1:27_idx2:135,chd_conf_headgr,0.0,0.0
2921,7,27,136,"(7, 27, 136)",idx0:7_idx1:27_idx2:136,chd_conf_headgr,0.0,0.0
2922,7,27,137,"(7, 27, 137)",idx0:7_idx1:27_idx2:137,chd_conf_headgr,0.0,0.0
2923,7,27,138,"(7, 27, 138)",idx0:7_idx1:27_idx2:138,chd_conf_headgr,0.0,0.0
2924,7,27,139,"(7, 27, 139)",idx0:7_idx1:27_idx2:139,chd_conf_headgr,0.0,0.0
2925,7,27,140,"(7, 27, 140)",idx0:7_idx1:27_idx2:140,chd_conf_headgr,0.0,0.0
2926,7,27,141,"(7, 27, 141)",idx0:7_idx1:27_idx2:141,chd_conf_headgr,0.0,0.0
2927,7,27,142,"(7, 27, 142)",idx0:7_idx1:27_idx2:142,chd_conf_headgr,0.0,0.0
2928,7,27,143,"(7, 27, 143)",idx0:7_idx1:27_idx2:143,chd_conf_headgr,0.0,0.0
2929,7,27,144,"(7, 27, 144)",idx0:7_idx1:27_idx2:144,chd_conf_headgr,0.0,0.0
2930,7,27,145,"(7, 27, 145)",idx0:7_idx1:27_idx2:145,chd_conf_headgr,0.0,0.0
2931,7,27,146,"(7, 27, 146)",idx0:7_idx1:27_idx2:146,chd_conf_headgr,0.0,0.0
2932,7,27,147,"(7, 27, 147)",idx0:7_idx1:27_idx2:147,chd_conf_headgr,0.0,0.0
2933,7,27,148,"(7, 27, 148)",idx0:7_idx1:27_idx2:148,chd_conf_headgr,0.0,0.0
2934,7,27,149,"(7, 27, 149)",idx0:7_idx1:27_idx2:149,chd_conf_headgr,0.0,0.0
2935,7,28,20,"(7, 28, 20)",idx0:7_idx1:28_idx2:20,chd_conf_headgr,0.0,0.0
2936,7,28,21,"(7, 28, 21)",idx0:7_idx1:28_idx2:21,chd_conf_headgr,0.0,0.0
2937,7,28,22,"(7, 28, 22)",idx0:7_idx1:28_idx2:22,chd_conf_headgr,0.0,0.0
2938,7,28,23,"(7, 28, 23)",idx0:7_idx1:28_idx2:23,chd_conf_headgr,0.0,0.0
2939,7,28,24,"(7, 28, 24)",idx0:7_idx1:28_idx2:24,chd_conf_headgr,0.0,0.0
2940,7,28,25,"(7, 28, 25)",idx0:7_idx1:28_idx2:25,chd_conf_headgr,0.0,0.0
2941,7,28,26,"(7, 28, 26)",idx0:7_idx1:28_idx2:26,chd_conf_headgr,0.0,0.0
2942,7,28,27,"(7, 28, 27)",idx0:7_idx1:28_idx2:27,chd_conf_headgr,0.0,0.0
2943,7,28,28,"(7, 28, 28)",idx0:7_idx1:28_idx2:28,chd_conf_headgr,0.0,0.0
2944,7,28,29,"(7, 28, 29)",idx0:7_idx1:28_idx2:29,chd_conf_headgr,0.0,0.0
2945,7,28,30,"(7, 28, 30)",idx0:7_idx1:28_idx2:30,chd_conf_headgr,0.0,0.0
2946,7,28,31,"(7, 28, 31)",idx0:7_idx1:28_idx2:31,chd_conf_headgr,0.0,0.0
2947,7,28,32,"(7, 28, 32)",idx0:7_idx1:28_idx2:32,chd_conf_headgr,0.0,0.0
2948,7,28,33,"(7, 28, 33)",idx0:7_idx1:28_idx2:33,chd_conf_headgr,0.0,0.0
2949,7,28,34,"(7, 28, 34)",idx0:7_idx1:28_idx2:34,chd_conf_headgr,0.0,0.0
2950,7,28,35,"(7, 28, 35)",idx0:7_idx1:28_idx2:35,chd_conf_headgr,0.0,0.0
2951,7,28,36,"(7, 28, 36)",idx0:7_idx1:28_idx2:36,chd_conf_headgr,0.0,0.0
2952,7,28,37,"(7, 28, 37)",idx0:7_idx1:28_idx2:37,chd_conf_headgr,0.0,0.0
2953,7,28,38,"(7, 28, 38)",idx0:7_idx1:28_idx2:38,chd_conf_headgr,0.0,0.0
2954,7,28,39,"(7, 28, 39)",idx0:7_idx1:28_idx2:39,chd_conf_headgr,0.0,0.0
2955,7,28,40,"(7, 28, 40)",idx0:7_idx1:28_idx2:40,chd_conf_headgr,0.0,0.0
2956,7,28,41,"(7, 28, 41)",idx0:7_idx1:28_idx2:41,chd_conf_headgr,0.0,0.0
2957,7,28,42,"(7, 28, 42)",idx0:7_idx1:28_idx2:42,chd_conf_headgr,0.0,0.0
2958,7,28,43,"(7, 28, 43)",idx0:7_idx1:28_idx2:43,chd_conf_headgr,0.0,0.0
2959,7,28,44,"(7, 28, 44)",idx0:7_idx1:28_idx2:44,chd_conf_headgr,0.0,0.0
2960,7,28,45,"(7, 28, 45)",idx0:7_idx1:28_idx2:45,chd_conf_headgr,0.0,0.0
2961,7,28,46,"(7, 28, 46)",idx0:7_idx1:28_idx2:46,chd_conf_headgr,0.0,0.0
2962,7,28,47,"(7, 28, 47)",idx0:7_idx1:28_idx2:47,chd_conf_headgr,0.0,0.0
2963,7,28,48,"(7, 28, 48)",idx0:7_idx1:28_idx2:48,chd_conf_headgr,0.0,0.0
2964,7,28,49,"(7, 28, 49)",idx0:7_idx1:28_idx2:49,chd_conf_headgr,0.0,0.0
2965,7,28,50,"(7, 28, 50)",idx0:7_idx1:28_idx2:50,chd_conf_headgr,0.0,0.0
2966,7,28,51,"(7, 28, 51)",idx0:7_idx1:28_idx2:51,chd_conf_headgr,0.0,0.0
2967,7,28,52,"(7, 28, 52)",idx0:7_idx1:28_idx2:52,chd_conf_headgr,0.0,0.0
2968,7,28,53,"(7, 28, 53)",idx0:7_idx1:28_idx2:53,chd_conf_headgr,0.0,0.0
2969,7,28,54,"(7, 28, 54)",idx0:7_idx1:28_idx2:54,chd_conf_headgr,0.0,0.0
2970,7,28,55,"(7, 28, 55)",idx0:7_idx1:28_idx2:55,chd_conf_headgr,0.0,0.0
2971,7,28,56,"(7, 28, 56)",idx0:7_idx1:28_idx2:56,chd_conf_headgr,0.0,0.0
2972,7,28,57,"(7, 28, 57)",idx0:7_idx1:28_idx2:57,chd_conf_headgr,0.0,0.0
2973,7,28,58,"(7, 28, 58)",idx0:7_idx1:28_idx2:58,chd_conf_headgr,0.0,0.0
2974,7,28,59,"(7, 28, 59)",idx0:7_idx1:28_idx2:59,chd_conf_headgr,0.0,0.0
2975,7,28,60,"(7, 28, 60)",idx0:7_idx1:28_idx2:60,chd_conf_headgr,0.0,0.0
2976,7,28,61,"(7, 28, 61)",idx0:7_idx1:28_idx2:61,chd_conf_headgr,0.0,0.0
2977,7,28,62,"(7, 28, 62)",idx0:7_idx1:28_idx2:62,chd_conf_headgr,0.0,0.0
2978,7,28,63,"(7, 28, 63)",idx0:7_idx1:28_idx2:63,chd_conf_headgr,0.0,0.0
2979,7,28,64,"(7, 28, 64)",idx0:7_idx1:28_idx2:64,chd_conf_headgr,0.0,0.0
2980,7,28,65,"(7, 28, 65)",idx0:7_idx1:28_idx2:65,chd_conf_headgr,0.0,0.0
2981,7,28,66,"(7, 28, 66)",idx0:7_idx1:28_idx2:66,chd_conf_headgr,0.0,0.0
2982,7,28,67,"(7, 28, 67)",idx0:7_idx1:28_idx2:67,chd_conf_headgr,0.0,0.0
2983,7,28,68,"(7, 28, 68)",idx0:7_idx1:28_idx2:68,chd_conf_headgr,0.0,0.0
2984,7,28,69,"(7, 28, 69)",idx0:7_idx1:28_idx2:69,chd_conf_headgr,0.0,0.0
2985,7,28,70,"(7, 28, 70)",idx0:7_idx1:28_idx2:70,chd_conf_headgr,0.0,0.0
2986,7,28,71,"(7, 28, 71)",idx0:7_idx1:28_idx2:71,chd_conf_headgr,0.0,0.0
2987,7,28,72,"(7, 28, 72)",idx0:7_idx1:28_idx2:72,chd_conf_headgr,0.0,0.0
2988,7,28,73,"(7, 28, 73)",idx0:7_idx1:28_idx2:73,chd_conf_headgr,0.0,0.0
2989,7,28,74,"(7, 28, 74)",idx0:7_idx1:28_idx2:74,chd_conf_headgr,0.0,0.0
2990,7,28,75,"(7, 28, 75)",idx0:7_idx1:28_idx2:75,chd_conf_headgr,0.0,0.0
2991,7,28,76,"(7, 28, 76)",idx0:7_idx1:28_idx2:76,chd_conf_headgr,0.0,0.0
2992,7,28,77,"(7, 28, 77)",idx0:7_idx1:28_idx2:77,chd_conf_headgr,0.0,0.0
2993,7,28,78,"(7, 28, 78)",idx0:7_idx1:28_idx2:78,chd_conf_headgr,0.0,0.0
2994,7,28,79,"(7, 28, 79)",idx0:7_idx1:28_idx2:79,chd_conf_headgr,0.0,0.0
2995,7,28,80,"(7, 28, 80)",idx0:7_idx1:28_idx2:80,chd_conf_headgr,0.0,0.0
2996,7,28,81,"(7, 28, 81)",idx0:7_idx1:28_idx2:81,chd_conf_headgr,0.0,0.0
2997,7,28,82,"(7, 28, 82)",idx0:7_idx1:28_idx2:82,chd_conf_headgr,0.0,0.0
2998,7,28,83,"(7, 28, 83)",idx0:7_idx1:28_idx2:83,chd_conf_headgr,0.0,0.0
2999,7,28,84,"(7, 28, 84)",idx0:7_idx1:28_idx2:84,chd_conf_headgr,0.0,0.0
3000,7,28,85,"(7, 28, 85)",idx0:7_idx1:28_idx2:85,chd_conf_headgr,0.0,0.0
3001,7,28,86,"(7, 28, 86)",idx0:7_idx1:28_idx2:86,chd_conf_headgr,0.0,0.0
3002,7,28,87,"(7, 28, 87)",idx0:7_idx1:28_idx2:87,chd_conf_headgr,0.0,0.0
3003,7,28,88,"(7, 28, 88)",idx0:7_idx1:28_idx2:88,chd_conf_headgr,0.0,0.0
3004,7,28,89,"(7, 28, 89)",idx0:7_idx1:28_idx2:89,chd_conf_headgr,0.0,0.0
3005,7,28,90,"(7, 28, 90)",idx0:7_idx1:28_idx2:90,chd_conf_headgr,0.0,0.0
3006,7,28,91,"(7, 28, 91)",idx0:7_idx1:28_idx2:91,chd_conf_headgr,0.0,0.0
3007,7,28,92,"(7, 28, 92)",idx0:7_idx1:28_idx2:92,chd_conf_headgr,0.0,0.0
3008,7,28,93,"(7, 28, 93)",idx0:7_idx1:28_idx2:93,chd_conf_headgr,0.0,0.0
3009,7,28,94,"(7, 28, 94)",idx0:7_idx1:28_idx2:94,chd_conf_headgr,0.0,0.0
3010,7,28,95,"(7, 28, 95)",idx0:7_idx1:28_idx2:95,chd_conf_headgr,0.0,0.0
3011,7,28,96,"(7, 28, 96)",idx0:7_idx1:28_idx2:96,chd_conf_headgr,0.0,0.0
3012,7,28,97,"(7, 28, 97)",idx0:7_idx1:28_idx2:97,chd_conf_headgr,0.0,0.0
3013,7,28,98,"(7, 28, 98)",idx0:7_idx1:28_idx2:98,chd_conf_headgr,0.0,0.0
3014,7,28,99,"(7, 28, 99)",idx0:7_idx1:28_idx2:99,chd_conf_headgr,0.0,0.0
3015,7,28,100,"(7, 28, 100)",idx0:7_idx1:28_idx2:100,chd_conf_headgr,0.0,0.0
3016,7,28,101,"(7, 28, 101)",idx0:7_idx1:28_idx2:101,chd_conf_headgr,0.0,0.0
3017,7,28,102,"(7, 28, 102)",idx0:7_idx1:28_idx2:102,chd_conf_headgr,0.0,0.0
3018,7,28,103,"(7, 28, 103)",idx0:7_idx1:28_idx2:103,chd_conf_headgr,0.0,0.0
3019,7,28,104,"(7, 28, 104)",idx0:7_idx1:28_idx2:104,chd_conf_headgr,0.0,0.0
3020,7,28,105,"(7, 28, 105)",idx0:7_idx1:28_idx2:105,chd_conf_headgr,0.0,0.0
3021,7,28,106,"(7, 28, 106)",idx0:7_idx1:28_idx2:106,chd_conf_headgr,0.0,0.0
3022,7,28,107,"(7, 28, 107)",idx0:7_idx1:28_idx2:107,chd_conf_headgr,0.0,0.0
3023,7,28,108,"(7, 28, 108)",idx0:7_idx1:28_idx2:108,chd_conf_headgr,0.0,0.0
3024,7,28,109,"(7, 28, 109)",idx0:7_idx1:28_idx2:109,chd_conf_headgr,0.0,0.0
3025,7,28,110,"(7, 28, 110)",idx0:7_idx1:28_idx2:110,chd_conf_headgr,0.0,0.0
3026,7,28,111,"(7, 28, 111)",idx0:7_idx1:28_idx2:111,chd_conf_headgr,0.0,0.0
3027,7,28,112,"(7, 28, 112)",idx0:7_idx1:28_idx2:112,chd_conf_headgr,0.0,0.0
3028,7,28,113,"(7, 28, 113)",idx0:7_idx1:28_idx2:113,chd_conf_headgr,0.0,0.0
3029,7,28,114,"(7, 28, 114)",idx0:7_idx1:28_idx2:114,chd_conf_headgr,0.0,0.0
3030,7,28,115,"(7, 28, 115)",idx0:7_idx1:28_idx2:115,chd_conf_headgr,0.0,0.0
3031,7,28,116,"(7, 28, 116)",idx0:7_idx1:28_idx2:116,chd_conf_headgr,0.0,0.0
3032,7,28,117,"(7, 28, 117)",idx0:7_idx1:28_idx2:117,chd_conf_headgr,0.0,0.0
3033,7,28,118,"(7, 28, 118)",idx0:7_idx1:28_idx2:118,chd_conf_headgr,0.0,0.0
3034,7,28,119,"(7, 28, 119)",idx0:7_idx1:28_idx2:119,chd_conf_headgr,0.0,0.0
3035,7,28,120,"(7, 28, 120)",idx0:7_idx1:28_idx2:120,chd_conf_headgr,0.0,0.0
3036,7,28,121,"(7, 28, 121)",idx0:7_idx1:28_idx2:121,chd_conf_headgr,0.0,0.0
3037,7,28,122,"(7, 28, 122)",idx0:7_idx1:28_idx2:122,chd_conf_headgr,0.0,0.0
3038,7,28,123,"(7, 28, 123)",idx0:7_idx1:28_idx2:123,chd_conf_headgr,0.0,0.0
3039,7,28,124,"(7, 28, 124)",idx0:7_idx1:28_idx2:124,chd_conf_headgr,0.0,0.0
3040,7,28,125,"(7, 28, 125)",idx0:7_idx1:28_idx2:125,chd_conf_headgr,0.0,0.0
3041,7,28,126,"(7, 28, 126)",idx0:7_idx1:28_idx2:126,chd_conf_headgr,0.0,0.0
3042,7,28,127,"(7, 28, 127)",idx0:7_idx1:28_idx2:127,chd_conf_headgr,0.0,0.0
3043,7,28,128,"(7, 28, 128)",idx0:7_idx1:28_idx2:128,chd_conf_headgr,0.0,0.0
3044,7,28,129,"(7, 28, 129)",idx0:7_idx1:28_idx2:129,chd_conf_headgr,0.0,0.0
3045,7,28,130,"(7, 28, 130)",idx0:7_idx1:28_idx2:130,chd_conf_headgr,0.0,0.0
3046,7,28,131,"(7, 28, 131)",idx0:7_idx1:28_idx2:131,chd_conf_headgr,0.0,0.0
3047,7,28,132,"(7, 28, 132)",idx0:7_idx1:28_idx2:132,chd_conf_headgr,0.0,0.0
3048,7,28,133,"(7, 28, 133)",idx0:7_idx1:28_idx2:133,chd_conf_headgr,0.0,0.0
3049,7,28,134,"(7, 28, 134)",idx0:7_idx1:28_idx2:134,chd_conf_headgr,0.0,0.0
3050,7,28,135,"(7, 28, 135)",idx0:7_idx1:28_idx2:135,chd_conf_headgr,0.0,0.0
3051,7,28,136,"(7, 28, 136)",idx0:7_idx1:28_idx2:136,chd_conf_headgr,0.0,0.0
3052,7,28,137,"(7, 28, 137)",idx0:7_idx1:28_idx2:137,chd_conf_headgr,0.0,0.0
3053,7,28,138,"(7, 28, 138)",idx0:7_idx1:28_idx2:138,chd_conf_headgr,0.0,0.0
3054,7,28,139,"(7, 28, 139)",idx0:7_idx1:28_idx2:139,chd_conf_headgr,0.0,0.0
3055,7,28,140,"(7, 28, 140)",idx0:7_idx1:28_idx2:140,chd_conf_headgr,0.0,0.0
3056,7,28,141,"(7, 28, 141)",idx0:7_idx1:28_idx2:141,chd_conf_headgr,0.0,0.0
3057,7,28,142,"(7, 28, 142)",idx0:7_idx1:28_idx2:142,chd_conf_headgr,0.0,0.0
3058,7,28,143,"(7, 28, 143)",idx0:7_idx1:28_idx2:143,chd_conf_headgr,0.0,0.0
3059,7,28,144,"(7, 28, 144)",idx0:7_idx1:28_idx2:144,chd_conf_headgr,0.0,0.0
3060,7,28,145,"(7, 28, 145)",idx0:7_idx1:28_idx2:145,chd_conf_headgr,0.0,0.0
3061,7,28,146,"(7, 28, 146)",idx0:7_idx1:28_idx2:146,chd_conf_headgr,0.0,0.0
3062,7,28,147,"(7, 28, 147)",idx0:7_idx1:28_idx2:147,chd_conf_headgr,0.0,0.0
3063,7,28,148,"(7, 28, 148)",idx0:7_idx1:28_idx2:148,chd_conf_headgr,0.0,0.0
3064,7,28,149,"(7, 28, 149)",idx0:7_idx1:28_idx2:149,chd_conf_headgr,0.0,0.0
3065,7,29,19,"(7, 29, 19)",idx0:7_idx1:29_idx2:19,chd_conf_headgr,0.0,0.0
3066,7,29,20,"(7, 29, 20)",idx0:7_idx1:29_idx2:20,chd_conf_headgr,0.0,0.0
3067,7,29,21,"(7, 29, 21)",idx0:7_idx1:29_idx2:21,chd_conf_headgr,0.0,0.0
3068,7,29,22,"(7, 29, 22)",idx0:7_idx1:29_idx2:22,chd_conf_headgr,0.0,0.0
3069,7,29,23,"(7, 29, 23)",idx0:7_idx1:29_idx2:23,chd_conf_headgr,0.0,0.0
3070,7,29,24,"(7, 29, 24)",idx0:7_idx1:29_idx2:24,chd_conf_headgr,0.0,0.0
3071,7,29,25,"(7, 29, 25)",idx0:7_idx1:29_idx2:25,chd_conf_headgr,0.0,0.0
3072,7,29,26,"(7, 29, 26)",idx0:7_idx1:29_idx2:26,chd_conf_headgr,0.0,0.0
3073,7,29,27,"(7, 29, 27)",idx0:7_idx1:29_idx2:27,chd_conf_headgr,0.0,0.0
3074,7,29,28,"(7, 29, 28)",idx0:7_idx1:29_idx2:28,chd_conf_headgr,0.0,0.0
3075,7,29,29,"(7, 29, 29)",idx0:7_idx1:29_idx2:29,chd_conf_headgr,0.0,0.0
3076,7,29,30,"(7, 29, 30)",idx0:7_idx1:29_idx2:30,chd_conf_headgr,0.0,0.0
3077,7,29,31,"(7, 29, 31)",idx0:7_idx1:29_idx2:31,chd_conf_headgr,0.0,0.0
3078,7,29,32,"(7, 29, 32)",idx0:7_idx1:29_idx2:32,chd_conf_headgr,0.0,0.0
3079,7,29,33,"(7, 29, 33)",idx0:7_idx1:29_idx2:33,chd_conf_headgr,0.0,0.0
3080,7,29,34,"(7, 29, 34)",idx0:7_idx1:29_idx2:34,chd_conf_headgr,0.0,0.0
3081,7,29,35,"(7, 29, 35)",idx0:7_idx1:29_idx2:35,chd_conf_headgr,0.0,0.0
3082,7,29,36,"(7, 29, 36)",idx0:7_idx1:29_idx2:36,chd_conf_headgr,0.0,0.0
3083,7,29,37,"(7, 29, 37)",idx0:7_idx1:29_idx2:37,chd_conf_headgr,0.0,0.0
3084,7,29,38,"(7, 29, 38)",idx0:7_idx1:29_idx2:38,chd_conf_headgr,0.0,0.0
3085,7,29,39,"(7, 29, 39)",idx0:7_idx1:29_idx2:39,chd_conf_headgr,0.0,0.0
3086,7,29,40,"(7, 29, 40)",idx0:7_idx1:29_idx2:40,chd_conf_headgr,0.0,0.0
3087,7,29,41,"(7, 29, 41)",idx0:7_idx1:29_idx2:41,chd_conf_headgr,0.0,0.0
3088,7,29,42,"(7, 29, 42)",idx0:7_idx1:29_idx2:42,chd_conf_headgr,0.0,0.0
3089,7,29,43,"(7, 29, 43)",idx0:7_idx1:29_idx2:43,chd_conf_headgr,0.0,0.0
3090,7,29,44,"(7, 29, 44)",idx0:7_idx1:29_idx2:44,chd_conf_headgr,0.0,0.0
3091,7,29,45,"(7, 29, 45)",idx0:7_idx1:29_idx2:45,chd_conf_headgr,0.0,0.0
3092,7,29,46,"(7, 29, 46)",idx0:7_idx1:29_idx2:46,chd_conf_headgr,0.0,0.0
3093,7,29,47,"(7, 29, 47)",idx0:7_idx1:29_idx2:47,chd_conf_headgr,0.0,0.0
3094,7,29,48,"(7, 29, 48)",idx0:7_idx1:29_idx2:48,chd_conf_headgr,0.0,0.0
3095,7,29,49,"(7, 29, 49)",idx0:7_idx1:29_idx2:49,chd_conf_headgr,0.0,0.0
3096,7,29,50,"(7, 29, 50)",idx0:7_idx1:29_idx2:50,chd_conf_headgr,0.0,0.0
3097,7,29,51,"(7, 29, 51)",idx0:7_idx1:29_idx2:51,chd_conf_headgr,0.0,0.0
3098,7,29,52,"(7, 29, 52)",idx0:7_idx1:29_idx2:52,chd_conf_headgr,0.0,0.0
3099,7,29,53,"(7, 29, 53)",idx0:7_idx1:29_idx2:53,chd_conf_headgr,0.0,0.0
3100,7,29,54,"(7, 29, 54)",idx0:7_idx1:29_idx2:54,chd_conf_headgr,0.0,0.0
3101,7,29,55,"(7, 29, 55)",idx0:7_idx1:29_idx2:55,chd_conf_headgr,0.0,0.0
3102,7,29,56,"(7, 29, 56)",idx0:7_idx1:29_idx2:56,chd_conf_headgr,0.0,0.0
3103,7,29,57,"(7, 29, 57)",idx0:7_idx1:29_idx2:57,chd_conf_headgr,0.0,0.0
3104,7,29,58,"(7, 29, 58)",idx0:7_idx1:29_idx2:58,chd_conf_headgr,0.0,0.0
3105,7,29,59,"(7, 29, 59)",idx0:7_idx1:29_idx2:59,chd_conf_headgr,0.0,0.0
3106,7,29,60,"(7, 29, 60)",idx0:7_idx1:29_idx2:60,chd_conf_headgr,0.0,0.0
3107,7,29,61,"(7, 29, 61)",idx0:7_idx1:29_idx2:61,chd_conf_headgr,0.0,0.0
3108,7,29,62,"(7, 29, 62)",idx0:7_idx1:29_idx2:62,chd_conf_headgr,0.0,0.0
3109,7,29,63,"(7, 29, 63)",idx0:7_idx1:29_idx2:63,chd_conf_headgr,0.0,0.0
3110,7,29,64,"(7, 29, 64)",idx0:7_idx1:29_idx2:64,chd_conf_headgr,0.0,0.0
3111,7,29,65,"(7, 29, 65)",idx0:7_idx1:29_idx2:65,chd_conf_headgr,0.0,0.0
3112,7,29,66,"(7, 29, 66)",idx0:7_idx1:29_idx2:66,chd_conf_headgr,0.0,0.0
3113,7,29,67,"(7, 29, 67)",idx0:7_idx1:29_idx2:67,chd_conf_headgr,0.0,0.0
3114,7,29,68,"(7, 29, 68)",idx0:7_idx1:29_idx2:68,chd_conf_headgr,0.0,0.0
3115,7,29,69,"(7, 29, 69)",idx0:7_idx1:29_idx2:69,chd_conf_headgr,0.0,0.0
3116,7,29,70,"(7, 29, 70)",idx0:7_idx1:29_idx2:70,chd_conf_headgr,0.0,0.0
3117,7,29,71,"(7, 29, 71)",idx0:7_idx1:29_idx2:71,chd_conf_headgr,0.0,0.0
3118,7,29,72,"(7, 29, 72)",idx0:7_idx1:29_idx2:72,chd_conf_headgr,0.0,0.0
3119,7,29,73,"(7, 29, 73)",idx0:7_idx1:29_idx2:73,chd_conf_headgr,0.0,0.0
3120,7,29,74,"(7, 29, 74)",idx0:7_idx1:29_idx2:74,chd_conf_headgr,0.0,0.0
3121,7,29,75,"(7, 29, 75)",idx0:7_idx1:29_idx2:75,chd_conf_headgr,0.0,0.0
3122,7,29,76,"(7, 29, 76)",idx0:7_idx1:29_idx2:76,chd_conf_headgr,0.0,0.0
3123,7,29,77,"(7, 29, 77)",idx0:7_idx1:29_idx2:77,chd_conf_headgr,0.0,0.0
3124,7,29,78,"(7, 29, 78)",idx0:7_idx1:29_idx2:78,chd_conf_headgr,0.0,0.0
3125,7,29,79,"(7, 29, 79)",idx0:7_idx1:29_idx2:79,chd_conf_headgr,0.0,0.0
3126,7,29,80,"(7, 29, 80)",idx0:7_idx1:29_idx2:80,chd_conf_headgr,0.0,0.0
3127,7,29,81,"(7, 29, 81)",idx0:7_idx1:29_idx2:81,chd_conf_headgr,0.0,0.0
3128,7,29,82,"(7, 29, 82)",idx0:7_idx1:29_idx2:82,chd_conf_headgr,0.0,0.0
3129,7,29,83,"(7, 29, 83)",idx0:7_idx1:29_idx2:83,chd_conf_headgr,0.0,0.0
3130,7,29,84,"(7, 29, 84)",idx0:7_idx1:29_idx2:84,chd_conf_headgr,0.0,0.0
3131,7,29,85,"(7, 29, 85)",idx0:7_idx1:29_idx2:85,chd_conf_headgr,0.0,0.0
3132,7,29,86,"(7, 29, 86)",idx0:7_idx1:29_idx2:86,chd_conf_headgr,0.0,0.0
3133,7,29,87,"(7, 29, 87)",idx0:7_idx1:29_idx2:87,chd_conf_headgr,0.0,0.0
3134,7,29,88,"(7, 29, 88)",idx0:7_idx1:29_idx2:88,chd_conf_headgr,0.0,0.0
3135,7,29,89,"(7, 29, 89)",idx0:7_idx1:29_idx2:89,chd_conf_headgr,0.0,0.0
3136,7,29,90,"(7, 29, 90)",idx0:7_idx1:29_idx2:90,chd_conf_headgr,0.0,0.0
3137,7,29,91,"(7, 29, 91)",idx0:7_idx1:29_idx2:91,chd_conf_headgr,0.0,0.0
3138,7,29,92,"(7, 29, 92)",idx0:7_idx1:29_idx2:92,chd_conf_headgr,0.0,0.0
3139,7,29,93,"(7, 29, 93)",idx0:7_idx1:29_idx2:93,chd_conf_headgr,0.0,0.0
3140,7,29,94,"(7, 29, 94)",idx0:7_idx1:29_idx2:94,chd_conf_headgr,0.0,0.0
3141,7,29,95,"(7, 29, 95)",idx0:7_idx1:29_idx2:95,chd_conf_headgr,0.0,0.0
3142,7,29,96,"(7, 29, 96)",idx0:7_idx1:29_idx2:96,chd_conf_headgr,0.0,0.0
3143,7,29,97,"(7, 29, 97)",idx0:7_idx1:29_idx2:97,chd_conf_headgr,0.0,0.0
3144,7,29,98,"(7, 29, 98)",idx0:7_idx1:29_idx2:98,chd_conf_headgr,0.0,0.0
3145,7,29,99,"(7, 29, 99)",idx0:7_idx1:29_idx2:99,chd_conf_headgr,0.0,0.0
3146,7,29,100,"(7, 29, 100)",idx0:7_idx1:29_idx2:100,chd_conf_headgr,0.0,0.0
3147,7,29,101,"(7, 29, 101)",idx0:7_idx1:29_idx2:101,chd_conf_headgr,0.0,0.0
3148,7,29,102,"(7, 29, 102)",idx0:7_idx1:29_idx2:102,chd_conf_headgr,0.0,0.0
3149,7,29,103,"(7, 29, 103)",idx0:7_idx1:29_idx2:103,chd_conf_headgr,0.0,0.0
3150,7,29,104,"(7, 29, 104)",idx0:7_idx1:29_idx2:104,chd_conf_headgr,0.0,0.0
3151,7,29,105,"(7, 29, 105)",idx0:7_idx1:29_idx2:105,chd_conf_headgr,0.0,0.0
3152,7,29,106,"(7, 29, 106)",idx0:7_idx1:29_idx2:106,chd_conf_headgr,0.0,0.0
3153,7,29,107,"(7, 29, 107)",idx0:7_idx1:29_idx2:107,chd_conf_headgr,0.0,0.0
3154,7,29,108,"(7, 29, 108)",idx0:7_idx1:29_idx2:108,chd_conf_headgr,0.0,0.0
3155,7,29,109,"(7, 29, 109)",idx0:7_idx1:29_idx2:109,chd_conf_headgr,0.0,0.0
3156,7,29,110,"(7, 29, 110)",idx0:7_idx1:29_idx2:110,chd_conf_headgr,0.0,0.0
3157,7,29,111,"(7, 29, 111)",idx0:7_idx1:29_idx2:111,chd_conf_headgr,0.0,0.0
3158,7,29,112,"(7, 29, 112)",idx0:7_idx1:29_idx2:112,chd_conf_headgr,0.0,0.0
3159,7,29,113,"(7, 29, 113)",idx0:7_idx1:29_idx2:113,chd_conf_headgr,0.0,0.0
3160,7,29,114,"(7, 29, 114)",idx0:7_idx1:29_idx2:114,chd_conf_headgr,0.0,0.0
3161,7,29,115,"(7, 29, 115)",idx0:7_idx1:29_idx2:115,chd_conf_headgr,0.0,0.0
3162,7,29,116,"(7, 29, 116)",idx0:7_idx1:29_idx2:116,chd_conf_headgr,0.0,0.0
3163,7,29,117,"(7, 29, 117)",idx0:7_idx1:29_idx2:117,chd_conf_headgr,0.0,0.0
3164,7,29,118,"(7, 29, 118)",idx0:7_idx1:29_idx2:118,chd_conf_headgr,0.0,0.0
3165,7,29,119,"(7, 29, 119)",idx0:7_idx1:29_idx2:119,chd_conf_headgr,0.0,0.0
3166,7,29,120,"(7, 29, 120)",idx0:7_idx1:29_idx2:120,chd_conf_headgr,0.0,0.0
3167,7,29,121,"(7, 29, 121)",idx0:7_idx1:29_idx2:121,chd_conf_headgr,0.0,0.0
3168,7,29,122,"(7, 29, 122)",idx0:7_idx1:29_idx2:122,chd_conf_headgr,0.0,0.0
3169,7,29,123,"(7, 29, 123)",idx0:7_idx1:29_idx2:123,chd_conf_headgr,0.0,0.0
3170,7,29,124,"(7, 29, 124)",idx0:7_idx1:29_idx2:124,chd_conf_headgr,0.0,0.0
3171,7,29,125,"(7, 29, 125)",idx0:7_idx1:29_idx2:125,chd_conf_headgr,0.0,0.0
3172,7,29,126,"(7, 29, 126)",idx0:7_idx1:29_idx2:126,chd_conf_headgr,0.0,0.0
3173,7,29,127,"(7, 29, 127)",idx0:7_idx1:29_idx2:127,chd_conf_headgr,0.0,0.0
3174,7,29,128,"(7, 29, 128)",idx0:7_idx1:29_idx2:128,chd_conf_headgr,0.0,0.0
3175,7,29,129,"(7, 29, 129)",idx0:7_idx1:29_idx2:129,chd_conf_headgr,0.0,0.0
3176,7,29,130,"(7, 29, 130)",idx0:7_idx1:29_idx2:130,chd_conf_headgr,0.0,0.0
3177,7,29,131,"(7, 29, 131)",idx0:7_idx1:29_idx2:131,chd_conf_headgr,0.0,0.0
3178,7,29,132,"(7, 29, 132)",idx0:7_idx1:29_idx2:132,chd_conf_headgr,0.0,0.0
3179,7,29,133,"(7, 29, 133)",idx0:7_idx1:29_idx2:133,chd_conf_headgr,0.0,0.0
3180,7,29,134,"(7, 29, 134)",idx0:7_idx1:29_idx2:134,chd_conf_headgr,0.0,0.0
3181,7,29,135,"(7, 29, 135)",idx0:7_idx1:29_idx2:135,chd_conf_headgr,0.0,0.0
3182,7,29,136,"(7, 29, 136)",idx0:7_idx1:29_idx2:136,chd_conf_headgr,0.0,0.0
3183,7,29,137,"(7, 29, 137)",idx0:7_idx1:29_idx2:137,chd_conf_headgr,0.0,0.0
3184,7,29,138,"(7, 29, 138)",idx0:7_idx1:29_idx2:138,chd_conf_headgr,0.0,0.0
3185,7,29,139,"(7, 29, 139)",idx0:7_idx1:29_idx2:139,chd_conf_headgr,0.0,0.0
3186,7,29,140,"(7, 29, 140)",idx0:7_idx1:29_idx2:140,chd_conf_headgr,0.0,0.0
3187,7,29,141,"(7, 29, 141)",idx0:7_idx1:29_idx2:141,chd_conf_headgr,0.0,0.0
3188,7,29,142,"(7, 29, 142)",idx0:7_idx1:29_idx2:142,chd_conf_headgr,0.0,0.0
3189,7,29,143,"(7, 29, 143)",idx0:7_idx1:29_idx2:143,chd_conf_headgr,0.0,0.0
3190,7,29,144,"(7, 29, 144)",idx0:7_idx1:29_idx2:144,chd_conf_headgr,0.0,0.0
3191,7,29,145,"(7, 29, 145)",idx0:7_idx1:29_idx2:145,chd_conf_headgr,0.0,0.0
3192,7,29,146,"(7, 29, 146)",idx0:7_idx1:29_idx2:146,chd_conf_headgr,0.0,0.0
3193,7,29,147,"(7, 29, 147)",idx0:7_idx1:29_idx2:147,chd_conf_headgr,0.0,0.0
3194,7,29,148,"(7, 29, 148)",idx0:7_idx1:29_idx2:148,chd_conf_headgr,0.0,0.0
3195,7,29,149,"(7, 29, 149)",idx0:7_idx1:29_idx2:149,chd_conf_headgr,0.0,0.0
3196,7,30,19,"(7, 30, 19)",idx0:7_idx1:30_idx2:19,chd_conf_headgr,0.0,0.0
3197,7,30,20,"(7, 30, 20)",idx0:7_idx1:30_idx2:20,chd_conf_headgr,0.0,0.0
3198,7,30,21,"(7, 30, 21)",idx0:7_idx1:30_idx2:21,chd_conf_headgr,0.0,0.0
3199,7,30,22,"(7, 30, 22)",idx0:7_idx1:30_idx2:22,chd_conf_headgr,0.0,0.0
3200,7,30,23,"(7, 30, 23)",idx0:7_idx1:30_idx2:23,chd_conf_headgr,0.0,0.0
3201,7,30,24,"(7, 30, 24)",idx0:7_idx1:30_idx2:24,chd_conf_headgr,0.0,0.0
3202,7,30,25,"(7, 30, 25)",idx0:7_idx1:30_idx2:25,chd_conf_headgr,0.0,0.0
3203,7,30,26,"(7, 30, 26)",idx0:7_idx1:30_idx2:26,chd_conf_headgr,0.0,0.0
3204,7,30,27,"(7, 30, 27)",idx0:7_idx1:30_idx2:27,chd_conf_headgr,0.0,0.0
3205,7,30,28,"(7, 30, 28)",idx0:7_idx1:30_idx2:28,chd_conf_headgr,0.0,0.0
3206,7,30,29,"(7, 30, 29)",idx0:7_idx1:30_idx2:29,chd_conf_headgr,0.0,0.0
3207,7,30,30,"(7, 30, 30)",idx0:7_idx1:30_idx2:30,chd_conf_headgr,0.0,0.0
3208,7,30,31,"(7, 30, 31)",idx0:7_idx1:30_idx2:31,chd_conf_headgr,0.0,0.0
3209,7,30,32,"(7, 30, 32)",idx0:7_idx1:30_idx2:32,chd_conf_headgr,0.0,0.0
3210,7,30,33,"(7, 30, 33)",idx0:7_idx1:30_idx2:33,chd_conf_headgr,0.0,0.0
3211,7,30,34,"(7, 30, 34)",idx0:7_idx1:30_idx2:34,chd_conf_headgr,0.0,0.0
3212,7,30,35,"(7, 30, 35)",idx0:7_idx1:30_idx2:35,chd_conf_headgr,0.0,0.0
3213,7,30,36,"(7, 30, 36)",idx0:7_idx1:30_idx2:36,chd_conf_headgr,0.0,0.0
3214,7,30,37,"(7, 30, 37)",idx0:7_idx1:30_idx2:37,chd_conf_headgr,0.0,0.0
3215,7,30,38,"(7, 30, 38)",idx0:7_idx1:30_idx2:38,chd_conf_headgr,0.0,0.0
3216,7,30,39,"(7, 30, 39)",idx0:7_idx1:30_idx2:39,chd_conf_headgr,0.0,0.0
3217,7,30,40,"(7, 30, 40)",idx0:7_idx1:30_idx2:40,chd_conf_headgr,0.0,0.0
3218,7,30,41,"(7, 30, 41)",idx0:7_idx1:30_idx2:41,chd_conf_headgr,0.0,0.0
3219,7,30,42,"(7, 30, 42)",idx0:7_idx1:30_idx2:42,chd_conf_headgr,0.0,0.0
3220,7,30,43,"(7, 30, 43)",idx0:7_idx1:30_idx2:43,chd_conf_headgr,0.0,0.0
3221,7,30,44,"(7, 30, 44)",idx0:7_idx1:30_idx2:44,chd_conf_headgr,0.0,0.0
3222,7,30,45,"(7, 30, 45)",idx0:7_idx1:30_idx2:45,chd_conf_headgr,0.0,0.0
3223,7,30,46,"(7, 30, 46)",idx0:7_idx1:30_idx2:46,chd_conf_headgr,0.0,0.0
3224,7,30,47,"(7, 30, 47)",idx0:7_idx1:30_idx2:47,chd_conf_headgr,0.0,0.0
3225,7,30,48,"(7, 30, 48)",idx0:7_idx1:30_idx2:48,chd_conf_headgr,0.0,0.0
3226,7,30,49,"(7, 30, 49)",idx0:7_idx1:30_idx2:49,chd_conf_headgr,0.0,0.0
3227,7,30,50,"(7, 30, 50)",idx0:7_idx1:30_idx2:50,chd_conf_headgr,0.0,0.0
3228,7,30,51,"(7, 30, 51)",idx0:7_idx1:30_idx2:51,chd_conf_headgr,0.0,0.0
3229,7,30,52,"(7, 30, 52)",idx0:7_idx1:30_idx2:52,chd_conf_headgr,0.0,0.0
3230,7,30,53,"(7, 30, 53)",idx0:7_idx1:30_idx2:53,chd_conf_headgr,0.0,0.0
3231,7,30,54,"(7, 30, 54)",idx0:7_idx1:30_idx2:54,chd_conf_headgr,0.0,0.0
3232,7,30,55,"(7, 30, 55)",idx0:7_idx1:30_idx2:55,chd_conf_headgr,0.0,0.0
3233,7,30,56,"(7, 30, 56)",idx0:7_idx1:30_idx2:56,chd_conf_headgr,0.0,0.0
3234,7,30,57,"(7, 30, 57)",idx0:7_idx1:30_idx2:57,chd_conf_headgr,0.0,0.0
3235,7,30,58,"(7, 30, 58)",idx0:7_idx1:30_idx2:58,chd_conf_headgr,0.0,0.0
3236,7,30,59,"(7, 30, 59)",idx0:7_idx1:30_idx2:59,chd_conf_headgr,0.0,0.0
3237,7,30,60,"(7, 30, 60)",idx0:7_idx1:30_idx2:60,chd_conf_headgr,0.0,0.0
3238,7,30,61,"(7, 30, 61)",idx0:7_idx1:30_idx2:61,chd_conf_headgr,0.0,0.0
3239,7,30,62,"(7, 30, 62)",idx0:7_idx1:30_idx2:62,chd_conf_headgr,0.0,0.0
3240,7,30,63,"(7, 30, 63)",idx0:7_idx1:30_idx2:63,chd_conf_headgr,0.0,0.0
3241,7,30,64,"(7, 30, 64)",idx0:7_idx1:30_idx2:64,chd_conf_headgr,0.0,0.0
3242,7,30,65,"(7, 30, 65)",idx0:7_idx1:30_idx2:65,chd_conf_headgr,0.0,0.0
3243,7,30,66,"(7, 30, 66)",idx0:7_idx1:30_idx2:66,chd_conf_headgr,0.0,0.0
3244,7,30,67,"(7, 30, 67)",idx0:7_idx1:30_idx2:67,chd_conf_headgr,0.0,0.0
3245,7,30,68,"(7, 30, 68)",idx0:7_idx1:30_idx2:68,chd_conf_headgr,0.0,0.0
3246,7,30,69,"(7, 30, 69)",idx0:7_idx1:30_idx2:69,chd_conf_headgr,0.0,0.0
3247,7,30,70,"(7, 30, 70)",idx0:7_idx1:30_idx2:70,chd_conf_headgr,0.0,0.0
3248,7,30,71,"(7, 30, 71)",idx0:7_idx1:30_idx2:71,chd_conf_headgr,0.0,0.0
3249,7,30,72,"(7, 30, 72)",idx0:7_idx1:30_idx2:72,chd_conf_headgr,0.0,0.0
3250,7,30,73,"(7, 30, 73)",idx0:7_idx1:30_idx2:73,chd_conf_headgr,0.0,0.0
3251,7,30,74,"(7, 30, 74)",idx0:7_idx1:30_idx2:74,chd_conf_headgr,0.0,0.0
3252,7,30,75,"(7, 30, 75)",idx0:7_idx1:30_idx2:75,chd_conf_headgr,0.0,0.0
3253,7,30,76,"(7, 30, 76)",idx0:7_idx1:30_idx2:76,chd_conf_headgr,0.0,0.0
3254,7,30,77,"(7, 30, 77)",idx0:7_idx1:30_idx2:77,chd_conf_headgr,0.0,0.0
3255,7,30,78,"(7, 30, 78)",idx0:7_idx1:30_idx2:78,chd_conf_headgr,0.0,0.0
3256,7,30,79,"(7, 30, 79)",idx0:7_idx1:30_idx2:79,chd_conf_headgr,0.0,0.0
3257,7,30,80,"(7, 30, 80)",idx0:7_idx1:30_idx2:80,chd_conf_headgr,0.0,0.0
3258,7,30,81,"(7, 30, 81)",idx0:7_idx1:30_idx2:81,chd_conf_headgr,0.0,0.0
3259,7,30,82,"(7, 30, 82)",idx0:7_idx1:30_idx2:82,chd_conf_headgr,0.0,0.0
3260,7,30,83,"(7, 30, 83)",idx0:7_idx1:30_idx2:83,chd_conf_headgr,0.0,0.0
3261,7,30,84,"(7, 30, 84)",idx0:7_idx1:30_idx2:84,chd_conf_headgr,0.0,0.0
3262,7,30,85,"(7, 30, 85)",idx0:7_idx1:30_idx2:85,chd_conf_headgr,0.0,0.0
3263,7,30,86,"(7, 30, 86)",idx0:7_idx1:30_idx2:86,chd_conf_headgr,0.0,0.0
3264,7,30,87,"(7, 30, 87)",idx0:7_idx1:30_idx2:87,chd_conf_headgr,0.0,0.0
3265,7,30,88,"(7, 30, 88)",idx0:7_idx1:30_idx2:88,chd_conf_headgr,0.0,0.0
3266,7,30,89,"(7, 30, 89)",idx0:7_idx1:30_idx2:89,chd_conf_headgr,0.0,0.0
3267,7,30,90,"(7, 30, 90)",idx0:7_idx1:30_idx2:90,chd_conf_headgr,0.0,0.0
3268,7,30,91,"(7, 30, 91)",idx0:7_idx1:30_idx2:91,chd_conf_headgr,0.0,0.0
3269,7,30,92,"(7, 30, 92)",idx0:7_idx1:30_idx2:92,chd_conf_headgr,0.0,0.0
3270,7,30,93,"(7, 30, 93)",idx0:7_idx1:30_idx2:93,chd_conf_headgr,0.0,0.0
3271,7,30,94,"(7, 30, 94)",idx0:7_idx1:30_idx2:94,chd_conf_headgr,0.0,0.0
3272,7,30,95,"(7, 30, 95)",idx0:7_idx1:30_idx2:95,chd_conf_headgr,0.0,0.0
3273,7,30,96,"(7, 30, 96)",idx0:7_idx1:30_idx2:96,chd_conf_headgr,0.0,0.0
3274,7,30,97,"(7, 30, 97)",idx0:7_idx1:30_idx2:97,chd_conf_headgr,0.0,0.0
3275,7,30,98,"(7, 30, 98)",idx0:7_idx1:30_idx2:98,chd_conf_headgr,0.0,0.0
3276,7,30,99,"(7, 30, 99)",idx0:7_idx1:30_idx2:99,chd_conf_headgr,0.0,0.0
3277,7,30,100,"(7, 30, 100)",idx0:7_idx1:30_idx2:100,chd_conf_headgr,0.0,0.0
3278,7,30,101,"(7, 30, 101)",idx0:7_idx1:30_idx2:101,chd_conf_headgr,0.0,0.0
3279,7,30,102,"(7, 30, 102)",idx0:7_idx1:30_idx2:102,chd_conf_headgr,0.0,0.0
3280,7,30,103,"(7, 30, 103)",idx0:7_idx1:30_idx2:103,chd_conf_headgr,0.0,0.0
3281,7,30,104,"(7, 30, 104)",idx0:7_idx1:30_idx2:104,chd_conf_headgr,0.0,0.0
3282,7,30,105,"(7, 30, 105)",idx0:7_idx1:30_idx2:105,chd_conf_headgr,0.0,0.0
3283,7,30,106,"(7, 30, 106)",idx0:7_idx1:30_idx2:106,chd_conf_headgr,0.0,0.0
3284,7,30,107,"(7, 30, 107)",idx0:7_idx1:30_idx2:107,chd_conf_headgr,0.0,0.0
3285,7,30,108,"(7, 30, 108)",idx0:7_idx1:30_idx2:108,chd_conf_headgr,0.0,0.0
3286,7,30,109,"(7, 30, 109)",idx0:7_idx1:30_idx2:109,chd_conf_headgr,0.0,0.0
3287,7,30,110,"(7, 30, 110)",idx0:7_idx1:30_idx2:110,chd_conf_headgr,0.0,0.0
3288,7,30,111,"(7, 30, 111)",idx0:7_idx1:30_idx2:111,chd_conf_headgr,0.0,0.0
3289,7,30,112,"(7, 30, 112)",idx0:7_idx1:30_idx2:112,chd_conf_headgr,0.0,0.0
3290,7,30,113,"(7, 30, 113)",idx0:7_idx1:30_idx2:113,chd_conf_headgr,0.0,0.0
3291,7,30,114,"(7, 30, 114)",idx0:7_idx1:30_idx2:114,chd_conf_headgr,0.0,0.0
3292,7,30,115,"(7, 30, 115)",idx0:7_idx1:30_idx2:115,chd_conf_headgr,0.0,0.0
3293,7,30,116,"(7, 30, 116)",idx0:7_idx1:30_idx2:116,chd_conf_headgr,0.0,0.0
3294,7,30,117,"(7, 30, 117)",idx0:7_idx1:30_idx2:117,chd_conf_headgr,0.0,0.0
3295,7,30,118,"(7, 30, 118)",idx0:7_idx1:30_idx2:118,chd_conf_headgr,0.0,0.0
3296,7,30,119,"(7, 30, 119)",idx0:7_idx1:30_idx2:119,chd_conf_headgr,0.0,0.0
3297,7,30,120,"(7, 30, 120)",idx0:7_idx1:30_idx2:120,chd_conf_headgr,0.0,0.0
3298,7,30,121,"(7, 30, 121)",idx0:7_idx1:30_idx2:121,chd_conf_headgr,0.0,0.0
3299,7,30,122,"(7, 30, 122)",idx0:7_idx1:30_idx2:122,chd_conf_headgr,0.0,0.0
3300,7,30,123,"(7, 30, 123)",idx0:7_idx1:30_idx2:123,chd_conf_headgr,0.0,0.0
3301,7,30,124,"(7, 30, 124)",idx0:7_idx1:30_idx2:124,chd_conf_headgr,0.0,0.0
3302,7,30,125,"(7, 30, 125)",idx0:7_idx1:30_idx2:125,chd_conf_headgr,0.0,0.0
3303,7,30,126,"(7, 30, 126)",idx0:7_idx1:30_idx2:126,chd_conf_headgr,0.0,0.0
3304,7,30,127,"(7, 30, 127)",idx0:7_idx1:30_idx2:127,chd_conf_headgr,0.0,0.0
3305,7,30,128,"(7, 30, 128)",idx0:7_idx1:30_idx2:128,chd_conf_headgr,0.0,0.0
3306,7,30,129,"(7, 30, 129)",idx0:7_idx1:30_idx2:129,chd_conf_headgr,0.0,0.0
3307,7,30,130,"(7, 30, 130)",idx0:7_idx1:30_idx2:130,chd_conf_headgr,0.0,0.0
3308,7,30,131,"(7, 30, 131)",idx0:7_idx1:30_idx2:131,chd_conf_headgr,0.0,0.0
3309,7,30,132,"(7, 30, 132)",idx0:7_idx1:30_idx2:132,chd_conf_headgr,0.0,0.0
3310,7,30,133,"(7, 30, 133)",idx0:7_idx1:30_idx2:133,chd_conf_headgr,0.0,0.0
3311,7,30,134,"(7, 30, 134)",idx0:7_idx1:30_idx2:134,chd_conf_headgr,0.0,0.0
3312,7,30,135,"(7, 30, 135)",idx0:7_idx1:30_idx2:135,chd_conf_headgr,0.0,0.0
3313,7,30,136,"(7, 30, 136)",idx0:7_idx1:30_idx2:136,chd_conf_headgr,0.0,0.0
3314,7,30,137,"(7, 30, 137)",idx0:7_idx1:30_idx2:137,chd_conf_headgr,0.0,0.0
3315,7,30,138,"(7, 30, 138)",idx0:7_idx1:30_idx2:138,chd_conf_headgr,0.0,0.0
3316,7,30,139,"(7, 30, 139)",idx0:7_idx1:30_idx2:139,chd_conf_headgr,0.0,0.0
3317,7,30,140,"(7, 30, 140)",idx0:7_idx1:30_idx2:140,chd_conf_headgr,0.0,0.0
3318,7,30,141,"(7, 30, 141)",idx0:7_idx1:30_idx2:141,chd_conf_headgr,0.0,0.0
3319,7,30,142,"(7, 30, 142)",idx0:7_idx1:30_idx2:142,chd_conf_headgr,0.0,0.0
3320,7,30,143,"(7, 30, 143)",idx0:7_idx1:30_idx2:143,chd_conf_headgr,0.0,0.0
3321,7,30,144,"(7, 30, 144)",idx0:7_idx1:30_idx2:144,chd_conf_headgr,0.0,0.0
3322,7,30,145,"(7, 30, 145)",idx0:7_idx1:30_idx2:145,chd_conf_headgr,0.0,0.0
3323,7,30,146,"(7, 30, 146)",idx0:7_idx1:30_idx2:146,chd_conf_headgr,0.0,0.0
3324,7,30,147,"(7, 30, 147)",idx0:7_idx1:30_idx2:147,chd_conf_headgr,0.0,0.0
3325,7,30,148,"(7, 30, 148)",idx0:7_idx1:30_idx2:148,chd_conf_headgr,0.0,0.0
3326,7,30,149,"(7, 30, 149)",idx0:7_idx1:30_idx2:149,chd_conf_headgr,0.0,0.0
3327,7,31,18,"(7, 31, 18)",idx0:7_idx1:31_idx2:18,chd_conf_headgr,0.0,0.0
3328,7,31,19,"(7, 31, 19)",idx0:7_idx1:31_idx2:19,chd_conf_headgr,0.0,0.0
3329,7,31,20,"(7, 31, 20)",idx0:7_idx1:31_idx2:20,chd_conf_headgr,0.0,0.0
3330,7,31,21,"(7, 31, 21)",idx0:7_idx1:31_idx2:21,chd_conf_headgr,0.0,0.0
3331,7,31,22,"(7, 31, 22)",idx0:7_idx1:31_idx2:22,chd_conf_headgr,0.0,0.0
3332,7,31,23,"(7, 31, 23)",idx0:7_idx1:31_idx2:23,chd_conf_headgr,0.0,0.0
3333,7,31,24,"(7, 31, 24)",idx0:7_idx1:31_idx2:24,chd_conf_headgr,0.0,0.0
3334,7,31,25,"(7, 31, 25)",idx0:7_idx1:31_idx2:25,chd_conf_headgr,0.0,0.0
3335,7,31,26,"(7, 31, 26)",idx0:7_idx1:31_idx2:26,chd_conf_headgr,0.0,0.0
3336,7,31,27,"(7, 31, 27)",idx0:7_idx1:31_idx2:27,chd_conf_headgr,0.0,0.0
3337,7,31,28,"(7, 31, 28)",idx0:7_idx1:31_idx2:28,chd_conf_headgr,0.0,0.0
3338,7,31,29,"(7, 31, 29)",idx0:7_idx1:31_idx2:29,chd_conf_headgr,0.0,0.0
3339,7,31,30,"(7, 31, 30)",idx0:7_idx1:31_idx2:30,chd_conf_headgr,0.0,0.0
3340,7,31,31,"(7, 31, 31)",idx0:7_idx1:31_idx2:31,chd_conf_headgr,0.0,0.0
3341,7,31,32,"(7, 31, 32)",idx0:7_idx1:31_idx2:32,chd_conf_headgr,0.0,0.0
3342,7,31,33,"(7, 31, 33)",idx0:7_idx1:31_idx2:33,chd_conf_headgr,0.0,0.0
3343,7,31,34,"(7, 31, 34)",idx0:7_idx1:31_idx2:34,chd_conf_headgr,0.0,0.0
3344,7,31,35,"(7, 31, 35)",idx0:7_idx1:31_idx2:35,chd_conf_headgr,0.0,0.0
3345,7,31,36,"(7, 31, 36)",idx0:7_idx1:31_idx2:36,chd_conf_headgr,0.0,0.0
3346,7,31,37,"(7, 31, 37)",idx0:7_idx1:31_idx2:37,chd_conf_headgr,0.0,0.0
3347,7,31,38,"(7, 31, 38)",idx0:7_idx1:31_idx2:38,chd_conf_headgr,0.0,0.0
3348,7,31,39,"(7, 31, 39)",idx0:7_idx1:31_idx2:39,chd_conf_headgr,0.0,0.0
3349,7,31,40,"(7, 31, 40)",idx0:7_idx1:31_idx2:40,chd_conf_headgr,0.0,0.0
3350,7,31,41,"(7, 31, 41)",idx0:7_idx1:31_idx2:41,chd_conf_headgr,0.0,0.0
3351,7,31,42,"(7, 31, 42)",idx0:7_idx1:31_idx2:42,chd_conf_headgr,0.0,0.0
3352,7,31,43,"(7, 31, 43)",idx0:7_idx1:31_idx2:43,chd_conf_headgr,0.0,0.0
3353,7,31,44,"(7, 31, 44)",idx0:7_idx1:31_idx2:44,chd_conf_headgr,0.0,0.0
3354,7,31,45,"(7, 31, 45)",idx0:7_idx1:31_idx2:45,chd_conf_headgr,0.0,0.0
3355,7,31,46,"(7, 31, 46)",idx0:7_idx1:31_idx2:46,chd_conf_headgr,0.0,0.0
3356,7,31,47,"(7, 31, 47)",idx0:7_idx1:31_idx2:47,chd_conf_headgr,0.0,0.0
3357,7,31,48,"(7, 31, 48)",idx0:7_idx1:31_idx2:48,chd_conf_headgr,0.0,0.0
3358,7,31,49,"(7, 31, 49)",idx0:7_idx1:31_idx2:49,chd_conf_headgr,0.0,0.0
3359,7,31,50,"(7, 31, 50)",idx0:7_idx1:31_idx2:50,chd_conf_headgr,0.0,0.0
3360,7,31,51,"(7, 31, 51)",idx0:7_idx1:31_idx2:51,chd_conf_headgr,0.0,0.0
3361,7,31,52,"(7, 31, 52)",idx0:7_idx1:31_idx2:52,chd_conf_headgr,0.0,0.0
3362,7,31,53,"(7, 31, 53)",idx0:7_idx1:31_idx2:53,chd_conf_headgr,0.0,0.0
3363,7,31,54,"(7, 31, 54)",idx0:7_idx1:31_idx2:54,chd_conf_headgr,0.0,0.0
3364,7,31,55,"(7, 31, 55)",idx0:7_idx1:31_idx2:55,chd_conf_headgr,0.0,0.0
3365,7,31,56,"(7, 31, 56)",idx0:7_idx1:31_idx2:56,chd_conf_headgr,0.0,0.0
3366,7,31,57,"(7, 31, 57)",idx0:7_idx1:31_idx2:57,chd_conf_headgr,0.0,0.0
3367,7,31,58,"(7, 31, 58)",idx0:7_idx1:31_idx2:58,chd_conf_headgr,0.0,0.0
3368,7,31,59,"(7, 31, 59)",idx0:7_idx1:31_idx2:59,chd_conf_headgr,0.0,0.0
3369,7,31,60,"(7, 31, 60)",idx0:7_idx1:31_idx2:60,chd_conf_headgr,0.0,0.0
3370,7,31,61,"(7, 31, 61)",idx0:7_idx1:31_idx2:61,chd_conf_headgr,0.0,0.0
3371,7,31,62,"(7, 31, 62)",idx0:7_idx1:31_idx2:62,chd_conf_headgr,0.0,0.0
3372,7,31,63,"(7, 31, 63)",idx0:7_idx1:31_idx2:63,chd_conf_headgr,0.0,0.0
3373,7,31,64,"(7, 31, 64)",idx0:7_idx1:31_idx2:64,chd_conf_headgr,0.0,0.0
3374,7,31,65,"(7, 31, 65)",idx0:7_idx1:31_idx2:65,chd_conf_headgr,0.0,0.0
3375,7,31,66,"(7, 31, 66)",idx0:7_idx1:31_idx2:66,chd_conf_headgr,0.0,0.0
3376,7,31,67,"(7, 31, 67)",idx0:7_idx1:31_idx2:67,chd_conf_headgr,0.0,0.0
3377,7,31,68,"(7, 31, 68)",idx0:7_idx1:31_idx2:68,chd_conf_headgr,0.0,0.0
3378,7,31,69,"(7, 31, 69)",idx0:7_idx1:31_idx2:69,chd_conf_headgr,0.0,0.0
3379,7,31,70,"(7, 31, 70)",idx0:7_idx1:31_idx2:70,chd_conf_headgr,0.0,0.0
3380,7,31,71,"(7, 31, 71)",idx0:7_idx1:31_idx2:71,chd_conf_headgr,0.0,0.0
3381,7,31,72,"(7, 31, 72)",idx0:7_idx1:31_idx2:72,chd_conf_headgr,0.0,0.0
3382,7,31,73,"(7, 31, 73)",idx0:7_idx1:31_idx2:73,chd_conf_headgr,0.0,0.0
3383,7,31,74,"(7, 31, 74)",idx0:7_idx1:31_idx2:74,chd_conf_headgr,0.0,0.0
3384,7,31,75,"(7, 31, 75)",idx0:7_idx1:31_idx2:75,chd_conf_headgr,0.0,0.0
3385,7,31,76,"(7, 31, 76)",idx0:7_idx1:31_idx2:76,chd_conf_headgr,0.0,0.0
3386,7,31,77,"(7, 31, 77)",idx0:7_idx1:31_idx2:77,chd_conf_headgr,0.0,0.0
3387,7,31,78,"(7, 31, 78)",idx0:7_idx1:31_idx2:78,chd_conf_headgr,0.0,0.0
3388,7,31,79,"(7, 31, 79)",idx0:7_idx1:31_idx2:79,chd_conf_headgr,0.0,0.0
3389,7,31,80,"(7, 31, 80)",idx0:7_idx1:31_idx2:80,chd_conf_headgr,0.0,0.0
3390,7,31,81,"(7, 31, 81)",idx0:7_idx1:31_idx2:81,chd_conf_headgr,0.0,0.0
3391,7,31,82,"(7, 31, 82)",idx0:7_idx1:31_idx2:82,chd_conf_headgr,0.0,0.0
3392,7,31,83,"(7, 31, 83)",idx0:7_idx1:31_idx2:83,chd_conf_headgr,0.0,0.0
3393,7,31,84,"(7, 31, 84)",idx0:7_idx1:31_idx2:84,chd_conf_headgr,0.0,0.0
3394,7,31,85,"(7, 31, 85)",idx0:7_idx1:31_idx2:85,chd_conf_headgr,0.0,0.0
3395,7,31,86,"(7, 31, 86)",idx0:7_idx1:31_idx2:86,chd_conf_headgr,0.0,0.0
3396,7,31,87,"(7, 31, 87)",idx0:7_idx1:31_idx2:87,chd_conf_headgr,0.0,0.0
3397,7,31,88,"(7, 31, 88)",idx0:7_idx1:31_idx2:88,chd_conf_headgr,0.0,0.0
3398,7,31,89,"(7, 31, 89)",idx0:7_idx1:31_idx2:89,chd_conf_headgr,0.0,0.0
3399,7,31,90,"(7, 31, 90)",idx0:7_idx1:31_idx2:90,chd_conf_headgr,0.0,0.0
3400,7,31,91,"(7, 31, 91)",idx0:7_idx1:31_idx2:91,chd_conf_headgr,0.0,0.0
3401,7,31,92,"(7, 31, 92)",idx0:7_idx1:31_idx2:92,chd_conf_headgr,0.0,0.0
3402,7,31,93,"(7, 31, 93)",idx0:7_idx1:31_idx2:93,chd_conf_headgr,0.0,0.0
3403,7,31,94,"(7, 31, 94)",idx0:7_idx1:31_idx2:94,chd_conf_headgr,0.0,0.0
3404,7,31,95,"(7, 31, 95)",idx0:7_idx1:31_idx2:95,chd_conf_headgr,0.0,0.0
3405,7,31,96,"(7, 31, 96)",idx0:7_idx1:31_idx2:96,chd_conf_headgr,0.0,0.0
3406,7,31,97,"(7, 31, 97)",idx0:7_idx1:31_idx2:97,chd_conf_headgr,0.0,0.0
3407,7,31,98,"(7, 31, 98)",idx0:7_idx1:31_idx2:98,chd_conf_headgr,0.0,0.0
3408,7,31,99,"(7, 31, 99)",idx0:7_idx1:31_idx2:99,chd_conf_headgr,0.0,0.0
3409,7,31,100,"(7, 31, 100)",idx0:7_idx1:31_idx2:100,chd_conf_headgr,0.0,0.0
3410,7,31,101,"(7, 31, 101)",idx0:7_idx1:31_idx2:101,chd_conf_headgr,0.0,0.0
3411,7,31,102,"(7, 31, 102)",idx0:7_idx1:31_idx2:102,chd_conf_headgr,0.0,0.0
3412,7,31,103,"(7, 31, 103)",idx0:7_idx1:31_idx2:103,chd_conf_headgr,0.0,0.0
3413,7,31,104,"(7, 31, 104)",idx0:7_idx1:31_idx2:104,chd_conf_headgr,0.0,0.0
3414,7,31,105,"(7, 31, 105)",idx0:7_idx1:31_idx2:105,chd_conf_headgr,0.0,0.0
3415,7,31,106,"(7, 31, 106)",idx0:7_idx1:31_idx2:106,chd_conf_headgr,0.0,0.0
3416,7,31,107,"(7, 31, 107)",idx0:7_idx1:31_idx2:107,chd_conf_headgr,0.0,0.0
3417,7,31,108,"(7, 31, 108)",idx0:7_idx1:31_idx2:108,chd_conf_headgr,0.0,0.0
3418,7,31,109,"(7, 31, 109)",idx0:7_idx1:31_idx2:109,chd_conf_headgr,0.0,0.0
3419,7,31,110,"(7, 31, 110)",idx0:7_idx1:31_idx2:110,chd_conf_headgr,0.0,0.0
3420,7,31,111,"(7, 31, 111)",idx0:7_idx1:31_idx2:111,chd_conf_headgr,0.0,0.0
3421,7,31,112,"(7, 31, 112)",idx0:7_idx1:31_idx2:112,chd_conf_headgr,0.0,0.0
3422,7,31,113,"(7, 31, 113)",idx0:7_idx1:31_idx2:113,chd_conf_headgr,0.0,0.0
3423,7,31,114,"(7, 31, 114)",idx0:7_idx1:31_idx2:114,chd_conf_headgr,0.0,0.0
3424,7,31,115,"(7, 31, 115)",idx0:7_idx1:31_idx2:115,chd_conf_headgr,0.0,0.0
3425,7,31,116,"(7, 31, 116)",idx0:7_idx1:31_idx2:116,chd_conf_headgr,0.0,0.0
3426,7,31,117,"(7, 31, 117)",idx0:7_idx1:31_idx2:117,chd_conf_headgr,0.0,0.0
3427,7,31,118,"(7, 31, 118)",idx0:7_idx1:31_idx2:118,chd_conf_headgr,0.0,0.0
3428,7,31,119,"(7, 31, 119)",idx0:7_idx1:31_idx2:119,chd_conf_headgr,0.0,0.0
3429,7,31,120,"(7, 31, 120)",idx0:7_idx1:31_idx2:120,chd_conf_headgr,0.0,0.0
3430,7,31,121,"(7, 31, 121)",idx0:7_idx1:31_idx2:121,chd_conf_headgr,0.0,0.0
3431,7,31,122,"(7, 31, 122)",idx0:7_idx1:31_idx2:122,chd_conf_headgr,0.0,0.0
3432,7,31,123,"(7, 31, 123)",idx0:7_idx1:31_idx2:123,chd_conf_headgr,0.0,0.0
3433,7,31,124,"(7, 31, 124)",idx0:7_idx1:31_idx2:124,chd_conf_headgr,0.0,0.0
3434,7,31,125,"(7, 31, 125)",idx0:7_idx1:31_idx2:125,chd_conf_headgr,0.0,0.0
3435,7,31,126,"(7, 31, 126)",idx0:7_idx1:31_idx2:126,chd_conf_headgr,0.0,0.0
3436,7,31,127,"(7, 31, 127)",idx0:7_idx1:31_idx2:127,chd_conf_headgr,0.0,0.0
3437,7,31,128,"(7, 31, 128)",idx0:7_idx1:31_idx2:128,chd_conf_headgr,0.0,0.0
3438,7,31,129,"(7, 31, 129)",idx0:7_idx1:31_idx2:129,chd_conf_headgr,0.0,0.0
3439,7,31,130,"(7, 31, 130)",idx0:7_idx1:31_idx2:130,chd_conf_headgr,0.0,0.0
3440,7,31,131,"(7, 31, 131)",idx0:7_idx1:31_idx2:131,chd_conf_headgr,0.0,0.0
3441,7,31,132,"(7, 31, 132)",idx0:7_idx1:31_idx2:132,chd_conf_headgr,0.0,0.0
3442,7,31,133,"(7, 31, 133)",idx0:7_idx1:31_idx2:133,chd_conf_headgr,0.0,0.0
3443,7,31,134,"(7, 31, 134)",idx0:7_idx1:31_idx2:134,chd_conf_headgr,0.0,0.0
3444,7,31,135,"(7, 31, 135)",idx0:7_idx1:31_idx2:135,chd_conf_headgr,0.0,0.0
3445,7,31,136,"(7, 31, 136)",idx0:7_idx1:31_idx2:136,chd_conf_headgr,0.0,0.0
3446,7,31,137,"(7, 31, 137)",idx0:7_idx1:31_idx2:137,chd_conf_headgr,0.0,0.0
3447,7,31,138,"(7, 31, 138)",idx0:7_idx1:31_idx2:138,chd_conf_headgr,0.0,0.0
3448,7,31,139,"(7, 31, 139)",idx0:7_idx1:31_idx2:139,chd_conf_headgr,0.0,0.0
3449,7,31,140,"(7, 31, 140)",idx0:7_idx1:31_idx2:140,chd_conf_headgr,0.0,0.0
3450,7,31,141,"(7, 31, 141)",idx0:7_idx1:31_idx2:141,chd_conf_headgr,0.0,0.0
3451,7,31,142,"(7, 31, 142)",idx0:7_idx1:31_idx2:142,chd_conf_headgr,0.0,0.0
3452,7,31,143,"(7, 31, 143)",idx0:7_idx1:31_idx2:143,chd_conf_headgr,0.0,0.0
3453,7,31,144,"(7, 31, 144)",idx0:7_idx1:31_idx2:144,chd_conf_headgr,0.0,0.0
3454,7,31,145,"(7, 31, 145)",idx0:7_idx1:31_idx2:145,chd_conf_headgr,0.0,0.0
3455,7,31,146,"(7, 31, 146)",idx0:7_idx1:31_idx2:146,chd_conf_headgr,0.0,0.0
3456,7,31,147,"(7, 31, 147)",idx0:7_idx1:31_idx2:147,chd_conf_headgr,0.0,0.0
3457,7,31,148,"(7, 31, 148)",idx0:7_idx1:31_idx2:148,chd_conf_headgr,0.0,0.0
3458,7,31,149,"(7, 31, 149)",idx0:7_idx1:31_idx2:149,chd_conf_headgr,0.0,0.0
3459,7,32,18,"(7, 32, 18)",idx0:7_idx1:32_idx2:18,chd_conf_headgr,0.0,0.0
3460,7,32,19,"(7, 32, 19)",idx0:7_idx1:32_idx2:19,chd_conf_headgr,0.0,0.0
3461,7,32,20,"(7, 32, 20)",idx0:7_idx1:32_idx2:20,chd_conf_headgr,0.0,0.0
3462,7,32,21,"(7, 32, 21)",idx0:7_idx1:32_idx2:21,chd_conf_headgr,0.0,0.0
3463,7,32,22,"(7, 32, 22)",idx0:7_idx1:32_idx2:22,chd_conf_headgr,0.0,0.0
3464,7,32,23,"(7, 32, 23)",idx0:7_idx1:32_idx2:23,chd_conf_headgr,0.0,0.0
3465,7,32,24,"(7, 32, 24)",idx0:7_idx1:32_idx2:24,chd_conf_headgr,0.0,0.0
3466,7,32,25,"(7, 32, 25)",idx0:7_idx1:32_idx2:25,chd_conf_headgr,0.0,0.0
3467,7,32,26,"(7, 32, 26)",idx0:7_idx1:32_idx2:26,chd_conf_headgr,0.0,0.0
3468,7,32,27,"(7, 32, 27)",idx0:7_idx1:32_idx2:27,chd_conf_headgr,0.0,0.0
3469,7,32,28,"(7, 32, 28)",idx0:7_idx1:32_idx2:28,chd_conf_headgr,0.0,0.0
3470,7,32,29,"(7, 32, 29)",idx0:7_idx1:32_idx2:29,chd_conf_headgr,0.0,0.0
3471,7,32,30,"(7, 32, 30)",idx0:7_idx1:32_idx2:30,chd_conf_headgr,0.0,0.0
3472,7,32,31,"(7, 32, 31)",idx0:7_idx1:32_idx2:31,chd_conf_headgr,0.0,0.0
3473,7,32,32,"(7, 32, 32)",idx0:7_idx1:32_idx2:32,chd_conf_headgr,0.0,0.0
3474,7,32,33,"(7, 32, 33)",idx0:7_idx1:32_idx2:33,chd_conf_headgr,0.0,0.0
3475,7,32,34,"(7, 32, 34)",idx0:7_idx1:32_idx2:34,chd_conf_headgr,0.0,0.0
3476,7,32,35,"(7, 32, 35)",idx0:7_idx1:32_idx2:35,chd_conf_headgr,0.0,0.0
3477,7,32,36,"(7, 32, 36)",idx0:7_idx1:32_idx2:36,chd_conf_headgr,0.0,0.0
3478,7,32,37,"(7, 32, 37)",idx0:7_idx1:32_idx2:37,chd_conf_headgr,0.0,0.0
3479,7,32,38,"(7, 32, 38)",idx0:7_idx1:32_idx2:38,chd_conf_headgr,0.0,0.0
3480,7,32,39,"(7, 32, 39)",idx0:7_idx1:32_idx2:39,chd_conf_headgr,0.0,0.0
3481,7,32,40,"(7, 32, 40)",idx0:7_idx1:32_idx2:40,chd_conf_headgr,0.0,0.0
3482,7,32,41,"(7, 32, 41)",idx0:7_idx1:32_idx2:41,chd_conf_headgr,0.0,0.0
3483,7,32,42,"(7, 32, 42)",idx0:7_idx1:32_idx2:42,chd_conf_headgr,0.0,0.0
3484,7,32,43,"(7, 32, 43)",idx0:7_idx1:32_idx2:43,chd_conf_headgr,0.0,0.0
3485,7,32,44,"(7, 32, 44)",idx0:7_idx1:32_idx2:44,chd_conf_headgr,0.0,0.0
3486,7,32,45,"(7, 32, 45)",idx0:7_idx1:32_idx2:45,chd_conf_headgr,0.0,0.0
3487,7,32,46,"(7, 32, 46)",idx0:7_idx1:32_idx2:46,chd_conf_headgr,0.0,0.0
3488,7,32,47,"(7, 32, 47)",idx0:7_idx1:32_idx2:47,chd_conf_headgr,0.0,0.0
3489,7,32,48,"(7, 32, 48)",idx0:7_idx1:32_idx2:48,chd_conf_headgr,0.0,0.0
3490,7,32,49,"(7, 32, 49)",idx0:7_idx1:32_idx2:49,chd_conf_headgr,0.0,0.0
3491,7,32,50,"(7, 32, 50)",idx0:7_idx1:32_idx2:50,chd_conf_headgr,0.0,0.0
3492,7,32,51,"(7, 32, 51)",idx0:7_idx1:32_idx2:51,chd_conf_headgr,0.0,0.0
3493,7,32,52,"(7, 32, 52)",idx0:7_idx1:32_idx2:52,chd_conf_headgr,0.0,0.0
3494,7,32,53,"(7, 32, 53)",idx0:7_idx1:32_idx2:53,chd_conf_headgr,0.0,0.0
3495,7,32,54,"(7, 32, 54)",idx0:7_idx1:32_idx2:54,chd_conf_headgr,0.0,0.0
3496,7,32,55,"(7, 32, 55)",idx0:7_idx1:32_idx2:55,chd_conf_headgr,0.0,0.0
3497,7,32,56,"(7, 32, 56)",idx0:7_idx1:32_idx2:56,chd_conf_headgr,0.0,0.0
3498,7,32,57,"(7, 32, 57)",idx0:7_idx1:32_idx2:57,chd_conf_headgr,0.0,0.0
3499,7,32,58,"(7, 32, 58)",idx0:7_idx1:32_idx2:58,chd_conf_headgr,0.0,0.0
3500,7,32,59,"(7, 32, 59)",idx0:7_idx1:32_idx2:59,chd_conf_headgr,0.0,0.0
3501,7,32,60,"(7, 32, 60)",idx0:7_idx1:32_idx2:60,chd_conf_headgr,0.0,0.0
3502,7,32,61,"(7, 32, 61)",idx0:7_idx1:32_idx2:61,chd_conf_headgr,0.0,0.0
3503,7,32,62,"(7, 32, 62)",idx0:7_idx1:32_idx2:62,chd_conf_headgr,0.0,0.0
3504,7,32,63,"(7, 32, 63)",idx0:7_idx1:32_idx2:63,chd_conf_headgr,0.0,0.0
3505,7,32,64,"(7, 32, 64)",idx0:7_idx1:32_idx2:64,chd_conf_headgr,0.0,0.0
3506,7,32,65,"(7, 32, 65)",idx0:7_idx1:32_idx2:65,chd_conf_headgr,0.0,0.0
3507,7,32,66,"(7, 32, 66)",idx0:7_idx1:32_idx2:66,chd_conf_headgr,0.0,0.0
3508,7,32,67,"(7, 32, 67)",idx0:7_idx1:32_idx2:67,chd_conf_headgr,0.0,0.0
3509,7,32,68,"(7, 32, 68)",idx0:7_idx1:32_idx2:68,chd_conf_headgr,0.0,0.0
3510,7,32,69,"(7, 32, 69)",idx0:7_idx1:32_idx2:69,chd_conf_headgr,0.0,0.0
3511,7,32,70,"(7, 32, 70)",idx0:7_idx1:32_idx2:70,chd_conf_headgr,0.0,0.0
3512,7,32,71,"(7, 32, 71)",idx0:7_idx1:32_idx2:71,chd_conf_headgr,0.0,0.0
3513,7,32,72,"(7, 32, 72)",idx0:7_idx1:32_idx2:72,chd_conf_headgr,0.0,0.0
3514,7,32,73,"(7, 32, 73)",idx0:7_idx1:32_idx2:73,chd_conf_headgr,0.0,0.0
3515,7,32,74,"(7, 32, 74)",idx0:7_idx1:32_idx2:74,chd_conf_headgr,0.0,0.0
3516,7,32,75,"(7, 32, 75)",idx0:7_idx1:32_idx2:75,chd_conf_headgr,0.0,0.0
3517,7,32,76,"(7, 32, 76)",idx0:7_idx1:32_idx2:76,chd_conf_headgr,0.0,0.0
3518,7,32,77,"(7, 32, 77)",idx0:7_idx1:32_idx2:77,chd_conf_headgr,0.0,0.0
3519,7,32,78,"(7, 32, 78)",idx0:7_idx1:32_idx2:78,chd_conf_headgr,0.0,0.0
3520,7,32,79,"(7, 32, 79)",idx0:7_idx1:32_idx2:79,chd_conf_headgr,0.0,0.0
3521,7,32,80,"(7, 32, 80)",idx0:7_idx1:32_idx2:80,chd_conf_headgr,0.0,0.0
3522,7,32,81,"(7, 32, 81)",idx0:7_idx1:32_idx2:81,chd_conf_headgr,0.0,0.0
3523,7,32,82,"(7, 32, 82)",idx0:7_idx1:32_idx2:82,chd_conf_headgr,0.0,0.0
3524,7,32,83,"(7, 32, 83)",idx0:7_idx1:32_idx2:83,chd_conf_headgr,0.0,0.0
3525,7,32,84,"(7, 32, 84)",idx0:7_idx1:32_idx2:84,chd_conf_headgr,0.0,0.0
3526,7,32,85,"(7, 32, 85)",idx0:7_idx1:32_idx2:85,chd_conf_headgr,0.0,0.0
3527,7,32,86,"(7, 32, 86)",idx0:7_idx1:32_idx2:86,chd_conf_headgr,0.0,0.0
3528,7,32,87,"(7, 32, 87)",idx0:7_idx1:32_idx2:87,chd_conf_headgr,0.0,0.0
3529,7,32,88,"(7, 32, 88)",idx0:7_idx1:32_idx2:88,chd_conf_headgr,0.0,0.0
3530,7,32,89,"(7, 32, 89)",idx0:7_idx1:32_idx2:89,chd_conf_headgr,0.0,0.0
3531,7,32,90,"(7, 32, 90)",idx0:7_idx1:32_idx2:90,chd_conf_headgr,0.0,0.0
3532,7,32,91,"(7, 32, 91)",idx0:7_idx1:32_idx2:91,chd_conf_headgr,0.0,0.0
3533,7,32,92,"(7, 32, 92)",idx0:7_idx1:32_idx2:92,chd_conf_headgr,0.0,0.0
3534,7,32,93,"(7, 32, 93)",idx0:7_idx1:32_idx2:93,chd_conf_headgr,0.0,0.0
3535,7,32,94,"(7, 32, 94)",idx0:7_idx1:32_idx2:94,chd_conf_headgr,0.0,0.0
3536,7,32,95,"(7, 32, 95)",idx0:7_idx1:32_idx2:95,chd_conf_headgr,0.0,0.0
3537,7,32,96,"(7, 32, 96)",idx0:7_idx1:32_idx2:96,chd_conf_headgr,0.0,0.0
3538,7,32,97,"(7, 32, 97)",idx0:7_idx1:32_idx2:97,chd_conf_headgr,0.0,0.0
3539,7,32,98,"(7, 32, 98)",idx0:7_idx1:32_idx2:98,chd_conf_headgr,0.0,0.0
3540,7,32,99,"(7, 32, 99)",idx0:7_idx1:32_idx2:99,chd_conf_headgr,0.0,0.0
3541,7,32,100,"(7, 32, 100)",idx0:7_idx1:32_idx2:100,chd_conf_headgr,0.0,0.0
3542,7,32,101,"(7, 32, 101)",idx0:7_idx1:32_idx2:101,chd_conf_headgr,0.0,0.0
3543,7,32,102,"(7, 32, 102)",idx0:7_idx1:32_idx2:102,chd_conf_headgr,0.0,0.0
3544,7,32,103,"(7, 32, 103)",idx0:7_idx1:32_idx2:103,chd_conf_headgr,0.0,0.0
3545,7,32,104,"(7, 32, 104)",idx0:7_idx1:32_idx2:104,chd_conf_headgr,0.0,0.0
3546,7,32,105,"(7, 32, 105)",idx0:7_idx1:32_idx2:105,chd_conf_headgr,0.0,0.0
3547,7,32,106,"(7, 32, 106)",idx0:7_idx1:32_idx2:106,chd_conf_headgr,0.0,0.0
3548,7,32,107,"(7, 32, 107)",idx0:7_idx1:32_idx2:107,chd_conf_headgr,0.0,0.0
3549,7,32,108,"(7, 32, 108)",idx0:7_idx1:32_idx2:108,chd_conf_headgr,0.0,0.0
3550,7,32,109,"(7, 32, 109)",idx0:7_idx1:32_idx2:109,chd_conf_headgr,0.0,0.0
3551,7,32,110,"(7, 32, 110)",idx0:7_idx1:32_idx2:110,chd_conf_headgr,0.0,0.0
3552,7,32,111,"(7, 32, 111)",idx0:7_idx1:32_idx2:111,chd_conf_headgr,0.0,0.0
3553,7,32,112,"(7, 32, 112)",idx0:7_idx1:32_idx2:112,chd_conf_headgr,0.0,0.0
3554,7,32,113,"(7, 32, 113)",idx0:7_idx1:32_idx2:113,chd_conf_headgr,0.0,0.0
3555,7,32,114,"(7, 32, 114)",idx0:7_idx1:32_idx2:114,chd_conf_headgr,0.0,0.0
3556,7,32,115,"(7, 32, 115)",idx0:7_idx1:32_idx2:115,chd_conf_headgr,0.0,0.0
3557,7,32,116,"(7, 32, 116)",idx0:7_idx1:32_idx2:116,chd_conf_headgr,0.0,0.0
3558,7,32,117,"(7, 32, 117)",idx0:7_idx1:32_idx2:117,chd_conf_headgr,0.0,0.0
3559,7,32,118,"(7, 32, 118)",idx0:7_idx1:32_idx2:118,chd_conf_headgr,0.0,0.0
3560,7,32,119,"(7, 32, 119)",idx0:7_idx1:32_idx2:119,chd_conf_headgr,0.0,0.0
3561,7,32,120,"(7, 32, 120)",idx0:7_idx1:32_idx2:120,chd_conf_headgr,0.0,0.0
3562,7,32,121,"(7, 32, 121)",idx0:7_idx1:32_idx2:121,chd_conf_headgr,0.0,0.0
3563,7,32,122,"(7, 32, 122)",idx0:7_idx1:32_idx2:122,chd_conf_headgr,0.0,0.0
3564,7,32,123,"(7, 32, 123)",idx0:7_idx1:32_idx2:123,chd_conf_headgr,0.0,0.0
3565,7,32,124,"(7, 32, 124)",idx0:7_idx1:32_idx2:124,chd_conf_headgr,0.0,0.0
3566,7,32,125,"(7, 32, 125)",idx0:7_idx1:32_idx2:125,chd_conf_headgr,0.0,0.0
3567,7,32,126,"(7, 32, 126)",idx0:7_idx1:32_idx2:126,chd_conf_headgr,0.0,0.0
3568,7,32,127,"(7, 32, 127)",idx0:7_idx1:32_idx2:127,chd_conf_headgr,0.0,0.0
3569,7,32,128,"(7, 32, 128)",idx0:7_idx1:32_idx2:128,chd_conf_headgr,0.0,0.0
3570,7,32,129,"(7, 32, 129)",idx0:7_idx1:32_idx2:129,chd_conf_headgr,0.0,0.0
3571,7,32,130,"(7, 32, 130)",idx0:7_idx1:32_idx2:130,chd_conf_headgr,0.0,0.0
3572,7,32,131,"(7, 32, 131)",idx0:7_idx1:32_idx2:131,chd_conf_headgr,0.0,0.0
3573,7,32,132,"(7, 32, 132)",idx0:7_idx1:32_idx2:132,chd_conf_headgr,0.0,0.0
3574,7,32,133,"(7, 32, 133)",idx0:7_idx1:32_idx2:133,chd_conf_headgr,0.0,0.0
3575,7,32,134,"(7, 32, 134)",idx0:7_idx1:32_idx2:134,chd_conf_headgr,0.0,0.0
3576,7,32,135,"(7, 32, 135)",idx0:7_idx1:32_idx2:135,chd_conf_headgr,0.0,0.0
3577,7,32,136,"(7, 32, 136)",idx0:7_idx1:32_idx2:136,chd_conf_headgr,0.0,0.0
3578,7,32,137,"(7, 32, 137)",idx0:7_idx1:32_idx2:137,chd_conf_headgr,0.0,0.0
3579,7,32,138,"(7, 32, 138)",idx0:7_idx1:32_idx2:138,chd_conf_headgr,0.0,0.0
3580,7,32,139,"(7, 32, 139)",idx0:7_idx1:32_idx2:139,chd_conf_headgr,0.0,0.0
3581,7,32,140,"(7, 32, 140)",idx0:7_idx1:32_idx2:140,chd_conf_headgr,0.0,0.0
3582,7,32,141,"(7, 32, 141)",idx0:7_idx1:32_idx2:141,chd_conf_headgr,0.0,0.0
3583,7,32,142,"(7, 32, 142)",idx0:7_idx1:32_idx2:142,chd_conf_headgr,0.0,0.0
3584,7,32,143,"(7, 32, 143)",idx0:7_idx1:32_idx2:143,chd_conf_headgr,0.0,0.0
3585,7,32,144,"(7, 32, 144)",idx0:7_idx1:32_idx2:144,chd_conf_headgr,0.0,0.0
3586,7,32,145,"(7, 32, 145)",idx0:7_idx1:32_idx2:145,chd_conf_headgr,0.0,0.0
3587,7,32,146,"(7, 32, 146)",idx0:7_idx1:32_idx2:146,chd_conf_headgr,0.0,0.0
3588,7,32,147,"(7, 32, 147)",idx0:7_idx1:32_idx2:147,chd_conf_headgr,0.0,0.0
3589,7,32,148,"(7, 32, 148)",idx0:7_idx1:32_idx2:148,chd_conf_headgr,0.0,0.0
3590,7,32,149,"(7, 32, 149)",idx0:7_idx1:32_idx2:149,chd_conf_headgr,0.0,0.0
3591,7,33,17,"(7, 33, 17)",idx0:7_idx1:33_idx2:17,chd_conf_headgr,0.0,0.0
3592,7,33,18,"(7, 33, 18)",idx0:7_idx1:33_idx2:18,chd_conf_headgr,0.0,0.0
3593,7,33,19,"(7, 33, 19)",idx0:7_idx1:33_idx2:19,chd_conf_headgr,0.0,0.0
3594,7,33,20,"(7, 33, 20)",idx0:7_idx1:33_idx2:20,chd_conf_headgr,0.0,0.0
3595,7,33,21,"(7, 33, 21)",idx0:7_idx1:33_idx2:21,chd_conf_headgr,0.0,0.0
3596,7,33,22,"(7, 33, 22)",idx0:7_idx1:33_idx2:22,chd_conf_headgr,0.0,0.0
3597,7,33,23,"(7, 33, 23)",idx0:7_idx1:33_idx2:23,chd_conf_headgr,0.0,0.0
3598,7,33,24,"(7, 33, 24)",idx0:7_idx1:33_idx2:24,chd_conf_headgr,0.0,0.0
3599,7,33,25,"(7, 33, 25)",idx0:7_idx1:33_idx2:25,chd_conf_headgr,0.0,0.0
3600,7,33,26,"(7, 33, 26)",idx0:7_idx1:33_idx2:26,chd_conf_headgr,0.0,0.0
3601,7,33,27,"(7, 33, 27)",idx0:7_idx1:33_idx2:27,chd_conf_headgr,0.0,0.0
3602,7,33,28,"(7, 33, 28)",idx0:7_idx1:33_idx2:28,chd_conf_headgr,0.0,0.0
3603,7,33,29,"(7, 33, 29)",idx0:7_idx1:33_idx2:29,chd_conf_headgr,0.0,0.0
3604,7,33,30,"(7, 33, 30)",idx0:7_idx1:33_idx2:30,chd_conf_headgr,0.0,0.0
3605,7,33,31,"(7, 33, 31)",idx0:7_idx1:33_idx2:31,chd_conf_headgr,0.0,0.0
3606,7,33,32,"(7, 33, 32)",idx0:7_idx1:33_idx2:32,chd_conf_headgr,0.0,0.0
3607,7,33,33,"(7, 33, 33)",idx0:7_idx1:33_idx2:33,chd_conf_headgr,0.0,0.0
3608,7,33,34,"(7, 33, 34)",idx0:7_idx1:33_idx2:34,chd_conf_headgr,0.0,0.0
3609,7,33,35,"(7, 33, 35)",idx0:7_idx1:33_idx2:35,chd_conf_headgr,0.0,0.0
3610,7,33,36,"(7, 33, 36)",idx0:7_idx1:33_idx2:36,chd_conf_headgr,0.0,0.0
3611,7,33,37,"(7, 33, 37)",idx0:7_idx1:33_idx2:37,chd_conf_headgr,0.0,0.0
3612,7,33,38,"(7, 33, 38)",idx0:7_idx1:33_idx2:38,chd_conf_headgr,0.0,0.0
3613,7,33,39,"(7, 33, 39)",idx0:7_idx1:33_idx2:39,chd_conf_headgr,0.0,0.0
3614,7,33,40,"(7, 33, 40)",idx0:7_idx1:33_idx2:40,chd_conf_headgr,0.0,0.0
3615,7,33,41,"(7, 33, 41)",idx0:7_idx1:33_idx2:41,chd_conf_headgr,0.0,0.0
3616,7,33,42,"(7, 33, 42)",idx0:7_idx1:33_idx2:42,chd_conf_headgr,0.0,0.0
3617,7,33,43,"(7, 33, 43)",idx0:7_idx1:33_idx2:43,chd_conf_headgr,0.0,0.0
3618,7,33,44,"(7, 33, 44)",idx0:7_idx1:33_idx2:44,chd_conf_headgr,0.0,0.0
3619,7,33,45,"(7, 33, 45)",idx0:7_idx1:33_idx2:45,chd_conf_headgr,0.0,0.0
3620,7,33,46,"(7, 33, 46)",idx0:7_idx1:33_idx2:46,chd_conf_headgr,0.0,0.0
3621,7,33,47,"(7, 33, 47)",idx0:7_idx1:33_idx2:47,chd_conf_headgr,0.0,0.0
3622,7,33,48,"(7, 33, 48)",idx0:7_idx1:33_idx2:48,chd_conf_headgr,0.0,0.0
3623,7,33,49,"(7, 33, 49)",idx0:7_idx1:33_idx2:49,chd_conf_headgr,0.0,0.0
3624,7,33,50,"(7, 33, 50)",idx0:7_idx1:33_idx2:50,chd_conf_headgr,0.0,0.0
3625,7,33,51,"(7, 33, 51)",idx0:7_idx1:33_idx2:51,chd_conf_headgr,0.0,0.0
3626,7,33,52,"(7, 33, 52)",idx0:7_idx1:33_idx2:52,chd_conf_headgr,0.0,0.0
3627,7,33,53,"(7, 33, 53)",idx0:7_idx1:33_idx2:53,chd_conf_headgr,0.0,0.0
3628,7,33,54,"(7, 33, 54)",idx0:7_idx1:33_idx2:54,chd_conf_headgr,0.0,0.0
3629,7,33,55,"(7, 33, 55)",idx0:7_idx1:33_idx2:55,chd_conf_headgr,0.0,0.0
3630,7,33,56,"(7, 33, 56)",idx0:7_idx1:33_idx2:56,chd_conf_headgr,0.0,0.0
3631,7,33,57,"(7, 33, 57)",idx0:7_idx1:33_idx2:57,chd_conf_headgr,0.0,0.0
3632,7,33,58,"(7, 33, 58)",idx0:7_idx1:33_idx2:58,chd_conf_headgr,0.0,0.0
3633,7,33,59,"(7, 33, 59)",idx0:7_idx1:33_idx2:59,chd_conf_headgr,0.0,0.0
3634,7,33,60,"(7, 33, 60)",idx0:7_idx1:33_idx2:60,chd_conf_headgr,0.0,0.0
3635,7,33,61,"(7, 33, 61)",idx0:7_idx1:33_idx2:61,chd_conf_headgr,0.0,0.0
3636,7,33,62,"(7, 33, 62)",idx0:7_idx1:33_idx2:62,chd_conf_headgr,0.0,0.0
3637,7,33,63,"(7, 33, 63)",idx0:7_idx1:33_idx2:63,chd_conf_headgr,0.0,0.0
3638,7,33,64,"(7, 33, 64)",idx0:7_idx1:33_idx2:64,chd_conf_headgr,0.0,0.0
3639,7,33,65,"(7, 33, 65)",idx0:7_idx1:33_idx2:65,chd_conf_headgr,0.0,0.0
3640,7,33,66,"(7, 33, 66)",idx0:7_idx1:33_idx2:66,chd_conf_headgr,0.0,0.0
3641,7,33,67,"(7, 33, 67)",idx0:7_idx1:33_idx2:67,chd_conf_headgr,0.0,0.0
3642,7,33,68,"(7, 33, 68)",idx0:7_idx1:33_idx2:68,chd_conf_headgr,0.0,0.0
3643,7,33,69,"(7, 33, 69)",idx0:7_idx1:33_idx2:69,chd_conf_headgr,0.0,0.0
3644,7,33,70,"(7, 33, 70)",idx0:7_idx1:33_idx2:70,chd_conf_headgr,0.0,0.0
3645,7,33,71,"(7, 33, 71)",idx0:7_idx1:33_idx2:71,chd_conf_headgr,0.0,0.0
3646,7,33,72,"(7, 33, 72)",idx0:7_idx1:33_idx2:72,chd_conf_headgr,0.0,0.0
3647,7,33,73,"(7, 33, 73)",idx0:7_idx1:33_idx2:73,chd_conf_headgr,0.0,0.0
3648,7,33,74,"(7, 33, 74)",idx0:7_idx1:33_idx2:74,chd_conf_headgr,0.0,0.0
3649,7,33,75,"(7, 33, 75)",idx0:7_idx1:33_idx2:75,chd_conf_headgr,0.0,0.0
3650,7,33,76,"(7, 33, 76)",idx0:7_idx1:33_idx2:76,chd_conf_headgr,0.0,0.0
3651,7,33,77,"(7, 33, 77)",idx0:7_idx1:33_idx2:77,chd_conf_headgr,0.0,0.0
3652,7,33,78,"(7, 33, 78)",idx0:7_idx1:33_idx2:78,chd_conf_headgr,0.0,0.0
3653,7,33,79,"(7, 33, 79)",idx0:7_idx1:33_idx2:79,chd_conf_headgr,0.0,0.0
3654,7,33,80,"(7, 33, 80)",idx0:7_idx1:33_idx2:80,chd_conf_headgr,0.0,0.0
3655,7,33,81,"(7, 33, 81)",idx0:7_idx1:33_idx2:81,chd_conf_headgr,0.0,0.0
3656,7,33,82,"(7, 33, 82)",idx0:7_idx1:33_idx2:82,chd_conf_headgr,0.0,0.0
3657,7,33,83,"(7, 33, 83)",idx0:7_idx1:33_idx2:83,chd_conf_headgr,0.0,0.0
3658,7,33,84,"(7, 33, 84)",idx0:7_idx1:33_idx2:84,chd_conf_headgr,0.0,0.0
3659,7,33,85,"(7, 33, 85)",idx0:7_idx1:33_idx2:85,chd_conf_headgr,0.0,0.0
3660,7,33,86,"(7, 33, 86)",idx0:7_idx1:33_idx2:86,chd_conf_headgr,0.0,0.0
3661,7,33,87,"(7, 33, 87)",idx0:7_idx1:33_idx2:87,chd_conf_headgr,0.0,0.0
3662,7,33,88,"(7, 33, 88)",idx0:7_idx1:33_idx2:88,chd_conf_headgr,0.0,0.0
3663,7,33,89,"(7, 33, 89)",idx0:7_idx1:33_idx2:89,chd_conf_headgr,0.0,0.0
3664,7,33,90,"(7, 33, 90)",idx0:7_idx1:33_idx2:90,chd_conf_headgr,0.0,0.0
3665,7,33,91,"(7, 33, 91)",idx0:7_idx1:33_idx2:91,chd_conf_headgr,0.0,0.0
3666,7,33,92,"(7, 33, 92)",idx0:7_idx1:33_idx2:92,chd_conf_headgr,0.0,0.0
3667,7,33,93,"(7, 33, 93)",idx0:7_idx1:33_idx2:93,chd_conf_headgr,0.0,0.0
3668,7,33,94,"(7, 33, 94)",idx0:7_idx1:33_idx2:94,chd_conf_headgr,0.0,0.0
3669,7,33,95,"(7, 33, 95)",idx0:7_idx1:33_idx2:95,chd_conf_headgr,0.0,0.0
3670,7,33,96,"(7, 33, 96)",idx0:7_idx1:33_idx2:96,chd_conf_headgr,0.0,0.0
3671,7,33,97,"(7, 33, 97)",idx0:7_idx1:33_idx2:97,chd_conf_headgr,0.0,0.0
3672,7,33,98,"(7, 33, 98)",idx0:7_idx1:33_idx2:98,chd_conf_headgr,0.0,0.0
3673,7,33,99,"(7, 33, 99)",idx0:7_idx1:33_idx2:99,chd_conf_headgr,0.0,0.0
3674,7,33,100,"(7, 33, 100)",idx0:7_idx1:33_idx2:100,chd_conf_headgr,0.0,0.0
3675,7,33,101,"(7, 33, 101)",idx0:7_idx1:33_idx2:101,chd_conf_headgr,0.0,0.0
3676,7,33,102,"(7, 33, 102)",idx0:7_idx1:33_idx2:102,chd_conf_headgr,0.0,0.0
3677,7,33,103,"(7, 33, 103)",idx0:7_idx1:33_idx2:103,chd_conf_headgr,0.0,0.0
3678,7,33,104,"(7, 33, 104)",idx0:7_idx1:33_idx2:104,chd_conf_headgr,0.0,0.0
3679,7,33,105,"(7, 33, 105)",idx0:7_idx1:33_idx2:105,chd_conf_headgr,0.0,0.0
3680,7,33,106,"(7, 33, 106)",idx0:7_idx1:33_idx2:106,chd_conf_headgr,0.0,0.0
3681,7,33,107,"(7, 33, 107)",idx0:7_idx1:33_idx2:107,chd_conf_headgr,0.0,0.0
3682,7,33,108,"(7, 33, 108)",idx0:7_idx1:33_idx2:108,chd_conf_headgr,0.0,0.0
3683,7,33,109,"(7, 33, 109)",idx0:7_idx1:33_idx2:109,chd_conf_headgr,0.0,0.0
3684,7,33,110,"(7, 33, 110)",idx0:7_idx1:33_idx2:110,chd_conf_headgr,0.0,0.0
3685,7,33,111,"(7, 33, 111)",idx0:7_idx1:33_idx2:111,chd_conf_headgr,0.0,0.0
3686,7,33,112,"(7, 33, 112)",idx0:7_idx1:33_idx2:112,chd_conf_headgr,0.0,0.0
3687,7,33,113,"(7, 33, 113)",idx0:7_idx1:33_idx2:113,chd_conf_headgr,0.0,0.0
3688,7,33,114,"(7, 33, 114)",idx0:7_idx1:33_idx2:114,chd_conf_headgr,0.0,0.0
3689,7,33,115,"(7, 33, 115)",idx0:7_idx1:33_idx2:115,chd_conf_headgr,0.0,0.0
3690,7,33,116,"(7, 33, 116)",idx0:7_idx1:33_idx2:116,chd_conf_headgr,0.0,0.0
3691,7,33,117,"(7, 33, 117)",idx0:7_idx1:33_idx2:117,chd_conf_headgr,0.0,0.0
3692,7,33,118,"(7, 33, 118)",idx0:7_idx1:33_idx2:118,chd_conf_headgr,0.0,0.0
3693,7,33,119,"(7, 33, 119)",idx0:7_idx1:33_idx2:119,chd_conf_headgr,0.0,0.0
3694,7,33,120,"(7, 33, 120)",idx0:7_idx1:33_idx2:120,chd_conf_headgr,0.0,0.0
3695,7,33,121,"(7, 33, 121)",idx0:7_idx1:33_idx2:121,chd_conf_headgr,0.0,0.0
3696,7,33,122,"(7, 33, 122)",idx0:7_idx1:33_idx2:122,chd_conf_headgr,0.0,0.0
3697,7,33,123,"(7, 33, 123)",idx0:7_idx1:33_idx2:123,chd_conf_headgr,0.0,0.0
3698,7,33,124,"(7, 33, 124)",idx0:7_idx1:33_idx2:124,chd_conf_headgr,0.0,0.0
3699,7,33,125,"(7, 33, 125)",idx0:7_idx1:33_idx2:125,chd_conf_headgr,0.0,0.0
3700,7,33,126,"(7, 33, 126)",idx0:7_idx1:33_idx2:126,chd_conf_headgr,0.0,0.0
3701,7,33,127,"(7, 33, 127)",idx0:7_idx1:33_idx2:127,chd_conf_headgr,0.0,0.0
3702,7,33,128,"(7, 33, 128)",idx0:7_idx1:33_idx2:128,chd_conf_headgr,0.0,0.0
3703,7,33,129,"(7, 33, 129)",idx0:7_idx1:33_idx2:129,chd_conf_headgr,0.0,0.0
3704,7,33,130,"(7, 33, 130)",idx0:7_idx1:33_idx2:130,chd_conf_headgr,0.0,0.0
3705,7,33,131,"(7, 33, 131)",idx0:7_idx1:33_idx2:131,chd_conf_headgr,0.0,0.0
3706,7,33,132,"(7, 33, 132)",idx0:7_idx1:33_idx2:132,chd_conf_headgr,0.0,0.0
3707,7,33,133,"(7, 33, 133)",idx0:7_idx1:33_idx2:133,chd_conf_headgr,0.0,0.0
3708,7,33,134,"(7, 33, 134)",idx0:7_idx1:33_idx2:134,chd_conf_headgr,0.0,0.0
3709,7,33,135,"(7, 33, 135)",idx0:7_idx1:33_idx2:135,chd_conf_headgr,0.0,0.0
3710,7,33,136,"(7, 33, 136)",idx0:7_idx1:33_idx2:136,chd_conf_headgr,0.0,0.0
3711,7,33,137,"(7, 33, 137)",idx0:7_idx1:33_idx2:137,chd_conf_headgr,0.0,0.0
3712,7,33,138,"(7, 33, 138)",idx0:7_idx1:33_idx2:138,chd_conf_headgr,0.0,0.0
3713,7,33,139,"(7, 33, 139)",idx0:7_idx1:33_idx2:139,chd_conf_headgr,0.0,0.0
3714,7,33,140,"(7, 33, 140)",idx0:7_idx1:33_idx2:140,chd_conf_headgr,0.0,0.0
3715,7,33,141,"(7, 33, 141)",idx0:7_idx1:33_idx2:141,chd_conf_headgr,0.0,0.0
3716,7,33,142,"(7, 33, 142)",idx0:7_idx1:33_idx2:142,chd_conf_headgr,0.0,0.0
3717,7,33,143,"(7, 33, 143)",idx0:7_idx1:33_idx2:143,chd_conf_headgr,0.0,0.0
3718,7,33,144,"(7, 33, 144)",idx0:7_idx1:33_idx2:144,chd_conf_headgr,0.0,0.0
3719,7,33,145,"(7, 33, 145)",idx0:7_idx1:33_idx2:145,chd_conf_headgr,0.0,0.0
3720,7,33,146,"(7, 33, 146)",idx0:7_idx1:33_idx2:146,chd_conf_headgr,0.0,0.0
3721,7,33,147,"(7, 33, 147)",idx0:7_idx1:33_idx2:147,chd_conf_headgr,0.0,0.0
3722,7,33,148,"(7, 33, 148)",idx0:7_idx1:33_idx2:148,chd_conf_headgr,0.0,0.0
3723,7,33,149,"(7, 33, 149)",idx0:7_idx1:33_idx2:149,chd_conf_headgr,0.0,0.0
3724,7,34,17,"(7, 34, 17)",idx0:7_idx1:34_idx2:17,chd_conf_headgr,0.0,0.0
3725,7,34,18,"(7, 34, 18)",idx0:7_idx1:34_idx2:18,chd_conf_headgr,0.0,0.0
3726,7,34,19,"(7, 34, 19)",idx0:7_idx1:34_idx2:19,chd_conf_headgr,0.0,0.0
3727,7,34,20,"(7, 34, 20)",idx0:7_idx1:34_idx2:20,chd_conf_headgr,0.0,0.0
3728,7,34,21,"(7, 34, 21)",idx0:7_idx1:34_idx2:21,chd_conf_headgr,0.0,0.0
3729,7,34,22,"(7, 34, 22)",idx0:7_idx1:34_idx2:22,chd_conf_headgr,0.0,0.0
3730,7,34,23,"(7, 34, 23)",idx0:7_idx1:34_idx2:23,chd_conf_headgr,0.0,0.0
3731,7,34,24,"(7, 34, 24)",idx0:7_idx1:34_idx2:24,chd_conf_headgr,0.0,0.0
3732,7,34,25,"(7, 34, 25)",idx0:7_idx1:34_idx2:25,chd_conf_headgr,0.0,0.0
3733,7,34,26,"(7, 34, 26)",idx0:7_idx1:34_idx2:26,chd_conf_headgr,0.0,0.0
3734,7,34,27,"(7, 34, 27)",idx0:7_idx1:34_idx2:27,chd_conf_headgr,0.0,0.0
3735,7,34,28,"(7, 34, 28)",idx0:7_idx1:34_idx2:28,chd_conf_headgr,0.0,0.0
3736,7,34,29,"(7, 34, 29)",idx0:7_idx1:34_idx2:29,chd_conf_headgr,0.0,0.0
3737,7,34,30,"(7, 34, 30)",idx0:7_idx1:34_idx2:30,chd_conf_headgr,0.0,0.0
3738,7,34,31,"(7, 34, 31)",idx0:7_idx1:34_idx2:31,chd_conf_headgr,0.0,0.0
3739,7,34,32,"(7, 34, 32)",idx0:7_idx1:34_idx2:32,chd_conf_headgr,0.0,0.0
3740,7,34,33,"(7, 34, 33)",idx0:7_idx1:34_idx2:33,chd_conf_headgr,0.0,0.0
3741,7,34,34,"(7, 34, 34)",idx0:7_idx1:34_idx2:34,chd_conf_headgr,0.0,0.0
3742,7,34,35,"(7, 34, 35)",idx0:7_idx1:34_idx2:35,chd_conf_headgr,0.0,0.0
3743,7,34,36,"(7, 34, 36)",idx0:7_idx1:34_idx2:36,chd_conf_headgr,0.0,0.0
3744,7,34,37,"(7, 34, 37)",idx0:7_idx1:34_idx2:37,chd_conf_headgr,0.0,0.0
3745,7,34,38,"(7, 34, 38)",idx0:7_idx1:34_idx2:38,chd_conf_headgr,0.0,0.0
3746,7,34,39,"(7, 34, 39)",idx0:7_idx1:34_idx2:39,chd_conf_headgr,0.0,0.0
3747,7,34,40,"(7, 34, 40)",idx0:7_idx1:34_idx2:40,chd_conf_headgr,0.0,0.0
3748,7,34,41,"(7, 34, 41)",idx0:7_idx1:34_idx2:41,chd_conf_headgr,0.0,0.0
3749,7,34,42,"(7, 34, 42)",idx0:7_idx1:34_idx2:42,chd_conf_headgr,0.0,0.0
3750,7,34,43,"(7, 34, 43)",idx0:7_idx1:34_idx2:43,chd_conf_headgr,0.0,0.0
3751,7,34,44,"(7, 34, 44)",idx0:7_idx1:34_idx2:44,chd_conf_headgr,0.0,0.0
3752,7,34,45,"(7, 34, 45)",idx0:7_idx1:34_idx2:45,chd_conf_headgr,0.0,0.0
3753,7,34,46,"(7, 34, 46)",idx0:7_idx1:34_idx2:46,chd_conf_headgr,0.0,0.0
3754,7,34,47,"(7, 34, 47)",idx0:7_idx1:34_idx2:47,chd_conf_headgr,0.0,0.0
3755,7,34,48,"(7, 34, 48)",idx0:7_idx1:34_idx2:48,chd_conf_headgr,0.0,0.0
3756,7,34,49,"(7, 34, 49)",idx0:7_idx1:34_idx2:49,chd_conf_headgr,0.0,0.0
3757,7,34,50,"(7, 34, 50)",idx0:7_idx1:34_idx2:50,chd_conf_headgr,0.0,0.0
3758,7,34,51,"(7, 34, 51)",idx0:7_idx1:34_idx2:51,chd_conf_headgr,0.0,0.0
3759,7,34,52,"(7, 34, 52)",idx0:7_idx1:34_idx2:52,chd_conf_headgr,0.0,0.0
3760,7,34,53,"(7, 34, 53)",idx0:7_idx1:34_idx2:53,chd_conf_headgr,0.0,0.0
3761,7,34,54,"(7, 34, 54)",idx0:7_idx1:34_idx2:54,chd_conf_headgr,0.0,0.0
3762,7,34,55,"(7, 34, 55)",idx0:7_idx1:34_idx2:55,chd_conf_headgr,0.0,0.0
3763,7,34,56,"(7, 34, 56)",idx0:7_idx1:34_idx2:56,chd_conf_headgr,0.0,0.0
3764,7,34,57,"(7, 34, 57)",idx0:7_idx1:34_idx2:57,chd_conf_headgr,0.0,0.0
3765,7,34,58,"(7, 34, 58)",idx0:7_idx1:34_idx2:58,chd_conf_headgr,0.0,0.0
3766,7,34,59,"(7, 34, 59)",idx0:7_idx1:34_idx2:59,chd_conf_headgr,0.0,0.0
3767,7,34,60,"(7, 34, 60)",idx0:7_idx1:34_idx2:60,chd_conf_headgr,0.0,0.0
3768,7,34,61,"(7, 34, 61)",idx0:7_idx1:34_idx2:61,chd_conf_headgr,0.0,0.0
3769,7,34,62,"(7, 34, 62)",idx0:7_idx1:34_idx2:62,chd_conf_headgr,0.0,0.0
3770,7,34,63,"(7, 34, 63)",idx0:7_idx1:34_idx2:63,chd_conf_headgr,0.0,0.0
3771,7,34,64,"(7, 34, 64)",idx0:7_idx1:34_idx2:64,chd_conf_headgr,0.0,0.0
3772,7,34,65,"(7, 34, 65)",idx0:7_idx1:34_idx2:65,chd_conf_headgr,0.0,0.0
3773,7,34,66,"(7, 34, 66)",idx0:7_idx1:34_idx2:66,chd_conf_headgr,0.0,0.0
3774,7,34,67,"(7, 34, 67)",idx0:7_idx1:34_idx2:67,chd_conf_headgr,0.0,0.0
3775,7,34,68,"(7, 34, 68)",idx0:7_idx1:34_idx2:68,chd_conf_headgr,0.0,0.0
3776,7,34,69,"(7, 34, 69)",idx0:7_idx1:34_idx2:69,chd_conf_headgr,0.0,0.0
3777,7,34,70,"(7, 34, 70)",idx0:7_idx1:34_idx2:70,chd_conf_headgr,0.0,0.0
3778,7,34,71,"(7, 34, 71)",idx0:7_idx1:34_idx2:71,chd_conf_headgr,0.0,0.0
3779,7,34,72,"(7, 34, 72)",idx0:7_idx1:34_idx2:72,chd_conf_headgr,0.0,0.0
3780,7,34,73,"(7, 34, 73)",idx0:7_idx1:34_idx2:73,chd_conf_headgr,0.0,0.0
3781,7,34,74,"(7, 34, 74)",idx0:7_idx1:34_idx2:74,chd_conf_headgr,0.0,0.0
3782,7,34,75,"(7, 34, 75)",idx0:7_idx1:34_idx2:75,chd_conf_headgr,0.0,0.0
3783,7,34,76,"(7, 34, 76)",idx0:7_idx1:34_idx2:76,chd_conf_headgr,0.0,0.0
3784,7,34,77,"(7, 34, 77)",idx0:7_idx1:34_idx2:77,chd_conf_headgr,0.0,0.0
3785,7,34,78,"(7, 34, 78)",idx0:7_idx1:34_idx2:78,chd_conf_headgr,0.0,0.0
3786,7,34,79,"(7, 34, 79)",idx0:7_idx1:34_idx2:79,chd_conf_headgr,0.0,0.0
3787,7,34,80,"(7, 34, 80)",idx0:7_idx1:34_idx2:80,chd_conf_headgr,0.0,0.0
3788,7,34,81,"(7, 34, 81)",idx0:7_idx1:34_idx2:81,chd_conf_headgr,0.0,0.0
3789,7,34,82,"(7, 34, 82)",idx0:7_idx1:34_idx2:82,chd_conf_headgr,0.0,0.0
3790,7,34,83,"(7, 34, 83)",idx0:7_idx1:34_idx2:83,chd_conf_headgr,0.0,0.0
3791,7,34,84,"(7, 34, 84)",idx0:7_idx1:34_idx2:84,chd_conf_headgr,0.0,0.0
3792,7,34,85,"(7, 34, 85)",idx0:7_idx1:34_idx2:85,chd_conf_headgr,0.0,0.0
3793,7,34,86,"(7, 34, 86)",idx0:7_idx1:34_idx2:86,chd_conf_headgr,0.0,0.0
3794,7,34,87,"(7, 34, 87)",idx0:7_idx1:34_idx2:87,chd_conf_headgr,0.0,0.0
3795,7,34,88,"(7, 34, 88)",idx0:7_idx1:34_idx2:88,chd_conf_headgr,0.0,0.0
3796,7,34,89,"(7, 34, 89)",idx0:7_idx1:34_idx2:89,chd_conf_headgr,0.0,0.0
3797,7,34,90,"(7, 34, 90)",idx0:7_idx1:34_idx2:90,chd_conf_headgr,0.0,0.0
3798,7,34,91,"(7, 34, 91)",idx0:7_idx1:34_idx2:91,chd_conf_headgr,0.0,0.0
3799,7,34,92,"(7, 34, 92)",idx0:7_idx1:34_idx2:92,chd_conf_headgr,0.0,0.0
3800,7,34,93,"(7, 34, 93)",idx0:7_idx1:34_idx2:93,chd_conf_headgr,0.0,0.0
3801,7,34,94,"(7, 34, 94)",idx0:7_idx1:34_idx2:94,chd_conf_headgr,0.0,0.0
3802,7,34,95,"(7, 34, 95)",idx0:7_idx1:34_idx2:95,chd_conf_headgr,0.0,0.0
3803,7,34,96,"(7, 34, 96)",idx0:7_idx1:34_idx2:96,chd_conf_headgr,0.0,0.0
3804,7,34,97,"(7, 34, 97)",idx0:7_idx1:34_idx2:97,chd_conf_headgr,0.0,0.0
3805,7,34,98,"(7, 34, 98)",idx0:7_idx1:34_idx2:98,chd_conf_headgr,0.0,0.0
3806,7,34,99,"(7, 34, 99)",idx0:7_idx1:34_idx2:99,chd_conf_headgr,0.0,0.0
3807,7,34,100,"(7, 34, 100)",idx0:7_idx1:34_idx2:100,chd_conf_headgr,0.0,0.0
3808,7,34,101,"(7, 34, 101)",idx0:7_idx1:34_idx2:101,chd_conf_headgr,0.0,0.0
3809,7,34,102,"(7, 34, 102)",idx0:7_idx1:34_idx2:102,chd_conf_headgr,0.0,0.0
3810,7,34,103,"(7, 34, 103)",idx0:7_idx1:34_idx2:103,chd_conf_headgr,0.0,0.0
3811,7,34,104,"(7, 34, 104)",idx0:7_idx1:34_idx2:104,chd_conf_headgr,0.0,0.0
3812,7,34,105,"(7, 34, 105)",idx0:7_idx1:34_idx2:105,chd_conf_headgr,0.0,0.0
3813,7,34,106,"(7, 34, 106)",idx0:7_idx1:34_idx2:106,chd_conf_headgr,0.0,0.0
3814,7,34,107,"(7, 34, 107)",idx0:7_idx1:34_idx2:107,chd_conf_headgr,0.0,0.0
3815,7,34,108,"(7, 34, 108)",idx0:7_idx1:34_idx2:108,chd_conf_headgr,0.0,0.0
3816,7,34,109,"(7, 34, 109)",idx0:7_idx1:34_idx2:109,chd_conf_headgr,0.0,0.0
3817,7,34,110,"(7, 34, 110)",idx0:7_idx1:34_idx2:110,chd_conf_headgr,0.0,0.0
3818,7,34,111,"(7, 34, 111)",idx0:7_idx1:34_idx2:111,chd_conf_headgr,0.0,0.0
3819,7,34,112,"(7, 34, 112)",idx0:7_idx1:34_idx2:112,chd_conf_headgr,0.0,0.0
3820,7,34,113,"(7, 34, 113)",idx0:7_idx1:34_idx2:113,chd_conf_headgr,0.0,0.0
3821,7,34,114,"(7, 34, 114)",idx0:7_idx1:34_idx2:114,chd_conf_headgr,0.0,0.0
3822,7,34,115,"(7, 34, 115)",idx0:7_idx1:34_idx2:115,chd_conf_headgr,0.0,0.0
3823,7,34,116,"(7, 34, 116)",idx0:7_idx1:34_idx2:116,chd_conf_headgr,0.0,0.0
3824,7,34,117,"(7, 34, 117)",idx0:7_idx1:34_idx2:117,chd_conf_headgr,0.0,0.0
3825,7,34,118,"(7, 34, 118)",idx0:7_idx1:34_idx2:118,chd_conf_headgr,0.0,0.0
3826,7,34,119,"(7, 34, 119)",idx0:7_idx1:34_idx2:119,chd_conf_headgr,0.0,0.0
3827,7,34,120,"(7, 34, 120)",idx0:7_idx1:34_idx2:120,chd_conf_headgr,0.0,0.0
3828,7,34,121,"(7, 34, 121)",idx0:7_idx1:34_idx2:121,chd_conf_headgr,0.0,0.0
3829,7,34,122,"(7, 34, 122)",idx0:7_idx1:34_idx2:122,chd_conf_headgr,0.0,0.0
3830,7,34,123,"(7, 34, 123)",idx0:7_idx1:34_idx2:123,chd_conf_headgr,0.0,0.0
3831,7,34,124,"(7, 34, 124)",idx0:7_idx1:34_idx2:124,chd_conf_headgr,0.0,0.0
3832,7,34,125,"(7, 34, 125)",idx0:7_idx1:34_idx2:125,chd_conf_headgr,0.0,0.0
3833,7,34,126,"(7, 34, 126)",idx0:7_idx1:34_idx2:126,chd_conf_headgr,0.0,0.0
3834,7,34,127,"(7, 34, 127)",idx0:7_idx1:34_idx2:127,chd_conf_headgr,0.0,0.0
3835,7,34,128,"(7, 34, 128)",idx0:7_idx1:34_idx2:128,chd_conf_headgr,0.0,0.0
3836,7,34,129,"(7, 34, 129)",idx0:7_idx1:34_idx2:129,chd_conf_headgr,0.0,0.0
3837,7,34,130,"(7, 34, 130)",idx0:7_idx1:34_idx2:130,chd_conf_headgr,0.0,0.0
3838,7,34,131,"(7, 34, 131)",idx0:7_idx1:34_idx2:131,chd_conf_headgr,0.0,0.0
3839,7,34,132,"(7, 34, 132)",idx0:7_idx1:34_idx2:132,chd_conf_headgr,0.0,0.0
3840,7,34,133,"(7, 34, 133)",idx0:7_idx1:34_idx2:133,chd_conf_headgr,0.0,0.0
3841,7,34,134,"(7, 34, 134)",idx0:7_idx1:34_idx2:134,chd_conf_headgr,0.0,0.0
3842,7,34,135,"(7, 34, 135)",idx0:7_idx1:34_idx2:135,chd_conf_headgr,0.0,0.0
3843,7,34,136,"(7, 34, 136)",idx0:7_idx1:34_idx2:136,chd_conf_headgr,0.0,0.0
3844,7,34,137,"(7, 34, 137)",idx0:7_idx1:34_idx2:137,chd_conf_headgr,0.0,0.0
3845,7,34,138,"(7, 34, 138)",idx0:7_idx1:34_idx2:138,chd_conf_headgr,0.0,0.0
3846,7,34,139,"(7, 34, 139)",idx0:7_idx1:34_idx2:139,chd_conf_headgr,0.0,0.0
3847,7,34,140,"(7, 34, 140)",idx0:7_idx1:34_idx2:140,chd_conf_headgr,0.0,0.0
3848,7,34,141,"(7, 34, 141)",idx0:7_idx1:34_idx2:141,chd_conf_headgr,0.0,0.0
3849,7,34,142,"(7, 34, 142)",idx0:7_idx1:34_idx2:142,chd_conf_headgr,0.0,0.0
3850,7,34,143,"(7, 34, 143)",idx0:7_idx1:34_idx2:143,chd_conf_headgr,0.0,0.0
3851,7,34,144,"(7, 34, 144)",idx0:7_idx1:34_idx2:144,chd_conf_headgr,0.0,0.0
3852,7,34,145,"(7, 34, 145)",idx0:7_idx1:34_idx2:145,chd_conf_headgr,0.0,0.0
3853,7,34,146,"(7, 34, 146)",idx0:7_idx1:34_idx2:146,chd_conf_headgr,0.0,0.0
3854,7,34,147,"(7, 34, 147)",idx0:7_idx1:34_idx2:147,chd_conf_headgr,0.0,0.0
3855,7,34,148,"(7, 34, 148)",idx0:7_idx1:34_idx2:148,chd_conf_headgr,0.0,0.0
3856,7,34,149,"(7, 34, 149)",idx0:7_idx1:34_idx2:149,chd_conf_headgr,0.0,0.0
3857,7,35,16,"(7, 35, 16)",idx0:7_idx1:35_idx2:16,chd_conf_headgr,0.0,0.0
3858,7,35,17,"(7, 35, 17)",idx0:7_idx1:35_idx2:17,chd_conf_headgr,0.0,0.0
3859,7,35,18,"(7, 35, 18)",idx0:7_idx1:35_idx2:18,chd_conf_headgr,0.0,0.0
3860,7,35,19,"(7, 35, 19)",idx0:7_idx1:35_idx2:19,chd_conf_headgr,0.0,0.0
3861,7,35,20,"(7, 35, 20)",idx0:7_idx1:35_idx2:20,chd_conf_headgr,0.0,0.0
3862,7,35,21,"(7, 35, 21)",idx0:7_idx1:35_idx2:21,chd_conf_headgr,0.0,0.0
3863,7,35,22,"(7, 35, 22)",idx0:7_idx1:35_idx2:22,chd_conf_headgr,0.0,0.0
3864,7,35,23,"(7, 35, 23)",idx0:7_idx1:35_idx2:23,chd_conf_headgr,0.0,0.0
3865,7,35,24,"(7, 35, 24)",idx0:7_idx1:35_idx2:24,chd_conf_headgr,0.0,0.0
3866,7,35,25,"(7, 35, 25)",idx0:7_idx1:35_idx2:25,chd_conf_headgr,0.0,0.0
3867,7,35,26,"(7, 35, 26)",idx0:7_idx1:35_idx2:26,chd_conf_headgr,0.0,0.0
3868,7,35,27,"(7, 35, 27)",idx0:7_idx1:35_idx2:27,chd_conf_headgr,0.0,0.0
3869,7,35,28,"(7, 35, 28)",idx0:7_idx1:35_idx2:28,chd_conf_headgr,0.0,0.0
3870,7,35,29,"(7, 35, 29)",idx0:7_idx1:35_idx2:29,chd_conf_headgr,0.0,0.0
3871,7,35,30,"(7, 35, 30)",idx0:7_idx1:35_idx2:30,chd_conf_headgr,0.0,0.0
3872,7,35,31,"(7, 35, 31)",idx0:7_idx1:35_idx2:31,chd_conf_headgr,0.0,0.0
3873,7,35,32,"(7, 35, 32)",idx0:7_idx1:35_idx2:32,chd_conf_headgr,0.0,0.0
3874,7,35,33,"(7, 35, 33)",idx0:7_idx1:35_idx2:33,chd_conf_headgr,0.0,0.0
3875,7,35,34,"(7, 35, 34)",idx0:7_idx1:35_idx2:34,chd_conf_headgr,0.0,0.0
3876,7,35,35,"(7, 35, 35)",idx0:7_idx1:35_idx2:35,chd_conf_headgr,0.0,0.0
3877,7,35,36,"(7, 35, 36)",idx0:7_idx1:35_idx2:36,chd_conf_headgr,0.0,0.0
3878,7,35,37,"(7, 35, 37)",idx0:7_idx1:35_idx2:37,chd_conf_headgr,0.0,0.0
3879,7,35,38,"(7, 35, 38)",idx0:7_idx1:35_idx2:38,chd_conf_headgr,0.0,0.0
3880,7,35,39,"(7, 35, 39)",idx0:7_idx1:35_idx2:39,chd_conf_headgr,0.0,0.0
3881,7,35,40,"(7, 35, 40)",idx0:7_idx1:35_idx2:40,chd_conf_headgr,0.0,0.0
3882,7,35,41,"(7, 35, 41)",idx0:7_idx1:35_idx2:41,chd_conf_headgr,0.0,0.0
3883,7,35,42,"(7, 35, 42)",idx0:7_idx1:35_idx2:42,chd_conf_headgr,0.0,0.0
3884,7,35,43,"(7, 35, 43)",idx0:7_idx1:35_idx2:43,chd_conf_headgr,0.0,0.0
3885,7,35,44,"(7, 35, 44)",idx0:7_idx1:35_idx2:44,chd_conf_headgr,0.0,0.0
3886,7,35,45,"(7, 35, 45)",idx0:7_idx1:35_idx2:45,chd_conf_headgr,0.0,0.0
3887,7,35,46,"(7, 35, 46)",idx0:7_idx1:35_idx2:46,chd_conf_headgr,0.0,0.0
3888,7,35,47,"(7, 35, 47)",idx0:7_idx1:35_idx2:47,chd_conf_headgr,0.0,0.0
3889,7,35,48,"(7, 35, 48)",idx0:7_idx1:35_idx2:48,chd_conf_headgr,0.0,0.0
3890,7,35,49,"(7, 35, 49)",idx0:7_idx1:35_idx2:49,chd_conf_headgr,0.0,0.0
3891,7,35,50,"(7, 35, 50)",idx0:7_idx1:35_idx2:50,chd_conf_headgr,0.0,0.0
3892,7,35,51,"(7, 35, 51)",idx0:7_idx1:35_idx2:51,chd_conf_headgr,0.0,0.0
3893,7,35,52,"(7, 35, 52)",idx0:7_idx1:35_idx2:52,chd_conf_headgr,0.0,0.0
3894,7,35,53,"(7, 35, 53)",idx0:7_idx1:35_idx2:53,chd_conf_headgr,0.0,0.0
3895,7,35,54,"(7, 35, 54)",idx0:7_idx1:35_idx2:54,chd_conf_headgr,0.0,0.0
3896,7,35,55,"(7, 35, 55)",idx0:7_idx1:35_idx2:55,chd_conf_headgr,0.0,0.0
3897,7,35,56,"(7, 35, 56)",idx0:7_idx1:35_idx2:56,chd_conf_headgr,0.0,0.0
3898,7,35,57,"(7, 35, 57)",idx0:7_idx1:35_idx2:57,chd_conf_headgr,0.0,0.0
3899,7,35,58,"(7, 35, 58)",idx0:7_idx1:35_idx2:58,chd_conf_headgr,0.0,0.0
3900,7,35,59,"(7, 35, 59)",idx0:7_idx1:35_idx2:59,chd_conf_headgr,0.0,0.0
3901,7,35,60,"(7, 35, 60)",idx0:7_idx1:35_idx2:60,chd_conf_headgr,0.0,0.0
3902,7,35,61,"(7, 35, 61)",idx0:7_idx1:35_idx2:61,chd_conf_headgr,0.0,0.0
3903,7,35,62,"(7, 35, 62)",idx0:7_idx1:35_idx2:62,chd_conf_headgr,0.0,0.0
3904,7,35,63,"(7, 35, 63)",idx0:7_idx1:35_idx2:63,chd_conf_headgr,0.0,0.0
3905,7,35,64,"(7, 35, 64)",idx0:7_idx1:35_idx2:64,chd_conf_headgr,0.0,0.0
3906,7,35,65,"(7, 35, 65)",idx0:7_idx1:35_idx2:65,chd_conf_headgr,0.0,0.0
3907,7,35,66,"(7, 35, 66)",idx0:7_idx1:35_idx2:66,chd_conf_headgr,0.0,0.0
3908,7,35,67,"(7, 35, 67)",idx0:7_idx1:35_idx2:67,chd_conf_headgr,0.0,0.0
3909,7,35,68,"(7, 35, 68)",idx0:7_idx1:35_idx2:68,chd_conf_headgr,0.0,0.0
3910,7,35,69,"(7, 35, 69)",idx0:7_idx1:35_idx2:69,chd_conf_headgr,0.0,0.0
3911,7,35,70,"(7, 35, 70)",idx0:7_idx1:35_idx2:70,chd_conf_headgr,0.0,0.0
3912,7,35,71,"(7, 35, 71)",idx0:7_idx1:35_idx2:71,chd_conf_headgr,0.0,0.0
3913,7,35,72,"(7, 35, 72)",idx0:7_idx1:35_idx2:72,chd_conf_headgr,0.0,0.0
3914,7,35,73,"(7, 35, 73)",idx0:7_idx1:35_idx2:73,chd_conf_headgr,0.0,0.0
3915,7,35,74,"(7, 35, 74)",idx0:7_idx1:35_idx2:74,chd_conf_headgr,0.0,0.0
3916,7,35,75,"(7, 35, 75)",idx0:7_idx1:35_idx2:75,chd_conf_headgr,0.0,0.0
3917,7,35,76,"(7, 35, 76)",idx0:7_idx1:35_idx2:76,chd_conf_headgr,0.0,0.0
3918,7,35,77,"(7, 35, 77)",idx0:7_idx1:35_idx2:77,chd_conf_headgr,0.0,0.0
3919,7,35,78,"(7, 35, 78)",idx0:7_idx1:35_idx2:78,chd_conf_headgr,0.0,0.0
3920,7,35,79,"(7, 35, 79)",idx0:7_idx1:35_idx2:79,chd_conf_headgr,0.0,0.0
3921,7,35,80,"(7, 35, 80)",idx0:7_idx1:35_idx2:80,chd_conf_headgr,0.0,0.0
3922,7,35,81,"(7, 35, 81)",idx0:7_idx1:35_idx2:81,chd_conf_headgr,0.0,0.0
3923,7,35,82,"(7, 35, 82)",idx0:7_idx1:35_idx2:82,chd_conf_headgr,0.0,0.0
3924,7,35,83,"(7, 35, 83)",idx0:7_idx1:35_idx2:83,chd_conf_headgr,0.0,0.0
3925,7,35,84,"(7, 35, 84)",idx0:7_idx1:35_idx2:84,chd_conf_headgr,0.0,0.0
3926,7,35,85,"(7, 35, 85)",idx0:7_idx1:35_idx2:85,chd_conf_headgr,0.0,0.0
3927,7,35,86,"(7, 35, 86)",idx0:7_idx1:35_idx2:86,chd_conf_headgr,0.0,0.0
3928,7,35,87,"(7, 35, 87)",idx0:7_idx1:35_idx2:87,chd_conf_headgr,0.0,0.0
3929,7,35,88,"(7, 35, 88)",idx0:7_idx1:35_idx2:88,chd_conf_headgr,0.0,0.0
3930,7,35,89,"(7, 35, 89)",idx0:7_idx1:35_idx2:89,chd_conf_headgr,0.0,0.0
3931,7,35,90,"(7, 35, 90)",idx0:7_idx1:35_idx2:90,chd_conf_headgr,0.0,0.0
3932,7,35,91,"(7, 35, 91)",idx0:7_idx1:35_idx2:91,chd_conf_headgr,0.0,0.0
3933,7,35,92,"(7, 35, 92)",idx0:7_idx1:35_idx2:92,chd_conf_headgr,0.0,0.0
3934,7,35,93,"(7, 35, 93)",idx0:7_idx1:35_idx2:93,chd_conf_headgr,0.0,0.0
3935,7,35,94,"(7, 35, 94)",idx0:7_idx1:35_idx2:94,chd_conf_headgr,0.0,0.0
3936,7,35,95,"(7, 35, 95)",idx0:7_idx1:35_idx2:95,chd_conf_headgr,0.0,0.0
3937,7,35,96,"(7, 35, 96)",idx0:7_idx1:35_idx2:96,chd_conf_headgr,0.0,0.0
3938,7,35,97,"(7, 35, 97)",idx0:7_idx1:35_idx2:97,chd_conf_headgr,0.0,0.0
3939,7,35,98,"(7, 35, 98)",idx0:7_idx1:35_idx2:98,chd_conf_headgr,0.0,0.0
3940,7,35,99,"(7, 35, 99)",idx0:7_idx1:35_idx2:99,chd_conf_headgr,0.0,0.0
3941,7,35,100,"(7, 35, 100)",idx0:7_idx1:35_idx2:100,chd_conf_headgr,0.0,0.0
3942,7,35,101,"(7, 35, 101)",idx0:7_idx1:35_idx2:101,chd_conf_headgr,0.0,0.0
3943,7,35,102,"(7, 35, 102)",idx0:7_idx1:35_idx2:102,chd_conf_headgr,0.0,0.0
3944,7,35,103,"(7, 35, 103)",idx0:7_idx1:35_idx2:103,chd_conf_headgr,0.0,0.0
3945,7,35,104,"(7, 35, 104)",idx0:7_idx1:35_idx2:104,chd_conf_headgr,0.0,0.0
3946,7,35,105,"(7, 35, 105)",idx0:7_idx1:35_idx2:105,chd_conf_headgr,0.0,0.0
3947,7,35,106,"(7, 35, 106)",idx0:7_idx1:35_idx2:106,chd_conf_headgr,0.0,0.0
3948,7,35,107,"(7, 35, 107)",idx0:7_idx1:35_idx2:107,chd_conf_headgr,0.0,0.0
3949,7,35,108,"(7, 35, 108)",idx0:7_idx1:35_idx2:108,chd_conf_headgr,0.0,0.0
3950,7,35,109,"(7, 35, 109)",idx0:7_idx1:35_idx2:109,chd_conf_headgr,0.0,0.0
3951,7,35,110,"(7, 35, 110)",idx0:7_idx1:35_idx2:110,chd_conf_headgr,0.0,0.0
3952,7,35,111,"(7, 35, 111)",idx0:7_idx1:35_idx2:111,chd_conf_headgr,0.0,0.0
3953,7,35,112,"(7, 35, 112)",idx0:7_idx1:35_idx2:112,chd_conf_headgr,0.0,0.0
3954,7,35,113,"(7, 35, 113)",idx0:7_idx1:35_idx2:113,chd_conf_headgr,0.0,0.0
3955,7,35,114,"(7, 35, 114)",idx0:7_idx1:35_idx2:114,chd_conf_headgr,0.0,0.0
3956,7,35,115,"(7, 35, 115)",idx0:7_idx1:35_idx2:115,chd_conf_headgr,0.0,0.0
3957,7,35,116,"(7, 35, 116)",idx0:7_idx1:35_idx2:116,chd_conf_headgr,0.0,0.0
3958,7,35,117,"(7, 35, 117)",idx0:7_idx1:35_idx2:117,chd_conf_headgr,0.0,0.0
3959,7,35,118,"(7, 35, 118)",idx0:7_idx1:35_idx2:118,chd_conf_headgr,0.0,0.0
3960,7,35,119,"(7, 35, 119)",idx0:7_idx1:35_idx2:119,chd_conf_headgr,0.0,0.0
3961,7,35,120,"(7, 35, 120)",idx0:7_idx1:35_idx2:120,chd_conf_headgr,0.0,0.0
3962,7,35,121,"(7, 35, 121)",idx0:7_idx1:35_idx2:121,chd_conf_headgr,0.0,0.0
3963,7,35,122,"(7, 35, 122)",idx0:7_idx1:35_idx2:122,chd_conf_headgr,0.0,0.0
3964,7,35,123,"(7, 35, 123)",idx0:7_idx1:35_idx2:123,chd_conf_headgr,0.0,0.0
3965,7,35,124,"(7, 35, 124)",idx0:7_idx1:35_idx2:124,chd_conf_headgr,0.0,0.0
3966,7,35,125,"(7, 35, 125)",idx0:7_idx1:35_idx2:125,chd_conf_headgr,0.0,0.0
3967,7,35,126,"(7, 35, 126)",idx0:7_idx1:35_idx2:126,chd_conf_headgr,0.0,0.0
3968,7,35,127,"(7, 35, 127)",idx0:7_idx1:35_idx2:127,chd_conf_headgr,0.0,0.0
3969,7,35,128,"(7, 35, 128)",idx0:7_idx1:35_idx2:128,chd_conf_headgr,0.0,0.0
3970,7,35,129,"(7, 35, 129)",idx0:7_idx1:35_idx2:129,chd_conf_headgr,0.0,0.0
3971,7,35,130,"(7, 35, 130)",idx0:7_idx1:35_idx2:130,chd_conf_headgr,0.0,0.0
3972,7,35,131,"(7, 35, 131)",idx0:7_idx1:35_idx2:131,chd_conf_headgr,0.0,0.0
3973,7,35,132,"(7, 35, 132)",idx0:7_idx1:35_idx2:132,chd_conf_headgr,0.0,0.0
3974,7,35,133,"(7, 35, 133)",idx0:7_idx1:35_idx2:133,chd_conf_headgr,0.0,0.0
3975,7,35,134,"(7, 35, 134)",idx0:7_idx1:35_idx2:134,chd_conf_headgr,0.0,0.0
3976,7,35,135,"(7, 35, 135)",idx0:7_idx1:35_idx2:135,chd_conf_headgr,0.0,0.0
3977,7,35,136,"(7, 35, 136)",idx0:7_idx1:35_idx2:136,chd_conf_headgr,0.0,0.0
3978,7,35,137,"(7, 35, 137)",idx0:7_idx1:35_idx2:137,chd_conf_headgr,0.0,0.0
3979,7,35,138,"(7, 35, 138)",idx0:7_idx1:35_idx2:138,chd_conf_headgr,0.0,0.0
3980,7,35,139,"(7, 35, 139)",idx0:7_idx1:35_idx2:139,chd_conf_headgr,0.0,0.0
3981,7,35,140,"(7, 35, 140)",idx0:7_idx1:35_idx2:140,chd_conf_headgr,0.0,0.0
3982,7,35,141,"(7, 35, 141)",idx0:7_idx1:35_idx2:141,chd_conf_headgr,0.0,0.0
3983,7,35,142,"(7, 35, 142)",idx0:7_idx1:35_idx2:142,chd_conf_headgr,0.0,0.0
3984,7,35,143,"(7, 35, 143)",idx0:7_idx1:35_idx2:143,chd_conf_headgr,0.0,0.0
3985,7,35,144,"(7, 35, 144)",idx0:7_idx1:35_idx2:144,chd_conf_headgr,0.0,0.0
3986,7,35,145,"(7, 35, 145)",idx0:7_idx1:35_idx2:145,chd_conf_headgr,0.0,0.0
3987,7,35,146,"(7, 35, 146)",idx0:7_idx1:35_idx2:146,chd_conf_headgr,0.0,0.0
3988,7,35,147,"(7, 35, 147)",idx0:7_idx1:35_idx2:147,chd_conf_headgr,0.0,0.0
3989,7,35,148,"(7, 35, 148)",idx0:7_idx1:35_idx2:148,chd_conf_headgr,0.0,0.0
3990,7,35,149,"(7, 35, 149)",idx0:7_idx1:35_idx2:149,chd_conf_headgr,0.0,0.0
3991,7,36,16,"(7, 36, 16)",idx0:7_idx1:36_idx2:16,chd_conf_headgr,0.0,0.0
3992,7,36,17,"(7, 36, 17)",idx0:7_idx1:36_idx2:17,chd_conf_headgr,0.0,0.0
3993,7,36,18,"(7, 36, 18)",idx0:7_idx1:36_idx2:18,chd_conf_headgr,0.0,0.0
3994,7,36,19,"(7, 36, 19)",idx0:7_idx1:36_idx2:19,chd_conf_headgr,0.0,0.0
3995,7,36,20,"(7, 36, 20)",idx0:7_idx1:36_idx2:20,chd_conf_headgr,0.0,0.0
3996,7,36,21,"(7, 36, 21)",idx0:7_idx1:36_idx2:21,chd_conf_headgr,0.0,0.0
3997,7,36,22,"(7, 36, 22)",idx0:7_idx1:36_idx2:22,chd_conf_headgr,0.0,0.0
3998,7,36,23,"(7, 36, 23)",idx0:7_idx1:36_idx2:23,chd_conf_headgr,0.0,0.0
3999,7,36,24,"(7, 36, 24)",idx0:7_idx1:36_idx2:24,chd_conf_headgr,0.0,0.0
4000,7,36,25,"(7, 36, 25)",idx0:7_idx1:36_idx2:25,chd_conf_headgr,0.0,0.0
4001,7,36,26,"(7, 36, 26)",idx0:7_idx1:36_idx2:26,chd_conf_headgr,0.0,0.0
4002,7,36,27,"(7, 36, 27)",idx0:7_idx1:36_idx2:27,chd_conf_headgr,0.0,0.0
4003,7,36,28,"(7, 36, 28)",idx0:7_idx1:36_idx2:28,chd_conf_headgr,0.0,0.0
4004,7,36,29,"(7, 36, 29)",idx0:7_idx1:36_idx2:29,chd_conf_headgr,0.0,0.0
4005,7,36,30,"(7, 36, 30)",idx0:7_idx1:36_idx2:30,chd_conf_headgr,0.0,0.0
4006,7,36,31,"(7, 36, 31)",idx0:7_idx1:36_idx2:31,chd_conf_headgr,0.0,0.0
4007,7,36,32,"(7, 36, 32)",idx0:7_idx1:36_idx2:32,chd_conf_headgr,0.0,0.0
4008,7,36,33,"(7, 36, 33)",idx0:7_idx1:36_idx2:33,chd_conf_headgr,0.0,0.0
4009,7,36,34,"(7, 36, 34)",idx0:7_idx1:36_idx2:34,chd_conf_headgr,0.0,0.0
4010,7,36,35,"(7, 36, 35)",idx0:7_idx1:36_idx2:35,chd_conf_headgr,0.0,0.0
4011,7,36,36,"(7, 36, 36)",idx0:7_idx1:36_idx2:36,chd_conf_headgr,0.0,0.0
4012,7,36,37,"(7, 36, 37)",idx0:7_idx1:36_idx2:37,chd_conf_headgr,0.0,0.0
4013,7,36,38,"(7, 36, 38)",idx0:7_idx1:36_idx2:38,chd_conf_headgr,0.0,0.0
4014,7,36,39,"(7, 36, 39)",idx0:7_idx1:36_idx2:39,chd_conf_headgr,0.0,0.0
4015,7,36,40,"(7, 36, 40)",idx0:7_idx1:36_idx2:40,chd_conf_headgr,0.0,0.0
4016,7,36,41,"(7, 36, 41)",idx0:7_idx1:36_idx2:41,chd_conf_headgr,0.0,0.0
4017,7,36,42,"(7, 36, 42)",idx0:7_idx1:36_idx2:42,chd_conf_headgr,0.0,0.0
4018,7,36,43,"(7, 36, 43)",idx0:7_idx1:36_idx2:43,chd_conf_headgr,0.0,0.0
4019,7,36,44,"(7, 36, 44)",idx0:7_idx1:36_idx2:44,chd_conf_headgr,0.0,0.0
4020,7,36,45,"(7, 36, 45)",idx0:7_idx1:36_idx2:45,chd_conf_headgr,0.0,0.0
4021,7,36,46,"(7, 36, 46)",idx0:7_idx1:36_idx2:46,chd_conf_headgr,0.0,0.0
4022,7,36,47,"(7, 36, 47)",idx0:7_idx1:36_idx2:47,chd_conf_headgr,0.0,0.0
4023,7,36,48,"(7, 36, 48)",idx0:7_idx1:36_idx2:48,chd_conf_headgr,0.0,0.0
4024,7,36,49,"(7, 36, 49)",idx0:7_idx1:36_idx2:49,chd_conf_headgr,0.0,0.0
4025,7,36,50,"(7, 36, 50)",idx0:7_idx1:36_idx2:50,chd_conf_headgr,0.0,0.0
4026,7,36,51,"(7, 36, 51)",idx0:7_idx1:36_idx2:51,chd_conf_headgr,0.0,0.0
4027,7,36,52,"(7, 36, 52)",idx0:7_idx1:36_idx2:52,chd_conf_headgr,0.0,0.0
4028,7,36,53,"(7, 36, 53)",idx0:7_idx1:36_idx2:53,chd_conf_headgr,0.0,0.0
4029,7,36,54,"(7, 36, 54)",idx0:7_idx1:36_idx2:54,chd_conf_headgr,0.0,0.0
4030,7,36,55,"(7, 36, 55)",idx0:7_idx1:36_idx2:55,chd_conf_headgr,0.0,0.0
4031,7,36,56,"(7, 36, 56)",idx0:7_idx1:36_idx2:56,chd_conf_headgr,0.0,0.0
4032,7,36,57,"(7, 36, 57)",idx0:7_idx1:36_idx2:57,chd_conf_headgr,0.0,0.0
4033,7,36,58,"(7, 36, 58)",idx0:7_idx1:36_idx2:58,chd_conf_headgr,0.0,0.0
4034,7,36,59,"(7, 36, 59)",idx0:7_idx1:36_idx2:59,chd_conf_headgr,0.0,0.0
4035,7,36,60,"(7, 36, 60)",idx0:7_idx1:36_idx2:60,chd_conf_headgr,0.0,0.0
4036,7,36,61,"(7, 36, 61)",idx0:7_idx1:36_idx2:61,chd_conf_headgr,0.0,0.0
4037,7,36,62,"(7, 36, 62)",idx0:7_idx1:36_idx2:62,chd_conf_headgr,0.0,0.0
4038,7,36,63,"(7, 36, 63)",idx0:7_idx1:36_idx2:63,chd_conf_headgr,0.0,0.0
4039,7,36,64,"(7, 36, 64)",idx0:7_idx1:36_idx2:64,chd_conf_headgr,0.0,0.0
4040,7,36,65,"(7, 36, 65)",idx0:7_idx1:36_idx2:65,chd_conf_headgr,0.0,0.0
4041,7,36,66,"(7, 36, 66)",idx0:7_idx1:36_idx2:66,chd_conf_headgr,0.0,0.0
4042,7,36,67,"(7, 36, 67)",idx0:7_idx1:36_idx2:67,chd_conf_headgr,0.0,0.0
4043,7,36,68,"(7, 36, 68)",idx0:7_idx1:36_idx2:68,chd_conf_headgr,0.0,0.0
4044,7,36,69,"(7, 36, 69)",idx0:7_idx1:36_idx2:69,chd_conf_headgr,0.0,0.0
4045,7,36,70,"(7, 36, 70)",idx0:7_idx1:36_idx2:70,chd_conf_headgr,0.0,0.0
4046,7,36,71,"(7, 36, 71)",idx0:7_idx1:36_idx2:71,chd_conf_headgr,0.0,0.0
4047,7,36,72,"(7, 36, 72)",idx0:7_idx1:36_idx2:72,chd_conf_headgr,0.0,0.0
4048,7,36,73,"(7, 36, 73)",idx0:7_idx1:36_idx2:73,chd_conf_headgr,0.0,0.0
4049,7,36,74,"(7, 36, 74)",idx0:7_idx1:36_idx2:74,chd_conf_headgr,0.0,0.0
4050,7,36,75,"(7, 36, 75)",idx0:7_idx1:36_idx2:75,chd_conf_headgr,0.0,0.0
4051,7,36,76,"(7, 36, 76)",idx0:7_idx1:36_idx2:76,chd_conf_headgr,0.0,0.0
4052,7,36,77,"(7, 36, 77)",idx0:7_idx1:36_idx2:77,chd_conf_headgr,0.0,0.0
4053,7,36,78,"(7, 36, 78)",idx0:7_idx1:36_idx2:78,chd_conf_headgr,0.0,0.0
4054,7,36,79,"(7, 36, 79)",idx0:7_idx1:36_idx2:79,chd_conf_headgr,0.0,0.0
4055,7,36,80,"(7, 36, 80)",idx0:7_idx1:36_idx2:80,chd_conf_headgr,0.0,0.0
4056,7,36,81,"(7, 36, 81)",idx0:7_idx1:36_idx2:81,chd_conf_headgr,0.0,0.0
4057,7,36,82,"(7, 36, 82)",idx0:7_idx1:36_idx2:82,chd_conf_headgr,0.0,0.0
4058,7,36,83,"(7, 36, 83)",idx0:7_idx1:36_idx2:83,chd_conf_headgr,0.0,0.0
4059,7,36,84,"(7, 36, 84)",idx0:7_idx1:36_idx2:84,chd_conf_headgr,0.0,0.0
4060,7,36,85,"(7, 36, 85)",idx0:7_idx1:36_idx2:85,chd_conf_headgr,0.0,0.0
4061,7,36,86,"(7, 36, 86)",idx0:7_idx1:36_idx2:86,chd_conf_headgr,0.0,0.0
4062,7,36,87,"(7, 36, 87)",idx0:7_idx1:36_idx2:87,chd_conf_headgr,0.0,0.0
4063,7,36,88,"(7, 36, 88)",idx0:7_idx1:36_idx2:88,chd_conf_headgr,0.0,0.0
4064,7,36,89,"(7, 36, 89)",idx0:7_idx1:36_idx2:89,chd_conf_headgr,0.0,0.0
4065,7,36,90,"(7, 36, 90)",idx0:7_idx1:36_idx2:90,chd_conf_headgr,0.0,0.0
4066,7,36,91,"(7, 36, 91)",idx0:7_idx1:36_idx2:91,chd_conf_headgr,0.0,0.0
4067,7,36,92,"(7, 36, 92)",idx0:7_idx1:36_idx2:92,chd_conf_headgr,0.0,0.0
4068,7,36,93,"(7, 36, 93)",idx0:7_idx1:36_idx2:93,chd_conf_headgr,0.0,0.0
4069,7,36,94,"(7, 36, 94)",idx0:7_idx1:36_idx2:94,chd_conf_headgr,0.0,0.0
4070,7,36,95,"(7, 36, 95)",idx0:7_idx1:36_idx2:95,chd_conf_headgr,0.0,0.0
4071,7,36,96,"(7, 36, 96)",idx0:7_idx1:36_idx2:96,chd_conf_headgr,0.0,0.0
4072,7,36,97,"(7, 36, 97)",idx0:7_idx1:36_idx2:97,chd_conf_headgr,0.0,0.0
4073,7,36,98,"(7, 36, 98)",idx0:7_idx1:36_idx2:98,chd_conf_headgr,0.0,0.0
4074,7,36,99,"(7, 36, 99)",idx0:7_idx1:36_idx2:99,chd_conf_headgr,0.0,0.0
4075,7,36,100,"(7, 36, 100)",idx0:7_idx1:36_idx2:100,chd_conf_headgr,0.0,0.0
4076,7,36,101,"(7, 36, 101)",idx0:7_idx1:36_idx2:101,chd_conf_headgr,0.0,0.0
4077,7,36,102,"(7, 36, 102)",idx0:7_idx1:36_idx2:102,chd_conf_headgr,0.0,0.0
4078,7,36,103,"(7, 36, 103)",idx0:7_idx1:36_idx2:103,chd_conf_headgr,0.0,0.0
4079,7,36,104,"(7, 36, 104)",idx0:7_idx1:36_idx2:104,chd_conf_headgr,0.0,0.0
4080,7,36,105,"(7, 36, 105)",idx0:7_idx1:36_idx2:105,chd_conf_headgr,0.0,0.0
4081,7,36,106,"(7, 36, 106)",idx0:7_idx1:36_idx2:106,chd_conf_headgr,0.0,0.0
4082,7,36,107,"(7, 36, 107)",idx0:7_idx1:36_idx2:107,chd_conf_headgr,0.0,0.0
4083,7,36,108,"(7, 36, 108)",idx0:7_idx1:36_idx2:108,chd_conf_headgr,0.0,0.0
4084,7,36,109,"(7, 36, 109)",idx0:7_idx1:36_idx2:109,chd_conf_headgr,0.0,0.0
4085,7,36,110,"(7, 36, 110)",idx0:7_idx1:36_idx2:110,chd_conf_headgr,0.0,0.0
4086,7,36,111,"(7, 36, 111)",idx0:7_idx1:36_idx2:111,chd_conf_headgr,0.0,0.0
4087,7,36,112,"(7, 36, 112)",idx0:7_idx1:36_idx2:112,chd_conf_headgr,0.0,0.0
4088,7,36,113,"(7, 36, 113)",idx0:7_idx1:36_idx2:113,chd_conf_headgr,0.0,0.0
4089,7,36,114,"(7, 36, 114)",idx0:7_idx1:36_idx2:114,chd_conf_headgr,0.0,0.0
4090,7,36,115,"(7, 36, 115)",idx0:7_idx1:36_idx2:115,chd_conf_headgr,0.0,0.0
4091,7,36,116,"(7, 36, 116)",idx0:7_idx1:36_idx2:116,chd_conf_headgr,0.0,0.0
4092,7,36,117,"(7, 36, 117)",idx0:7_idx1:36_idx2:117,chd_conf_headgr,0.0,0.0
4093,7,36,118,"(7, 36, 118)",idx0:7_idx1:36_idx2:118,chd_conf_headgr,0.0,0.0
4094,7,36,119,"(7, 36, 119)",idx0:7_idx1:36_idx2:119,chd_conf_headgr,0.0,0.0
4095,7,36,120,"(7, 36, 120)",idx0:7_idx1:36_idx2:120,chd_conf_headgr,0.0,0.0
4096,7,36,121,"(7, 36, 121)",idx0:7_idx1:36_idx2:121,chd_conf_headgr,0.0,0.0
4097,7,36,122,"(7, 36, 122)",idx0:7_idx1:36_idx2:122,chd_conf_headgr,0.0,0.0
4098,7,36,123,"(7, 36, 123)",idx0:7_idx1:36_idx2:123,chd_conf_headgr,0.0,0.0
4099,7,36,124,"(7, 36, 124)",idx0:7_idx1:36_idx2:124,chd_conf_headgr,0.0,0.0
4100,7,36,125,"(7, 36, 125)",idx0:7_idx1:36_idx2:125,chd_conf_headgr,0.0,0.0
4101,7,36,126,"(7, 36, 126)",idx0:7_idx1:36_idx2:126,chd_conf_headgr,0.0,0.0
4102,7,36,127,"(7, 36, 127)",idx0:7_idx1:36_idx2:127,chd_conf_headgr,0.0,0.0
4103,7,36,128,"(7, 36, 128)",idx0:7_idx1:36_idx2:128,chd_conf_headgr,0.0,0.0
4104,7,36,129,"(7, 36, 129)",idx0:7_idx1:36_idx2:129,chd_conf_headgr,0.0,0.0
4105,7,36,130,"(7, 36, 130)",idx0:7_idx1:36_idx2:130,chd_conf_headgr,0.0,0.0
4106,7,36,131,"(7, 36, 131)",idx0:7_idx1:36_idx2:131,chd_conf_headgr,0.0,0.0
4107,7,36,132,"(7, 36, 132)",idx0:7_idx1:36_idx2:132,chd_conf_headgr,0.0,0.0
4108,7,36,133,"(7, 36, 133)",idx0:7_idx1:36_idx2:133,chd_conf_headgr,0.0,0.0
4109,7,36,134,"(7, 36, 134)",idx0:7_idx1:36_idx2:134,chd_conf_headgr,0.0,0.0
4110,7,36,135,"(7, 36, 135)",idx0:7_idx1:36_idx2:135,chd_conf_headgr,0.0,0.0
4111,7,36,136,"(7, 36, 136)",idx0:7_idx1:36_idx2:136,chd_conf_headgr,0.0,0.0
4112,7,36,137,"(7, 36, 137)",idx0:7_idx1:36_idx2:137,chd_conf_headgr,0.0,0.0
4113,7,36,138,"(7, 36, 138)",idx0:7_idx1:36_idx2:138,chd_conf_headgr,0.0,0.0
4114,7,36,139,"(7, 36, 139)",idx0:7_idx1:36_idx2:139,chd_conf_headgr,0.0,0.0
4115,7,36,140,"(7, 36, 140)",idx0:7_idx1:36_idx2:140,chd_conf_headgr,0.0,0.0
4116,7,36,141,"(7, 36, 141)",idx0:7_idx1:36_idx2:141,chd_conf_headgr,0.0,0.0
4117,7,36,142,"(7, 36, 142)",idx0:7_idx1:36_idx2:142,chd_conf_headgr,0.0,0.0
4118,7,36,143,"(7, 36, 143)",idx0:7_idx1:36_idx2:143,chd_conf_headgr,0.0,0.0
4119,7,36,144,"(7, 36, 144)",idx0:7_idx1:36_idx2:144,chd_conf_headgr,0.0,0.0
4120,7,36,145,"(7, 36, 145)",idx0:7_idx1:36_idx2:145,chd_conf_headgr,0.0,0.0
4121,7,36,146,"(7, 36, 146)",idx0:7_idx1:36_idx2:146,chd_conf_headgr,0.0,0.0
4122,7,36,147,"(7, 36, 147)",idx0:7_idx1:36_idx2:147,chd_conf_headgr,0.0,0.0
4123,7,36,148,"(7, 36, 148)",idx0:7_idx1:36_idx2:148,chd_conf_headgr,0.0,0.0
4124,7,36,149,"(7, 36, 149)",idx0:7_idx1:36_idx2:149,chd_conf_headgr,0.0,0.0
4125,7,37,15,"(7, 37, 15)",idx0:7_idx1:37_idx2:15,chd_conf_headgr,0.0,0.0
4126,7,37,16,"(7, 37, 16)",idx0:7_idx1:37_idx2:16,chd_conf_headgr,0.0,0.0
4127,7,37,17,"(7, 37, 17)",idx0:7_idx1:37_idx2:17,chd_conf_headgr,0.0,0.0
4128,7,37,18,"(7, 37, 18)",idx0:7_idx1:37_idx2:18,chd_conf_headgr,0.0,0.0
4129,7,37,19,"(7, 37, 19)",idx0:7_idx1:37_idx2:19,chd_conf_headgr,0.0,0.0
4130,7,37,20,"(7, 37, 20)",idx0:7_idx1:37_idx2:20,chd_conf_headgr,0.0,0.0
4131,7,37,21,"(7, 37, 21)",idx0:7_idx1:37_idx2:21,chd_conf_headgr,0.0,0.0
4132,7,37,22,"(7, 37, 22)",idx0:7_idx1:37_idx2:22,chd_conf_headgr,0.0,0.0
4133,7,37,23,"(7, 37, 23)",idx0:7_idx1:37_idx2:23,chd_conf_headgr,0.0,0.0
4134,7,37,24,"(7, 37, 24)",idx0:7_idx1:37_idx2:24,chd_conf_headgr,0.0,0.0
4135,7,37,25,"(7, 37, 25)",idx0:7_idx1:37_idx2:25,chd_conf_headgr,0.0,0.0
4136,7,37,26,"(7, 37, 26)",idx0:7_idx1:37_idx2:26,chd_conf_headgr,0.0,0.0
4137,7,37,27,"(7, 37, 27)",idx0:7_idx1:37_idx2:27,chd_conf_headgr,0.0,0.0
4138,7,37,28,"(7, 37, 28)",idx0:7_idx1:37_idx2:28,chd_conf_headgr,0.0,0.0
4139,7,37,29,"(7, 37, 29)",idx0:7_idx1:37_idx2:29,chd_conf_headgr,0.0,0.0
4140,7,37,30,"(7, 37, 30)",idx0:7_idx1:37_idx2:30,chd_conf_headgr,0.0,0.0
4141,7,37,31,"(7, 37, 31)",idx0:7_idx1:37_idx2:31,chd_conf_headgr,0.0,0.0
4142,7,37,32,"(7, 37, 32)",idx0:7_idx1:37_idx2:32,chd_conf_headgr,0.0,0.0
4143,7,37,33,"(7, 37, 33)",idx0:7_idx1:37_idx2:33,chd_conf_headgr,0.0,0.0
4144,7,37,34,"(7, 37, 34)",idx0:7_idx1:37_idx2:34,chd_conf_headgr,0.0,0.0
4145,7,37,35,"(7, 37, 35)",idx0:7_idx1:37_idx2:35,chd_conf_headgr,0.0,0.0
4146,7,37,36,"(7, 37, 36)",idx0:7_idx1:37_idx2:36,chd_conf_headgr,0.0,0.0
4147,7,37,37,"(7, 37, 37)",idx0:7_idx1:37_idx2:37,chd_conf_headgr,0.0,0.0
4148,7,37,38,"(7, 37, 38)",idx0:7_idx1:37_idx2:38,chd_conf_headgr,0.0,0.0
4149,7,37,39,"(7, 37, 39)",idx0:7_idx1:37_idx2:39,chd_conf_headgr,0.0,0.0
4150,7,37,40,"(7, 37, 40)",idx0:7_idx1:37_idx2:40,chd_conf_headgr,0.0,0.0
4151,7,37,41,"(7, 37, 41)",idx0:7_idx1:37_idx2:41,chd_conf_headgr,0.0,0.0
4152,7,37,42,"(7, 37, 42)",idx0:7_idx1:37_idx2:42,chd_conf_headgr,0.0,0.0
4153,7,37,43,"(7, 37, 43)",idx0:7_idx1:37_idx2:43,chd_conf_headgr,0.0,0.0
4154,7,37,44,"(7, 37, 44)",idx0:7_idx1:37_idx2:44,chd_conf_headgr,0.0,0.0
4155,7,37,45,"(7, 37, 45)",idx0:7_idx1:37_idx2:45,chd_conf_headgr,0.0,0.0
4156,7,37,46,"(7, 37, 46)",idx0:7_idx1:37_idx2:46,chd_conf_headgr,0.0,0.0
4157,7,37,47,"(7, 37, 47)",idx0:7_idx1:37_idx2:47,chd_conf_headgr,0.0,0.0
4158,7,37,48,"(7, 37, 48)",idx0:7_idx1:37_idx2:48,chd_conf_headgr,0.0,0.0
4159,7,37,49,"(7, 37, 49)",idx0:7_idx1:37_idx2:49,chd_conf_headgr,0.0,0.0
4160,7,37,50,"(7, 37, 50)",idx0:7_idx1:37_idx2:50,chd_conf_headgr,0.0,0.0
4161,7,37,51,"(7, 37, 51)",idx0:7_idx1:37_idx2:51,chd_conf_headgr,0.0,0.0
4162,7,37,52,"(7, 37, 52)",idx0:7_idx1:37_idx2:52,chd_conf_headgr,0.0,0.0
4163,7,37,53,"(7, 37, 53)",idx0:7_idx1:37_idx2:53,chd_conf_headgr,0.0,0.0
4164,7,37,54,"(7, 37, 54)",idx0:7_idx1:37_idx2:54,chd_conf_headgr,0.0,0.0
4165,7,37,55,"(7, 37, 55)",idx0:7_idx1:37_idx2:55,chd_conf_headgr,0.0,0.0
4166,7,37,56,"(7, 37, 56)",idx0:7_idx1:37_idx2:56,chd_conf_headgr,0.0,0.0
4167,7,37,57,"(7, 37, 57)",idx0:7_idx1:37_idx2:57,chd_conf_headgr,0.0,0.0
4168,7,37,58,"(7, 37, 58)",idx0:7_idx1:37_idx2:58,chd_conf_headgr,0.0,0.0
4169,7,37,59,"(7, 37, 59)",idx0:7_idx1:37_idx2:59,chd_conf_headgr,0.0,0.0
4170,7,37,60,"(7, 37, 60)",idx0:7_idx1:37_idx2:60,chd_conf_headgr,0.0,0.0
4171,7,37,61,"(7, 37, 61)",idx0:7_idx1:37_idx2:61,chd_conf_headgr,0.0,0.0
4172,7,37,62,"(7, 37, 62)",idx0:7_idx1:37_idx2:62,chd_conf_headgr,0.0,0.0
4173,7,37,63,"(7, 37, 63)",idx0:7_idx1:37_idx2:63,chd_conf_headgr,0.0,0.0
4174,7,37,64,"(7, 37, 64)",idx0:7_idx1:37_idx2:64,chd_conf_headgr,0.0,0.0
4175,7,37,65,"(7, 37, 65)",idx0:7_idx1:37_idx2:65,chd_conf_headgr,0.0,0.0
4176,7,37,66,"(7, 37, 66)",idx0:7_idx1:37_idx2:66,chd_conf_headgr,0.0,0.0
4177,7,37,67,"(7, 37, 67)",idx0:7_idx1:37_idx2:67,chd_conf_headgr,0.0,0.0
4178,7,37,68,"(7, 37, 68)",idx0:7_idx1:37_idx2:68,chd_conf_headgr,0.0,0.0
4179,7,37,69,"(7, 37, 69)",idx0:7_idx1:37_idx2:69,chd_conf_headgr,0.0,0.0
4180,7,37,70,"(7, 37, 70)",idx0:7_idx1:37_idx2:70,chd_conf_headgr,0.0,0.0
4181,7,37,71,"(7, 37, 71)",idx0:7_idx1:37_idx2:71,chd_conf_headgr,0.0,0.0
4182,7,37,72,"(7, 37, 72)",idx0:7_idx1:37_idx2:72,chd_conf_headgr,0.0,0.0
4183,7,37,73,"(7, 37, 73)",idx0:7_idx1:37_idx2:73,chd_conf_headgr,0.0,0.0
4184,7,37,74,"(7, 37, 74)",idx0:7_idx1:37_idx2:74,chd_conf_headgr,0.0,0.0
4185,7,37,75,"(7, 37, 75)",idx0:7_idx1:37_idx2:75,chd_conf_headgr,0.0,0.0
4186,7,37,76,"(7, 37, 76)",idx0:7_idx1:37_idx2:76,chd_conf_headgr,0.0,0.0
4187,7,37,77,"(7, 37, 77)",idx0:7_idx1:37_idx2:77,chd_conf_headgr,0.0,0.0
4188,7,37,78,"(7, 37, 78)",idx0:7_idx1:37_idx2:78,chd_conf_headgr,0.0,0.0
4189,7,37,79,"(7, 37, 79)",idx0:7_idx1:37_idx2:79,chd_conf_headgr,0.0,0.0
4190,7,37,80,"(7, 37, 80)",idx0:7_idx1:37_idx2:80,chd_conf_headgr,0.0,0.0
4191,7,37,81,"(7, 37, 81)",idx0:7_idx1:37_idx2:81,chd_conf_headgr,0.0,0.0
4192,7,37,82,"(7, 37, 82)",idx0:7_idx1:37_idx2:82,chd_conf_headgr,0.0,0.0
4193,7,37,83,"(7, 37, 83)",idx0:7_idx1:37_idx2:83,chd_conf_headgr,0.0,0.0
4194,7,37,84,"(7, 37, 84)",idx0:7_idx1:37_idx2:84,chd_conf_headgr,0.0,0.0
4195,7,37,85,"(7, 37, 85)",idx0:7_idx1:37_idx2:85,chd_conf_headgr,0.0,0.0
4196,7,37,86,"(7, 37, 86)",idx0:7_idx1:37_idx2:86,chd_conf_headgr,0.0,0.0
4197,7,37,87,"(7, 37, 87)",idx0:7_idx1:37_idx2:87,chd_conf_headgr,0.0,0.0
4198,7,37,88,"(7, 37, 88)",idx0:7_idx1:37_idx2:88,chd_conf_headgr,0.0,0.0
4199,7,37,89,"(7, 37, 89)",idx0:7_idx1:37_idx2:89,chd_conf_headgr,0.0,0.0
4200,7,37,90,"(7, 37, 90)",idx0:7_idx1:37_idx2:90,chd_conf_headgr,0.0,0.0
4201,7,37,91,"(7, 37, 91)",idx0:7_idx1:37_idx2:91,chd_conf_headgr,0.0,0.0
4202,7,37,92,"(7, 37, 92)",idx0:7_idx1:37_idx2:92,chd_conf_headgr,0.0,0.0
4203,7,37,93,"(7, 37, 93)",idx0:7_idx1:37_idx2:93,chd_conf_headgr,0.0,0.0
4204,7,37,94,"(7, 37, 94)",idx0:7_idx1:37_idx2:94,chd_conf_headgr,0.0,0.0
4205,7,37,95,"(7, 37, 95)",idx0:7_idx1:37_idx2:95,chd_conf_headgr,0.0,0.0
4206,7,37,96,"(7, 37, 96)",idx0:7_idx1:37_idx2:96,chd_conf_headgr,0.0,0.0
4207,7,37,97,"(7, 37, 97)",idx0:7_idx1:37_idx2:97,chd_conf_headgr,0.0,0.0
4208,7,37,98,"(7, 37, 98)",idx0:7_idx1:37_idx2:98,chd_conf_headgr,0.0,0.0
4209,7,37,99,"(7, 37, 99)",idx0:7_idx1:37_idx2:99,chd_conf_headgr,0.0,0.0
4210,7,37,100,"(7, 37, 100)",idx0:7_idx1:37_idx2:100,chd_conf_headgr,0.0,0.0
4211,7,37,101,"(7, 37, 101)",idx0:7_idx1:37_idx2:101,chd_conf_headgr,0.0,0.0
4212,7,37,102,"(7, 37, 102)",idx0:7_idx1:37_idx2:102,chd_conf_headgr,0.0,0.0
4213,7,37,103,"(7, 37, 103)",idx0:7_idx1:37_idx2:103,chd_conf_headgr,0.0,0.0
4214,7,37,104,"(7, 37, 104)",idx0:7_idx1:37_idx2:104,chd_conf_headgr,0.0,0.0
4215,7,37,105,"(7, 37, 105)",idx0:7_idx1:37_idx2:105,chd_conf_headgr,0.0,0.0
4216,7,37,106,"(7, 37, 106)",idx0:7_idx1:37_idx2:106,chd_conf_headgr,0.0,0.0
4217,7,37,107,"(7, 37, 107)",idx0:7_idx1:37_idx2:107,chd_conf_headgr,0.0,0.0
4218,7,37,108,"(7, 37, 108)",idx0:7_idx1:37_idx2:108,chd_conf_headgr,0.0,0.0
4219,7,37,109,"(7, 37, 109)",idx0:7_idx1:37_idx2:109,chd_conf_headgr,0.0,0.0
4220,7,37,110,"(7, 37, 110)",idx0:7_idx1:37_idx2:110,chd_conf_headgr,0.0,0.0
4221,7,37,111,"(7, 37, 111)",idx0:7_idx1:37_idx2:111,chd_conf_headgr,0.0,0.0
4222,7,37,112,"(7, 37, 112)",idx0:7_idx1:37_idx2:112,chd_conf_headgr,0.0,0.0
4223,7,37,113,"(7, 37, 113)",idx0:7_idx1:37_idx2:113,chd_conf_headgr,0.0,0.0
4224,7,37,114,"(7, 37, 114)",idx0:7_idx1:37_idx2:114,chd_conf_headgr,0.0,0.0
4225,7,37,115,"(7, 37, 115)",idx0:7_idx1:37_idx2:115,chd_conf_headgr,0.0,0.0
4226,7,37,116,"(7, 37, 116)",idx0:7_idx1:37_idx2:116,chd_conf_headgr,0.0,0.0
4227,7,37,117,"(7, 37, 117)",idx0:7_idx1:37_idx2:117,chd_conf_headgr,0.0,0.0
4228,7,37,118,"(7, 37, 118)",idx0:7_idx1:37_idx2:118,chd_conf_headgr,0.0,0.0
4229,7,37,119,"(7, 37, 119)",idx0:7_idx1:37_idx2:119,chd_conf_headgr,0.0,0.0
4230,7,37,120,"(7, 37, 120)",idx0:7_idx1:37_idx2:120,chd_conf_headgr,0.0,0.0
4231,7,37,121,"(7, 37, 121)",idx0:7_idx1:37_idx2:121,chd_conf_headgr,0.0,0.0
4232,7,37,122,"(7, 37, 122)",idx0:7_idx1:37_idx2:122,chd_conf_headgr,0.0,0.0
4233,7,37,123,"(7, 37, 123)",idx0:7_idx1:37_idx2:123,chd_conf_headgr,0.0,0.0
4234,7,37,124,"(7, 37, 124)",idx0:7_idx1:37_idx2:124,chd_conf_headgr,0.0,0.0
4235,7,37,125,"(7, 37, 125)",idx0:7_idx1:37_idx2:125,chd_conf_headgr,0.0,0.0
4236,7,37,126,"(7, 37, 126)",idx0:7_idx1:37_idx2:126,chd_conf_headgr,0.0,0.0
4237,7,37,127,"(7, 37, 127)",idx0:7_idx1:37_idx2:127,chd_conf_headgr,0.0,0.0
4238,7,37,128,"(7, 37, 128)",idx0:7_idx1:37_idx2:128,chd_conf_headgr,0.0,0.0
4239,7,37,129,"(7, 37, 129)",idx0:7_idx1:37_idx2:129,chd_conf_headgr,0.0,0.0
4240,7,37,130,"(7, 37, 130)",idx0:7_idx1:37_idx2:130,chd_conf_headgr,0.0,0.0
4241,7,37,131,"(7, 37, 131)",idx0:7_idx1:37_idx2:131,chd_conf_headgr,0.0,0.0
4242,7,37,132,"(7, 37, 132)",idx0:7_idx1:37_idx2:132,chd_conf_headgr,0.0,0.0
4243,7,37,133,"(7, 37, 133)",idx0:7_idx1:37_idx2:133,chd_conf_headgr,0.0,0.0
4244,7,37,134,"(7, 37, 134)",idx0:7_idx1:37_idx2:134,chd_conf_headgr,0.0,0.0
4245,7,37,135,"(7, 37, 135)",idx0:7_idx1:37_idx2:135,chd_conf_headgr,0.0,0.0
4246,7,37,136,"(7, 37, 136)",idx0:7_idx1:37_idx2:136,chd_conf_headgr,0.0,0.0
4247,7,37,137,"(7, 37, 137)",idx0:7_idx1:37_idx2:137,chd_conf_headgr,0.0,0.0
4248,7,37,138,"(7, 37, 138)",idx0:7_idx1:37_idx2:138,chd_conf_headgr,0.0,0.0
4249,7,37,139,"(7, 37, 139)",idx0:7_idx1:37_idx2:139,chd_conf_headgr,0.0,0.0
4250,7,37,140,"(7, 37, 140)",idx0:7_idx1:37_idx2:140,chd_conf_headgr,0.0,0.0
4251,7,37,141,"(7, 37, 141)",idx0:7_idx1:37_idx2:141,chd_conf_headgr,0.0,0.0
4252,7,37,142,"(7, 37, 142)",idx0:7_idx1:37_idx2:142,chd_conf_headgr,0.0,0.0
4253,7,37,143,"(7, 37, 143)",idx0:7_idx1:37_idx2:143,chd_conf_headgr,0.0,0.0
4254,7,37,144,"(7, 37, 144)",idx0:7_idx1:37_idx2:144,chd_conf_headgr,0.0,0.0
4255,7,37,145,"(7, 37, 145)",idx0:7_idx1:37_idx2:145,chd_conf_headgr,0.0,0.0
4256,7,37,146,"(7, 37, 146)",idx0:7_idx1:37_idx2:146,chd_conf_headgr,0.0,0.0
4257,7,37,147,"(7, 37, 147)",idx0:7_idx1:37_idx2:147,chd_conf_headgr,0.0,0.0
4258,7,37,148,"(7, 37, 148)",idx0:7_idx1:37_idx2:148,chd_conf_headgr,0.0,0.0
4259,7,37,149,"(7, 37, 149)",idx0:7_idx1:37_idx2:149,chd_conf_headgr,0.0,0.0
4260,7,38,15,"(7, 38, 15)",idx0:7_idx1:38_idx2:15,chd_conf_headgr,0.0,0.0
4261,7,38,16,"(7, 38, 16)",idx0:7_idx1:38_idx2:16,chd_conf_headgr,0.0,0.0
4262,7,38,17,"(7, 38, 17)",idx0:7_idx1:38_idx2:17,chd_conf_headgr,0.0,0.0
4263,7,38,18,"(7, 38, 18)",idx0:7_idx1:38_idx2:18,chd_conf_headgr,0.0,0.0
4264,7,38,19,"(7, 38, 19)",idx0:7_idx1:38_idx2:19,chd_conf_headgr,0.0,0.0
4265,7,38,20,"(7, 38, 20)",idx0:7_idx1:38_idx2:20,chd_conf_headgr,0.0,0.0
4266,7,38,21,"(7, 38, 21)",idx0:7_idx1:38_idx2:21,chd_conf_headgr,0.0,0.0
4267,7,38,22,"(7, 38, 22)",idx0:7_idx1:38_idx2:22,chd_conf_headgr,0.0,0.0
4268,7,38,23,"(7, 38, 23)",idx0:7_idx1:38_idx2:23,chd_conf_headgr,0.0,0.0
4269,7,38,24,"(7, 38, 24)",idx0:7_idx1:38_idx2:24,chd_conf_headgr,0.0,0.0
4270,7,38,25,"(7, 38, 25)",idx0:7_idx1:38_idx2:25,chd_conf_headgr,0.0,0.0
4271,7,38,26,"(7, 38, 26)",idx0:7_idx1:38_idx2:26,chd_conf_headgr,0.0,0.0
4272,7,38,27,"(7, 38, 27)",idx0:7_idx1:38_idx2:27,chd_conf_headgr,0.0,0.0
4273,7,38,28,"(7, 38, 28)",idx0:7_idx1:38_idx2:28,chd_conf_headgr,0.0,0.0
4274,7,38,29,"(7, 38, 29)",idx0:7_idx1:38_idx2:29,chd_conf_headgr,0.0,0.0
4275,7,38,30,"(7, 38, 30)",idx0:7_idx1:38_idx2:30,chd_conf_headgr,0.0,0.0
4276,7,38,31,"(7, 38, 31)",idx0:7_idx1:38_idx2:31,chd_conf_headgr,0.0,0.0
4277,7,38,32,"(7, 38, 32)",idx0:7_idx1:38_idx2:32,chd_conf_headgr,0.0,0.0
4278,7,38,33,"(7, 38, 33)",idx0:7_idx1:38_idx2:33,chd_conf_headgr,0.0,0.0
4279,7,38,34,"(7, 38, 34)",idx0:7_idx1:38_idx2:34,chd_conf_headgr,0.0,0.0
4280,7,38,35,"(7, 38, 35)",idx0:7_idx1:38_idx2:35,chd_conf_headgr,0.0,0.0
4281,7,38,36,"(7, 38, 36)",idx0:7_idx1:38_idx2:36,chd_conf_headgr,0.0,0.0
4282,7,38,37,"(7, 38, 37)",idx0:7_idx1:38_idx2:37,chd_conf_headgr,0.0,0.0
4283,7,38,38,"(7, 38, 38)",idx0:7_idx1:38_idx2:38,chd_conf_headgr,0.0,0.0
4284,7,38,39,"(7, 38, 39)",idx0:7_idx1:38_idx2:39,chd_conf_headgr,0.0,0.0
4285,7,38,40,"(7, 38, 40)",idx0:7_idx1:38_idx2:40,chd_conf_headgr,0.0,0.0
4286,7,38,41,"(7, 38, 41)",idx0:7_idx1:38_idx2:41,chd_conf_headgr,0.0,0.0
4287,7,38,42,"(7, 38, 42)",idx0:7_idx1:38_idx2:42,chd_conf_headgr,0.0,0.0
4288,7,38,43,"(7, 38, 43)",idx0:7_idx1:38_idx2:43,chd_conf_headgr,0.0,0.0
4289,7,38,44,"(7, 38, 44)",idx0:7_idx1:38_idx2:44,chd_conf_headgr,0.0,0.0
4290,7,38,45,"(7, 38, 45)",idx0:7_idx1:38_idx2:45,chd_conf_headgr,0.0,0.0
4291,7,38,46,"(7, 38, 46)",idx0:7_idx1:38_idx2:46,chd_conf_headgr,0.0,0.0
4292,7,38,47,"(7, 38, 47)",idx0:7_idx1:38_idx2:47,chd_conf_headgr,0.0,0.0
4293,7,38,48,"(7, 38, 48)",idx0:7_idx1:38_idx2:48,chd_conf_headgr,0.0,0.0
4294,7,38,49,"(7, 38, 49)",idx0:7_idx1:38_idx2:49,chd_conf_headgr,0.0,0.0
4295,7,38,50,"(7, 38, 50)",idx0:7_idx1:38_idx2:50,chd_conf_headgr,0.0,0.0
4296,7,38,51,"(7, 38, 51)",idx0:7_idx1:38_idx2:51,chd_conf_headgr,0.0,0.0
4297,7,38,52,"(7, 38, 52)",idx0:7_idx1:38_idx2:52,chd_conf_headgr,0.0,0.0
4298,7,38,53,"(7, 38, 53)",idx0:7_idx1:38_idx2:53,chd_conf_headgr,0.0,0.0
4299,7,38,54,"(7, 38, 54)",idx0:7_idx1:38_idx2:54,chd_conf_headgr,0.0,0.0
4300,7,38,55,"(7, 38, 55)",idx0:7_idx1:38_idx2:55,chd_conf_headgr,0.0,0.0
4301,7,38,56,"(7, 38, 56)",idx0:7_idx1:38_idx2:56,chd_conf_headgr,0.0,0.0
4302,7,38,57,"(7, 38, 57)",idx0:7_idx1:38_idx2:57,chd_conf_headgr,0.0,0.0
4303,7,38,58,"(7, 38, 58)",idx0:7_idx1:38_idx2:58,chd_conf_headgr,0.0,0.0
4304,7,38,59,"(7, 38, 59)",idx0:7_idx1:38_idx2:59,chd_conf_headgr,0.0,0.0
4305,7,38,60,"(7, 38, 60)",idx0:7_idx1:38_idx2:60,chd_conf_headgr,0.0,0.0
4306,7,38,61,"(7, 38, 61)",idx0:7_idx1:38_idx2:61,chd_conf_headgr,0.0,0.0
4307,7,38,62,"(7, 38, 62)",idx0:7_idx1:38_idx2:62,chd_conf_headgr,0.0,0.0
4308,7,38,63,"(7, 38, 63)",idx0:7_idx1:38_idx2:63,chd_conf_headgr,0.0,0.0
4309,7,38,64,"(7, 38, 64)",idx0:7_idx1:38_idx2:64,chd_conf_headgr,0.0,0.0
4310,7,38,65,"(7, 38, 65)",idx0:7_idx1:38_idx2:65,chd_conf_headgr,0.0,0.0
4311,7,38,66,"(7, 38, 66)",idx0:7_idx1:38_idx2:66,chd_conf_headgr,0.0,0.0
4312,7,38,67,"(7, 38, 67)",idx0:7_idx1:38_idx2:67,chd_conf_headgr,0.0,0.0
4313,7,38,68,"(7, 38, 68)",idx0:7_idx1:38_idx2:68,chd_conf_headgr,0.0,0.0
4314,7,38,69,"(7, 38, 69)",idx0:7_idx1:38_idx2:69,chd_conf_headgr,0.0,0.0
4315,7,38,70,"(7, 38, 70)",idx0:7_idx1:38_idx2:70,chd_conf_headgr,0.0,0.0
4316,7,38,71,"(7, 38, 71)",idx0:7_idx1:38_idx2:71,chd_conf_headgr,0.0,0.0
4317,7,38,72,"(7, 38, 72)",idx0:7_idx1:38_idx2:72,chd_conf_headgr,0.0,0.0
4318,7,38,73,"(7, 38, 73)",idx0:7_idx1:38_idx2:73,chd_conf_headgr,0.0,0.0
4319,7,38,74,"(7, 38, 74)",idx0:7_idx1:38_idx2:74,chd_conf_headgr,0.0,0.0
4320,7,38,75,"(7, 38, 75)",idx0:7_idx1:38_idx2:75,chd_conf_headgr,0.0,0.0
4321,7,38,76,"(7, 38, 76)",idx0:7_idx1:38_idx2:76,chd_conf_headgr,0.0,0.0
4322,7,38,77,"(7, 38, 77)",idx0:7_idx1:38_idx2:77,chd_conf_headgr,0.0,0.0
4323,7,38,78,"(7, 38, 78)",idx0:7_idx1:38_idx2:78,chd_conf_headgr,0.0,0.0
4324,7,38,79,"(7, 38, 79)",idx0:7_idx1:38_idx2:79,chd_conf_headgr,0.0,0.0
4325,7,38,80,"(7, 38, 80)",idx0:7_idx1:38_idx2:80,chd_conf_headgr,0.0,0.0
4326,7,38,81,"(7, 38, 81)",idx0:7_idx1:38_idx2:81,chd_conf_headgr,0.0,0.0
4327,7,38,82,"(7, 38, 82)",idx0:7_idx1:38_idx2:82,chd_conf_headgr,0.0,0.0
4328,7,38,83,"(7, 38, 83)",idx0:7_idx1:38_idx2:83,chd_conf_headgr,0.0,0.0
4329,7,38,84,"(7, 38, 84)",idx0:7_idx1:38_idx2:84,chd_conf_headgr,0.0,0.0
4330,7,38,85,"(7, 38, 85)",idx0:7_idx1:38_idx2:85,chd_conf_headgr,0.0,0.0
4331,7,38,86,"(7, 38, 86)",idx0:7_idx1:38_idx2:86,chd_conf_headgr,0.0,0.0
4332,7,38,87,"(7, 38, 87)",idx0:7_idx1:38_idx2:87,chd_conf_headgr,0.0,0.0
4333,7,38,88,"(7, 38, 88)",idx0:7_idx1:38_idx2:88,chd_conf_headgr,0.0,0.0
4334,7,38,89,"(7, 38, 89)",idx0:7_idx1:38_idx2:89,chd_conf_headgr,0.0,0.0
4335,7,38,90,"(7, 38, 90)",idx0:7_idx1:38_idx2:90,chd_conf_headgr,0.0,0.0
4336,7,38,91,"(7, 38, 91)",idx0:7_idx1:38_idx2:91,chd_conf_headgr,0.0,0.0
4337,7,38,92,"(7, 38, 92)",idx0:7_idx1:38_idx2:92,chd_conf_headgr,0.0,0.0
4338,7,38,93,"(7, 38, 93)",idx0:7_idx1:38_idx2:93,chd_conf_headgr,0.0,0.0
4339,7,38,94,"(7, 38, 94)",idx0:7_idx1:38_idx2:94,chd_conf_headgr,0.0,0.0
4340,7,38,95,"(7, 38, 95)",idx0:7_idx1:38_idx2:95,chd_conf_headgr,0.0,0.0
4341,7,38,96,"(7, 38, 96)",idx0:7_idx1:38_idx2:96,chd_conf_headgr,0.0,0.0
4342,7,38,97,"(7, 38, 97)",idx0:7_idx1:38_idx2:97,chd_conf_headgr,0.0,0.0
4343,7,38,98,"(7, 38, 98)",idx0:7_idx1:38_idx2:98,chd_conf_headgr,0.0,0.0
4344,7,38,99,"(7, 38, 99)",idx0:7_idx1:38_idx2:99,chd_conf_headgr,0.0,0.0
4345,7,38,100,"(7, 38, 100)",idx0:7_idx1:38_idx2:100,chd_conf_headgr,0.0,0.0
4346,7,38,101,"(7, 38, 101)",idx0:7_idx1:38_idx2:101,chd_conf_headgr,0.0,0.0
4347,7,38,102,"(7, 38, 102)",idx0:7_idx1:38_idx2:102,chd_conf_headgr,0.0,0.0
4348,7,38,103,"(7, 38, 103)",idx0:7_idx1:38_idx2:103,chd_conf_headgr,0.0,0.0
4349,7,38,104,"(7, 38, 104)",idx0:7_idx1:38_idx2:104,chd_conf_headgr,0.0,0.0
4350,7,38,105,"(7, 38, 105)",idx0:7_idx1:38_idx2:105,chd_conf_headgr,0.0,0.0
4351,7,38,106,"(7, 38, 106)",idx0:7_idx1:38_idx2:106,chd_conf_headgr,0.0,0.0
4352,7,38,107,"(7, 38, 107)",idx0:7_idx1:38_idx2:107,chd_conf_headgr,0.0,0.0
4353,7,38,108,"(7, 38, 108)",idx0:7_idx1:38_idx2:108,chd_conf_headgr,0.0,0.0
4354,7,38,109,"(7, 38, 109)",idx0:7_idx1:38_idx2:109,chd_conf_headgr,0.0,0.0
4355,7,38,110,"(7, 38, 110)",idx0:7_idx1:38_idx2:110,chd_conf_headgr,0.0,0.0
4356,7,38,111,"(7, 38, 111)",idx0:7_idx1:38_idx2:111,chd_conf_headgr,0.0,0.0
4357,7,38,112,"(7, 38, 112)",idx0:7_idx1:38_idx2:112,chd_conf_headgr,0.0,0.0
4358,7,38,113,"(7, 38, 113)",idx0:7_idx1:38_idx2:113,chd_conf_headgr,0.0,0.0
4359,7,38,114,"(7, 38, 114)",idx0:7_idx1:38_idx2:114,chd_conf_headgr,0.0,0.0
4360,7,38,115,"(7, 38, 115)",idx0:7_idx1:38_idx2:115,chd_conf_headgr,0.0,0.0
4361,7,38,116,"(7, 38, 116)",idx0:7_idx1:38_idx2:116,chd_conf_headgr,0.0,0.0
4362,7,38,117,"(7, 38, 117)",idx0:7_idx1:38_idx2:117,chd_conf_headgr,0.0,0.0
4363,7,38,118,"(7, 38, 118)",idx0:7_idx1:38_idx2:118,chd_conf_headgr,0.0,0.0
4364,7,38,119,"(7, 38, 119)",idx0:7_idx1:38_idx2:119,chd_conf_headgr,0.0,0.0
4365,7,38,120,"(7, 38, 120)",idx0:7_idx1:38_idx2:120,chd_conf_headgr,0.0,0.0
4366,7,38,121,"(7, 38, 121)",idx0:7_idx1:38_idx2:121,chd_conf_headgr,0.0,0.0
4367,7,38,122,"(7, 38, 122)",idx0:7_idx1:38_idx2:122,chd_conf_headgr,0.0,0.0
4368,7,38,123,"(7, 38, 123)",idx0:7_idx1:38_idx2:123,chd_conf_headgr,0.0,0.0
4369,7,38,124,"(7, 38, 124)",idx0:7_idx1:38_idx2:124,chd_conf_headgr,0.0,0.0
4370,7,38,125,"(7, 38, 125)",idx0:7_idx1:38_idx2:125,chd_conf_headgr,0.0,0.0
4371,7,38,126,"(7, 38, 126)",idx0:7_idx1:38_idx2:126,chd_conf_headgr,0.0,0.0
4372,7,38,127,"(7, 38, 127)",idx0:7_idx1:38_idx2:127,chd_conf_headgr,0.0,0.0
4373,7,38,128,"(7, 38, 128)",idx0:7_idx1:38_idx2:128,chd_conf_headgr,0.0,0.0
4374,7,38,129,"(7, 38, 129)",idx0:7_idx1:38_idx2:129,chd_conf_headgr,0.0,0.0
4375,7,38,130,"(7, 38, 130)",idx0:7_idx1:38_idx2:130,chd_conf_headgr,0.0,0.0
4376,7,38,131,"(7, 38, 131)",idx0:7_idx1:38_idx2:131,chd_conf_headgr,0.0,0.0
4377,7,38,132,"(7, 38, 132)",idx0:7_idx1:38_idx2:132,chd_conf_headgr,0.0,0.0
4378,7,38,133,"(7, 38, 133)",idx0:7_idx1:38_idx2:133,chd_conf_headgr,0.0,0.0
4379,7,38,134,"(7, 38, 134)",idx0:7_idx1:38_idx2:134,chd_conf_headgr,0.0,0.0
4380,7,38,135,"(7, 38, 135)",idx0:7_idx1:38_idx2:135,chd_conf_headgr,0.0,0.0
4381,7,38,136,"(7, 38, 136)",idx0:7_idx1:38_idx2:136,chd_conf_headgr,0.0,0.0
4382,7,38,137,"(7, 38, 137)",idx0:7_idx1:38_idx2:137,chd_conf_headgr,0.0,0.0
4383,7,38,138,"(7, 38, 138)",idx0:7_idx1:38_idx2:138,chd_conf_headgr,0.0,0.0
4384,7,38,139,"(7, 38, 139)",idx0:7_idx1:38_idx2:139,chd_conf_headgr,0.0,0.0
4385,7,38,140,"(7, 38, 140)",idx0:7_idx1:38_idx2:140,chd_conf_headgr,0.0,0.0
4386,7,38,141,"(7, 38, 141)",idx0:7_idx1:38_idx2:141,chd_conf_headgr,0.0,0.0
4387,7,38,142,"(7, 38, 142)",idx0:7_idx1:38_idx2:142,chd_conf_headgr,0.0,0.0
4388,7,38,143,"(7, 38, 143)",idx0:7_idx1:38_idx2:143,chd_conf_headgr,0.0,0.0
4389,7,38,144,"(7, 38, 144)",idx0:7_idx1:38_idx2:144,chd_conf_headgr,0.0,0.0
4390,7,38,145,"(7, 38, 145)",idx0:7_idx1:38_idx2:145,chd_conf_headgr,0.0,0.0
4391,7,38,146,"(7, 38, 146)",idx0:7_idx1:38_idx2:146,chd_conf_headgr,0.0,0.0
4392,7,38,147,"(7, 38, 147)",idx0:7_idx1:38_idx2:147,chd_conf_headgr,0.0,0.0
4393,7,38,148,"(7, 38, 148)",idx0:7_idx1:38_idx2:148,chd_conf_headgr,0.0,0.0
4394,7,38,149,"(7, 38, 149)",idx0:7_idx1:38_idx2:149,chd_conf_headgr,0.0,0.0
4395,7,39,15,"(7, 39, 15)",idx0:7_idx1:39_idx2:15,chd_conf_headgr,0.0,0.0
4396,7,39,16,"(7, 39, 16)",idx0:7_idx1:39_idx2:16,chd_conf_headgr,0.0,0.0
4397,7,39,17,"(7, 39, 17)",idx0:7_idx1:39_idx2:17,chd_conf_headgr,0.0,0.0
4398,7,39,18,"(7, 39, 18)",idx0:7_idx1:39_idx2:18,chd_conf_headgr,0.0,0.0
4399,7,39,19,"(7, 39, 19)",idx0:7_idx1:39_idx2:19,chd_conf_headgr,0.0,0.0
4400,7,39,20,"(7, 39, 20)",idx0:7_idx1:39_idx2:20,chd_conf_headgr,0.0,0.0
4401,7,39,21,"(7, 39, 21)",idx0:7_idx1:39_idx2:21,chd_conf_headgr,0.0,0.0
4402,7,39,22,"(7, 39, 22)",idx0:7_idx1:39_idx2:22,chd_conf_headgr,0.0,0.0
4403,7,39,23,"(7, 39, 23)",idx0:7_idx1:39_idx2:23,chd_conf_headgr,0.0,0.0
4404,7,39,24,"(7, 39, 24)",idx0:7_idx1:39_idx2:24,chd_conf_headgr,0.0,0.0
4405,7,39,25,"(7, 39, 25)",idx0:7_idx1:39_idx2:25,chd_conf_headgr,0.0,0.0
4406,7,39,26,"(7, 39, 26)",idx0:7_idx1:39_idx2:26,chd_conf_headgr,0.0,0.0
4407,7,39,27,"(7, 39, 27)",idx0:7_idx1:39_idx2:27,chd_conf_headgr,0.0,0.0
4408,7,39,28,"(7, 39, 28)",idx0:7_idx1:39_idx2:28,chd_conf_headgr,0.0,0.0
4409,7,39,29,"(7, 39, 29)",idx0:7_idx1:39_idx2:29,chd_conf_headgr,0.0,0.0
4410,7,39,30,"(7, 39, 30)",idx0:7_idx1:39_idx2:30,chd_conf_headgr,0.0,0.0
4411,7,39,31,"(7, 39, 31)",idx0:7_idx1:39_idx2:31,chd_conf_headgr,0.0,0.0
4412,7,39,32,"(7, 39, 32)",idx0:7_idx1:39_idx2:32,chd_conf_headgr,0.0,0.0
4413,7,39,33,"(7, 39, 33)",idx0:7_idx1:39_idx2:33,chd_conf_headgr,0.0,0.0
4414,7,39,34,"(7, 39, 34)",idx0:7_idx1:39_idx2:34,chd_conf_headgr,0.0,0.0
4415,7,39,35,"(7, 39, 35)",idx0:7_idx1:39_idx2:35,chd_conf_headgr,0.0,0.0
4416,7,39,36,"(7, 39, 36)",idx0:7_idx1:39_idx2:36,chd_conf_headgr,0.0,0.0
4417,7,39,37,"(7, 39, 37)",idx0:7_idx1:39_idx2:37,chd_conf_headgr,0.0,0.0
4418,7,39,38,"(7, 39, 38)",idx0:7_idx1:39_idx2:38,chd_conf_headgr,0.0,0.0
4419,7,39,39,"(7, 39, 39)",idx0:7_idx1:39_idx2:39,chd_conf_headgr,0.0,0.0
4420,7,39,40,"(7, 39, 40)",idx0:7_idx1:39_idx2:40,chd_conf_headgr,0.0,0.0
4421,7,39,41,"(7, 39, 41)",idx0:7_idx1:39_idx2:41,chd_conf_headgr,0.0,0.0
4422,7,39,42,"(7, 39, 42)",idx0:7_idx1:39_idx2:42,chd_conf_headgr,0.0,0.0
4423,7,39,43,"(7, 39, 43)",idx0:7_idx1:39_idx2:43,chd_conf_headgr,0.0,0.0
4424,7,39,44,"(7, 39, 44)",idx0:7_idx1:39_idx2:44,chd_conf_headgr,0.0,0.0
4425,7,39,45,"(7, 39, 45)",idx0:7_idx1:39_idx2:45,chd_conf_headgr,0.0,0.0
4426,7,39,46,"(7, 39, 46)",idx0:7_idx1:39_idx2:46,chd_conf_headgr,0.0,0.0
4427,7,39,47,"(7, 39, 47)",idx0:7_idx1:39_idx2:47,chd_conf_headgr,0.0,0.0
4428,7,39,48,"(7, 39, 48)",idx0:7_idx1:39_idx2:48,chd_conf_headgr,0.0,0.0
4429,7,39,49,"(7, 39, 49)",idx0:7_idx1:39_idx2:49,chd_conf_headgr,0.0,0.0
4430,7,39,50,"(7, 39, 50)",idx0:7_idx1:39_idx2:50,chd_conf_headgr,0.0,0.0
4431,7,39,51,"(7, 39, 51)",idx0:7_idx1:39_idx2:51,chd_conf_headgr,0.0,0.0
4432,7,39,52,"(7, 39, 52)",idx0:7_idx1:39_idx2:52,chd_conf_headgr,0.0,0.0
4433,7,39,53,"(7, 39, 53)",idx0:7_idx1:39_idx2:53,chd_conf_headgr,0.0,0.0
4434,7,39,54,"(7, 39, 54)",idx0:7_idx1:39_idx2:54,chd_conf_headgr,0.0,0.0
4435,7,39,55,"(7, 39, 55)",idx0:7_idx1:39_idx2:55,chd_conf_headgr,0.0,0.0
4436,7,39,56,"(7, 39, 56)",idx0:7_idx1:39_idx2:56,chd_conf_headgr,0.0,0.0
4437,7,39,57,"(7, 39, 57)",idx0:7_idx1:39_idx2:57,chd_conf_headgr,0.0,0.0
4438,7,39,58,"(7, 39, 58)",idx0:7_idx1:39_idx2:58,chd_conf_headgr,0.0,0.0
4439,7,39,59,"(7, 39, 59)",idx0:7_idx1:39_idx2:59,chd_conf_headgr,0.0,0.0
4440,7,39,60,"(7, 39, 60)",idx0:7_idx1:39_idx2:60,chd_conf_headgr,0.0,0.0
4441,7,39,61,"(7, 39, 61)",idx0:7_idx1:39_idx2:61,chd_conf_headgr,0.0,0.0
4442,7,39,62,"(7, 39, 62)",idx0:7_idx1:39_idx2:62,chd_conf_headgr,0.0,0.0
4443,7,39,63,"(7, 39, 63)",idx0:7_idx1:39_idx2:63,chd_conf_headgr,0.0,0.0
4444,7,39,64,"(7, 39, 64)",idx0:7_idx1:39_idx2:64,chd_conf_headgr,0.0,0.0
4445,7,39,65,"(7, 39, 65)",idx0:7_idx1:39_idx2:65,chd_conf_headgr,0.0,0.0
4446,7,39,66,"(7, 39, 66)",idx0:7_idx1:39_idx2:66,chd_conf_headgr,0.0,0.0
4447,7,39,67,"(7, 39, 67)",idx0:7_idx1:39_idx2:67,chd_conf_headgr,0.0,0.0
4448,7,39,68,"(7, 39, 68)",idx0:7_idx1:39_idx2:68,chd_conf_headgr,0.0,0.0
4449,7,39,69,"(7, 39, 69)",idx0:7_idx1:39_idx2:69,chd_conf_headgr,0.0,0.0
4450,7,39,70,"(7, 39, 70)",idx0:7_idx1:39_idx2:70,chd_conf_headgr,0.0,0.0
4451,7,39,71,"(7, 39, 71)",idx0:7_idx1:39_idx2:71,chd_conf_headgr,0.0,0.0
4452,7,39,72,"(7, 39, 72)",idx0:7_idx1:39_idx2:72,chd_conf_headgr,0.0,0.0
4453,7,39,73,"(7, 39, 73)",idx0:7_idx1:39_idx2:73,chd_conf_headgr,0.0,0.0
4454,7,39,74,"(7, 39, 74)",idx0:7_idx1:39_idx2:74,chd_conf_headgr,0.0,0.0
4455,7,39,75,"(7, 39, 75)",idx0:7_idx1:39_idx2:75,chd_conf_headgr,0.0,0.0
4456,7,39,76,"(7, 39, 76)",idx0:7_idx1:39_idx2:76,chd_conf_headgr,0.0,0.0
4457,7,39,77,"(7, 39, 77)",idx0:7_idx1:39_idx2:77,chd_conf_headgr,0.0,0.0
4458,7,39,78,"(7, 39, 78)",idx0:7_idx1:39_idx2:78,chd_conf_headgr,0.0,0.0
4459,7,39,79,"(7, 39, 79)",idx0:7_idx1:39_idx2:79,chd_conf_headgr,0.0,0.0
4460,7,39,80,"(7, 39, 80)",idx0:7_idx1:39_idx2:80,chd_conf_headgr,0.0,0.0
4461,7,39,81,"(7, 39, 81)",idx0:7_idx1:39_idx2:81,chd_conf_headgr,0.0,0.0
4462,7,39,82,"(7, 39, 82)",idx0:7_idx1:39_idx2:82,chd_conf_headgr,0.0,0.0
4463,7,39,83,"(7, 39, 83)",idx0:7_idx1:39_idx2:83,chd_conf_headgr,0.0,0.0
4464,7,39,84,"(7, 39, 84)",idx0:7_idx1:39_idx2:84,chd_conf_headgr,0.0,0.0
4465,7,39,85,"(7, 39, 85)",idx0:7_idx1:39_idx2:85,chd_conf_headgr,0.0,0.0
4466,7,39,86,"(7, 39, 86)",idx0:7_idx1:39_idx2:86,chd_conf_headgr,0.0,0.0
4467,7,39,87,"(7, 39, 87)",idx0:7_idx1:39_idx2:87,chd_conf_headgr,0.0,0.0
4468,7,39,88,"(7, 39, 88)",idx0:7_idx1:39_idx2:88,chd_conf_headgr,0.0,0.0
4469,7,39,89,"(7, 39, 89)",idx0:7_idx1:39_idx2:89,chd_conf_headgr,0.0,0.0
4470,7,39,90,"(7, 39, 90)",idx0:7_idx1:39_idx2:90,chd_conf_headgr,0.0,0.0
4471,7,39,91,"(7, 39, 91)",idx0:7_idx1:39_idx2:91,chd_conf_headgr,0.0,0.0
4472,7,39,92,"(7, 39, 92)",idx0:7_idx1:39_idx2:92,chd_conf_headgr,0.0,0.0
4473,7,39,93,"(7, 39, 93)",idx0:7_idx1:39_idx2:93,chd_conf_headgr,0.0,0.0
4474,7,39,94,"(7, 39, 94)",idx0:7_idx1:39_idx2:94,chd_conf_headgr,0.0,0.0
4475,7,39,95,"(7, 39, 95)",idx0:7_idx1:39_idx2:95,chd_conf_headgr,0.0,0.0
4476,7,39,96,"(7, 39, 96)",idx0:7_idx1:39_idx2:96,chd_conf_headgr,0.0,0.0
4477,7,39,97,"(7, 39, 97)",idx0:7_idx1:39_idx2:97,chd_conf_headgr,0.0,0.0
4478,7,39,98,"(7, 39, 98)",idx0:7_idx1:39_idx2:98,chd_conf_headgr,0.0,0.0
4479,7,39,99,"(7, 39, 99)",idx0:7_idx1:39_idx2:99,chd_conf_headgr,0.0,0.0
4480,7,39,100,"(7, 39, 100)",idx0:7_idx1:39_idx2:100,chd_conf_headgr,0.0,0.0
4481,7,39,101,"(7, 39, 101)",idx0:7_idx1:39_idx2:101,chd_conf_headgr,0.0,0.0
4482,7,39,102,"(7, 39, 102)",idx0:7_idx1:39_idx2:102,chd_conf_headgr,0.0,0.0
4483,7,39,103,"(7, 39, 103)",idx0:7_idx1:39_idx2:103,chd_conf_headgr,0.0,0.0
4484,7,39,104,"(7, 39, 104)",idx0:7_idx1:39_idx2:104,chd_conf_headgr,0.0,0.0
4485,7,39,105,"(7, 39, 105)",idx0:7_idx1:39_idx2:105,chd_conf_headgr,0.0,0.0
4486,7,39,106,"(7, 39, 106)",idx0:7_idx1:39_idx2:106,chd_conf_headgr,0.0,0.0
4487,7,39,107,"(7, 39, 107)",idx0:7_idx1:39_idx2:107,chd_conf_headgr,0.0,0.0
4488,7,39,108,"(7, 39, 108)",idx0:7_idx1:39_idx2:108,chd_conf_headgr,0.0,0.0
4489,7,39,109,"(7, 39, 109)",idx0:7_idx1:39_idx2:109,chd_conf_headgr,0.0,0.0
4490,7,39,110,"(7, 39, 110)",idx0:7_idx1:39_idx2:110,chd_conf_headgr,0.0,0.0
4491,7,39,111,"(7, 39, 111)",idx0:7_idx1:39_idx2:111,chd_conf_headgr,0.0,0.0
4492,7,39,112,"(7, 39, 112)",idx0:7_idx1:39_idx2:112,chd_conf_headgr,0.0,0.0
4493,7,39,113,"(7, 39, 113)",idx0:7_idx1:39_idx2:113,chd_conf_headgr,0.0,0.0
4494,7,39,114,"(7, 39, 114)",idx0:7_idx1:39_idx2:114,chd_conf_headgr,0.0,0.0
4495,7,39,115,"(7, 39, 115)",idx0:7_idx1:39_idx2:115,chd_conf_headgr,0.0,0.0
4496,7,39,116,"(7, 39, 116)",idx0:7_idx1:39_idx2:116,chd_conf_headgr,0.0,0.0
4497,7,39,117,"(7, 39, 117)",idx0:7_idx1:39_idx2:117,chd_conf_headgr,0.0,0.0
4498,7,39,118,"(7, 39, 118)",idx0:7_idx1:39_idx2:118,chd_conf_headgr,0.0,0.0
4499,7,39,119,"(7, 39, 119)",idx0:7_idx1:39_idx2:119,chd_conf_headgr,0.0,0.0
4500,7,39,120,"(7, 39, 120)",idx0:7_idx1:39_idx2:120,chd_conf_headgr,0.0,0.0
4501,7,39,121,"(7, 39, 121)",idx0:7_idx1:39_idx2:121,chd_conf_headgr,0.0,0.0
4502,7,39,122,"(7, 39, 122)",idx0:7_idx1:39_idx2:122,chd_conf_headgr,0.0,0.0
4503,7,39,123,"(7, 39, 123)",idx0:7_idx1:39_idx2:123,chd_conf_headgr,0.0,0.0
4504,7,39,124,"(7, 39, 124)",idx0:7_idx1:39_idx2:124,chd_conf_headgr,0.0,0.0
4505,7,39,125,"(7, 39, 125)",idx0:7_idx1:39_idx2:125,chd_conf_headgr,0.0,0.0
4506,7,39,126,"(7, 39, 126)",idx0:7_idx1:39_idx2:126,chd_conf_headgr,0.0,0.0
4507,7,39,127,"(7, 39, 127)",idx0:7_idx1:39_idx2:127,chd_conf_headgr,0.0,0.0
4508,7,39,128,"(7, 39, 128)",idx0:7_idx1:39_idx2:128,chd_conf_headgr,0.0,0.0
4509,7,39,129,"(7, 39, 129)",idx0:7_idx1:39_idx2:129,chd_conf_headgr,0.0,0.0
4510,7,39,130,"(7, 39, 130)",idx0:7_idx1:39_idx2:130,chd_conf_headgr,0.0,0.0
4511,7,39,131,"(7, 39, 131)",idx0:7_idx1:39_idx2:131,chd_conf_headgr,0.0,0.0
4512,7,39,132,"(7, 39, 132)",idx0:7_idx1:39_idx2:132,chd_conf_headgr,0.0,0.0
4513,7,39,133,"(7, 39, 133)",idx0:7_idx1:39_idx2:133,chd_conf_headgr,0.0,0.0
4514,7,39,134,"(7, 39, 134)",idx0:7_idx1:39_idx2:134,chd_conf_headgr,0.0,0.0
4515,7,39,135,"(7, 39, 135)",idx0:7_idx1:39_idx2:135,chd_conf_headgr,0.0,0.0
4516,7,39,136,"(7, 39, 136)",idx0:7_idx1:39_idx2:136,chd_conf_headgr,0.0,0.0
4517,7,39,137,"(7, 39, 137)",idx0:7_idx1:39_idx2:137,chd_conf_headgr,0.0,0.0
4518,7,39,138,"(7, 39, 138)",idx0:7_idx1:39_idx2:138,chd_conf_headgr,0.0,0.0
4519,7,39,139,"(7, 39, 139)",idx0:7_idx1:39_idx2:139,chd_conf_headgr,0.0,0.0
4520,7,39,140,"(7, 39, 140)",idx0:7_idx1:39_idx2:140,chd_conf_headgr,0.0,0.0
4521,7,39,141,"(7, 39, 141)",idx0:7_idx1:39_idx2:141,chd_conf_headgr,0.0,0.0
4522,7,39,142,"(7, 39, 142)",idx0:7_idx1:39_idx2:142,chd_conf_headgr,0.0,0.0
4523,7,39,143,"(7, 39, 143)",idx0:7_idx1:39_idx2:143,chd_conf_headgr,0.0,0.0
4524,7,39,144,"(7, 39, 144)",idx0:7_idx1:39_idx2:144,chd_conf_headgr,0.0,0.0
4525,7,39,145,"(7, 39, 145)",idx0:7_idx1:39_idx2:145,chd_conf_headgr,0.0,0.0
4526,7,39,146,"(7, 39, 146)",idx0:7_idx1:39_idx2:146,chd_conf_headgr,0.0,0.0
4527,7,39,147,"(7, 39, 147)",idx0:7_idx1:39_idx2:147,chd_conf_headgr,0.0,0.0
4528,7,39,148,"(7, 39, 148)",idx0:7_idx1:39_idx2:148,chd_conf_headgr,0.0,0.0
4529,7,39,149,"(7, 39, 149)",idx0:7_idx1:39_idx2:149,chd_conf_headgr,0.0,0.0
4530,7,40,14,"(7, 40, 14)",idx0:7_idx1:40_idx2:14,chd_conf_headgr,0.0,0.0
4531,7,40,15,"(7, 40, 15)",idx0:7_idx1:40_idx2:15,chd_conf_headgr,0.0,0.0
4532,7,40,16,"(7, 40, 16)",idx0:7_idx1:40_idx2:16,chd_conf_headgr,0.0,0.0
4533,7,40,17,"(7, 40, 17)",idx0:7_idx1:40_idx2:17,chd_conf_headgr,0.0,0.0
4534,7,40,18,"(7, 40, 18)",idx0:7_idx1:40_idx2:18,chd_conf_headgr,0.0,0.0
4535,7,40,19,"(7, 40, 19)",idx0:7_idx1:40_idx2:19,chd_conf_headgr,0.0,0.0
4536,7,40,20,"(7, 40, 20)",idx0:7_idx1:40_idx2:20,chd_conf_headgr,0.0,0.0
4537,7,40,21,"(7, 40, 21)",idx0:7_idx1:40_idx2:21,chd_conf_headgr,0.0,0.0
4538,7,40,22,"(7, 40, 22)",idx0:7_idx1:40_idx2:22,chd_conf_headgr,0.0,0.0
4539,7,40,23,"(7, 40, 23)",idx0:7_idx1:40_idx2:23,chd_conf_headgr,0.0,0.0
4540,7,40,24,"(7, 40, 24)",idx0:7_idx1:40_idx2:24,chd_conf_headgr,0.0,0.0
4541,7,40,25,"(7, 40, 25)",idx0:7_idx1:40_idx2:25,chd_conf_headgr,0.0,0.0
4542,7,40,26,"(7, 40, 26)",idx0:7_idx1:40_idx2:26,chd_conf_headgr,0.0,0.0
4543,7,40,27,"(7, 40, 27)",idx0:7_idx1:40_idx2:27,chd_conf_headgr,0.0,0.0
4544,7,40,28,"(7, 40, 28)",idx0:7_idx1:40_idx2:28,chd_conf_headgr,0.0,0.0
4545,7,40,29,"(7, 40, 29)",idx0:7_idx1:40_idx2:29,chd_conf_headgr,0.0,0.0
4546,7,40,30,"(7, 40, 30)",idx0:7_idx1:40_idx2:30,chd_conf_headgr,0.0,0.0
4547,7,40,31,"(7, 40, 31)",idx0:7_idx1:40_idx2:31,chd_conf_headgr,0.0,0.0
4548,7,40,32,"(7, 40, 32)",idx0:7_idx1:40_idx2:32,chd_conf_headgr,0.0,0.0
4549,7,40,33,"(7, 40, 33)",idx0:7_idx1:40_idx2:33,chd_conf_headgr,0.0,0.0
4550,7,40,34,"(7, 40, 34)",idx0:7_idx1:40_idx2:34,chd_conf_headgr,0.0,0.0
4551,7,40,35,"(7, 40, 35)",idx0:7_idx1:40_idx2:35,chd_conf_headgr,0.0,0.0
4552,7,40,36,"(7, 40, 36)",idx0:7_idx1:40_idx2:36,chd_conf_headgr,0.0,0.0
4553,7,40,37,"(7, 40, 37)",idx0:7_idx1:40_idx2:37,chd_conf_headgr,0.0,0.0
4554,7,40,38,"(7, 40, 38)",idx0:7_idx1:40_idx2:38,chd_conf_headgr,0.0,0.0
4555,7,40,39,"(7, 40, 39)",idx0:7_idx1:40_idx2:39,chd_conf_headgr,0.0,0.0
4556,7,40,40,"(7, 40, 40)",idx0:7_idx1:40_idx2:40,chd_conf_headgr,0.0,0.0
4557,7,40,41,"(7, 40, 41)",idx0:7_idx1:40_idx2:41,chd_conf_headgr,0.0,0.0
4558,7,40,42,"(7, 40, 42)",idx0:7_idx1:40_idx2:42,chd_conf_headgr,0.0,0.0
4559,7,40,43,"(7, 40, 43)",idx0:7_idx1:40_idx2:43,chd_conf_headgr,0.0,0.0
4560,7,40,44,"(7, 40, 44)",idx0:7_idx1:40_idx2:44,chd_conf_headgr,0.0,0.0
4561,7,40,45,"(7, 40, 45)",idx0:7_idx1:40_idx2:45,chd_conf_headgr,0.0,0.0
4562,7,40,46,"(7, 40, 46)",idx0:7_idx1:40_idx2:46,chd_conf_headgr,0.0,0.0
4563,7,40,47,"(7, 40, 47)",idx0:7_idx1:40_idx2:47,chd_conf_headgr,0.0,0.0
4564,7,40,48,"(7, 40, 48)",idx0:7_idx1:40_idx2:48,chd_conf_headgr,0.0,0.0
4565,7,40,49,"(7, 40, 49)",idx0:7_idx1:40_idx2:49,chd_conf_headgr,0.0,0.0
4566,7,40,50,"(7, 40, 50)",idx0:7_idx1:40_idx2:50,chd_conf_headgr,0.0,0.0
4567,7,40,51,"(7, 40, 51)",idx0:7_idx1:40_idx2:51,chd_conf_headgr,0.0,0.0
4568,7,40,52,"(7, 40, 52)",idx0:7_idx1:40_idx2:52,chd_conf_headgr,0.0,0.0
4569,7,40,53,"(7, 40, 53)",idx0:7_idx1:40_idx2:53,chd_conf_headgr,0.0,0.0
4570,7,40,54,"(7, 40, 54)",idx0:7_idx1:40_idx2:54,chd_conf_headgr,0.0,0.0
4571,7,40,55,"(7, 40, 55)",idx0:7_idx1:40_idx2:55,chd_conf_headgr,0.0,0.0
4572,7,40,56,"(7, 40, 56)",idx0:7_idx1:40_idx2:56,chd_conf_headgr,0.0,0.0
4573,7,40,57,"(7, 40, 57)",idx0:7_idx1:40_idx2:57,chd_conf_headgr,0.0,0.0
4574,7,40,58,"(7, 40, 58)",idx0:7_idx1:40_idx2:58,chd_conf_headgr,0.0,0.0
4575,7,40,59,"(7, 40, 59)",idx0:7_idx1:40_idx2:59,chd_conf_headgr,0.0,0.0
4576,7,40,60,"(7, 40, 60)",idx0:7_idx1:40_idx2:60,chd_conf_headgr,0.0,0.0
4577,7,40,61,"(7, 40, 61)",idx0:7_idx1:40_idx2:61,chd_conf_headgr,0.0,0.0
4578,7,40,62,"(7, 40, 62)",idx0:7_idx1:40_idx2:62,chd_conf_headgr,0.0,0.0
4579,7,40,63,"(7, 40, 63)",idx0:7_idx1:40_idx2:63,chd_conf_headgr,0.0,0.0
4580,7,40,64,"(7, 40, 64)",idx0:7_idx1:40_idx2:64,chd_conf_headgr,0.0,0.0
4581,7,40,65,"(7, 40, 65)",idx0:7_idx1:40_idx2:65,chd_conf_headgr,0.0,0.0
4582,7,40,66,"(7, 40, 66)",idx0:7_idx1:40_idx2:66,chd_conf_headgr,0.0,0.0
4583,7,40,67,"(7, 40, 67)",idx0:7_idx1:40_idx2:67,chd_conf_headgr,0.0,0.0
4584,7,40,68,"(7, 40, 68)",idx0:7_idx1:40_idx2:68,chd_conf_headgr,0.0,0.0
4585,7,40,69,"(7, 40, 69)",idx0:7_idx1:40_idx2:69,chd_conf_headgr,0.0,0.0
4586,7,40,70,"(7, 40, 70)",idx0:7_idx1:40_idx2:70,chd_conf_headgr,0.0,0.0
4587,7,40,71,"(7, 40, 71)",idx0:7_idx1:40_idx2:71,chd_conf_headgr,0.0,0.0
4588,7,40,72,"(7, 40, 72)",idx0:7_idx1:40_idx2:72,chd_conf_headgr,0.0,0.0
4589,7,40,73,"(7, 40, 73)",idx0:7_idx1:40_idx2:73,chd_conf_headgr,0.0,0.0
4590,7,40,74,"(7, 40, 74)",idx0:7_idx1:40_idx2:74,chd_conf_headgr,0.0,0.0
4591,7,40,75,"(7, 40, 75)",idx0:7_idx1:40_idx2:75,chd_conf_headgr,0.0,0.0
4592,7,40,76,"(7, 40, 76)",idx0:7_idx1:40_idx2:76,chd_conf_headgr,0.0,0.0
4593,7,40,77,"(7, 40, 77)",idx0:7_idx1:40_idx2:77,chd_conf_headgr,0.0,0.0
4594,7,40,78,"(7, 40, 78)",idx0:7_idx1:40_idx2:78,chd_conf_headgr,0.0,0.0
4595,7,40,79,"(7, 40, 79)",idx0:7_idx1:40_idx2:79,chd_conf_headgr,0.0,0.0
4596,7,40,80,"(7, 40, 80)",idx0:7_idx1:40_idx2:80,chd_conf_headgr,0.0,0.0
4597,7,40,81,"(7, 40, 81)",idx0:7_idx1:40_idx2:81,chd_conf_headgr,0.0,0.0
4598,7,40,82,"(7, 40, 82)",idx0:7_idx1:40_idx2:82,chd_conf_headgr,0.0,0.0
4599,7,40,83,"(7, 40, 83)",idx0:7_idx1:40_idx2:83,chd_conf_headgr,0.0,0.0
4600,7,40,84,"(7, 40, 84)",idx0:7_idx1:40_idx2:84,chd_conf_headgr,0.0,0.0
4601,7,40,85,"(7, 40, 85)",idx0:7_idx1:40_idx2:85,chd_conf_headgr,0.0,0.0
4602,7,40,86,"(7, 40, 86)",idx0:7_idx1:40_idx2:86,chd_conf_headgr,0.0,0.0
4603,7,40,87,"(7, 40, 87)",idx0:7_idx1:40_idx2:87,chd_conf_headgr,0.0,0.0
4604,7,40,88,"(7, 40, 88)",idx0:7_idx1:40_idx2:88,chd_conf_headgr,0.0,0.0
4605,7,40,89,"(7, 40, 89)",idx0:7_idx1:40_idx2:89,chd_conf_headgr,0.0,0.0
4606,7,40,90,"(7, 40, 90)",idx0:7_idx1:40_idx2:90,chd_conf_headgr,0.0,0.0
4607,7,40,91,"(7, 40, 91)",idx0:7_idx1:40_idx2:91,chd_conf_headgr,0.0,0.0
4608,7,40,92,"(7, 40, 92)",idx0:7_idx1:40_idx2:92,chd_conf_headgr,0.0,0.0
4609,7,40,93,"(7, 40, 93)",idx0:7_idx1:40_idx2:93,chd_conf_headgr,0.0,0.0
4610,7,40,94,"(7, 40, 94)",idx0:7_idx1:40_idx2:94,chd_conf_headgr,0.0,0.0
4611,7,40,95,"(7, 40, 95)",idx0:7_idx1:40_idx2:95,chd_conf_headgr,0.0,0.0
4612,7,40,96,"(7, 40, 96)",idx0:7_idx1:40_idx2:96,chd_conf_headgr,0.0,0.0
4613,7,40,97,"(7, 40, 97)",idx0:7_idx1:40_idx2:97,chd_conf_headgr,0.0,0.0
4614,7,40,98,"(7, 40, 98)",idx0:7_idx1:40_idx2:98,chd_conf_headgr,0.0,0.0
4615,7,40,99,"(7, 40, 99)",idx0:7_idx1:40_idx2:99,chd_conf_headgr,0.0,0.0
4616,7,40,100,"(7, 40, 100)",idx0:7_idx1:40_idx2:100,chd_conf_headgr,0.0,0.0
4617,7,40,101,"(7, 40, 101)",idx0:7_idx1:40_idx2:101,chd_conf_headgr,0.0,0.0
4618,7,40,102,"(7, 40, 102)",idx0:7_idx1:40_idx2:102,chd_conf_headgr,0.0,0.0
4619,7,40,103,"(7, 40, 103)",idx0:7_idx1:40_idx2:103,chd_conf_headgr,0.0,0.0
4620,7,40,104,"(7, 40, 104)",idx0:7_idx1:40_idx2:104,chd_conf_headgr,0.0,0.0
4621,7,40,105,"(7, 40, 105)",idx0:7_idx1:40_idx2:105,chd_conf_headgr,0.0,0.0
4622,7,40,106,"(7, 40, 106)",idx0:7_idx1:40_idx2:106,chd_conf_headgr,0.0,0.0
4623,7,40,107,"(7, 40, 107)",idx0:7_idx1:40_idx2:107,chd_conf_headgr,0.0,0.0
4624,7,40,124,"(7, 40, 124)",idx0:7_idx1:40_idx2:124,chd_conf_headgr,0.0,0.0
4625,7,40,125,"(7, 40, 125)",idx0:7_idx1:40_idx2:125,chd_conf_headgr,0.0,0.0
4626,7,40,126,"(7, 40, 126)",idx0:7_idx1:40_idx2:126,chd_conf_headgr,0.0,0.0
4627,7,40,127,"(7, 40, 127)",idx0:7_idx1:40_idx2:127,chd_conf_headgr,0.0,0.0
4628,7,40,128,"(7, 40, 128)",idx0:7_idx1:40_idx2:128,chd_conf_headgr,0.0,0.0
4629,7,40,129,"(7, 40, 129)",idx0:7_idx1:40_idx2:129,chd_conf_headgr,0.0,0.0
4630,7,40,130,"(7, 40, 130)",idx0:7_idx1:40_idx2:130,chd_conf_headgr,0.0,0.0
4631,7,40,131,"(7, 40, 131)",idx0:7_idx1:40_idx2:131,chd_conf_headgr,0.0,0.0
4632,7,40,132,"(7, 40, 132)",idx0:7_idx1:40_idx2:132,chd_conf_headgr,0.0,0.0
4633,7,40,133,"(7, 40, 133)",idx0:7_idx1:40_idx2:133,chd_conf_headgr,0.0,0.0
4634,7,40,134,"(7, 40, 134)",idx0:7_idx1:40_idx2:134,chd_conf_headgr,0.0,0.0
4635,7,40,135,"(7, 40, 135)",idx0:7_idx1:40_idx2:135,chd_conf_headgr,0.0,0.0
4636,7,40,136,"(7, 40, 136)",idx0:7_idx1:40_idx2:136,chd_conf_headgr,0.0,0.0
4637,7,40,137,"(7, 40, 137)",idx0:7_idx1:40_idx2:137,chd_conf_headgr,0.0,0.0
4638,7,40,138,"(7, 40, 138)",idx0:7_idx1:40_idx2:138,chd_conf_headgr,0.0,0.0
4639,7,40,139,"(7, 40, 139)",idx0:7_idx1:40_idx2:139,chd_conf_headgr,0.0,0.0
4640,7,40,140,"(7, 40, 140)",idx0:7_idx1:40_idx2:140,chd_conf_headgr,0.0,0.0
4641,7,40,141,"(7, 40, 141)",idx0:7_idx1:40_idx2:141,chd_conf_headgr,0.0,0.0
4642,7,40,142,"(7, 40, 142)",idx0:7_idx1:40_idx2:142,chd_conf_headgr,0.0,0.0
4643,7,40,143,"(7, 40, 143)",idx0:7_idx1:40_idx2:143,chd_conf_headgr,0.0,0.0
4644,7,40,144,"(7, 40, 144)",idx0:7_idx1:40_idx2:144,chd_conf_headgr,0.0,0.0
4645,7,40,145,"(7, 40, 145)",idx0:7_idx1:40_idx2:145,chd_conf_headgr,0.0,0.0
4646,7,40,146,"(7, 40, 146)",idx0:7_idx1:40_idx2:146,chd_conf_headgr,0.0,0.0
4647,7,40,147,"(7, 40, 147)",idx0:7_idx1:40_idx2:147,chd_conf_headgr,0.0,0.0
4648,7,40,148,"(7, 40, 148)",idx0:7_idx1:40_idx2:148,chd_conf_headgr,0.0,0.0
4649,7,40,149,"(7, 40, 149)",idx0:7_idx1:40_idx2:149,chd_conf_headgr,0.0,0.0
4650,7,41,14,"(7, 41, 14)",idx0:7_idx1:41_idx2:14,chd_conf_headgr,0.0,0.0
4651,7,41,15,"(7, 41, 15)",idx0:7_idx1:41_idx2:15,chd_conf_headgr,0.0,0.0
4652,7,41,16,"(7, 41, 16)",idx0:7_idx1:41_idx2:16,chd_conf_headgr,0.0,0.0
4653,7,41,17,"(7, 41, 17)",idx0:7_idx1:41_idx2:17,chd_conf_headgr,0.0,0.0
4654,7,41,18,"(7, 41, 18)",idx0:7_idx1:41_idx2:18,chd_conf_headgr,0.0,0.0
4655,7,41,19,"(7, 41, 19)",idx0:7_idx1:41_idx2:19,chd_conf_headgr,0.0,0.0
4656,7,41,20,"(7, 41, 20)",idx0:7_idx1:41_idx2:20,chd_conf_headgr,0.0,0.0
4657,7,41,21,"(7, 41, 21)",idx0:7_idx1:41_idx2:21,chd_conf_headgr,0.0,0.0
4658,7,41,22,"(7, 41, 22)",idx0:7_idx1:41_idx2:22,chd_conf_headgr,0.0,0.0
4659,7,41,23,"(7, 41, 23)",idx0:7_idx1:41_idx2:23,chd_conf_headgr,0.0,0.0
4660,7,41,24,"(7, 41, 24)",idx0:7_idx1:41_idx2:24,chd_conf_headgr,0.0,0.0
4661,7,41,25,"(7, 41, 25)",idx0:7_idx1:41_idx2:25,chd_conf_headgr,0.0,0.0
4662,7,41,26,"(7, 41, 26)",idx0:7_idx1:41_idx2:26,chd_conf_headgr,0.0,0.0
4663,7,41,27,"(7, 41, 27)",idx0:7_idx1:41_idx2:27,chd_conf_headgr,0.0,0.0
4664,7,41,28,"(7, 41, 28)",idx0:7_idx1:41_idx2:28,chd_conf_headgr,0.0,0.0
4665,7,41,29,"(7, 41, 29)",idx0:7_idx1:41_idx2:29,chd_conf_headgr,0.0,0.0
4666,7,41,30,"(7, 41, 30)",idx0:7_idx1:41_idx2:30,chd_conf_headgr,0.0,0.0
4667,7,41,31,"(7, 41, 31)",idx0:7_idx1:41_idx2:31,chd_conf_headgr,0.0,0.0
4668,7,41,32,"(7, 41, 32)",idx0:7_idx1:41_idx2:32,chd_conf_headgr,0.0,0.0
4669,7,41,33,"(7, 41, 33)",idx0:7_idx1:41_idx2:33,chd_conf_headgr,0.0,0.0
4670,7,41,34,"(7, 41, 34)",idx0:7_idx1:41_idx2:34,chd_conf_headgr,0.0,0.0
4671,7,41,35,"(7, 41, 35)",idx0:7_idx1:41_idx2:35,chd_conf_headgr,0.0,0.0
4672,7,41,36,"(7, 41, 36)",idx0:7_idx1:41_idx2:36,chd_conf_headgr,0.0,0.0
4673,7,41,37,"(7, 41, 37)",idx0:7_idx1:41_idx2:37,chd_conf_headgr,0.0,0.0
4674,7,41,38,"(7, 41, 38)",idx0:7_idx1:41_idx2:38,chd_conf_headgr,0.0,0.0
4675,7,41,39,"(7, 41, 39)",idx0:7_idx1:41_idx2:39,chd_conf_headgr,0.0,0.0
4676,7,41,40,"(7, 41, 40)",idx0:7_idx1:41_idx2:40,chd_conf_headgr,0.0,0.0
4677,7,41,41,"(7, 41, 41)",idx0:7_idx1:41_idx2:41,chd_conf_headgr,0.0,0.0
4678,7,41,42,"(7, 41, 42)",idx0:7_idx1:41_idx2:42,chd_conf_headgr,0.0,0.0
4679,7,41,43,"(7, 41, 43)",idx0:7_idx1:41_idx2:43,chd_conf_headgr,0.0,0.0
4680,7,41,44,"(7, 41, 44)",idx0:7_idx1:41_idx2:44,chd_conf_headgr,0.0,0.0
4681,7,41,45,"(7, 41, 45)",idx0:7_idx1:41_idx2:45,chd_conf_headgr,0.0,0.0
4682,7,41,46,"(7, 41, 46)",idx0:7_idx1:41_idx2:46,chd_conf_headgr,0.0,0.0
4683,7,41,47,"(7, 41, 47)",idx0:7_idx1:41_idx2:47,chd_conf_headgr,0.0,0.0
4684,7,41,48,"(7, 41, 48)",idx0:7_idx1:41_idx2:48,chd_conf_headgr,0.0,0.0
4685,7,41,49,"(7, 41, 49)",idx0:7_idx1:41_idx2:49,chd_conf_headgr,0.0,0.0
4686,7,41,50,"(7, 41, 50)",idx0:7_idx1:41_idx2:50,chd_conf_headgr,0.0,0.0
4687,7,41,51,"(7, 41, 51)",idx0:7_idx1:41_idx2:51,chd_conf_headgr,0.0,0.0
4688,7,41,52,"(7, 41, 52)",idx0:7_idx1:41_idx2:52,chd_conf_headgr,0.0,0.0
4689,7,41,53,"(7, 41, 53)",idx0:7_idx1:41_idx2:53,chd_conf_headgr,0.0,0.0
4690,7,41,54,"(7, 41, 54)",idx0:7_idx1:41_idx2:54,chd_conf_headgr,0.0,0.0
4691,7,41,55,"(7, 41, 55)",idx0:7_idx1:41_idx2:55,chd_conf_headgr,0.0,0.0
4692,7,41,56,"(7, 41, 56)",idx0:7_idx1:41_idx2:56,chd_conf_headgr,0.0,0.0
4693,7,41,57,"(7, 41, 57)",idx0:7_idx1:41_idx2:57,chd_conf_headgr,0.0,0.0
4694,7,41,58,"(7, 41, 58)",idx0:7_idx1:41_idx2:58,chd_conf_headgr,0.0,0.0
4695,7,41,59,"(7, 41, 59)",idx0:7_idx1:41_idx2:59,chd_conf_headgr,0.0,0.0
4696,7,41,60,"(7, 41, 60)",idx0:7_idx1:41_idx2:60,chd_conf_headgr,0.0,0.0
4697,7,41,61,"(7, 41, 61)",idx0:7_idx1:41_idx2:61,chd_conf_headgr,0.0,0.0
4698,7,41,62,"(7, 41, 62)",idx0:7_idx1:41_idx2:62,chd_conf_headgr,0.0,0.0
4699,7,41,63,"(7, 41, 63)",idx0:7_idx1:41_idx2:63,chd_conf_headgr,0.0,0.0
4700,7,41,64,"(7, 41, 64)",idx0:7_idx1:41_idx2:64,chd_conf_headgr,0.0,0.0
4701,7,41,65,"(7, 41, 65)",idx0:7_idx1:41_idx2:65,chd_conf_headgr,0.0,0.0
4702,7,41,66,"(7, 41, 66)",idx0:7_idx1:41_idx2:66,chd_conf_headgr,0.0,0.0
4703,7,41,67,"(7, 41, 67)",idx0:7_idx1:41_idx2:67,chd_conf_headgr,0.0,0.0
4704,7,41,68,"(7, 41, 68)",idx0:7_idx1:41_idx2:68,chd_conf_headgr,0.0,0.0
4705,7,41,69,"(7, 41, 69)",idx0:7_idx1:41_idx2:69,chd_conf_headgr,0.0,0.0
4706,7,41,70,"(7, 41, 70)",idx0:7_idx1:41_idx2:70,chd_conf_headgr,0.0,0.0
4707,7,41,71,"(7, 41, 71)",idx0:7_idx1:41_idx2:71,chd_conf_headgr,0.0,0.0
4708,7,41,72,"(7, 41, 72)",idx0:7_idx1:41_idx2:72,chd_conf_headgr,0.0,0.0
4709,7,41,73,"(7, 41, 73)",idx0:7_idx1:41_idx2:73,chd_conf_headgr,0.0,0.0
4710,7,41,74,"(7, 41, 74)",idx0:7_idx1:41_idx2:74,chd_conf_headgr,0.0,0.0
4711,7,41,75,"(7, 41, 75)",idx0:7_idx1:41_idx2:75,chd_conf_headgr,0.0,0.0
4712,7,41,76,"(7, 41, 76)",idx0:7_idx1:41_idx2:76,chd_conf_headgr,0.0,0.0
4713,7,41,77,"(7, 41, 77)",idx0:7_idx1:41_idx2:77,chd_conf_headgr,0.0,0.0
4714,7,41,78,"(7, 41, 78)",idx0:7_idx1:41_idx2:78,chd_conf_headgr,0.0,0.0
4715,7,41,79,"(7, 41, 79)",idx0:7_idx1:41_idx2:79,chd_conf_headgr,0.0,0.0
4716,7,41,80,"(7, 41, 80)",idx0:7_idx1:41_idx2:80,chd_conf_headgr,0.0,0.0
4717,7,41,81,"(7, 41, 81)",idx0:7_idx1:41_idx2:81,chd_conf_headgr,0.0,0.0
4718,7,41,82,"(7, 41, 82)",idx0:7_idx1:41_idx2:82,chd_conf_headgr,0.0,0.0
4719,7,41,83,"(7, 41, 83)",idx0:7_idx1:41_idx2:83,chd_conf_headgr,0.0,0.0
4720,7,41,84,"(7, 41, 84)",idx0:7_idx1:41_idx2:84,chd_conf_headgr,0.0,0.0
4721,7,41,85,"(7, 41, 85)",idx0:7_idx1:41_idx2:85,chd_conf_headgr,0.0,0.0
4722,7,41,86,"(7, 41, 86)",idx0:7_idx1:41_idx2:86,chd_conf_headgr,0.0,0.0
4723,7,41,87,"(7, 41, 87)",idx0:7_idx1:41_idx2:87,chd_conf_headgr,0.0,0.0
4724,7,41,88,"(7, 41, 88)",idx0:7_idx1:41_idx2:88,chd_conf_headgr,0.0,0.0
4725,7,41,89,"(7, 41, 89)",idx0:7_idx1:41_idx2:89,chd_conf_headgr,0.0,0.0
4726,7,41,90,"(7, 41, 90)",idx0:7_idx1:41_idx2:90,chd_conf_headgr,0.0,0.0
4727,7,41,91,"(7, 41, 91)",idx0:7_idx1:41_idx2:91,chd_conf_headgr,0.0,0.0
4728,7,41,92,"(7, 41, 92)",idx0:7_idx1:41_idx2:92,chd_conf_headgr,0.0,0.0
4729,7,41,93,"(7, 41, 93)",idx0:7_idx1:41_idx2:93,chd_conf_headgr,0.0,0.0
4730,7,41,94,"(7, 41, 94)",idx0:7_idx1:41_idx2:94,chd_conf_headgr,0.0,0.0
4731,7,41,95,"(7, 41, 95)",idx0:7_idx1:41_idx2:95,chd_conf_headgr,0.0,0.0
4732,7,41,96,"(7, 41, 96)",idx0:7_idx1:41_idx2:96,chd_conf_headgr,0.0,0.0
4733,7,41,97,"(7, 41, 97)",idx0:7_idx1:41_idx2:97,chd_conf_headgr,0.0,0.0
4734,7,41,98,"(7, 41, 98)",idx0:7_idx1:41_idx2:98,chd_conf_headgr,0.0,0.0
4735,7,41,99,"(7, 41, 99)",idx0:7_idx1:41_idx2:99,chd_conf_headgr,0.0,0.0
4736,7,41,100,"(7, 41, 100)",idx0:7_idx1:41_idx2:100,chd_conf_headgr,0.0,0.0
4737,7,41,101,"(7, 41, 101)",idx0:7_idx1:41_idx2:101,chd_conf_headgr,0.0,0.0
4738,7,41,102,"(7, 41, 102)",idx0:7_idx1:41_idx2:102,chd_conf_headgr,0.0,0.0
4739,7,41,103,"(7, 41, 103)",idx0:7_idx1:41_idx2:103,chd_conf_headgr,0.0,0.0
4740,7,41,104,"(7, 41, 104)",idx0:7_idx1:41_idx2:104,chd_conf_headgr,0.0,0.0
4741,7,41,105,"(7, 41, 105)",idx0:7_idx1:41_idx2:105,chd_conf_headgr,0.0,0.0
4742,7,41,106,"(7, 41, 106)",idx0:7_idx1:41_idx2:106,chd_conf_headgr,0.0,0.0
4743,7,41,107,"(7, 41, 107)",idx0:7_idx1:41_idx2:107,chd_conf_headgr,0.0,0.0
4744,7,41,127,"(7, 41, 127)",idx0:7_idx1:41_idx2:127,chd_conf_headgr,0.0,0.0
4745,7,41,128,"(7, 41, 128)",idx0:7_idx1:41_idx2:128,chd_conf_headgr,0.0,0.0
4746,7,41,129,"(7, 41, 129)",idx0:7_idx1:41_idx2:129,chd_conf_headgr,0.0,0.0
4747,7,41,130,"(7, 41, 130)",idx0:7_idx1:41_idx2:130,chd_conf_headgr,0.0,0.0
4748,7,41,131,"(7, 41, 131)",idx0:7_idx1:41_idx2:131,chd_conf_headgr,0.0,0.0
4749,7,41,132,"(7, 41, 132)",idx0:7_idx1:41_idx2:132,chd_conf_headgr,0.0,0.0
4750,7,41,133,"(7, 41, 133)",idx0:7_idx1:41_idx2:133,chd_conf_headgr,0.0,0.0
4751,7,41,134,"(7, 41, 134)",idx0:7_idx1:41_idx2:134,chd_conf_headgr,0.0,0.0
4752,7,41,135,"(7, 41, 135)",idx0:7_idx1:41_idx2:135,chd_conf_headgr,0.0,0.0
4753,7,41,136,"(7, 41, 136)",idx0:7_idx1:41_idx2:136,chd_conf_headgr,0.0,0.0
4754,7,41,137,"(7, 41, 137)",idx0:7_idx1:41_idx2:137,chd_conf_headgr,0.0,0.0
4755,7,41,138,"(7, 41, 138)",idx0:7_idx1:41_idx2:138,chd_conf_headgr,0.0,0.0
4756,7,41,139,"(7, 41, 139)",idx0:7_idx1:41_idx2:139,chd_conf_headgr,0.0,0.0
4757,7,41,140,"(7, 41, 140)",idx0:7_idx1:41_idx2:140,chd_conf_headgr,0.0,0.0
4758,7,41,141,"(7, 41, 141)",idx0:7_idx1:41_idx2:141,chd_conf_headgr,0.0,0.0
4759,7,41,142,"(7, 41, 142)",idx0:7_idx1:41_idx2:142,chd_conf_headgr,0.0,0.0
4760,7,41,143,"(7, 41, 143)",idx0:7_idx1:41_idx2:143,chd_conf_headgr,0.0,0.0
4761,7,41,144,"(7, 41, 144)",idx0:7_idx1:41_idx2:144,chd_conf_headgr,0.0,0.0
4762,7,41,145,"(7, 41, 145)",idx0:7_idx1:41_idx2:145,chd_conf_headgr,0.0,0.0
4763,7,41,146,"(7, 41, 146)",idx0:7_idx1:41_idx2:146,chd_conf_headgr,0.0,0.0
4764,7,41,147,"(7, 41, 147)",idx0:7_idx1:41_idx2:147,chd_conf_headgr,0.0,0.0
4765,7,41,148,"(7, 41, 148)",idx0:7_idx1:41_idx2:148,chd_conf_headgr,0.0,0.0
4766,7,41,149,"(7, 41, 149)",idx0:7_idx1:41_idx2:149,chd_conf_headgr,0.0,0.0
4767,7,42,13,"(7, 42, 13)",idx0:7_idx1:42_idx2:13,chd_conf_headgr,0.0,0.0
4768,7,42,14,"(7, 42, 14)",idx0:7_idx1:42_idx2:14,chd_conf_headgr,0.0,0.0
4769,7,42,15,"(7, 42, 15)",idx0:7_idx1:42_idx2:15,chd_conf_headgr,0.0,0.0
4770,7,42,16,"(7, 42, 16)",idx0:7_idx1:42_idx2:16,chd_conf_headgr,0.0,0.0
4771,7,42,17,"(7, 42, 17)",idx0:7_idx1:42_idx2:17,chd_conf_headgr,0.0,0.0
4772,7,42,18,"(7, 42, 18)",idx0:7_idx1:42_idx2:18,chd_conf_headgr,0.0,0.0
4773,7,42,19,"(7, 42, 19)",idx0:7_idx1:42_idx2:19,chd_conf_headgr,0.0,0.0
4774,7,42,20,"(7, 42, 20)",idx0:7_idx1:42_idx2:20,chd_conf_headgr,0.0,0.0
4775,7,42,21,"(7, 42, 21)",idx0:7_idx1:42_idx2:21,chd_conf_headgr,0.0,0.0
4776,7,42,22,"(7, 42, 22)",idx0:7_idx1:42_idx2:22,chd_conf_headgr,0.0,0.0
4777,7,42,23,"(7, 42, 23)",idx0:7_idx1:42_idx2:23,chd_conf_headgr,0.0,0.0
4778,7,42,24,"(7, 42, 24)",idx0:7_idx1:42_idx2:24,chd_conf_headgr,0.0,0.0
4779,7,42,25,"(7, 42, 25)",idx0:7_idx1:42_idx2:25,chd_conf_headgr,0.0,0.0
4780,7,42,26,"(7, 42, 26)",idx0:7_idx1:42_idx2:26,chd_conf_headgr,0.0,0.0
4781,7,42,27,"(7, 42, 27)",idx0:7_idx1:42_idx2:27,chd_conf_headgr,0.0,0.0
4782,7,42,28,"(7, 42, 28)",idx0:7_idx1:42_idx2:28,chd_conf_headgr,0.0,0.0
4783,7,42,29,"(7, 42, 29)",idx0:7_idx1:42_idx2:29,chd_conf_headgr,0.0,0.0
4784,7,42,30,"(7, 42, 30)",idx0:7_idx1:42_idx2:30,chd_conf_headgr,0.0,0.0
4785,7,42,31,"(7, 42, 31)",idx0:7_idx1:42_idx2:31,chd_conf_headgr,0.0,0.0
4786,7,42,32,"(7, 42, 32)",idx0:7_idx1:42_idx2:32,chd_conf_headgr,0.0,0.0
4787,7,42,33,"(7, 42, 33)",idx0:7_idx1:42_idx2:33,chd_conf_headgr,0.0,0.0
4788,7,42,34,"(7, 42, 34)",idx0:7_idx1:42_idx2:34,chd_conf_headgr,0.0,0.0
4789,7,42,35,"(7, 42, 35)",idx0:7_idx1:42_idx2:35,chd_conf_headgr,0.0,0.0
4790,7,42,36,"(7, 42, 36)",idx0:7_idx1:42_idx2:36,chd_conf_headgr,0.0,0.0
4791,7,42,37,"(7, 42, 37)",idx0:7_idx1:42_idx2:37,chd_conf_headgr,0.0,0.0
4792,7,42,38,"(7, 42, 38)",idx0:7_idx1:42_idx2:38,chd_conf_headgr,0.0,0.0
4793,7,42,39,"(7, 42, 39)",idx0:7_idx1:42_idx2:39,chd_conf_headgr,0.0,0.0
4794,7,42,40,"(7, 42, 40)",idx0:7_idx1:42_idx2:40,chd_conf_headgr,0.0,0.0
4795,7,42,41,"(7, 42, 41)",idx0:7_idx1:42_idx2:41,chd_conf_headgr,0.0,0.0
4796,7,42,42,"(7, 42, 42)",idx0:7_idx1:42_idx2:42,chd_conf_headgr,0.0,0.0
4797,7,42,43,"(7, 42, 43)",idx0:7_idx1:42_idx2:43,chd_conf_headgr,0.0,0.0
4798,7,42,44,"(7, 42, 44)",idx0:7_idx1:42_idx2:44,chd_conf_headgr,0.0,0.0
4799,7,42,45,"(7, 42, 45)",idx0:7_idx1:42_idx2:45,chd_conf_headgr,0.0,0.0
4800,7,42,46,"(7, 42, 46)",idx0:7_idx1:42_idx2:46,chd_conf_headgr,0.0,0.0
4801,7,42,47,"(7, 42, 47)",idx0:7_idx1:42_idx2:47,chd_conf_headgr,0.0,0.0
4802,7,42,48,"(7, 42, 48)",idx0:7_idx1:42_idx2:48,chd_conf_headgr,0.0,0.0
4803,7,42,49,"(7, 42, 49)",idx0:7_idx1:42_idx2:49,chd_conf_headgr,0.0,0.0
4804,7,42,50,"(7, 42, 50)",idx0:7_idx1:42_idx2:50,chd_conf_headgr,0.0,0.0
4805,7,42,51,"(7, 42, 51)",idx0:7_idx1:42_idx2:51,chd_conf_headgr,0.0,0.0
4806,7,42,52,"(7, 42, 52)",idx0:7_idx1:42_idx2:52,chd_conf_headgr,0.0,0.0
4807,7,42,53,"(7, 42, 53)",idx0:7_idx1:42_idx2:53,chd_conf_headgr,0.0,0.0
4808,7,42,54,"(7, 42, 54)",idx0:7_idx1:42_idx2:54,chd_conf_headgr,0.0,0.0
4809,7,42,55,"(7, 42, 55)",idx0:7_idx1:42_idx2:55,chd_conf_headgr,0.0,0.0
4810,7,42,56,"(7, 42, 56)",idx0:7_idx1:42_idx2:56,chd_conf_headgr,0.0,0.0
4811,7,42,57,"(7, 42, 57)",idx0:7_idx1:42_idx2:57,chd_conf_headgr,0.0,0.0
4812,7,42,58,"(7, 42, 58)",idx0:7_idx1:42_idx2:58,chd_conf_headgr,0.0,0.0
4813,7,42,59,"(7, 42, 59)",idx0:7_idx1:42_idx2:59,chd_conf_headgr,0.0,0.0
4814,7,42,60,"(7, 42, 60)",idx0:7_idx1:42_idx2:60,chd_conf_headgr,0.0,0.0
4815,7,42,61,"(7, 42, 61)",idx0:7_idx1:42_idx2:61,chd_conf_headgr,0.0,0.0
4816,7,42,62,"(7, 42, 62)",idx0:7_idx1:42_idx2:62,chd_conf_headgr,0.0,0.0
4817,7,42,63,"(7, 42, 63)",idx0:7_idx1:42_idx2:63,chd_conf_headgr,0.0,0.0
4818,7,42,64,"(7, 42, 64)",idx0:7_idx1:42_idx2:64,chd_conf_headgr,0.0,0.0
4819,7,42,65,"(7, 42, 65)",idx0:7_idx1:42_idx2:65,chd_conf_headgr,0.0,0.0
4820,7,42,66,"(7, 42, 66)",idx0:7_idx1:42_idx2:66,chd_conf_headgr,0.0,0.0
4821,7,42,67,"(7, 42, 67)",idx0:7_idx1:42_idx2:67,chd_conf_headgr,0.0,0.0
4822,7,42,68,"(7, 42, 68)",idx0:7_idx1:42_idx2:68,chd_conf_headgr,0.0,0.0
4823,7,42,69,"(7, 42, 69)",idx0:7_idx1:42_idx2:69,chd_conf_headgr,0.0,0.0
4824,7,42,70,"(7, 42, 70)",idx0:7_idx1:42_idx2:70,chd_conf_headgr,0.0,0.0
4825,7,42,71,"(7, 42, 71)",idx0:7_idx1:42_idx2:71,chd_conf_headgr,0.0,0.0
4826,7,42,72,"(7, 42, 72)",idx0:7_idx1:42_idx2:72,chd_conf_headgr,0.0,0.0
4827,7,42,73,"(7, 42, 73)",idx0:7_idx1:42_idx2:73,chd_conf_headgr,0.0,0.0
4828,7,42,74,"(7, 42, 74)",idx0:7_idx1:42_idx2:74,chd_conf_headgr,0.0,0.0
4829,7,42,75,"(7, 42, 75)",idx0:7_idx1:42_idx2:75,chd_conf_headgr,0.0,0.0
4830,7,42,76,"(7, 42, 76)",idx0:7_idx1:42_idx2:76,chd_conf_headgr,0.0,0.0
4831,7,42,77,"(7, 42, 77)",idx0:7_idx1:42_idx2:77,chd_conf_headgr,0.0,0.0
4832,7,42,78,"(7, 42, 78)",idx0:7_idx1:42_idx2:78,chd_conf_headgr,0.0,0.0
4833,7,42,79,"(7, 42, 79)",idx0:7_idx1:42_idx2:79,chd_conf_headgr,0.0,0.0
4834,7,42,80,"(7, 42, 80)",idx0:7_idx1:42_idx2:80,chd_conf_headgr,0.0,0.0
4835,7,42,81,"(7, 42, 81)",idx0:7_idx1:42_idx2:81,chd_conf_headgr,0.0,0.0
4836,7,42,82,"(7, 42, 82)",idx0:7_idx1:42_idx2:82,chd_conf_headgr,0.0,0.0
4837,7,42,83,"(7, 42, 83)",idx0:7_idx1:42_idx2:83,chd_conf_headgr,0.0,0.0
4838,7,42,84,"(7, 42, 84)",idx0:7_idx1:42_idx2:84,chd_conf_headgr,0.0,0.0
4839,7,42,85,"(7, 42, 85)",idx0:7_idx1:42_idx2:85,chd_conf_headgr,0.0,0.0
4840,7,42,86,"(7, 42, 86)",idx0:7_idx1:42_idx2:86,chd_conf_headgr,0.0,0.0
4841,7,42,87,"(7, 42, 87)",idx0:7_idx1:42_idx2:87,chd_conf_headgr,0.0,0.0
4842,7,42,88,"(7, 42, 88)",idx0:7_idx1:42_idx2:88,chd_conf_headgr,0.0,0.0
4843,7,42,89,"(7, 42, 89)",idx0:7_idx1:42_idx2:89,chd_conf_headgr,0.0,0.0
4844,7,42,90,"(7, 42, 90)",idx0:7_idx1:42_idx2:90,chd_conf_headgr,0.0,0.0
4845,7,42,91,"(7, 42, 91)",idx0:7_idx1:42_idx2:91,chd_conf_headgr,0.0,0.0
4846,7,42,92,"(7, 42, 92)",idx0:7_idx1:42_idx2:92,chd_conf_headgr,0.0,0.0
4847,7,42,93,"(7, 42, 93)",idx0:7_idx1:42_idx2:93,chd_conf_headgr,0.0,0.0
4848,7,42,94,"(7, 42, 94)",idx0:7_idx1:42_idx2:94,chd_conf_headgr,0.0,0.0
4849,7,42,95,"(7, 42, 95)",idx0:7_idx1:42_idx2:95,chd_conf_headgr,0.0,0.0
4850,7,42,96,"(7, 42, 96)",idx0:7_idx1:42_idx2:96,chd_conf_headgr,0.0,0.0
4851,7,42,97,"(7, 42, 97)",idx0:7_idx1:42_idx2:97,chd_conf_headgr,0.0,0.0
4852,7,42,98,"(7, 42, 98)",idx0:7_idx1:42_idx2:98,chd_conf_headgr,0.0,0.0
4853,7,42,99,"(7, 42, 99)",idx0:7_idx1:42_idx2:99,chd_conf_headgr,0.0,0.0
4854,7,42,100,"(7, 42, 100)",idx0:7_idx1:42_idx2:100,chd_conf_headgr,0.0,0.0
4855,7,42,101,"(7, 42, 101)",idx0:7_idx1:42_idx2:101,chd_conf_headgr,0.0,0.0
4856,7,42,102,"(7, 42, 102)",idx0:7_idx1:42_idx2:102,chd_conf_headgr,0.0,0.0
4857,7,42,103,"(7, 42, 103)",idx0:7_idx1:42_idx2:103,chd_conf_headgr,0.0,0.0
4858,7,42,104,"(7, 42, 104)",idx0:7_idx1:42_idx2:104,chd_conf_headgr,0.0,0.0
4859,7,42,105,"(7, 42, 105)",idx0:7_idx1:42_idx2:105,chd_conf_headgr,0.0,0.0
4860,7,42,106,"(7, 42, 106)",idx0:7_idx1:42_idx2:106,chd_conf_headgr,0.0,0.0
4861,7,42,130,"(7, 42, 130)",idx0:7_idx1:42_idx2:130,chd_conf_headgr,0.0,0.0
4862,7,42,131,"(7, 42, 131)",idx0:7_idx1:42_idx2:131,chd_conf_headgr,0.0,0.0
4863,7,42,132,"(7, 42, 132)",idx0:7_idx1:42_idx2:132,chd_conf_headgr,0.0,0.0
4864,7,42,133,"(7, 42, 133)",idx0:7_idx1:42_idx2:133,chd_conf_headgr,0.0,0.0
4865,7,42,134,"(7, 42, 134)",idx0:7_idx1:42_idx2:134,chd_conf_headgr,0.0,0.0
4866,7,42,135,"(7, 42, 135)",idx0:7_idx1:42_idx2:135,chd_conf_headgr,0.0,0.0
4867,7,42,136,"(7, 42, 136)",idx0:7_idx1:42_idx2:136,chd_conf_headgr,0.0,0.0
4868,7,42,137,"(7, 42, 137)",idx0:7_idx1:42_idx2:137,chd_conf_headgr,0.0,0.0
4869,7,42,138,"(7, 42, 138)",idx0:7_idx1:42_idx2:138,chd_conf_headgr,0.0,0.0
4870,7,42,139,"(7, 42, 139)",idx0:7_idx1:42_idx2:139,chd_conf_headgr,0.0,0.0
4871,7,42,140,"(7, 42, 140)",idx0:7_idx1:42_idx2:140,chd_conf_headgr,0.0,0.0
4872,7,42,141,"(7, 42, 141)",idx0:7_idx1:42_idx2:141,chd_conf_headgr,0.0,0.0
4873,7,42,142,"(7, 42, 142)",idx0:7_idx1:42_idx2:142,chd_conf_headgr,0.0,0.0
4874,7,42,143,"(7, 42, 143)",idx0:7_idx1:42_idx2:143,chd_conf_headgr,0.0,0.0
4875,7,42,144,"(7, 42, 144)",idx0:7_idx1:42_idx2:144,chd_conf_headgr,0.0,0.0
4876,7,42,145,"(7, 42, 145)",idx0:7_idx1:42_idx2:145,chd_conf_headgr,0.0,0.0
4877,7,42,146,"(7, 42, 146)",idx0:7_idx1:42_idx2:146,chd_conf_headgr,0.0,0.0
4878,7,42,147,"(7, 42, 147)",idx0:7_idx1:42_idx2:147,chd_conf_headgr,0.0,0.0
4879,7,42,148,"(7, 42, 148)",idx0:7_idx1:42_idx2:148,chd_conf_headgr,0.0,0.0
4880,7,42,149,"(7, 42, 149)",idx0:7_idx1:42_idx2:149,chd_conf_headgr,0.0,0.0
4881,7,43,13,"(7, 43, 13)",idx0:7_idx1:43_idx2:13,chd_conf_headgr,0.0,0.0
4882,7,43,14,"(7, 43, 14)",idx0:7_idx1:43_idx2:14,chd_conf_headgr,0.0,0.0
4883,7,43,15,"(7, 43, 15)",idx0:7_idx1:43_idx2:15,chd_conf_headgr,0.0,0.0
4884,7,43,16,"(7, 43, 16)",idx0:7_idx1:43_idx2:16,chd_conf_headgr,0.0,0.0
4885,7,43,17,"(7, 43, 17)",idx0:7_idx1:43_idx2:17,chd_conf_headgr,0.0,0.0
4886,7,43,18,"(7, 43, 18)",idx0:7_idx1:43_idx2:18,chd_conf_headgr,0.0,0.0
4887,7,43,19,"(7, 43, 19)",idx0:7_idx1:43_idx2:19,chd_conf_headgr,0.0,0.0
4888,7,43,20,"(7, 43, 20)",idx0:7_idx1:43_idx2:20,chd_conf_headgr,0.0,0.0
4889,7,43,21,"(7, 43, 21)",idx0:7_idx1:43_idx2:21,chd_conf_headgr,0.0,0.0
4890,7,43,22,"(7, 43, 22)",idx0:7_idx1:43_idx2:22,chd_conf_headgr,0.0,0.0
4891,7,43,23,"(7, 43, 23)",idx0:7_idx1:43_idx2:23,chd_conf_headgr,0.0,0.0
4892,7,43,24,"(7, 43, 24)",idx0:7_idx1:43_idx2:24,chd_conf_headgr,0.0,0.0
4893,7,43,25,"(7, 43, 25)",idx0:7_idx1:43_idx2:25,chd_conf_headgr,0.0,0.0
4894,7,43,26,"(7, 43, 26)",idx0:7_idx1:43_idx2:26,chd_conf_headgr,0.0,0.0
4895,7,43,27,"(7, 43, 27)",idx0:7_idx1:43_idx2:27,chd_conf_headgr,0.0,0.0
4896,7,43,28,"(7, 43, 28)",idx0:7_idx1:43_idx2:28,chd_conf_headgr,0.0,0.0
4897,7,43,29,"(7, 43, 29)",idx0:7_idx1:43_idx2:29,chd_conf_headgr,0.0,0.0
4898,7,43,30,"(7, 43, 30)",idx0:7_idx1:43_idx2:30,chd_conf_headgr,0.0,0.0
4899,7,43,31,"(7, 43, 31)",idx0:7_idx1:43_idx2:31,chd_conf_headgr,0.0,0.0
4900,7,43,32,"(7, 43, 32)",idx0:7_idx1:43_idx2:32,chd_conf_headgr,0.0,0.0
4901,7,43,33,"(7, 43, 33)",idx0:7_idx1:43_idx2:33,chd_conf_headgr,0.0,0.0
4902,7,43,34,"(7, 43, 34)",idx0:7_idx1:43_idx2:34,chd_conf_headgr,0.0,0.0
4903,7,43,35,"(7, 43, 35)",idx0:7_idx1:43_idx2:35,chd_conf_headgr,0.0,0.0
4904,7,43,36,"(7, 43, 36)",idx0:7_idx1:43_idx2:36,chd_conf_headgr,0.0,0.0
4905,7,43,37,"(7, 43, 37)",idx0:7_idx1:43_idx2:37,chd_conf_headgr,0.0,0.0
4906,7,43,38,"(7, 43, 38)",idx0:7_idx1:43_idx2:38,chd_conf_headgr,0.0,0.0
4907,7,43,39,"(7, 43, 39)",idx0:7_idx1:43_idx2:39,chd_conf_headgr,0.0,0.0
4908,7,43,40,"(7, 43, 40)",idx0:7_idx1:43_idx2:40,chd_conf_headgr,0.0,0.0
4909,7,43,41,"(7, 43, 41)",idx0:7_idx1:43_idx2:41,chd_conf_headgr,0.0,0.0
4910,7,43,42,"(7, 43, 42)",idx0:7_idx1:43_idx2:42,chd_conf_headgr,0.0,0.0
4911,7,43,43,"(7, 43, 43)",idx0:7_idx1:43_idx2:43,chd_conf_headgr,0.0,0.0
4912,7,43,44,"(7, 43, 44)",idx0:7_idx1:43_idx2:44,chd_conf_headgr,0.0,0.0
4913,7,43,45,"(7, 43, 45)",idx0:7_idx1:43_idx2:45,chd_conf_headgr,0.0,0.0
4914,7,43,46,"(7, 43, 46)",idx0:7_idx1:43_idx2:46,chd_conf_headgr,0.0,0.0
4915,7,43,47,"(7, 43, 47)",idx0:7_idx1:43_idx2:47,chd_conf_headgr,0.0,0.0
4916,7,43,48,"(7, 43, 48)",idx0:7_idx1:43_idx2:48,chd_conf_headgr,0.0,0.0
4917,7,43,49,"(7, 43, 49)",idx0:7_idx1:43_idx2:49,chd_conf_headgr,0.0,0.0
4918,7,43,50,"(7, 43, 50)",idx0:7_idx1:43_idx2:50,chd_conf_headgr,0.0,0.0
4919,7,43,51,"(7, 43, 51)",idx0:7_idx1:43_idx2:51,chd_conf_headgr,0.0,0.0
4920,7,43,52,"(7, 43, 52)",idx0:7_idx1:43_idx2:52,chd_conf_headgr,0.0,0.0
4921,7,43,53,"(7, 43, 53)",idx0:7_idx1:43_idx2:53,chd_conf_headgr,0.0,0.0
4922,7,43,54,"(7, 43, 54)",idx0:7_idx1:43_idx2:54,chd_conf_headgr,0.0,0.0
4923,7,43,55,"(7, 43, 55)",idx0:7_idx1:43_idx2:55,chd_conf_headgr,0.0,0.0
4924,7,43,56,"(7, 43, 56)",idx0:7_idx1:43_idx2:56,chd_conf_headgr,0.0,0.0
4925,7,43,57,"(7, 43, 57)",idx0:7_idx1:43_idx2:57,chd_conf_headgr,0.0,0.0
4926,7,43,58,"(7, 43, 58)",idx0:7_idx1:43_idx2:58,chd_conf_headgr,0.0,0.0
4927,7,43,59,"(7, 43, 59)",idx0:7_idx1:43_idx2:59,chd_conf_headgr,0.0,0.0
4928,7,43,60,"(7, 43, 60)",idx0:7_idx1:43_idx2:60,chd_conf_headgr,0.0,0.0
4929,7,43,61,"(7, 43, 61)",idx0:7_idx1:43_idx2:61,chd_conf_headgr,0.0,0.0
4930,7,43,62,"(7, 43, 62)",idx0:7_idx1:43_idx2:62,chd_conf_headgr,0.0,0.0
4931,7,43,63,"(7, 43, 63)",idx0:7_idx1:43_idx2:63,chd_conf_headgr,0.0,0.0
4932,7,43,64,"(7, 43, 64)",idx0:7_idx1:43_idx2:64,chd_conf_headgr,0.0,0.0
4933,7,43,65,"(7, 43, 65)",idx0:7_idx1:43_idx2:65,chd_conf_headgr,0.0,0.0
4934,7,43,66,"(7, 43, 66)",idx0:7_idx1:43_idx2:66,chd_conf_headgr,0.0,0.0
4935,7,43,67,"(7, 43, 67)",idx0:7_idx1:43_idx2:67,chd_conf_headgr,0.0,0.0
4936,7,43,68,"(7, 43, 68)",idx0:7_idx1:43_idx2:68,chd_conf_headgr,0.0,0.0
4937,7,43,69,"(7, 43, 69)",idx0:7_idx1:43_idx2:69,chd_conf_headgr,0.0,0.0
4938,7,43,70,"(7, 43, 70)",idx0:7_idx1:43_idx2:70,chd_conf_headgr,0.0,0.0
4939,7,43,71,"(7, 43, 71)",idx0:7_idx1:43_idx2:71,chd_conf_headgr,0.0,0.0
4940,7,43,72,"(7, 43, 72)",idx0:7_idx1:43_idx2:72,chd_conf_headgr,0.0,0.0
4941,7,43,73,"(7, 43, 73)",idx0:7_idx1:43_idx2:73,chd_conf_headgr,0.0,0.0
4942,7,43,74,"(7, 43, 74)",idx0:7_idx1:43_idx2:74,chd_conf_headgr,0.0,0.0
4943,7,43,75,"(7, 43, 75)",idx0:7_idx1:43_idx2:75,chd_conf_headgr,0.0,0.0
4944,7,43,76,"(7, 43, 76)",idx0:7_idx1:43_idx2:76,chd_conf_headgr,0.0,0.0
4945,7,43,77,"(7, 43, 77)",idx0:7_idx1:43_idx2:77,chd_conf_headgr,0.0,0.0
4946,7,43,78,"(7, 43, 78)",idx0:7_idx1:43_idx2:78,chd_conf_headgr,0.0,0.0
4947,7,43,79,"(7, 43, 79)",idx0:7_idx1:43_idx2:79,chd_conf_headgr,0.0,0.0
4948,7,43,80,"(7, 43, 80)",idx0:7_idx1:43_idx2:80,chd_conf_headgr,0.0,0.0
4949,7,43,81,"(7, 43, 81)",idx0:7_idx1:43_idx2:81,chd_conf_headgr,0.0,0.0
4950,7,43,82,"(7, 43, 82)",idx0:7_idx1:43_idx2:82,chd_conf_headgr,0.0,0.0
4951,7,43,83,"(7, 43, 83)",idx0:7_idx1:43_idx2:83,chd_conf_headgr,0.0,0.0
4952,7,43,84,"(7, 43, 84)",idx0:7_idx1:43_idx2:84,chd_conf_headgr,0.0,0.0
4953,7,43,85,"(7, 43, 85)",idx0:7_idx1:43_idx2:85,chd_conf_headgr,0.0,0.0
4954,7,43,86,"(7, 43, 86)",idx0:7_idx1:43_idx2:86,chd_conf_headgr,0.0,0.0
4955,7,43,87,"(7, 43, 87)",idx0:7_idx1:43_idx2:87,chd_conf_headgr,0.0,0.0
4956,7,43,88,"(7, 43, 88)",idx0:7_idx1:43_idx2:88,chd_conf_headgr,0.0,0.0
4957,7,43,89,"(7, 43, 89)",idx0:7_idx1:43_idx2:89,chd_conf_headgr,0.0,0.0
4958,7,43,90,"(7, 43, 90)",idx0:7_idx1:43_idx2:90,chd_conf_headgr,0.0,0.0
4959,7,43,91,"(7, 43, 91)",idx0:7_idx1:43_idx2:91,chd_conf_headgr,0.0,0.0
4960,7,43,92,"(7, 43, 92)",idx0:7_idx1:43_idx2:92,chd_conf_headgr,0.0,0.0
4961,7,43,93,"(7, 43, 93)",idx0:7_idx1:43_idx2:93,chd_conf_headgr,0.0,0.0
4962,7,43,94,"(7, 43, 94)",idx0:7_idx1:43_idx2:94,chd_conf_headgr,0.0,0.0
4963,7,43,95,"(7, 43, 95)",idx0:7_idx1:43_idx2:95,chd_conf_headgr,0.0,0.0
4964,7,43,96,"(7, 43, 96)",idx0:7_idx1:43_idx2:96,chd_conf_headgr,0.0,0.0
4965,7,43,97,"(7, 43, 97)",idx0:7_idx1:43_idx2:97,chd_conf_headgr,0.0,0.0
4966,7,43,98,"(7, 43, 98)",idx0:7_idx1:43_idx2:98,chd_conf_headgr,0.0,0.0
4967,7,43,99,"(7, 43, 99)",idx0:7_idx1:43_idx2:99,chd_conf_headgr,0.0,0.0
4968,7,43,100,"(7, 43, 100)",idx0:7_idx1:43_idx2:100,chd_conf_headgr,0.0,0.0
4969,7,43,101,"(7, 43, 101)",idx0:7_idx1:43_idx2:101,chd_conf_headgr,0.0,0.0
4970,7,43,102,"(7, 43, 102)",idx0:7_idx1:43_idx2:102,chd_conf_headgr,0.0,0.0
4971,7,43,103,"(7, 43, 103)",idx0:7_idx1:43_idx2:103,chd_conf_headgr,0.0,0.0
4972,7,43,104,"(7, 43, 104)",idx0:7_idx1:43_idx2:104,chd_conf_headgr,0.0,0.0
4973,7,43,105,"(7, 43, 105)",idx0:7_idx1:43_idx2:105,chd_conf_headgr,0.0,0.0
4974,7,43,106,"(7, 43, 106)",idx0:7_idx1:43_idx2:106,chd_conf_headgr,0.0,0.0
4975,7,43,132,"(7, 43, 132)",idx0:7_idx1:43_idx2:132,chd_conf_headgr,0.0,0.0
4976,7,43,133,"(7, 43, 133)",idx0:7_idx1:43_idx2:133,chd_conf_headgr,0.0,0.0
4977,7,43,134,"(7, 43, 134)",idx0:7_idx1:43_idx2:134,chd_conf_headgr,0.0,0.0
4978,7,43,135,"(7, 43, 135)",idx0:7_idx1:43_idx2:135,chd_conf_headgr,0.0,0.0
4979,7,43,136,"(7, 43, 136)",idx0:7_idx1:43_idx2:136,chd_conf_headgr,0.0,0.0
4980,7,43,137,"(7, 43, 137)",idx0:7_idx1:43_idx2:137,chd_conf_headgr,0.0,0.0
4981,7,43,138,"(7, 43, 138)",idx0:7_idx1:43_idx2:138,chd_conf_headgr,0.0,0.0
4982,7,43,139,"(7, 43, 139)",idx0:7_idx1:43_idx2:139,chd_conf_headgr,0.0,0.0
4983,7,43,140,"(7, 43, 140)",idx0:7_idx1:43_idx2:140,chd_conf_headgr,0.0,0.0
4984,7,43,141,"(7, 43, 141)",idx0:7_idx1:43_idx2:141,chd_conf_headgr,0.0,0.0
4985,7,43,142,"(7, 43, 142)",idx0:7_idx1:43_idx2:142,chd_conf_headgr,0.0,0.0
4986,7,43,143,"(7, 43, 143)",idx0:7_idx1:43_idx2:143,chd_conf_headgr,0.0,0.0
4987,7,43,144,"(7, 43, 144)",idx0:7_idx1:43_idx2:144,chd_conf_headgr,0.0,0.0
4988,7,43,145,"(7, 43, 145)",idx0:7_idx1:43_idx2:145,chd_conf_headgr,0.0,0.0
4989,7,43,146,"(7, 43, 146)",idx0:7_idx1:43_idx2:146,chd_conf_headgr,0.0,0.0
4990,7,43,147,"(7, 43, 147)",idx0:7_idx1:43_idx2:147,chd_conf_headgr,0.0,0.0
4991,7,43,148,"(7, 43, 148)",idx0:7_idx1:43_idx2:148,chd_conf_headgr,0.0,0.0
4992,7,43,149,"(7, 43, 149)",idx0:7_idx1:43_idx2:149,chd_conf_headgr,0.0,0.0
4993,7,44,12,"(7, 44, 12)",idx0:7_idx1:44_idx2:12,chd_conf_headgr,0.0,0.0
4994,7,44,13,"(7, 44, 13)",idx0:7_idx1:44_idx2:13,chd_conf_headgr,0.0,0.0
4995,7,44,14,"(7, 44, 14)",idx0:7_idx1:44_idx2:14,chd_conf_headgr,0.0,0.0
4996,7,44,15,"(7, 44, 15)",idx0:7_idx1:44_idx2:15,chd_conf_headgr,0.0,0.0
4997,7,44,16,"(7, 44, 16)",idx0:7_idx1:44_idx2:16,chd_conf_headgr,0.0,0.0
4998,7,44,17,"(7, 44, 17)",idx0:7_idx1:44_idx2:17,chd_conf_headgr,0.0,0.0
4999,7,44,18,"(7, 44, 18)",idx0:7_idx1:44_idx2:18,chd_conf_headgr,0.0,0.0
5000,7,44,19,"(7, 44, 19)",idx0:7_idx1:44_idx2:19,chd_conf_headgr,0.0,0.0
5001,7,44,20,"(7, 44, 20)",idx0:7_idx1:44_idx2:20,chd_conf_headgr,0.0,0.0
5002,7,44,21,"(7, 44, 21)",idx0:7_idx1:44_idx2:21,chd_conf_headgr,0.0,0.0
5003,7,44,22,"(7, 44, 22)",idx0:7_idx1:44_idx2:22,chd_conf_headgr,0.0,0.0
5004,7,44,23,"(7, 44, 23)",idx0:7_idx1:44_idx2:23,chd_conf_headgr,0.0,0.0
5005,7,44,24,"(7, 44, 24)",idx0:7_idx1:44_idx2:24,chd_conf_headgr,0.0,0.0
5006,7,44,25,"(7, 44, 25)",idx0:7_idx1:44_idx2:25,chd_conf_headgr,0.0,0.0
5007,7,44,26,"(7, 44, 26)",idx0:7_idx1:44_idx2:26,chd_conf_headgr,0.0,0.0
5008,7,44,27,"(7, 44, 27)",idx0:7_idx1:44_idx2:27,chd_conf_headgr,0.0,0.0
5009,7,44,28,"(7, 44, 28)",idx0:7_idx1:44_idx2:28,chd_conf_headgr,0.0,0.0
5010,7,44,29,"(7, 44, 29)",idx0:7_idx1:44_idx2:29,chd_conf_headgr,0.0,0.0
5011,7,44,30,"(7, 44, 30)",idx0:7_idx1:44_idx2:30,chd_conf_headgr,0.0,0.0
5012,7,44,31,"(7, 44, 31)",idx0:7_idx1:44_idx2:31,chd_conf_headgr,0.0,0.0
5013,7,44,32,"(7, 44, 32)",idx0:7_idx1:44_idx2:32,chd_conf_headgr,0.0,0.0
5014,7,44,33,"(7, 44, 33)",idx0:7_idx1:44_idx2:33,chd_conf_headgr,0.0,0.0
5015,7,44,34,"(7, 44, 34)",idx0:7_idx1:44_idx2:34,chd_conf_headgr,0.0,0.0
5016,7,44,35,"(7, 44, 35)",idx0:7_idx1:44_idx2:35,chd_conf_headgr,0.0,0.0
5017,7,44,36,"(7, 44, 36)",idx0:7_idx1:44_idx2:36,chd_conf_headgr,0.0,0.0
5018,7,44,37,"(7, 44, 37)",idx0:7_idx1:44_idx2:37,chd_conf_headgr,0.0,0.0
5019,7,44,38,"(7, 44, 38)",idx0:7_idx1:44_idx2:38,chd_conf_headgr,0.0,0.0
5020,7,44,39,"(7, 44, 39)",idx0:7_idx1:44_idx2:39,chd_conf_headgr,0.0,0.0
5021,7,44,40,"(7, 44, 40)",idx0:7_idx1:44_idx2:40,chd_conf_headgr,0.0,0.0
5022,7,44,41,"(7, 44, 41)",idx0:7_idx1:44_idx2:41,chd_conf_headgr,0.0,0.0
5023,7,44,42,"(7, 44, 42)",idx0:7_idx1:44_idx2:42,chd_conf_headgr,0.0,0.0
5024,7,44,43,"(7, 44, 43)",idx0:7_idx1:44_idx2:43,chd_conf_headgr,0.0,0.0
5025,7,44,44,"(7, 44, 44)",idx0:7_idx1:44_idx2:44,chd_conf_headgr,0.0,0.0
5026,7,44,45,"(7, 44, 45)",idx0:7_idx1:44_idx2:45,chd_conf_headgr,0.0,0.0
5027,7,44,46,"(7, 44, 46)",idx0:7_idx1:44_idx2:46,chd_conf_headgr,0.0,0.0
5028,7,44,47,"(7, 44, 47)",idx0:7_idx1:44_idx2:47,chd_conf_headgr,0.0,0.0
5029,7,44,48,"(7, 44, 48)",idx0:7_idx1:44_idx2:48,chd_conf_headgr,0.0,0.0
5030,7,44,49,"(7, 44, 49)",idx0:7_idx1:44_idx2:49,chd_conf_headgr,0.0,0.0
5031,7,44,50,"(7, 44, 50)",idx0:7_idx1:44_idx2:50,chd_conf_headgr,0.0,0.0
5032,7,44,51,"(7, 44, 51)",idx0:7_idx1:44_idx2:51,chd_conf_headgr,0.0,0.0
5033,7,44,52,"(7, 44, 52)",idx0:7_idx1:44_idx2:52,chd_conf_headgr,0.0,0.0
5034,7,44,53,"(7, 44, 53)",idx0:7_idx1:44_idx2:53,chd_conf_headgr,0.0,0.0
5035,7,44,54,"(7, 44, 54)",idx0:7_idx1:44_idx2:54,chd_conf_headgr,0.0,0.0
5036,7,44,55,"(7, 44, 55)",idx0:7_idx1:44_idx2:55,chd_conf_headgr,0.0,0.0
5037,7,44,56,"(7, 44, 56)",idx0:7_idx1:44_idx2:56,chd_conf_headgr,0.0,0.0
5038,7,44,57,"(7, 44, 57)",idx0:7_idx1:44_idx2:57,chd_conf_headgr,0.0,0.0
5039,7,44,58,"(7, 44, 58)",idx0:7_idx1:44_idx2:58,chd_conf_headgr,0.0,0.0
5040,7,44,59,"(7, 44, 59)",idx0:7_idx1:44_idx2:59,chd_conf_headgr,0.0,0.0
5041,7,44,60,"(7, 44, 60)",idx0:7_idx1:44_idx2:60,chd_conf_headgr,0.0,0.0
5042,7,44,61,"(7, 44, 61)",idx0:7_idx1:44_idx2:61,chd_conf_headgr,0.0,0.0
5043,7,44,62,"(7, 44, 62)",idx0:7_idx1:44_idx2:62,chd_conf_headgr,0.0,0.0
5044,7,44,63,"(7, 44, 63)",idx0:7_idx1:44_idx2:63,chd_conf_headgr,0.0,0.0
5045,7,44,64,"(7, 44, 64)",idx0:7_idx1:44_idx2:64,chd_conf_headgr,0.0,0.0
5046,7,44,65,"(7, 44, 65)",idx0:7_idx1:44_idx2:65,chd_conf_headgr,0.0,0.0
5047,7,44,66,"(7, 44, 66)",idx0:7_idx1:44_idx2:66,chd_conf_headgr,0.0,0.0
5048,7,44,67,"(7, 44, 67)",idx0:7_idx1:44_idx2:67,chd_conf_headgr,0.0,0.0
5049,7,44,68,"(7, 44, 68)",idx0:7_idx1:44_idx2:68,chd_conf_headgr,0.0,0.0
5050,7,44,69,"(7, 44, 69)",idx0:7_idx1:44_idx2:69,chd_conf_headgr,0.0,0.0
5051,7,44,70,"(7, 44, 70)",idx0:7_idx1:44_idx2:70,chd_conf_headgr,0.0,0.0
5052,7,44,71,"(7, 44, 71)",idx0:7_idx1:44_idx2:71,chd_conf_headgr,0.0,0.0
5053,7,44,72,"(7, 44, 72)",idx0:7_idx1:44_idx2:72,chd_conf_headgr,0.0,0.0
5054,7,44,73,"(7, 44, 73)",idx0:7_idx1:44_idx2:73,chd_conf_headgr,0.0,0.0
5055,7,44,74,"(7, 44, 74)",idx0:7_idx1:44_idx2:74,chd_conf_headgr,0.0,0.0
5056,7,44,75,"(7, 44, 75)",idx0:7_idx1:44_idx2:75,chd_conf_headgr,0.0,0.0
5057,7,44,76,"(7, 44, 76)",idx0:7_idx1:44_idx2:76,chd_conf_headgr,0.0,0.0
5058,7,44,77,"(7, 44, 77)",idx0:7_idx1:44_idx2:77,chd_conf_headgr,0.0,0.0
5059,7,44,78,"(7, 44, 78)",idx0:7_idx1:44_idx2:78,chd_conf_headgr,0.0,0.0
5060,7,44,79,"(7, 44, 79)",idx0:7_idx1:44_idx2:79,chd_conf_headgr,0.0,0.0
5061,7,44,80,"(7, 44, 80)",idx0:7_idx1:44_idx2:80,chd_conf_headgr,0.0,0.0
5062,7,44,81,"(7, 44, 81)",idx0:7_idx1:44_idx2:81,chd_conf_headgr,0.0,0.0
5063,7,44,82,"(7, 44, 82)",idx0:7_idx1:44_idx2:82,chd_conf_headgr,0.0,0.0
5064,7,44,83,"(7, 44, 83)",idx0:7_idx1:44_idx2:83,chd_conf_headgr,0.0,0.0
5065,7,44,84,"(7, 44, 84)",idx0:7_idx1:44_idx2:84,chd_conf_headgr,0.0,0.0
5066,7,44,85,"(7, 44, 85)",idx0:7_idx1:44_idx2:85,chd_conf_headgr,0.0,0.0
5067,7,44,86,"(7, 44, 86)",idx0:7_idx1:44_idx2:86,chd_conf_headgr,0.0,0.0
5068,7,44,87,"(7, 44, 87)",idx0:7_idx1:44_idx2:87,chd_conf_headgr,0.0,0.0
5069,7,44,88,"(7, 44, 88)",idx0:7_idx1:44_idx2:88,chd_conf_headgr,0.0,0.0
5070,7,44,89,"(7, 44, 89)",idx0:7_idx1:44_idx2:89,chd_conf_headgr,0.0,0.0
5071,7,44,90,"(7, 44, 90)",idx0:7_idx1:44_idx2:90,chd_conf_headgr,0.0,0.0
5072,7,44,91,"(7, 44, 91)",idx0:7_idx1:44_idx2:91,chd_conf_headgr,0.0,0.0
5073,7,44,92,"(7, 44, 92)",idx0:7_idx1:44_idx2:92,chd_conf_headgr,0.0,0.0
5074,7,44,93,"(7, 44, 93)",idx0:7_idx1:44_idx2:93,chd_conf_headgr,0.0,0.0
5075,7,44,94,"(7, 44, 94)",idx0:7_idx1:44_idx2:94,chd_conf_headgr,0.0,0.0
5076,7,44,95,"(7, 44, 95)",idx0:7_idx1:44_idx2:95,chd_conf_headgr,0.0,0.0
5077,7,44,96,"(7, 44, 96)",idx0:7_idx1:44_idx2:96,chd_conf_headgr,0.0,0.0
5078,7,44,97,"(7, 44, 97)",idx0:7_idx1:44_idx2:97,chd_conf_headgr,0.0,0.0
5079,7,44,98,"(7, 44, 98)",idx0:7_idx1:44_idx2:98,chd_conf_headgr,0.0,0.0
5080,7,44,99,"(7, 44, 99)",idx0:7_idx1:44_idx2:99,chd_conf_headgr,0.0,0.0
5081,7,44,100,"(7, 44, 100)",idx0:7_idx1:44_idx2:100,chd_conf_headgr,0.0,0.0
5082,7,44,101,"(7, 44, 101)",idx0:7_idx1:44_idx2:101,chd_conf_headgr,0.0,0.0
5083,7,44,102,"(7, 44, 102)",idx0:7_idx1:44_idx2:102,chd_conf_headgr,0.0,0.0
5084,7,44,103,"(7, 44, 103)",idx0:7_idx1:44_idx2:103,chd_conf_headgr,0.0,0.0
5085,7,44,104,"(7, 44, 104)",idx0:7_idx1:44_idx2:104,chd_conf_headgr,0.0,0.0
5086,7,44,105,"(7, 44, 105)",idx0:7_idx1:44_idx2:105,chd_conf_headgr,0.0,0.0
5087,7,44,106,"(7, 44, 106)",idx0:7_idx1:44_idx2:106,chd_conf_headgr,0.0,0.0
5088,7,44,135,"(7, 44, 135)",idx0:7_idx1:44_idx2:135,chd_conf_headgr,0.0,0.0
5089,7,44,136,"(7, 44, 136)",idx0:7_idx1:44_idx2:136,chd_conf_headgr,0.0,0.0
5090,7,44,137,"(7, 44, 137)",idx0:7_idx1:44_idx2:137,chd_conf_headgr,0.0,0.0
5091,7,44,138,"(7, 44, 138)",idx0:7_idx1:44_idx2:138,chd_conf_headgr,0.0,0.0
5092,7,44,139,"(7, 44, 139)",idx0:7_idx1:44_idx2:139,chd_conf_headgr,0.0,0.0
5093,7,44,140,"(7, 44, 140)",idx0:7_idx1:44_idx2:140,chd_conf_headgr,0.0,0.0
5094,7,44,141,"(7, 44, 141)",idx0:7_idx1:44_idx2:141,chd_conf_headgr,0.0,0.0
5095,7,44,142,"(7, 44, 142)",idx0:7_idx1:44_idx2:142,chd_conf_headgr,0.0,0.0
5096,7,44,143,"(7, 44, 143)",idx0:7_idx1:44_idx2:143,chd_conf_headgr,0.0,0.0
5097,7,44,144,"(7, 44, 144)",idx0:7_idx1:44_idx2:144,chd_conf_headgr,0.0,0.0
5098,7,44,145,"(7, 44, 145)",idx0:7_idx1:44_idx2:145,chd_conf_headgr,0.0,0.0
5099,7,44,146,"(7, 44, 146)",idx0:7_idx1:44_idx2:146,chd_conf_headgr,0.0,0.0
5100,7,44,147,"(7, 44, 147)",idx0:7_idx1:44_idx2:147,chd_conf_headgr,0.0,0.0
5101,7,44,148,"(7, 44, 148)",idx0:7_idx1:44_idx2:148,chd_conf_headgr,0.0,0.0
5102,7,44,149,"(7, 44, 149)",idx0:7_idx1:44_idx2:149,chd_conf_headgr,0.0,0.0
5103,7,45,12,"(7, 45, 12)",idx0:7_idx1:45_idx2:12,chd_conf_headgr,0.0,0.0
5104,7,45,13,"(7, 45, 13)",idx0:7_idx1:45_idx2:13,chd_conf_headgr,0.0,0.0
5105,7,45,14,"(7, 45, 14)",idx0:7_idx1:45_idx2:14,chd_conf_headgr,0.0,0.0
5106,7,45,15,"(7, 45, 15)",idx0:7_idx1:45_idx2:15,chd_conf_headgr,0.0,0.0
5107,7,45,16,"(7, 45, 16)",idx0:7_idx1:45_idx2:16,chd_conf_headgr,0.0,0.0
5108,7,45,17,"(7, 45, 17)",idx0:7_idx1:45_idx2:17,chd_conf_headgr,0.0,0.0
5109,7,45,18,"(7, 45, 18)",idx0:7_idx1:45_idx2:18,chd_conf_headgr,0.0,0.0
5110,7,45,19,"(7, 45, 19)",idx0:7_idx1:45_idx2:19,chd_conf_headgr,0.0,0.0
5111,7,45,20,"(7, 45, 20)",idx0:7_idx1:45_idx2:20,chd_conf_headgr,0.0,0.0
5112,7,45,21,"(7, 45, 21)",idx0:7_idx1:45_idx2:21,chd_conf_headgr,0.0,0.0
5113,7,45,22,"(7, 45, 22)",idx0:7_idx1:45_idx2:22,chd_conf_headgr,0.0,0.0
5114,7,45,23,"(7, 45, 23)",idx0:7_idx1:45_idx2:23,chd_conf_headgr,0.0,0.0
5115,7,45,24,"(7, 45, 24)",idx0:7_idx1:45_idx2:24,chd_conf_headgr,0.0,0.0
5116,7,45,25,"(7, 45, 25)",idx0:7_idx1:45_idx2:25,chd_conf_headgr,0.0,0.0
5117,7,45,26,"(7, 45, 26)",idx0:7_idx1:45_idx2:26,chd_conf_headgr,0.0,0.0
5118,7,45,27,"(7, 45, 27)",idx0:7_idx1:45_idx2:27,chd_conf_headgr,0.0,0.0
5119,7,45,28,"(7, 45, 28)",idx0:7_idx1:45_idx2:28,chd_conf_headgr,0.0,0.0
5120,7,45,29,"(7, 45, 29)",idx0:7_idx1:45_idx2:29,chd_conf_headgr,0.0,0.0
5121,7,45,30,"(7, 45, 30)",idx0:7_idx1:45_idx2:30,chd_conf_headgr,0.0,0.0
5122,7,45,31,"(7, 45, 31)",idx0:7_idx1:45_idx2:31,chd_conf_headgr,0.0,0.0
5123,7,45,32,"(7, 45, 32)",idx0:7_idx1:45_idx2:32,chd_conf_headgr,0.0,0.0
5124,7,45,33,"(7, 45, 33)",idx0:7_idx1:45_idx2:33,chd_conf_headgr,0.0,0.0
5125,7,45,34,"(7, 45, 34)",idx0:7_idx1:45_idx2:34,chd_conf_headgr,0.0,0.0
5126,7,45,35,"(7, 45, 35)",idx0:7_idx1:45_idx2:35,chd_conf_headgr,0.0,0.0
5127,7,45,36,"(7, 45, 36)",idx0:7_idx1:45_idx2:36,chd_conf_headgr,0.0,0.0
5128,7,45,37,"(7, 45, 37)",idx0:7_idx1:45_idx2:37,chd_conf_headgr,0.0,0.0
5129,7,45,38,"(7, 45, 38)",idx0:7_idx1:45_idx2:38,chd_conf_headgr,0.0,0.0
5130,7,45,39,"(7, 45, 39)",idx0:7_idx1:45_idx2:39,chd_conf_headgr,0.0,0.0
5131,7,45,40,"(7, 45, 40)",idx0:7_idx1:45_idx2:40,chd_conf_headgr,0.0,0.0
5132,7,45,41,"(7, 45, 41)",idx0:7_idx1:45_idx2:41,chd_conf_headgr,0.0,0.0
5133,7,45,42,"(7, 45, 42)",idx0:7_idx1:45_idx2:42,chd_conf_headgr,0.0,0.0
5134,7,45,43,"(7, 45, 43)",idx0:7_idx1:45_idx2:43,chd_conf_headgr,0.0,0.0
5135,7,45,44,"(7, 45, 44)",idx0:7_idx1:45_idx2:44,chd_conf_headgr,0.0,0.0
5136,7,45,45,"(7, 45, 45)",idx0:7_idx1:45_idx2:45,chd_conf_headgr,0.0,0.0
5137,7,45,46,"(7, 45, 46)",idx0:7_idx1:45_idx2:46,chd_conf_headgr,0.0,0.0
5138,7,45,47,"(7, 45, 47)",idx0:7_idx1:45_idx2:47,chd_conf_headgr,0.0,0.0
5139,7,45,48,"(7, 45, 48)",idx0:7_idx1:45_idx2:48,chd_conf_headgr,0.0,0.0
5140,7,45,49,"(7, 45, 49)",idx0:7_idx1:45_idx2:49,chd_conf_headgr,0.0,0.0
5141,7,45,50,"(7, 45, 50)",idx0:7_idx1:45_idx2:50,chd_conf_headgr,0.0,0.0
5142,7,45,51,"(7, 45, 51)",idx0:7_idx1:45_idx2:51,chd_conf_headgr,0.0,0.0
5143,7,45,52,"(7, 45, 52)",idx0:7_idx1:45_idx2:52,chd_conf_headgr,0.0,0.0
5144,7,45,53,"(7, 45, 53)",idx0:7_idx1:45_idx2:53,chd_conf_headgr,0.0,0.0
5145,7,45,54,"(7, 45, 54)",idx0:7_idx1:45_idx2:54,chd_conf_headgr,0.0,0.0
5146,7,45,55,"(7, 45, 55)",idx0:7_idx1:45_idx2:55,chd_conf_headgr,0.0,0.0
5147,7,45,56,"(7, 45, 56)",idx0:7_idx1:45_idx2:56,chd_conf_headgr,0.0,0.0
5148,7,45,57,"(7, 45, 57)",idx0:7_idx1:45_idx2:57,chd_conf_headgr,0.0,0.0
5149,7,45,58,"(7, 45, 58)",idx0:7_idx1:45_idx2:58,chd_conf_headgr,0.0,0.0
5150,7,45,59,"(7, 45, 59)",idx0:7_idx1:45_idx2:59,chd_conf_headgr,0.0,0.0
5151,7,45,60,"(7, 45, 60)",idx0:7_idx1:45_idx2:60,chd_conf_headgr,0.0,0.0
5152,7,45,61,"(7, 45, 61)",idx0:7_idx1:45_idx2:61,chd_conf_headgr,0.0,0.0
5153,7,45,62,"(7, 45, 62)",idx0:7_idx1:45_idx2:62,chd_conf_headgr,0.0,0.0
5154,7,45,63,"(7, 45, 63)",idx0:7_idx1:45_idx2:63,chd_conf_headgr,0.0,0.0
5155,7,45,64,"(7, 45, 64)",idx0:7_idx1:45_idx2:64,chd_conf_headgr,0.0,0.0
5156,7,45,65,"(7, 45, 65)",idx0:7_idx1:45_idx2:65,chd_conf_headgr,0.0,0.0
5157,7,45,66,"(7, 45, 66)",idx0:7_idx1:45_idx2:66,chd_conf_headgr,0.0,0.0
5158,7,45,67,"(7, 45, 67)",idx0:7_idx1:45_idx2:67,chd_conf_headgr,0.0,0.0
5159,7,45,68,"(7, 45, 68)",idx0:7_idx1:45_idx2:68,chd_conf_headgr,0.0,0.0
5160,7,45,69,"(7, 45, 69)",idx0:7_idx1:45_idx2:69,chd_conf_headgr,0.0,0.0
5161,7,45,70,"(7, 45, 70)",idx0:7_idx1:45_idx2:70,chd_conf_headgr,0.0,0.0
5162,7,45,71,"(7, 45, 71)",idx0:7_idx1:45_idx2:71,chd_conf_headgr,0.0,0.0
5163,7,45,72,"(7, 45, 72)",idx0:7_idx1:45_idx2:72,chd_conf_headgr,0.0,0.0
5164,7,45,73,"(7, 45, 73)",idx0:7_idx1:45_idx2:73,chd_conf_headgr,0.0,0.0
5165,7,45,74,"(7, 45, 74)",idx0:7_idx1:45_idx2:74,chd_conf_headgr,0.0,0.0
5166,7,45,75,"(7, 45, 75)",idx0:7_idx1:45_idx2:75,chd_conf_headgr,0.0,0.0
5167,7,45,76,"(7, 45, 76)",idx0:7_idx1:45_idx2:76,chd_conf_headgr,0.0,0.0
5168,7,45,77,"(7, 45, 77)",idx0:7_idx1:45_idx2:77,chd_conf_headgr,0.0,0.0
5169,7,45,78,"(7, 45, 78)",idx0:7_idx1:45_idx2:78,chd_conf_headgr,0.0,0.0
5170,7,45,79,"(7, 45, 79)",idx0:7_idx1:45_idx2:79,chd_conf_headgr,0.0,0.0
5171,7,45,80,"(7, 45, 80)",idx0:7_idx1:45_idx2:80,chd_conf_headgr,0.0,0.0
5172,7,45,81,"(7, 45, 81)",idx0:7_idx1:45_idx2:81,chd_conf_headgr,0.0,0.0
5173,7,45,82,"(7, 45, 82)",idx0:7_idx1:45_idx2:82,chd_conf_headgr,0.0,0.0
5174,7,45,83,"(7, 45, 83)",idx0:7_idx1:45_idx2:83,chd_conf_headgr,0.0,0.0
5175,7,45,84,"(7, 45, 84)",idx0:7_idx1:45_idx2:84,chd_conf_headgr,0.0,0.0
5176,7,45,85,"(7, 45, 85)",idx0:7_idx1:45_idx2:85,chd_conf_headgr,0.0,0.0
5177,7,45,86,"(7, 45, 86)",idx0:7_idx1:45_idx2:86,chd_conf_headgr,0.0,0.0
5178,7,45,87,"(7, 45, 87)",idx0:7_idx1:45_idx2:87,chd_conf_headgr,0.0,0.0
5179,7,45,88,"(7, 45, 88)",idx0:7_idx1:45_idx2:88,chd_conf_headgr,0.0,0.0
5180,7,45,89,"(7, 45, 89)",idx0:7_idx1:45_idx2:89,chd_conf_headgr,0.0,0.0
5181,7,45,90,"(7, 45, 90)",idx0:7_idx1:45_idx2:90,chd_conf_headgr,0.0,0.0
5182,7,45,91,"(7, 45, 91)",idx0:7_idx1:45_idx2:91,chd_conf_headgr,0.0,0.0
5183,7,45,92,"(7, 45, 92)",idx0:7_idx1:45_idx2:92,chd_conf_headgr,0.0,0.0
5184,7,45,93,"(7, 45, 93)",idx0:7_idx1:45_idx2:93,chd_conf_headgr,0.0,0.0
5185,7,45,94,"(7, 45, 94)",idx0:7_idx1:45_idx2:94,chd_conf_headgr,0.0,0.0
5186,7,45,95,"(7, 45, 95)",idx0:7_idx1:45_idx2:95,chd_conf_headgr,0.0,0.0
5187,7,45,96,"(7, 45, 96)",idx0:7_idx1:45_idx2:96,chd_conf_headgr,0.0,0.0
5188,7,45,97,"(7, 45, 97)",idx0:7_idx1:45_idx2:97,chd_conf_headgr,0.0,0.0
5189,7,45,98,"(7, 45, 98)",idx0:7_idx1:45_idx2:98,chd_conf_headgr,0.0,0.0
5190,7,45,99,"(7, 45, 99)",idx0:7_idx1:45_idx2:99,chd_conf_headgr,0.0,0.0
5191,7,45,100,"(7, 45, 100)",idx0:7_idx1:45_idx2:100,chd_conf_headgr,0.0,0.0
5192,7,45,101,"(7, 45, 101)",idx0:7_idx1:45_idx2:101,chd_conf_headgr,0.0,0.0
5193,7,45,102,"(7, 45, 102)",idx0:7_idx1:45_idx2:102,chd_conf_headgr,0.0,0.0
5194,7,45,103,"(7, 45, 103)",idx0:7_idx1:45_idx2:103,chd_conf_headgr,0.0,0.0
5195,7,45,104,"(7, 45, 104)",idx0:7_idx1:45_idx2:104,chd_conf_headgr,0.0,0.0
5196,7,45,105,"(7, 45, 105)",idx0:7_idx1:45_idx2:105,chd_conf_headgr,0.0,0.0
5197,7,45,138,"(7, 45, 138)",idx0:7_idx1:45_idx2:138,chd_conf_headgr,0.0,0.0
5198,7,45,139,"(7, 45, 139)",idx0:7_idx1:45_idx2:139,chd_conf_headgr,0.0,0.0
5199,7,45,140,"(7, 45, 140)",idx0:7_idx1:45_idx2:140,chd_conf_headgr,0.0,0.0
5200,7,45,141,"(7, 45, 141)",idx0:7_idx1:45_idx2:141,chd_conf_headgr,0.0,0.0
5201,7,45,142,"(7, 45, 142)",idx0:7_idx1:45_idx2:142,chd_conf_headgr,0.0,0.0
5202,7,45,143,"(7, 45, 143)",idx0:7_idx1:45_idx2:143,chd_conf_headgr,0.0,0.0
5203,7,45,144,"(7, 45, 144)",idx0:7_idx1:45_idx2:144,chd_conf_headgr,0.0,0.0
5204,7,45,145,"(7, 45, 145)",idx0:7_idx1:45_idx2:145,chd_conf_headgr,0.0,0.0
5205,7,45,146,"(7, 45, 146)",idx0:7_idx1:45_idx2:146,chd_conf_headgr,0.0,0.0
5206,7,45,147,"(7, 45, 147)",idx0:7_idx1:45_idx2:147,chd_conf_headgr,0.0,0.0
5207,7,45,148,"(7, 45, 148)",idx0:7_idx1:45_idx2:148,chd_conf_headgr,0.0,0.0
5208,7,45,149,"(7, 45, 149)",idx0:7_idx1:45_idx2:149,chd_conf_headgr,0.0,0.0
5209,7,46,11,"(7, 46, 11)",idx0:7_idx1:46_idx2:11,chd_conf_headgr,0.0,0.0
5210,7,46,12,"(7, 46, 12)",idx0:7_idx1:46_idx2:12,chd_conf_headgr,0.0,0.0
5211,7,46,13,"(7, 46, 13)",idx0:7_idx1:46_idx2:13,chd_conf_headgr,0.0,0.0
5212,7,46,14,"(7, 46, 14)",idx0:7_idx1:46_idx2:14,chd_conf_headgr,0.0,0.0
5213,7,46,15,"(7, 46, 15)",idx0:7_idx1:46_idx2:15,chd_conf_headgr,0.0,0.0
5214,7,46,16,"(7, 46, 16)",idx0:7_idx1:46_idx2:16,chd_conf_headgr,0.0,0.0
5215,7,46,17,"(7, 46, 17)",idx0:7_idx1:46_idx2:17,chd_conf_headgr,0.0,0.0
5216,7,46,18,"(7, 46, 18)",idx0:7_idx1:46_idx2:18,chd_conf_headgr,0.0,0.0
5217,7,46,19,"(7, 46, 19)",idx0:7_idx1:46_idx2:19,chd_conf_headgr,0.0,0.0
5218,7,46,20,"(7, 46, 20)",idx0:7_idx1:46_idx2:20,chd_conf_headgr,0.0,0.0
5219,7,46,21,"(7, 46, 21)",idx0:7_idx1:46_idx2:21,chd_conf_headgr,0.0,0.0
5220,7,46,22,"(7, 46, 22)",idx0:7_idx1:46_idx2:22,chd_conf_headgr,0.0,0.0
5221,7,46,23,"(7, 46, 23)",idx0:7_idx1:46_idx2:23,chd_conf_headgr,0.0,0.0
5222,7,46,24,"(7, 46, 24)",idx0:7_idx1:46_idx2:24,chd_conf_headgr,0.0,0.0
5223,7,46,25,"(7, 46, 25)",idx0:7_idx1:46_idx2:25,chd_conf_headgr,0.0,0.0
5224,7,46,26,"(7, 46, 26)",idx0:7_idx1:46_idx2:26,chd_conf_headgr,0.0,0.0
5225,7,46,27,"(7, 46, 27)",idx0:7_idx1:46_idx2:27,chd_conf_headgr,0.0,0.0
5226,7,46,28,"(7, 46, 28)",idx0:7_idx1:46_idx2:28,chd_conf_headgr,0.0,0.0
5227,7,46,29,"(7, 46, 29)",idx0:7_idx1:46_idx2:29,chd_conf_headgr,0.0,0.0
5228,7,46,30,"(7, 46, 30)",idx0:7_idx1:46_idx2:30,chd_conf_headgr,0.0,0.0
5229,7,46,31,"(7, 46, 31)",idx0:7_idx1:46_idx2:31,chd_conf_headgr,0.0,0.0
5230,7,46,32,"(7, 46, 32)",idx0:7_idx1:46_idx2:32,chd_conf_headgr,0.0,0.0
5231,7,46,33,"(7, 46, 33)",idx0:7_idx1:46_idx2:33,chd_conf_headgr,0.0,0.0
5232,7,46,34,"(7, 46, 34)",idx0:7_idx1:46_idx2:34,chd_conf_headgr,0.0,0.0
5233,7,46,35,"(7, 46, 35)",idx0:7_idx1:46_idx2:35,chd_conf_headgr,0.0,0.0
5234,7,46,36,"(7, 46, 36)",idx0:7_idx1:46_idx2:36,chd_conf_headgr,0.0,0.0
5235,7,46,37,"(7, 46, 37)",idx0:7_idx1:46_idx2:37,chd_conf_headgr,0.0,0.0
5236,7,46,38,"(7, 46, 38)",idx0:7_idx1:46_idx2:38,chd_conf_headgr,0.0,0.0
5237,7,46,39,"(7, 46, 39)",idx0:7_idx1:46_idx2:39,chd_conf_headgr,0.0,0.0
5238,7,46,40,"(7, 46, 40)",idx0:7_idx1:46_idx2:40,chd_conf_headgr,0.0,0.0
5239,7,46,41,"(7, 46, 41)",idx0:7_idx1:46_idx2:41,chd_conf_headgr,0.0,0.0
5240,7,46,42,"(7, 46, 42)",idx0:7_idx1:46_idx2:42,chd_conf_headgr,0.0,0.0
5241,7,46,43,"(7, 46, 43)",idx0:7_idx1:46_idx2:43,chd_conf_headgr,0.0,0.0
5242,7,46,44,"(7, 46, 44)",idx0:7_idx1:46_idx2:44,chd_conf_headgr,0.0,0.0
5243,7,46,45,"(7, 46, 45)",idx0:7_idx1:46_idx2:45,chd_conf_headgr,0.0,0.0
5244,7,46,46,"(7, 46, 46)",idx0:7_idx1:46_idx2:46,chd_conf_headgr,0.0,0.0
5245,7,46,47,"(7, 46, 47)",idx0:7_idx1:46_idx2:47,chd_conf_headgr,0.0,0.0
5246,7,46,48,"(7, 46, 48)",idx0:7_idx1:46_idx2:48,chd_conf_headgr,0.0,0.0
5247,7,46,49,"(7, 46, 49)",idx0:7_idx1:46_idx2:49,chd_conf_headgr,0.0,0.0
5248,7,46,50,"(7, 46, 50)",idx0:7_idx1:46_idx2:50,chd_conf_headgr,0.0,0.0
5249,7,46,51,"(7, 46, 51)",idx0:7_idx1:46_idx2:51,chd_conf_headgr,0.0,0.0
5250,7,46,52,"(7, 46, 52)",idx0:7_idx1:46_idx2:52,chd_conf_headgr,0.0,0.0
5251,7,46,53,"(7, 46, 53)",idx0:7_idx1:46_idx2:53,chd_conf_headgr,0.0,0.0
5252,7,46,54,"(7, 46, 54)",idx0:7_idx1:46_idx2:54,chd_conf_headgr,0.0,0.0
5253,7,46,55,"(7, 46, 55)",idx0:7_idx1:46_idx2:55,chd_conf_headgr,0.0,0.0
5254,7,46,56,"(7, 46, 56)",idx0:7_idx1:46_idx2:56,chd_conf_headgr,0.0,0.0
5255,7,46,57,"(7, 46, 57)",idx0:7_idx1:46_idx2:57,chd_conf_headgr,0.0,0.0
5256,7,46,58,"(7, 46, 58)",idx0:7_idx1:46_idx2:58,chd_conf_headgr,0.0,0.0
5257,7,46,59,"(7, 46, 59)",idx0:7_idx1:46_idx2:59,chd_conf_headgr,0.0,0.0
5258,7,46,60,"(7, 46, 60)",idx0:7_idx1:46_idx2:60,chd_conf_headgr,0.0,0.0
5259,7,46,61,"(7, 46, 61)",idx0:7_idx1:46_idx2:61,chd_conf_headgr,0.0,0.0
5260,7,46,62,"(7, 46, 62)",idx0:7_idx1:46_idx2:62,chd_conf_headgr,0.0,0.0
5261,7,46,63,"(7, 46, 63)",idx0:7_idx1:46_idx2:63,chd_conf_headgr,0.0,0.0
5262,7,46,64,"(7, 46, 64)",idx0:7_idx1:46_idx2:64,chd_conf_headgr,0.0,0.0
5263,7,46,65,"(7, 46, 65)",idx0:7_idx1:46_idx2:65,chd_conf_headgr,0.0,0.0
5264,7,46,66,"(7, 46, 66)",idx0:7_idx1:46_idx2:66,chd_conf_headgr,0.0,0.0
5265,7,46,67,"(7, 46, 67)",idx0:7_idx1:46_idx2:67,chd_conf_headgr,0.0,0.0
5266,7,46,68,"(7, 46, 68)",idx0:7_idx1:46_idx2:68,chd_conf_headgr,0.0,0.0
5267,7,46,69,"(7, 46, 69)",idx0:7_idx1:46_idx2:69,chd_conf_headgr,0.0,0.0
5268,7,46,70,"(7, 46, 70)",idx0:7_idx1:46_idx2:70,chd_conf_headgr,0.0,0.0
5269,7,46,71,"(7, 46, 71)",idx0:7_idx1:46_idx2:71,chd_conf_headgr,0.0,0.0
5270,7,46,72,"(7, 46, 72)",idx0:7_idx1:46_idx2:72,chd_conf_headgr,0.0,0.0
5271,7,46,73,"(7, 46, 73)",idx0:7_idx1:46_idx2:73,chd_conf_headgr,0.0,0.0
5272,7,46,74,"(7, 46, 74)",idx0:7_idx1:46_idx2:74,chd_conf_headgr,0.0,0.0
5273,7,46,75,"(7, 46, 75)",idx0:7_idx1:46_idx2:75,chd_conf_headgr,0.0,0.0
5274,7,46,76,"(7, 46, 76)",idx0:7_idx1:46_idx2:76,chd_conf_headgr,0.0,0.0
5275,7,46,77,"(7, 46, 77)",idx0:7_idx1:46_idx2:77,chd_conf_headgr,0.0,0.0
5276,7,46,78,"(7, 46, 78)",idx0:7_idx1:46_idx2:78,chd_conf_headgr,0.0,0.0
5277,7,46,79,"(7, 46, 79)",idx0:7_idx1:46_idx2:79,chd_conf_headgr,0.0,0.0
5278,7,46,80,"(7, 46, 80)",idx0:7_idx1:46_idx2:80,chd_conf_headgr,0.0,0.0
5279,7,46,81,"(7, 46, 81)",idx0:7_idx1:46_idx2:81,chd_conf_headgr,0.0,0.0
5280,7,46,82,"(7, 46, 82)",idx0:7_idx1:46_idx2:82,chd_conf_headgr,0.0,0.0
5281,7,46,83,"(7, 46, 83)",idx0:7_idx1:46_idx2:83,chd_conf_headgr,0.0,0.0
5282,7,46,84,"(7, 46, 84)",idx0:7_idx1:46_idx2:84,chd_conf_headgr,0.0,0.0
5283,7,46,85,"(7, 46, 85)",idx0:7_idx1:46_idx2:85,chd_conf_headgr,0.0,0.0
5284,7,46,86,"(7, 46, 86)",idx0:7_idx1:46_idx2:86,chd_conf_headgr,0.0,0.0
5285,7,46,87,"(7, 46, 87)",idx0:7_idx1:46_idx2:87,chd_conf_headgr,0.0,0.0
5286,7,46,88,"(7, 46, 88)",idx0:7_idx1:46_idx2:88,chd_conf_headgr,0.0,0.0
5287,7,46,89,"(7, 46, 89)",idx0:7_idx1:46_idx2:89,chd_conf_headgr,0.0,0.0
5288,7,46,90,"(7, 46, 90)",idx0:7_idx1:46_idx2:90,chd_conf_headgr,0.0,0.0
5289,7,46,91,"(7, 46, 91)",idx0:7_idx1:46_idx2:91,chd_conf_headgr,0.0,0.0
5290,7,46,92,"(7, 46, 92)",idx0:7_idx1:46_idx2:92,chd_conf_headgr,0.0,0.0
5291,7,46,93,"(7, 46, 93)",idx0:7_idx1:46_idx2:93,chd_conf_headgr,0.0,0.0
5292,7,46,94,"(7, 46, 94)",idx0:7_idx1:46_idx2:94,chd_conf_headgr,0.0,0.0
5293,7,46,95,"(7, 46, 95)",idx0:7_idx1:46_idx2:95,chd_conf_headgr,0.0,0.0
5294,7,46,96,"(7, 46, 96)",idx0:7_idx1:46_idx2:96,chd_conf_headgr,0.0,0.0
5295,7,46,97,"(7, 46, 97)",idx0:7_idx1:46_idx2:97,chd_conf_headgr,0.0,0.0
5296,7,46,98,"(7, 46, 98)",idx0:7_idx1:46_idx2:98,chd_conf_headgr,0.0,0.0
5297,7,46,99,"(7, 46, 99)",idx0:7_idx1:46_idx2:99,chd_conf_headgr,0.0,0.0
5298,7,46,100,"(7, 46, 100)",idx0:7_idx1:46_idx2:100,chd_conf_headgr,0.0,0.0
5299,7,46,101,"(7, 46, 101)",idx0:7_idx1:46_idx2:101,chd_conf_headgr,0.0,0.0
5300,7,46,102,"(7, 46, 102)",idx0:7_idx1:46_idx2:102,chd_conf_headgr,0.0,0.0
5301,7,46,103,"(7, 46, 103)",idx0:7_idx1:46_idx2:103,chd_conf_headgr,0.0,0.0
5302,7,46,104,"(7, 46, 104)",idx0:7_idx1:46_idx2:104,chd_conf_headgr,0.0,0.0
5303,7,46,105,"(7, 46, 105)",idx0:7_idx1:46_idx2:105,chd_conf_headgr,0.0,0.0
5304,7,46,142,"(7, 46, 142)",idx0:7_idx1:46_idx2:142,chd_conf_headgr,0.0,0.0
5305,7,46,143,"(7, 46, 143)",idx0:7_idx1:46_idx2:143,chd_conf_headgr,0.0,0.0
5306,7,46,144,"(7, 46, 144)",idx0:7_idx1:46_idx2:144,chd_conf_headgr,0.0,0.0
5307,7,46,145,"(7, 46, 145)",idx0:7_idx1:46_idx2:145,chd_conf_headgr,0.0,0.0
5308,7,46,146,"(7, 46, 146)",idx0:7_idx1:46_idx2:146,chd_conf_headgr,0.0,0.0
5309,7,46,147,"(7, 46, 147)",idx0:7_idx1:46_idx2:147,chd_conf_headgr,0.0,0.0
5310,7,46,148,"(7, 46, 148)",idx0:7_idx1:46_idx2:148,chd_conf_headgr,0.0,0.0
5311,7,46,149,"(7, 46, 149)",idx0:7_idx1:46_idx2:149,chd_conf_headgr,0.0,0.0
5312,7,47,11,"(7, 47, 11)",idx0:7_idx1:47_idx2:11,chd_conf_headgr,0.0,0.0
5313,7,47,12,"(7, 47, 12)",idx0:7_idx1:47_idx2:12,chd_conf_headgr,0.0,0.0
5314,7,47,13,"(7, 47, 13)",idx0:7_idx1:47_idx2:13,chd_conf_headgr,0.0,0.0
5315,7,47,14,"(7, 47, 14)",idx0:7_idx1:47_idx2:14,chd_conf_headgr,0.0,0.0
5316,7,47,15,"(7, 47, 15)",idx0:7_idx1:47_idx2:15,chd_conf_headgr,0.0,0.0
5317,7,47,16,"(7, 47, 16)",idx0:7_idx1:47_idx2:16,chd_conf_headgr,0.0,0.0
5318,7,47,17,"(7, 47, 17)",idx0:7_idx1:47_idx2:17,chd_conf_headgr,0.0,0.0
5319,7,47,18,"(7, 47, 18)",idx0:7_idx1:47_idx2:18,chd_conf_headgr,0.0,0.0
5320,7,47,19,"(7, 47, 19)",idx0:7_idx1:47_idx2:19,chd_conf_headgr,0.0,0.0
5321,7,47,20,"(7, 47, 20)",idx0:7_idx1:47_idx2:20,chd_conf_headgr,0.0,0.0
5322,7,47,21,"(7, 47, 21)",idx0:7_idx1:47_idx2:21,chd_conf_headgr,0.0,0.0
5323,7,47,22,"(7, 47, 22)",idx0:7_idx1:47_idx2:22,chd_conf_headgr,0.0,0.0
5324,7,47,23,"(7, 47, 23)",idx0:7_idx1:47_idx2:23,chd_conf_headgr,0.0,0.0
5325,7,47,24,"(7, 47, 24)",idx0:7_idx1:47_idx2:24,chd_conf_headgr,0.0,0.0
5326,7,47,25,"(7, 47, 25)",idx0:7_idx1:47_idx2:25,chd_conf_headgr,0.0,0.0
5327,7,47,26,"(7, 47, 26)",idx0:7_idx1:47_idx2:26,chd_conf_headgr,0.0,0.0
5328,7,47,27,"(7, 47, 27)",idx0:7_idx1:47_idx2:27,chd_conf_headgr,0.0,0.0
5329,7,47,28,"(7, 47, 28)",idx0:7_idx1:47_idx2:28,chd_conf_headgr,0.0,0.0
5330,7,47,29,"(7, 47, 29)",idx0:7_idx1:47_idx2:29,chd_conf_headgr,0.0,0.0
5331,7,47,30,"(7, 47, 30)",idx0:7_idx1:47_idx2:30,chd_conf_headgr,0.0,0.0
5332,7,47,31,"(7, 47, 31)",idx0:7_idx1:47_idx2:31,chd_conf_headgr,0.0,0.0
5333,7,47,32,"(7, 47, 32)",idx0:7_idx1:47_idx2:32,chd_conf_headgr,0.0,0.0
5334,7,47,33,"(7, 47, 33)",idx0:7_idx1:47_idx2:33,chd_conf_headgr,0.0,0.0
5335,7,47,34,"(7, 47, 34)",idx0:7_idx1:47_idx2:34,chd_conf_headgr,0.0,0.0
5336,7,47,35,"(7, 47, 35)",idx0:7_idx1:47_idx2:35,chd_conf_headgr,0.0,0.0
5337,7,47,36,"(7, 47, 36)",idx0:7_idx1:47_idx2:36,chd_conf_headgr,0.0,0.0
5338,7,47,37,"(7, 47, 37)",idx0:7_idx1:47_idx2:37,chd_conf_headgr,0.0,0.0
5339,7,47,38,"(7, 47, 38)",idx0:7_idx1:47_idx2:38,chd_conf_headgr,0.0,0.0
5340,7,47,39,"(7, 47, 39)",idx0:7_idx1:47_idx2:39,chd_conf_headgr,0.0,0.0
5341,7,47,40,"(7, 47, 40)",idx0:7_idx1:47_idx2:40,chd_conf_headgr,0.0,0.0
5342,7,47,41,"(7, 47, 41)",idx0:7_idx1:47_idx2:41,chd_conf_headgr,0.0,0.0
5343,7,47,42,"(7, 47, 42)",idx0:7_idx1:47_idx2:42,chd_conf_headgr,0.0,0.0
5344,7,47,43,"(7, 47, 43)",idx0:7_idx1:47_idx2:43,chd_conf_headgr,0.0,0.0
5345,7,47,44,"(7, 47, 44)",idx0:7_idx1:47_idx2:44,chd_conf_headgr,0.0,0.0
5346,7,47,45,"(7, 47, 45)",idx0:7_idx1:47_idx2:45,chd_conf_headgr,0.0,0.0
5347,7,47,46,"(7, 47, 46)",idx0:7_idx1:47_idx2:46,chd_conf_headgr,0.0,0.0
5348,7,47,47,"(7, 47, 47)",idx0:7_idx1:47_idx2:47,chd_conf_headgr,0.0,0.0
5349,7,47,48,"(7, 47, 48)",idx0:7_idx1:47_idx2:48,chd_conf_headgr,0.0,0.0
5350,7,47,49,"(7, 47, 49)",idx0:7_idx1:47_idx2:49,chd_conf_headgr,0.0,0.0
5351,7,47,50,"(7, 47, 50)",idx0:7_idx1:47_idx2:50,chd_conf_headgr,0.0,0.0
5352,7,47,51,"(7, 47, 51)",idx0:7_idx1:47_idx2:51,chd_conf_headgr,0.0,0.0
5353,7,47,52,"(7, 47, 52)",idx0:7_idx1:47_idx2:52,chd_conf_headgr,0.0,0.0
5354,7,47,53,"(7, 47, 53)",idx0:7_idx1:47_idx2:53,chd_conf_headgr,0.0,0.0
5355,7,47,54,"(7, 47, 54)",idx0:7_idx1:47_idx2:54,chd_conf_headgr,0.0,0.0
5356,7,47,55,"(7, 47, 55)",idx0:7_idx1:47_idx2:55,chd_conf_headgr,0.0,0.0
5357,7,47,56,"(7, 47, 56)",idx0:7_idx1:47_idx2:56,chd_conf_headgr,0.0,0.0
5358,7,47,57,"(7, 47, 57)",idx0:7_idx1:47_idx2:57,chd_conf_headgr,0.0,0.0
5359,7,47,58,"(7, 47, 58)",idx0:7_idx1:47_idx2:58,chd_conf_headgr,0.0,0.0
5360,7,47,59,"(7, 47, 59)",idx0:7_idx1:47_idx2:59,chd_conf_headgr,0.0,0.0
5361,7,47,60,"(7, 47, 60)",idx0:7_idx1:47_idx2:60,chd_conf_headgr,0.0,0.0
5362,7,47,61,"(7, 47, 61)",idx0:7_idx1:47_idx2:61,chd_conf_headgr,0.0,0.0
5363,7,47,62,"(7, 47, 62)",idx0:7_idx1:47_idx2:62,chd_conf_headgr,0.0,0.0
5364,7,47,63,"(7, 47, 63)",idx0:7_idx1:47_idx2:63,chd_conf_headgr,0.0,0.0
5365,7,47,64,"(7, 47, 64)",idx0:7_idx1:47_idx2:64,chd_conf_headgr,0.0,0.0
5366,7,47,65,"(7, 47, 65)",idx0:7_idx1:47_idx2:65,chd_conf_headgr,0.0,0.0
5367,7,47,66,"(7, 47, 66)",idx0:7_idx1:47_idx2:66,chd_conf_headgr,0.0,0.0
5368,7,47,67,"(7, 47, 67)",idx0:7_idx1:47_idx2:67,chd_conf_headgr,0.0,0.0
5369,7,47,68,"(7, 47, 68)",idx0:7_idx1:47_idx2:68,chd_conf_headgr,0.0,0.0
5370,7,47,69,"(7, 47, 69)",idx0:7_idx1:47_idx2:69,chd_conf_headgr,0.0,0.0
5371,7,47,70,"(7, 47, 70)",idx0:7_idx1:47_idx2:70,chd_conf_headgr,0.0,0.0
5372,7,47,71,"(7, 47, 71)",idx0:7_idx1:47_idx2:71,chd_conf_headgr,0.0,0.0
5373,7,47,72,"(7, 47, 72)",idx0:7_idx1:47_idx2:72,chd_conf_headgr,0.0,0.0
5374,7,47,73,"(7, 47, 73)",idx0:7_idx1:47_idx2:73,chd_conf_headgr,0.0,0.0
5375,7,47,74,"(7, 47, 74)",idx0:7_idx1:47_idx2:74,chd_conf_headgr,0.0,0.0
5376,7,47,75,"(7, 47, 75)",idx0:7_idx1:47_idx2:75,chd_conf_headgr,0.0,0.0
5377,7,47,76,"(7, 47, 76)",idx0:7_idx1:47_idx2:76,chd_conf_headgr,0.0,0.0
5378,7,47,77,"(7, 47, 77)",idx0:7_idx1:47_idx2:77,chd_conf_headgr,0.0,0.0
5379,7,47,78,"(7, 47, 78)",idx0:7_idx1:47_idx2:78,chd_conf_headgr,0.0,0.0
5380,7,47,79,"(7, 47, 79)",idx0:7_idx1:47_idx2:79,chd_conf_headgr,0.0,0.0
5381,7,47,80,"(7, 47, 80)",idx0:7_idx1:47_idx2:80,chd_conf_headgr,0.0,0.0
5382,7,47,81,"(7, 47, 81)",idx0:7_idx1:47_idx2:81,chd_conf_headgr,0.0,0.0
5383,7,47,82,"(7, 47, 82)",idx0:7_idx1:47_idx2:82,chd_conf_headgr,0.0,0.0
5384,7,47,83,"(7, 47, 83)",idx0:7_idx1:47_idx2:83,chd_conf_headgr,0.0,0.0
5385,7,47,84,"(7, 47, 84)",idx0:7_idx1:47_idx2:84,chd_conf_headgr,0.0,0.0
5386,7,47,85,"(7, 47, 85)",idx0:7_idx1:47_idx2:85,chd_conf_headgr,0.0,0.0
5387,7,47,86,"(7, 47, 86)",idx0:7_idx1:47_idx2:86,chd_conf_headgr,0.0,0.0
5388,7,47,87,"(7, 47, 87)",idx0:7_idx1:47_idx2:87,chd_conf_headgr,0.0,0.0
5389,7,47,88,"(7, 47, 88)",idx0:7_idx1:47_idx2:88,chd_conf_headgr,0.0,0.0
5390,7,47,89,"(7, 47, 89)",idx0:7_idx1:47_idx2:89,chd_conf_headgr,0.0,0.0
5391,7,47,90,"(7, 47, 90)",idx0:7_idx1:47_idx2:90,chd_conf_headgr,0.0,0.0
5392,7,47,91,"(7, 47, 91)",idx0:7_idx1:47_idx2:91,chd_conf_headgr,0.0,0.0
5393,7,47,92,"(7, 47, 92)",idx0:7_idx1:47_idx2:92,chd_conf_headgr,0.0,0.0
5394,7,47,93,"(7, 47, 93)",idx0:7_idx1:47_idx2:93,chd_conf_headgr,0.0,0.0
5395,7,47,94,"(7, 47, 94)",idx0:7_idx1:47_idx2:94,chd_conf_headgr,0.0,0.0
5396,7,47,95,"(7, 47, 95)",idx0:7_idx1:47_idx2:95,chd_conf_headgr,0.0,0.0
5397,7,47,96,"(7, 47, 96)",idx0:7_idx1:47_idx2:96,chd_conf_headgr,0.0,0.0
5398,7,47,97,"(7, 47, 97)",idx0:7_idx1:47_idx2:97,chd_conf_headgr,0.0,0.0
5399,7,47,98,"(7, 47, 98)",idx0:7_idx1:47_idx2:98,chd_conf_headgr,0.0,0.0
5400,7,47,99,"(7, 47, 99)",idx0:7_idx1:47_idx2:99,chd_conf_headgr,0.0,0.0
5401,7,47,100,"(7, 47, 100)",idx0:7_idx1:47_idx2:100,chd_conf_headgr,0.0,0.0
5402,7,47,101,"(7, 47, 101)",idx0:7_idx1:47_idx2:101,chd_conf_headgr,0.0,0.0
5403,7,47,102,"(7, 47, 102)",idx0:7_idx1:47_idx2:102,chd_conf_headgr,0.0,0.0
5404,7,47,103,"(7, 47, 103)",idx0:7_idx1:47_idx2:103,chd_conf_headgr,0.0,0.0
5405,7,47,104,"(7, 47, 104)",idx0:7_idx1:47_idx2:104,chd_conf_headgr,0.0,0.0
5406,7,47,144,"(7, 47, 144)",idx0:7_idx1:47_idx2:144,chd_conf_headgr,0.0,0.0
5407,7,47,145,"(7, 47, 145)",idx0:7_idx1:47_idx2:145,chd_conf_headgr,0.0,0.0
5408,7,47,146,"(7, 47, 146)",idx0:7_idx1:47_idx2:146,chd_conf_headgr,0.0,0.0
5409,7,47,147,"(7, 47, 147)",idx0:7_idx1:47_idx2:147,chd_conf_headgr,0.0,0.0
5410,7,47,148,"(7, 47, 148)",idx0:7_idx1:47_idx2:148,chd_conf_headgr,0.0,0.0
5411,7,47,149,"(7, 47, 149)",idx0:7_idx1:47_idx2:149,chd_conf_headgr,0.0,0.0
5412,7,48,11,"(7, 48, 11)",idx0:7_idx1:48_idx2:11,chd_conf_headgr,0.0,0.0
5413,7,48,12,"(7, 48, 12)",idx0:7_idx1:48_idx2:12,chd_conf_headgr,0.0,0.0
5414,7,48,13,"(7, 48, 13)",idx0:7_idx1:48_idx2:13,chd_conf_headgr,0.0,0.0
5415,7,48,14,"(7, 48, 14)",idx0:7_idx1:48_idx2:14,chd_conf_headgr,0.0,0.0
5416,7,48,15,"(7, 48, 15)",idx0:7_idx1:48_idx2:15,chd_conf_headgr,0.0,0.0
5417,7,48,16,"(7, 48, 16)",idx0:7_idx1:48_idx2:16,chd_conf_headgr,0.0,0.0
5418,7,48,17,"(7, 48, 17)",idx0:7_idx1:48_idx2:17,chd_conf_headgr,0.0,0.0
5419,7,48,18,"(7, 48, 18)",idx0:7_idx1:48_idx2:18,chd_conf_headgr,0.0,0.0
5420,7,48,19,"(7, 48, 19)",idx0:7_idx1:48_idx2:19,chd_conf_headgr,0.0,0.0
5421,7,48,20,"(7, 48, 20)",idx0:7_idx1:48_idx2:20,chd_conf_headgr,0.0,0.0
5422,7,48,21,"(7, 48, 21)",idx0:7_idx1:48_idx2:21,chd_conf_headgr,0.0,0.0
5423,7,48,22,"(7, 48, 22)",idx0:7_idx1:48_idx2:22,chd_conf_headgr,0.0,0.0
5424,7,48,23,"(7, 48, 23)",idx0:7_idx1:48_idx2:23,chd_conf_headgr,0.0,0.0
5425,7,48,24,"(7, 48, 24)",idx0:7_idx1:48_idx2:24,chd_conf_headgr,0.0,0.0
5426,7,48,25,"(7, 48, 25)",idx0:7_idx1:48_idx2:25,chd_conf_headgr,0.0,0.0
5427,7,48,26,"(7, 48, 26)",idx0:7_idx1:48_idx2:26,chd_conf_headgr,0.0,0.0
5428,7,48,27,"(7, 48, 27)",idx0:7_idx1:48_idx2:27,chd_conf_headgr,0.0,0.0
5429,7,48,28,"(7, 48, 28)",idx0:7_idx1:48_idx2:28,chd_conf_headgr,0.0,0.0
5430,7,48,29,"(7, 48, 29)",idx0:7_idx1:48_idx2:29,chd_conf_headgr,0.0,0.0
5431,7,48,30,"(7, 48, 30)",idx0:7_idx1:48_idx2:30,chd_conf_headgr,0.0,0.0
5432,7,48,31,"(7, 48, 31)",idx0:7_idx1:48_idx2:31,chd_conf_headgr,0.0,0.0
5433,7,48,32,"(7, 48, 32)",idx0:7_idx1:48_idx2:32,chd_conf_headgr,0.0,0.0
5434,7,48,33,"(7, 48, 33)",idx0:7_idx1:48_idx2:33,chd_conf_headgr,0.0,0.0
5435,7,48,34,"(7, 48, 34)",idx0:7_idx1:48_idx2:34,chd_conf_headgr,0.0,0.0
5436,7,48,35,"(7, 48, 35)",idx0:7_idx1:48_idx2:35,chd_conf_headgr,0.0,0.0
5437,7,48,36,"(7, 48, 36)",idx0:7_idx1:48_idx2:36,chd_conf_headgr,0.0,0.0
5438,7,48,37,"(7, 48, 37)",idx0:7_idx1:48_idx2:37,chd_conf_headgr,0.0,0.0
5439,7,48,38,"(7, 48, 38)",idx0:7_idx1:48_idx2:38,chd_conf_headgr,0.0,0.0
5440,7,48,39,"(7, 48, 39)",idx0:7_idx1:48_idx2:39,chd_conf_headgr,0.0,0.0
5441,7,48,40,"(7, 48, 40)",idx0:7_idx1:48_idx2:40,chd_conf_headgr,0.0,0.0
5442,7,48,41,"(7, 48, 41)",idx0:7_idx1:48_idx2:41,chd_conf_headgr,0.0,0.0
5443,7,48,42,"(7, 48, 42)",idx0:7_idx1:48_idx2:42,chd_conf_headgr,0.0,0.0
5444,7,48,43,"(7, 48, 43)",idx0:7_idx1:48_idx2:43,chd_conf_headgr,0.0,0.0
5445,7,48,44,"(7, 48, 44)",idx0:7_idx1:48_idx2:44,chd_conf_headgr,0.0,0.0
5446,7,48,45,"(7, 48, 45)",idx0:7_idx1:48_idx2:45,chd_conf_headgr,0.0,0.0
5447,7,48,46,"(7, 48, 46)",idx0:7_idx1:48_idx2:46,chd_conf_headgr,0.0,0.0
5448,7,48,47,"(7, 48, 47)",idx0:7_idx1:48_idx2:47,chd_conf_headgr,0.0,0.0
5449,7,48,48,"(7, 48, 48)",idx0:7_idx1:48_idx2:48,chd_conf_headgr,0.0,0.0
5450,7,48,49,"(7, 48, 49)",idx0:7_idx1:48_idx2:49,chd_conf_headgr,0.0,0.0
5451,7,48,50,"(7, 48, 50)",idx0:7_idx1:48_idx2:50,chd_conf_headgr,0.0,0.0
5452,7,48,51,"(7, 48, 51)",idx0:7_idx1:48_idx2:51,chd_conf_headgr,0.0,0.0
5453,7,48,52,"(7, 48, 52)",idx0:7_idx1:48_idx2:52,chd_conf_headgr,0.0,0.0
5454,7,48,53,"(7, 48, 53)",idx0:7_idx1:48_idx2:53,chd_conf_headgr,0.0,0.0
5455,7,48,54,"(7, 48, 54)",idx0:7_idx1:48_idx2:54,chd_conf_headgr,0.0,0.0
5456,7,48,55,"(7, 48, 55)",idx0:7_idx1:48_idx2:55,chd_conf_headgr,0.0,0.0
5457,7,48,56,"(7, 48, 56)",idx0:7_idx1:48_idx2:56,chd_conf_headgr,0.0,0.0
5458,7,48,57,"(7, 48, 57)",idx0:7_idx1:48_idx2:57,chd_conf_headgr,0.0,0.0
5459,7,48,58,"(7, 48, 58)",idx0:7_idx1:48_idx2:58,chd_conf_headgr,0.0,0.0
5460,7,48,59,"(7, 48, 59)",idx0:7_idx1:48_idx2:59,chd_conf_headgr,0.0,0.0
5461,7,48,60,"(7, 48, 60)",idx0:7_idx1:48_idx2:60,chd_conf_headgr,0.0,0.0
5462,7,48,61,"(7, 48, 61)",idx0:7_idx1:48_idx2:61,chd_conf_headgr,0.0,0.0
5463,7,48,62,"(7, 48, 62)",idx0:7_idx1:48_idx2:62,chd_conf_headgr,0.0,0.0
5464,7,48,63,"(7, 48, 63)",idx0:7_idx1:48_idx2:63,chd_conf_headgr,0.0,0.0
5465,7,48,64,"(7, 48, 64)",idx0:7_idx1:48_idx2:64,chd_conf_headgr,0.0,0.0
5466,7,48,65,"(7, 48, 65)",idx0:7_idx1:48_idx2:65,chd_conf_headgr,0.0,0.0
5467,7,48,66,"(7, 48, 66)",idx0:7_idx1:48_idx2:66,chd_conf_headgr,0.0,0.0
5468,7,48,67,"(7, 48, 67)",idx0:7_idx1:48_idx2:67,chd_conf_headgr,0.0,0.0
5469,7,48,68,"(7, 48, 68)",idx0:7_idx1:48_idx2:68,chd_conf_headgr,0.0,0.0
5470,7,48,69,"(7, 48, 69)",idx0:7_idx1:48_idx2:69,chd_conf_headgr,0.0,0.0
5471,7,48,70,"(7, 48, 70)",idx0:7_idx1:48_idx2:70,chd_conf_headgr,0.0,0.0
5472,7,48,71,"(7, 48, 71)",idx0:7_idx1:48_idx2:71,chd_conf_headgr,0.0,0.0
5473,7,48,72,"(7, 48, 72)",idx0:7_idx1:48_idx2:72,chd_conf_headgr,0.0,0.0
5474,7,48,73,"(7, 48, 73)",idx0:7_idx1:48_idx2:73,chd_conf_headgr,0.0,0.0
5475,7,48,74,"(7, 48, 74)",idx0:7_idx1:48_idx2:74,chd_conf_headgr,0.0,0.0
5476,7,48,75,"(7, 48, 75)",idx0:7_idx1:48_idx2:75,chd_conf_headgr,0.0,0.0
5477,7,48,76,"(7, 48, 76)",idx0:7_idx1:48_idx2:76,chd_conf_headgr,0.0,0.0
5478,7,48,77,"(7, 48, 77)",idx0:7_idx1:48_idx2:77,chd_conf_headgr,0.0,0.0
5479,7,48,78,"(7, 48, 78)",idx0:7_idx1:48_idx2:78,chd_conf_headgr,0.0,0.0
5480,7,48,79,"(7, 48, 79)",idx0:7_idx1:48_idx2:79,chd_conf_headgr,0.0,0.0
5481,7,48,80,"(7, 48, 80)",idx0:7_idx1:48_idx2:80,chd_conf_headgr,0.0,0.0
5482,7,48,81,"(7, 48, 81)",idx0:7_idx1:48_idx2:81,chd_conf_headgr,0.0,0.0
5483,7,48,82,"(7, 48, 82)",idx0:7_idx1:48_idx2:82,chd_conf_headgr,0.0,0.0
5484,7,48,83,"(7, 48, 83)",idx0:7_idx1:48_idx2:83,chd_conf_headgr,0.0,0.0
5485,7,48,84,"(7, 48, 84)",idx0:7_idx1:48_idx2:84,chd_conf_headgr,0.0,0.0
5486,7,48,85,"(7, 48, 85)",idx0:7_idx1:48_idx2:85,chd_conf_headgr,0.0,0.0
5487,7,48,86,"(7, 48, 86)",idx0:7_idx1:48_idx2:86,chd_conf_headgr,0.0,0.0
5488,7,48,87,"(7, 48, 87)",idx0:7_idx1:48_idx2:87,chd_conf_headgr,0.0,0.0
5489,7,48,88,"(7, 48, 88)",idx0:7_idx1:48_idx2:88,chd_conf_headgr,0.0,0.0
5490,7,48,89,"(7, 48, 89)",idx0:7_idx1:48_idx2:89,chd_conf_headgr,0.0,0.0
5491,7,48,90,"(7, 48, 90)",idx0:7_idx1:48_idx2:90,chd_conf_headgr,0.0,0.0
5492,7,48,91,"(7, 48, 91)",idx0:7_idx1:48_idx2:91,chd_conf_headgr,0.0,0.0
5493,7,48,92,"(7, 48, 92)",idx0:7_idx1:48_idx2:92,chd_conf_headgr,0.0,0.0
5494,7,48,93,"(7, 48, 93)",idx0:7_idx1:48_idx2:93,chd_conf_headgr,0.0,0.0
5495,7,48,94,"(7, 48, 94)",idx0:7_idx1:48_idx2:94,chd_conf_headgr,0.0,0.0
5496,7,48,95,"(7, 48, 95)",idx0:7_idx1:48_idx2:95,chd_conf_headgr,0.0,0.0
5497,7,48,96,"(7, 48, 96)",idx0:7_idx1:48_idx2:96,chd_conf_headgr,0.0,0.0
5498,7,48,97,"(7, 48, 97)",idx0:7_idx1:48_idx2:97,chd_conf_headgr,0.0,0.0
5499,7,48,98,"(7, 48, 98)",idx0:7_idx1:48_idx2:98,chd_conf_headgr,0.0,0.0
5500,7,48,99,"(7, 48, 99)",idx0:7_idx1:48_idx2:99,chd_conf_headgr,0.0,0.0
5501,7,48,100,"(7, 48, 100)",idx0:7_idx1:48_idx2:100,chd_conf_headgr,0.0,0.0
5502,7,48,101,"(7, 48, 101)",idx0:7_idx1:48_idx2:101,chd_conf_headgr,0.0,0.0
5503,7,48,102,"(7, 48, 102)",idx0:7_idx1:48_idx2:102,chd_conf_headgr,0.0,0.0
5504,7,48,103,"(7, 48, 103)",idx0:7_idx1:48_idx2:103,chd_conf_headgr,0.0,0.0
5505,7,48,104,"(7, 48, 104)",idx0:7_idx1:48_idx2:104,chd_conf_headgr,0.0,0.0
5506,7,48,147,"(7, 48, 147)",idx0:7_idx1:48_idx2:147,chd_conf_headgr,0.0,0.0
5507,7,48,148,"(7, 48, 148)",idx0:7_idx1:48_idx2:148,chd_conf_headgr,0.0,0.0
5508,7,48,149,"(7, 48, 149)",idx0:7_idx1:48_idx2:149,chd_conf_headgr,0.0,0.0
5509,7,49,10,"(7, 49, 10)",idx0:7_idx1:49_idx2:10,chd_conf_headgr,0.0,0.0
5510,7,49,11,"(7, 49, 11)",idx0:7_idx1:49_idx2:11,chd_conf_headgr,0.0,0.0
5511,7,49,12,"(7, 49, 12)",idx0:7_idx1:49_idx2:12,chd_conf_headgr,0.0,0.0
5512,7,49,13,"(7, 49, 13)",idx0:7_idx1:49_idx2:13,chd_conf_headgr,0.0,0.0
5513,7,49,14,"(7, 49, 14)",idx0:7_idx1:49_idx2:14,chd_conf_headgr,0.0,0.0
5514,7,49,15,"(7, 49, 15)",idx0:7_idx1:49_idx2:15,chd_conf_headgr,0.0,0.0
5515,7,49,16,"(7, 49, 16)",idx0:7_idx1:49_idx2:16,chd_conf_headgr,0.0,0.0
5516,7,49,17,"(7, 49, 17)",idx0:7_idx1:49_idx2:17,chd_conf_headgr,0.0,0.0
5517,7,49,18,"(7, 49, 18)",idx0:7_idx1:49_idx2:18,chd_conf_headgr,0.0,0.0
5518,7,49,19,"(7, 49, 19)",idx0:7_idx1:49_idx2:19,chd_conf_headgr,0.0,0.0
5519,7,49,20,"(7, 49, 20)",idx0:7_idx1:49_idx2:20,chd_conf_headgr,0.0,0.0
5520,7,49,21,"(7, 49, 21)",idx0:7_idx1:49_idx2:21,chd_conf_headgr,0.0,0.0
5521,7,49,22,"(7, 49, 22)",idx0:7_idx1:49_idx2:22,chd_conf_headgr,0.0,0.0
5522,7,49,23,"(7, 49, 23)",idx0:7_idx1:49_idx2:23,chd_conf_headgr,0.0,0.0
5523,7,49,24,"(7, 49, 24)",idx0:7_idx1:49_idx2:24,chd_conf_headgr,0.0,0.0
5524,7,49,25,"(7, 49, 25)",idx0:7_idx1:49_idx2:25,chd_conf_headgr,0.0,0.0
5525,7,49,26,"(7, 49, 26)",idx0:7_idx1:49_idx2:26,chd_conf_headgr,0.0,0.0
5526,7,49,27,"(7, 49, 27)",idx0:7_idx1:49_idx2:27,chd_conf_headgr,0.0,0.0
5527,7,49,28,"(7, 49, 28)",idx0:7_idx1:49_idx2:28,chd_conf_headgr,0.0,0.0
5528,7,49,29,"(7, 49, 29)",idx0:7_idx1:49_idx2:29,chd_conf_headgr,0.0,0.0
5529,7,49,30,"(7, 49, 30)",idx0:7_idx1:49_idx2:30,chd_conf_headgr,0.0,0.0
5530,7,49,31,"(7, 49, 31)",idx0:7_idx1:49_idx2:31,chd_conf_headgr,0.0,0.0
5531,7,49,32,"(7, 49, 32)",idx0:7_idx1:49_idx2:32,chd_conf_headgr,0.0,0.0
5532,7,49,33,"(7, 49, 33)",idx0:7_idx1:49_idx2:33,chd_conf_headgr,0.0,0.0
5533,7,49,34,"(7, 49, 34)",idx0:7_idx1:49_idx2:34,chd_conf_headgr,0.0,0.0
5534,7,49,35,"(7, 49, 35)",idx0:7_idx1:49_idx2:35,chd_conf_headgr,0.0,0.0
5535,7,49,36,"(7, 49, 36)",idx0:7_idx1:49_idx2:36,chd_conf_headgr,0.0,0.0
5536,7,49,37,"(7, 49, 37)",idx0:7_idx1:49_idx2:37,chd_conf_headgr,0.0,0.0
5537,7,49,38,"(7, 49, 38)",idx0:7_idx1:49_idx2:38,chd_conf_headgr,0.0,0.0
5538,7,49,39,"(7, 49, 39)",idx0:7_idx1:49_idx2:39,chd_conf_headgr,0.0,0.0
5539,7,49,40,"(7, 49, 40)",idx0:7_idx1:49_idx2:40,chd_conf_headgr,0.0,0.0
5540,7,49,41,"(7, 49, 41)",idx0:7_idx1:49_idx2:41,chd_conf_headgr,0.0,0.0
5541,7,49,42,"(7, 49, 42)",idx0:7_idx1:49_idx2:42,chd_conf_headgr,0.0,0.0
5542,7,49,43,"(7, 49, 43)",idx0:7_idx1:49_idx2:43,chd_conf_headgr,0.0,0.0
5543,7,49,44,"(7, 49, 44)",idx0:7_idx1:49_idx2:44,chd_conf_headgr,0.0,0.0
5544,7,49,45,"(7, 49, 45)",idx0:7_idx1:49_idx2:45,chd_conf_headgr,0.0,0.0
5545,7,49,46,"(7, 49, 46)",idx0:7_idx1:49_idx2:46,chd_conf_headgr,0.0,0.0
5546,7,49,47,"(7, 49, 47)",idx0:7_idx1:49_idx2:47,chd_conf_headgr,0.0,0.0
5547,7,49,48,"(7, 49, 48)",idx0:7_idx1:49_idx2:48,chd_conf_headgr,0.0,0.0
5548,7,49,49,"(7, 49, 49)",idx0:7_idx1:49_idx2:49,chd_conf_headgr,0.0,0.0
5549,7,49,50,"(7, 49, 50)",idx0:7_idx1:49_idx2:50,chd_conf_headgr,0.0,0.0
5550,7,49,51,"(7, 49, 51)",idx0:7_idx1:49_idx2:51,chd_conf_headgr,0.0,0.0
5551,7,49,52,"(7, 49, 52)",idx0:7_idx1:49_idx2:52,chd_conf_headgr,0.0,0.0
5552,7,49,53,"(7, 49, 53)",idx0:7_idx1:49_idx2:53,chd_conf_headgr,0.0,0.0
5553,7,49,54,"(7, 49, 54)",idx0:7_idx1:49_idx2:54,chd_conf_headgr,0.0,0.0
5554,7,49,55,"(7, 49, 55)",idx0:7_idx1:49_idx2:55,chd_conf_headgr,0.0,0.0
5555,7,49,56,"(7, 49, 56)",idx0:7_idx1:49_idx2:56,chd_conf_headgr,0.0,0.0
5556,7,49,57,"(7, 49, 57)",idx0:7_idx1:49_idx2:57,chd_conf_headgr,0.0,0.0
5557,7,49,58,"(7, 49, 58)",idx0:7_idx1:49_idx2:58,chd_conf_headgr,0.0,0.0
5558,7,49,59,"(7, 49, 59)",idx0:7_idx1:49_idx2:59,chd_conf_headgr,0.0,0.0
5559,7,49,60,"(7, 49, 60)",idx0:7_idx1:49_idx2:60,chd_conf_headgr,0.0,0.0
5560,7,49,61,"(7, 49, 61)",idx0:7_idx1:49_idx2:61,chd_conf_headgr,0.0,0.0
5561,7,49,62,"(7, 49, 62)",idx0:7_idx1:49_idx2:62,chd_conf_headgr,0.0,0.0
5562,7,49,63,"(7, 49, 63)",idx0:7_idx1:49_idx2:63,chd_conf_headgr,0.0,0.0
5563,7,49,64,"(7, 49, 64)",idx0:7_idx1:49_idx2:64,chd_conf_headgr,0.0,0.0
5564,7,49,65,"(7, 49, 65)",idx0:7_idx1:49_idx2:65,chd_conf_headgr,0.0,0.0
5565,7,49,66,"(7, 49, 66)",idx0:7_idx1:49_idx2:66,chd_conf_headgr,0.0,0.0
5566,7,49,67,"(7, 49, 67)",idx0:7_idx1:49_idx2:67,chd_conf_headgr,0.0,0.0
5567,7,49,68,"(7, 49, 68)",idx0:7_idx1:49_idx2:68,chd_conf_headgr,0.0,0.0
5568,7,49,69,"(7, 49, 69)",idx0:7_idx1:49_idx2:69,chd_conf_headgr,0.0,0.0
5569,7,49,70,"(7, 49, 70)",idx0:7_idx1:49_idx2:70,chd_conf_headgr,0.0,0.0
5570,7,49,71,"(7, 49, 71)",idx0:7_idx1:49_idx2:71,chd_conf_headgr,0.0,0.0
5571,7,49,72,"(7, 49, 72)",idx0:7_idx1:49_idx2:72,chd_conf_headgr,0.0,0.0
5572,7,49,73,"(7, 49, 73)",idx0:7_idx1:49_idx2:73,chd_conf_headgr,0.0,0.0
5573,7,49,74,"(7, 49, 74)",idx0:7_idx1:49_idx2:74,chd_conf_headgr,0.0,0.0
5574,7,49,75,"(7, 49, 75)",idx0:7_idx1:49_idx2:75,chd_conf_headgr,0.0,0.0
5575,7,49,76,"(7, 49, 76)",idx0:7_idx1:49_idx2:76,chd_conf_headgr,0.0,0.0
5576,7,49,77,"(7, 49, 77)",idx0:7_idx1:49_idx2:77,chd_conf_headgr,0.0,0.0
5577,7,49,78,"(7, 49, 78)",idx0:7_idx1:49_idx2:78,chd_conf_headgr,0.0,0.0
5578,7,49,79,"(7, 49, 79)",idx0:7_idx1:49_idx2:79,chd_conf_headgr,0.0,0.0
5579,7,49,80,"(7, 49, 80)",idx0:7_idx1:49_idx2:80,chd_conf_headgr,0.0,0.0
5580,7,49,81,"(7, 49, 81)",idx0:7_idx1:49_idx2:81,chd_conf_headgr,0.0,0.0
5581,7,49,82,"(7, 49, 82)",idx0:7_idx1:49_idx2:82,chd_conf_headgr,0.0,0.0
5582,7,49,83,"(7, 49, 83)",idx0:7_idx1:49_idx2:83,chd_conf_headgr,0.0,0.0
5583,7,49,84,"(7, 49, 84)",idx0:7_idx1:49_idx2:84,chd_conf_headgr,0.0,0.0
5584,7,49,85,"(7, 49, 85)",idx0:7_idx1:49_idx2:85,chd_conf_headgr,0.0,0.0
5585,7,49,86,"(7, 49, 86)",idx0:7_idx1:49_idx2:86,chd_conf_headgr,0.0,0.0
5586,7,49,87,"(7, 49, 87)",idx0:7_idx1:49_idx2:87,chd_conf_headgr,0.0,0.0
5587,7,49,88,"(7, 49, 88)",idx0:7_idx1:49_idx2:88,chd_conf_headgr,0.0,0.0
5588,7,49,89,"(7, 49, 89)",idx0:7_idx1:49_idx2:89,chd_conf_headgr,0.0,0.0
5589,7,49,90,"(7, 49, 90)",idx0:7_idx1:49_idx2:90,chd_conf_headgr,0.0,0.0
5590,7,49,91,"(7, 49, 91)",idx0:7_idx1:49_idx2:91,chd_conf_headgr,0.0,0.0
5591,7,49,92,"(7, 49, 92)",idx0:7_idx1:49_idx2:92,chd_conf_headgr,0.0,0.0
5592,7,49,93,"(7, 49, 93)",idx0:7_idx1:49_idx2:93,chd_conf_headgr,0.0,0.0
5593,7,49,94,"(7, 49, 94)",idx0:7_idx1:49_idx2:94,chd_conf_headgr,0.0,0.0
5594,7,49,95,"(7, 49, 95)",idx0:7_idx1:49_idx2:95,chd_conf_headgr,0.0,0.0
5595,7,49,96,"(7, 49, 96)",idx0:7_idx1:49_idx2:96,chd_conf_headgr,0.0,0.0
5596,7,49,97,"(7, 49, 97)",idx0:7_idx1:49_idx2:97,chd_conf_headgr,0.0,0.0
5597,7,49,98,"(7, 49, 98)",idx0:7_idx1:49_idx2:98,chd_conf_headgr,0.0,0.0
5598,7,49,99,"(7, 49, 99)",idx0:7_idx1:49_idx2:99,chd_conf_headgr,0.0,0.0
5599,7,49,100,"(7, 49, 100)",idx0:7_idx1:49_idx2:100,chd_conf_headgr,0.0,0.0
5600,7,49,101,"(7, 49, 101)",idx0:7_idx1:49_idx2:101,chd_conf_headgr,0.0,0.0
5601,7,49,102,"(7, 49, 102)",idx0:7_idx1:49_idx2:102,chd_conf_headgr,0.0,0.0
5602,7,49,103,"(7, 49, 103)",idx0:7_idx1:49_idx2:103,chd_conf_headgr,0.0,0.0
5603,7,50,10,"(7, 50, 10)",idx0:7_idx1:50_idx2:10,chd_conf_headgr,0.0,0.0
5604,7,50,11,"(7, 50, 11)",idx0:7_idx1:50_idx2:11,chd_conf_headgr,0.0,0.0
5605,7,50,12,"(7, 50, 12)",idx0:7_idx1:50_idx2:12,chd_conf_headgr,0.0,0.0
5606,7,50,13,"(7, 50, 13)",idx0:7_idx1:50_idx2:13,chd_conf_headgr,0.0,0.0
5607,7,50,14,"(7, 50, 14)",idx0:7_idx1:50_idx2:14,chd_conf_headgr,0.0,0.0
5608,7,50,15,"(7, 50, 15)",idx0:7_idx1:50_idx2:15,chd_conf_headgr,0.0,0.0
5609,7,50,16,"(7, 50, 16)",idx0:7_idx1:50_idx2:16,chd_conf_headgr,0.0,0.0
5610,7,50,17,"(7, 50, 17)",idx0:7_idx1:50_idx2:17,chd_conf_headgr,0.0,0.0
5611,7,50,18,"(7, 50, 18)",idx0:7_idx1:50_idx2:18,chd_conf_headgr,0.0,0.0
5612,7,50,19,"(7, 50, 19)",idx0:7_idx1:50_idx2:19,chd_conf_headgr,0.0,0.0
5613,7,50,20,"(7, 50, 20)",idx0:7_idx1:50_idx2:20,chd_conf_headgr,0.0,0.0
5614,7,50,21,"(7, 50, 21)",idx0:7_idx1:50_idx2:21,chd_conf_headgr,0.0,0.0
5615,7,50,22,"(7, 50, 22)",idx0:7_idx1:50_idx2:22,chd_conf_headgr,0.0,0.0
5616,7,50,23,"(7, 50, 23)",idx0:7_idx1:50_idx2:23,chd_conf_headgr,0.0,0.0
5617,7,50,24,"(7, 50, 24)",idx0:7_idx1:50_idx2:24,chd_conf_headgr,0.0,0.0
5618,7,50,25,"(7, 50, 25)",idx0:7_idx1:50_idx2:25,chd_conf_headgr,0.0,0.0
5619,7,50,26,"(7, 50, 26)",idx0:7_idx1:50_idx2:26,chd_conf_headgr,0.0,0.0
5620,7,50,27,"(7, 50, 27)",idx0:7_idx1:50_idx2:27,chd_conf_headgr,0.0,0.0
5621,7,50,28,"(7, 50, 28)",idx0:7_idx1:50_idx2:28,chd_conf_headgr,0.0,0.0
5622,7,50,29,"(7, 50, 29)",idx0:7_idx1:50_idx2:29,chd_conf_headgr,0.0,0.0
5623,7,50,30,"(7, 50, 30)",idx0:7_idx1:50_idx2:30,chd_conf_headgr,0.0,0.0
5624,7,50,31,"(7, 50, 31)",idx0:7_idx1:50_idx2:31,chd_conf_headgr,0.0,0.0
5625,7,50,32,"(7, 50, 32)",idx0:7_idx1:50_idx2:32,chd_conf_headgr,0.0,0.0
5626,7,50,33,"(7, 50, 33)",idx0:7_idx1:50_idx2:33,chd_conf_headgr,0.0,0.0
5627,7,50,34,"(7, 50, 34)",idx0:7_idx1:50_idx2:34,chd_conf_headgr,0.0,0.0
5628,7,50,35,"(7, 50, 35)",idx0:7_idx1:50_idx2:35,chd_conf_headgr,0.0,0.0
5629,7,50,36,"(7, 50, 36)",idx0:7_idx1:50_idx2:36,chd_conf_headgr,0.0,0.0
5630,7,50,37,"(7, 50, 37)",idx0:7_idx1:50_idx2:37,chd_conf_headgr,0.0,0.0
5631,7,50,38,"(7, 50, 38)",idx0:7_idx1:50_idx2:38,chd_conf_headgr,0.0,0.0
5632,7,50,39,"(7, 50, 39)",idx0:7_idx1:50_idx2:39,chd_conf_headgr,0.0,0.0
5633,7,50,40,"(7, 50, 40)",idx0:7_idx1:50_idx2:40,chd_conf_headgr,0.0,0.0
5634,7,50,41,"(7, 50, 41)",idx0:7_idx1:50_idx2:41,chd_conf_headgr,0.0,0.0
5635,7,50,42,"(7, 50, 42)",idx0:7_idx1:50_idx2:42,chd_conf_headgr,0.0,0.0
5636,7,50,43,"(7, 50, 43)",idx0:7_idx1:50_idx2:43,chd_conf_headgr,0.0,0.0
5637,7,50,44,"(7, 50, 44)",idx0:7_idx1:50_idx2:44,chd_conf_headgr,0.0,0.0
5638,7,50,45,"(7, 50, 45)",idx0:7_idx1:50_idx2:45,chd_conf_headgr,0.0,0.0
5639,7,50,46,"(7, 50, 46)",idx0:7_idx1:50_idx2:46,chd_conf_headgr,0.0,0.0
5640,7,50,47,"(7, 50, 47)",idx0:7_idx1:50_idx2:47,chd_conf_headgr,0.0,0.0
5641,7,50,48,"(7, 50, 48)",idx0:7_idx1:50_idx2:48,chd_conf_headgr,0.0,0.0
5642,7,50,49,"(7, 50, 49)",idx0:7_idx1:50_idx2:49,chd_conf_headgr,0.0,0.0
5643,7,50,50,"(7, 50, 50)",idx0:7_idx1:50_idx2:50,chd_conf_headgr,0.0,0.0
5644,7,50,51,"(7, 50, 51)",idx0:7_idx1:50_idx2:51,chd_conf_headgr,0.0,0.0
5645,7,50,52,"(7, 50, 52)",idx0:7_idx1:50_idx2:52,chd_conf_headgr,0.0,0.0
5646,7,50,53,"(7, 50, 53)",idx0:7_idx1:50_idx2:53,chd_conf_headgr,0.0,0.0
5647,7,50,54,"(7, 50, 54)",idx0:7_idx1:50_idx2:54,chd_conf_headgr,0.0,0.0
5648,7,50,55,"(7, 50, 55)",idx0:7_idx1:50_idx2:55,chd_conf_headgr,0.0,0.0
5649,7,50,56,"(7, 50, 56)",idx0:7_idx1:50_idx2:56,chd_conf_headgr,0.0,0.0
5650,7,50,57,"(7, 50, 57)",idx0:7_idx1:50_idx2:57,chd_conf_headgr,0.0,0.0
5651,7,50,58,"(7, 50, 58)",idx0:7_idx1:50_idx2:58,chd_conf_headgr,0.0,0.0
5652,7,50,59,"(7, 50, 59)",idx0:7_idx1:50_idx2:59,chd_conf_headgr,0.0,0.0
5653,7,50,60,"(7, 50, 60)",idx0:7_idx1:50_idx2:60,chd_conf_headgr,0.0,0.0
5654,7,50,61,"(7, 50, 61)",idx0:7_idx1:50_idx2:61,chd_conf_headgr,0.0,0.0
5655,7,50,62,"(7, 50, 62)",idx0:7_idx1:50_idx2:62,chd_conf_headgr,0.0,0.0
5656,7,50,63,"(7, 50, 63)",idx0:7_idx1:50_idx2:63,chd_conf_headgr,0.0,0.0
5657,7,50,64,"(7, 50, 64)",idx0:7_idx1:50_idx2:64,chd_conf_headgr,0.0,0.0
5658,7,50,65,"(7, 50, 65)",idx0:7_idx1:50_idx2:65,chd_conf_headgr,0.0,0.0
5659,7,50,66,"(7, 50, 66)",idx0:7_idx1:50_idx2:66,chd_conf_headgr,0.0,0.0
5660,7,50,67,"(7, 50, 67)",idx0:7_idx1:50_idx2:67,chd_conf_headgr,0.0,0.0
5661,7,50,68,"(7, 50, 68)",idx0:7_idx1:50_idx2:68,chd_conf_headgr,0.0,0.0
5662,7,50,69,"(7, 50, 69)",idx0:7_idx1:50_idx2:69,chd_conf_headgr,0.0,0.0
5663,7,50,70,"(7, 50, 70)",idx0:7_idx1:50_idx2:70,chd_conf_headgr,0.0,0.0
5664,7,50,71,"(7, 50, 71)",idx0:7_idx1:50_idx2:71,chd_conf_headgr,0.0,0.0
5665,7,50,72,"(7, 50, 72)",idx0:7_idx1:50_idx2:72,chd_conf_headgr,0.0,0.0
5666,7,50,73,"(7, 50, 73)",idx0:7_idx1:50_idx2:73,chd_conf_headgr,0.0,0.0
5667,7,50,74,"(7, 50, 74)",idx0:7_idx1:50_idx2:74,chd_conf_headgr,0.0,0.0
5668,7,50,75,"(7, 50, 75)",idx0:7_idx1:50_idx2:75,chd_conf_headgr,0.0,0.0
5669,7,50,76,"(7, 50, 76)",idx0:7_idx1:50_idx2:76,chd_conf_headgr,0.0,0.0
5670,7,50,77,"(7, 50, 77)",idx0:7_idx1:50_idx2:77,chd_conf_headgr,0.0,0.0
5671,7,50,78,"(7, 50, 78)",idx0:7_idx1:50_idx2:78,chd_conf_headgr,0.0,0.0
5672,7,50,79,"(7, 50, 79)",idx0:7_idx1:50_idx2:79,chd_conf_headgr,0.0,0.0
5673,7,50,80,"(7, 50, 80)",idx0:7_idx1:50_idx2:80,chd_conf_headgr,0.0,0.0
5674,7,50,81,"(7, 50, 81)",idx0:7_idx1:50_idx2:81,chd_conf_headgr,0.0,0.0
5675,7,50,82,"(7, 50, 82)",idx0:7_idx1:50_idx2:82,chd_conf_headgr,0.0,0.0
5676,7,50,83,"(7, 50, 83)",idx0:7_idx1:50_idx2:83,chd_conf_headgr,0.0,0.0
5677,7,50,84,"(7, 50, 84)",idx0:7_idx1:50_idx2:84,chd_conf_headgr,0.0,0.0
5678,7,50,85,"(7, 50, 85)",idx0:7_idx1:50_idx2:85,chd_conf_headgr,0.0,0.0
5679,7,50,86,"(7, 50, 86)",idx0:7_idx1:50_idx2:86,chd_conf_headgr,0.0,0.0
5680,7,50,87,"(7, 50, 87)",idx0:7_idx1:50_idx2:87,chd_conf_headgr,0.0,0.0
5681,7,50,88,"(7, 50, 88)",idx0:7_idx1:50_idx2:88,chd_conf_headgr,0.0,0.0
5682,7,50,89,"(7, 50, 89)",idx0:7_idx1:50_idx2:89,chd_conf_headgr,0.0,0.0
5683,7,50,90,"(7, 50, 90)",idx0:7_idx1:50_idx2:90,chd_conf_headgr,0.0,0.0
5684,7,50,91,"(7, 50, 91)",idx0:7_idx1:50_idx2:91,chd_conf_headgr,0.0,0.0
5685,7,50,92,"(7, 50, 92)",idx0:7_idx1:50_idx2:92,chd_conf_headgr,0.0,0.0
5686,7,50,93,"(7, 50, 93)",idx0:7_idx1:50_idx2:93,chd_conf_headgr,0.0,0.0
5687,7,50,94,"(7, 50, 94)",idx0:7_idx1:50_idx2:94,chd_conf_headgr,0.0,0.0
5688,7,50,95,"(7, 50, 95)",idx0:7_idx1:50_idx2:95,chd_conf_headgr,0.0,0.0
5689,7,50,96,"(7, 50, 96)",idx0:7_idx1:50_idx2:96,chd_conf_headgr,0.0,0.0
5690,7,50,97,"(7, 50, 97)",idx0:7_idx1:50_idx2:97,chd_conf_headgr,0.0,0.0
5691,7,50,98,"(7, 50, 98)",idx0:7_idx1:50_idx2:98,chd_conf_headgr,0.0,0.0
5692,7,50,99,"(7, 50, 99)",idx0:7_idx1:50_idx2:99,chd_conf_headgr,0.0,0.0
5693,7,50,100,"(7, 50, 100)",idx0:7_idx1:50_idx2:100,chd_conf_headgr,0.0,0.0
5694,7,50,101,"(7, 50, 101)",idx0:7_idx1:50_idx2:101,chd_conf_headgr,0.0,0.0
5695,7,50,102,"(7, 50, 102)",idx0:7_idx1:50_idx2:102,chd_conf_headgr,0.0,0.0
5696,7,50,103,"(7, 50, 103)",idx0:7_idx1:50_idx2:103,chd_conf_headgr,0.0,0.0
5697,7,51,9,"(7, 51, 9)",idx0:7_idx1:51_idx2:9,chd_conf_headgr,0.0,0.0
5698,7,51,10,"(7, 51, 10)",idx0:7_idx1:51_idx2:10,chd_conf_headgr,0.0,0.0
5699,7,51,11,"(7, 51, 11)",idx0:7_idx1:51_idx2:11,chd_conf_headgr,0.0,0.0
5700,7,51,12,"(7, 51, 12)",idx0:7_idx1:51_idx2:12,chd_conf_headgr,0.0,0.0
5701,7,51,13,"(7, 51, 13)",idx0:7_idx1:51_idx2:13,chd_conf_headgr,0.0,0.0
5702,7,51,14,"(7, 51, 14)",idx0:7_idx1:51_idx2:14,chd_conf_headgr,0.0,0.0
5703,7,51,15,"(7, 51, 15)",idx0:7_idx1:51_idx2:15,chd_conf_headgr,0.0,0.0
5704,7,51,16,"(7, 51, 16)",idx0:7_idx1:51_idx2:16,chd_conf_headgr,0.0,0.0
5705,7,51,17,"(7, 51, 17)",idx0:7_idx1:51_idx2:17,chd_conf_headgr,0.0,0.0
5706,7,51,18,"(7, 51, 18)",idx0:7_idx1:51_idx2:18,chd_conf_headgr,0.0,0.0
5707,7,51,19,"(7, 51, 19)",idx0:7_idx1:51_idx2:19,chd_conf_headgr,0.0,0.0
5708,7,51,20,"(7, 51, 20)",idx0:7_idx1:51_idx2:20,chd_conf_headgr,0.0,0.0
5709,7,51,21,"(7, 51, 21)",idx0:7_idx1:51_idx2:21,chd_conf_headgr,0.0,0.0
5710,7,51,22,"(7, 51, 22)",idx0:7_idx1:51_idx2:22,chd_conf_headgr,0.0,0.0
5711,7,51,23,"(7, 51, 23)",idx0:7_idx1:51_idx2:23,chd_conf_headgr,0.0,0.0
5712,7,51,24,"(7, 51, 24)",idx0:7_idx1:51_idx2:24,chd_conf_headgr,0.0,0.0
5713,7,51,25,"(7, 51, 25)",idx0:7_idx1:51_idx2:25,chd_conf_headgr,0.0,0.0
5714,7,51,26,"(7, 51, 26)",idx0:7_idx1:51_idx2:26,chd_conf_headgr,0.0,0.0
5715,7,51,27,"(7, 51, 27)",idx0:7_idx1:51_idx2:27,chd_conf_headgr,0.0,0.0
5716,7,51,28,"(7, 51, 28)",idx0:7_idx1:51_idx2:28,chd_conf_headgr,0.0,0.0
5717,7,51,29,"(7, 51, 29)",idx0:7_idx1:51_idx2:29,chd_conf_headgr,0.0,0.0
5718,7,51,30,"(7, 51, 30)",idx0:7_idx1:51_idx2:30,chd_conf_headgr,0.0,0.0
5719,7,51,31,"(7, 51, 31)",idx0:7_idx1:51_idx2:31,chd_conf_headgr,0.0,0.0
5720,7,51,32,"(7, 51, 32)",idx0:7_idx1:51_idx2:32,chd_conf_headgr,0.0,0.0
5721,7,51,33,"(7, 51, 33)",idx0:7_idx1:51_idx2:33,chd_conf_headgr,0.0,0.0
5722,7,51,34,"(7, 51, 34)",idx0:7_idx1:51_idx2:34,chd_conf_headgr,0.0,0.0
5723,7,51,35,"(7, 51, 35)",idx0:7_idx1:51_idx2:35,chd_conf_headgr,0.0,0.0
5724,7,51,36,"(7, 51, 36)",idx0:7_idx1:51_idx2:36,chd_conf_headgr,0.0,0.0
5725,7,51,37,"(7, 51, 37)",idx0:7_idx1:51_idx2:37,chd_conf_headgr,0.0,0.0
5726,7,51,38,"(7, 51, 38)",idx0:7_idx1:51_idx2:38,chd_conf_headgr,0.0,0.0
5727,7,51,39,"(7, 51, 39)",idx0:7_idx1:51_idx2:39,chd_conf_headgr,0.0,0.0
5728,7,51,40,"(7, 51, 40)",idx0:7_idx1:51_idx2:40,chd_conf_headgr,0.0,0.0
5729,7,51,41,"(7, 51, 41)",idx0:7_idx1:51_idx2:41,chd_conf_headgr,0.0,0.0
5730,7,51,42,"(7, 51, 42)",idx0:7_idx1:51_idx2:42,chd_conf_headgr,0.0,0.0
5731,7,51,43,"(7, 51, 43)",idx0:7_idx1:51_idx2:43,chd_conf_headgr,0.0,0.0
5732,7,51,44,"(7, 51, 44)",idx0:7_idx1:51_idx2:44,chd_conf_headgr,0.0,0.0
5733,7,51,45,"(7, 51, 45)",idx0:7_idx1:51_idx2:45,chd_conf_headgr,0.0,0.0
5734,7,51,46,"(7, 51, 46)",idx0:7_idx1:51_idx2:46,chd_conf_headgr,0.0,0.0
5735,7,51,47,"(7, 51, 47)",idx0:7_idx1:51_idx2:47,chd_conf_headgr,0.0,0.0
5736,7,51,48,"(7, 51, 48)",idx0:7_idx1:51_idx2:48,chd_conf_headgr,0.0,0.0
5737,7,51,49,"(7, 51, 49)",idx0:7_idx1:51_idx2:49,chd_conf_headgr,0.0,0.0
5738,7,51,50,"(7, 51, 50)",idx0:7_idx1:51_idx2:50,chd_conf_headgr,0.0,0.0
5739,7,51,51,"(7, 51, 51)",idx0:7_idx1:51_idx2:51,chd_conf_headgr,0.0,0.0
5740,7,51,52,"(7, 51, 52)",idx0:7_idx1:51_idx2:52,chd_conf_headgr,0.0,0.0
5741,7,51,53,"(7, 51, 53)",idx0:7_idx1:51_idx2:53,chd_conf_headgr,0.0,0.0
5742,7,51,54,"(7, 51, 54)",idx0:7_idx1:51_idx2:54,chd_conf_headgr,0.0,0.0
5743,7,51,55,"(7, 51, 55)",idx0:7_idx1:51_idx2:55,chd_conf_headgr,0.0,0.0
5744,7,51,56,"(7, 51, 56)",idx0:7_idx1:51_idx2:56,chd_conf_headgr,0.0,0.0
5745,7,51,57,"(7, 51, 57)",idx0:7_idx1:51_idx2:57,chd_conf_headgr,0.0,0.0
5746,7,51,58,"(7, 51, 58)",idx0:7_idx1:51_idx2:58,chd_conf_headgr,0.0,0.0
5747,7,51,59,"(7, 51, 59)",idx0:7_idx1:51_idx2:59,chd_conf_headgr,0.0,0.0
5748,7,51,60,"(7, 51, 60)",idx0:7_idx1:51_idx2:60,chd_conf_headgr,0.0,0.0
5749,7,51,61,"(7, 51, 61)",idx0:7_idx1:51_idx2:61,chd_conf_headgr,0.0,0.0
5750,7,51,62,"(7, 51, 62)",idx0:7_idx1:51_idx2:62,chd_conf_headgr,0.0,0.0
5751,7,51,63,"(7, 51, 63)",idx0:7_idx1:51_idx2:63,chd_conf_headgr,0.0,0.0
5752,7,51,64,"(7, 51, 64)",idx0:7_idx1:51_idx2:64,chd_conf_headgr,0.0,0.0
5753,7,51,65,"(7, 51, 65)",idx0:7_idx1:51_idx2:65,chd_conf_headgr,0.0,0.0
5754,7,51,66,"(7, 51, 66)",idx0:7_idx1:51_idx2:66,chd_conf_headgr,0.0,0.0
5755,7,51,67,"(7, 51, 67)",idx0:7_idx1:51_idx2:67,chd_conf_headgr,0.0,0.0
5756,7,51,68,"(7, 51, 68)",idx0:7_idx1:51_idx2:68,chd_conf_headgr,0.0,0.0
5757,7,51,69,"(7, 51, 69)",idx0:7_idx1:51_idx2:69,chd_conf_headgr,0.0,0.0
5758,7,51,70,"(7, 51, 70)",idx0:7_idx1:51_idx2:70,chd_conf_headgr,0.0,0.0
5759,7,51,71,"(7, 51, 71)",idx0:7_idx1:51_idx2:71,chd_conf_headgr,0.0,0.0
5760,7,51,72,"(7, 51, 72)",idx0:7_idx1:51_idx2:72,chd_conf_headgr,0.0,0.0
5761,7,51,73,"(7, 51, 73)",idx0:7_idx1:51_idx2:73,chd_conf_headgr,0.0,0.0
5762,7,51,74,"(7, 51, 74)",idx0:7_idx1:51_idx2:74,chd_conf_headgr,0.0,0.0
5763,7,51,75,"(7, 51, 75)",idx0:7_idx1:51_idx2:75,chd_conf_headgr,0.0,0.0
5764,7,51,76,"(7, 51, 76)",idx0:7_idx1:51_idx2:76,chd_conf_headgr,0.0,0.0
5765,7,51,77,"(7, 51, 77)",idx0:7_idx1:51_idx2:77,chd_conf_headgr,0.0,0.0
5766,7,51,78,"(7, 51, 78)",idx0:7_idx1:51_idx2:78,chd_conf_headgr,0.0,0.0
5767,7,51,79,"(7, 51, 79)",idx0:7_idx1:51_idx2:79,chd_conf_headgr,0.0,0.0
5768,7,51,80,"(7, 51, 80)",idx0:7_idx1:51_idx2:80,chd_conf_headgr,0.0,0.0
5769,7,51,81,"(7, 51, 81)",idx0:7_idx1:51_idx2:81,chd_conf_headgr,0.0,0.0
5770,7,51,82,"(7, 51, 82)",idx0:7_idx1:51_idx2:82,chd_conf_headgr,0.0,0.0
5771,7,51,83,"(7, 51, 83)",idx0:7_idx1:51_idx2:83,chd_conf_headgr,0.0,0.0
5772,7,51,84,"(7, 51, 84)",idx0:7_idx1:51_idx2:84,chd_conf_headgr,0.0,0.0
5773,7,51,85,"(7, 51, 85)",idx0:7_idx1:51_idx2:85,chd_conf_headgr,0.0,0.0
5774,7,51,86,"(7, 51, 86)",idx0:7_idx1:51_idx2:86,chd_conf_headgr,0.0,0.0
5775,7,51,87,"(7, 51, 87)",idx0:7_idx1:51_idx2:87,chd_conf_headgr,0.0,0.0
5776,7,51,88,"(7, 51, 88)",idx0:7_idx1:51_idx2:88,chd_conf_headgr,0.0,0.0
5777,7,51,89,"(7, 51, 89)",idx0:7_idx1:51_idx2:89,chd_conf_headgr,0.0,0.0
5778,7,51,90,"(7, 51, 90)",idx0:7_idx1:51_idx2:90,chd_conf_headgr,0.0,0.0
5779,7,51,91,"(7, 51, 91)",idx0:7_idx1:51_idx2:91,chd_conf_headgr,0.0,0.0
5780,7,51,92,"(7, 51, 92)",idx0:7_idx1:51_idx2:92,chd_conf_headgr,0.0,0.0
5781,7,51,93,"(7, 51, 93)",idx0:7_idx1:51_idx2:93,chd_conf_headgr,0.0,0.0
5782,7,51,94,"(7, 51, 94)",idx0:7_idx1:51_idx2:94,chd_conf_headgr,0.0,0.0
5783,7,51,95,"(7, 51, 95)",idx0:7_idx1:51_idx2:95,chd_conf_headgr,0.0,0.0
5784,7,51,96,"(7, 51, 96)",idx0:7_idx1:51_idx2:96,chd_conf_headgr,0.0,0.0
5785,7,51,97,"(7, 51, 97)",idx0:7_idx1:51_idx2:97,chd_conf_headgr,0.0,0.0
5786,7,51,98,"(7, 51, 98)",idx0:7_idx1:51_idx2:98,chd_conf_headgr,0.0,0.0
5787,7,51,99,"(7, 51, 99)",idx0:7_idx1:51_idx2:99,chd_conf_headgr,0.0,0.0
5788,7,51,100,"(7, 51, 100)",idx0:7_idx1:51_idx2:100,chd_conf_headgr,0.0,0.0
5789,7,51,101,"(7, 51, 101)",idx0:7_idx1:51_idx2:101,chd_conf_headgr,0.0,0.0
5790,7,51,102,"(7, 51, 102)",idx0:7_idx1:51_idx2:102,chd_conf_headgr,0.0,0.0
5791,7,52,9,"(7, 52, 9)",idx0:7_idx1:52_idx2:9,chd_conf_headgr,0.0,0.0
5792,7,52,10,"(7, 52, 10)",idx0:7_idx1:52_idx2:10,chd_conf_headgr,0.0,0.0
5793,7,52,11,"(7, 52, 11)",idx0:7_idx1:52_idx2:11,chd_conf_headgr,0.0,0.0
5794,7,52,12,"(7, 52, 12)",idx0:7_idx1:52_idx2:12,chd_conf_headgr,0.0,0.0
5795,7,52,13,"(7, 52, 13)",idx0:7_idx1:52_idx2:13,chd_conf_headgr,0.0,0.0
5796,7,52,14,"(7, 52, 14)",idx0:7_idx1:52_idx2:14,chd_conf_headgr,0.0,0.0
5797,7,52,15,"(7, 52, 15)",idx0:7_idx1:52_idx2:15,chd_conf_headgr,0.0,0.0
5798,7,52,16,"(7, 52, 16)",idx0:7_idx1:52_idx2:16,chd_conf_headgr,0.0,0.0
5799,7,52,17,"(7, 52, 17)",idx0:7_idx1:52_idx2:17,chd_conf_headgr,0.0,0.0
5800,7,52,18,"(7, 52, 18)",idx0:7_idx1:52_idx2:18,chd_conf_headgr,0.0,0.0
5801,7,52,19,"(7, 52, 19)",idx0:7_idx1:52_idx2:19,chd_conf_headgr,0.0,0.0
5802,7,52,20,"(7, 52, 20)",idx0:7_idx1:52_idx2:20,chd_conf_headgr,0.0,0.0
5803,7,52,21,"(7, 52, 21)",idx0:7_idx1:52_idx2:21,chd_conf_headgr,0.0,0.0
5804,7,52,22,"(7, 52, 22)",idx0:7_idx1:52_idx2:22,chd_conf_headgr,0.0,0.0
5805,7,52,23,"(7, 52, 23)",idx0:7_idx1:52_idx2:23,chd_conf_headgr,0.0,0.0
5806,7,52,24,"(7, 52, 24)",idx0:7_idx1:52_idx2:24,chd_conf_headgr,0.0,0.0
5807,7,52,25,"(7, 52, 25)",idx0:7_idx1:52_idx2:25,chd_conf_headgr,0.0,0.0
5808,7,52,26,"(7, 52, 26)",idx0:7_idx1:52_idx2:26,chd_conf_headgr,0.0,0.0
5809,7,52,27,"(7, 52, 27)",idx0:7_idx1:52_idx2:27,chd_conf_headgr,0.0,0.0
5810,7,52,28,"(7, 52, 28)",idx0:7_idx1:52_idx2:28,chd_conf_headgr,0.0,0.0
5811,7,52,29,"(7, 52, 29)",idx0:7_idx1:52_idx2:29,chd_conf_headgr,0.0,0.0
5812,7,52,30,"(7, 52, 30)",idx0:7_idx1:52_idx2:30,chd_conf_headgr,0.0,0.0
5813,7,52,31,"(7, 52, 31)",idx0:7_idx1:52_idx2:31,chd_conf_headgr,0.0,0.0
5814,7,52,32,"(7, 52, 32)",idx0:7_idx1:52_idx2:32,chd_conf_headgr,0.0,0.0
5815,7,52,33,"(7, 52, 33)",idx0:7_idx1:52_idx2:33,chd_conf_headgr,0.0,0.0
5816,7,52,34,"(7, 52, 34)",idx0:7_idx1:52_idx2:34,chd_conf_headgr,0.0,0.0
5817,7,52,35,"(7, 52, 35)",idx0:7_idx1:52_idx2:35,chd_conf_headgr,0.0,0.0
5818,7,52,36,"(7, 52, 36)",idx0:7_idx1:52_idx2:36,chd_conf_headgr,0.0,0.0
5819,7,52,37,"(7, 52, 37)",idx0:7_idx1:52_idx2:37,chd_conf_headgr,0.0,0.0
5820,7,52,38,"(7, 52, 38)",idx0:7_idx1:52_idx2:38,chd_conf_headgr,0.0,0.0
5821,7,52,39,"(7, 52, 39)",idx0:7_idx1:52_idx2:39,chd_conf_headgr,0.0,0.0
5822,7,52,40,"(7, 52, 40)",idx0:7_idx1:52_idx2:40,chd_conf_headgr,0.0,0.0
5823,7,52,41,"(7, 52, 41)",idx0:7_idx1:52_idx2:41,chd_conf_headgr,0.0,0.0
5824,7,52,42,"(7, 52, 42)",idx0:7_idx1:52_idx2:42,chd_conf_headgr,0.0,0.0
5825,7,52,43,"(7, 52, 43)",idx0:7_idx1:52_idx2:43,chd_conf_headgr,0.0,0.0
5826,7,52,44,"(7, 52, 44)",idx0:7_idx1:52_idx2:44,chd_conf_headgr,0.0,0.0
5827,7,52,45,"(7, 52, 45)",idx0:7_idx1:52_idx2:45,chd_conf_headgr,0.0,0.0
5828,7,52,46,"(7, 52, 46)",idx0:7_idx1:52_idx2:46,chd_conf_headgr,0.0,0.0
5829,7,52,47,"(7, 52, 47)",idx0:7_idx1:52_idx2:47,chd_conf_headgr,0.0,0.0
5830,7,52,48,"(7, 52, 48)",idx0:7_idx1:52_idx2:48,chd_conf_headgr,0.0,0.0
5831,7,52,49,"(7, 52, 49)",idx0:7_idx1:52_idx2:49,chd_conf_headgr,0.0,0.0
5832,7,52,50,"(7, 52, 50)",idx0:7_idx1:52_idx2:50,chd_conf_headgr,0.0,0.0
5833,7,52,51,"(7, 52, 51)",idx0:7_idx1:52_idx2:51,chd_conf_headgr,0.0,0.0
5834,7,52,52,"(7, 52, 52)",idx0:7_idx1:52_idx2:52,chd_conf_headgr,0.0,0.0
5835,7,52,53,"(7, 52, 53)",idx0:7_idx1:52_idx2:53,chd_conf_headgr,0.0,0.0
5836,7,52,54,"(7, 52, 54)",idx0:7_idx1:52_idx2:54,chd_conf_headgr,0.0,0.0
5837,7,52,55,"(7, 52, 55)",idx0:7_idx1:52_idx2:55,chd_conf_headgr,0.0,0.0
5838,7,52,56,"(7, 52, 56)",idx0:7_idx1:52_idx2:56,chd_conf_headgr,0.0,0.0
5839,7,52,57,"(7, 52, 57)",idx0:7_idx1:52_idx2:57,chd_conf_headgr,0.0,0.0
5840,7,52,58,"(7, 52, 58)",idx0:7_idx1:52_idx2:58,chd_conf_headgr,0.0,0.0
5841,7,52,59,"(7, 52, 59)",idx0:7_idx1:52_idx2:59,chd_conf_headgr,0.0,0.0
5842,7,52,60,"(7, 52, 60)",idx0:7_idx1:52_idx2:60,chd_conf_headgr,0.0,0.0
5843,7,52,61,"(7, 52, 61)",idx0:7_idx1:52_idx2:61,chd_conf_headgr,0.0,0.0
5844,7,52,62,"(7, 52, 62)",idx0:7_idx1:52_idx2:62,chd_conf_headgr,0.0,0.0
5845,7,52,63,"(7, 52, 63)",idx0:7_idx1:52_idx2:63,chd_conf_headgr,0.0,0.0
5846,7,52,64,"(7, 52, 64)",idx0:7_idx1:52_idx2:64,chd_conf_headgr,0.0,0.0
5847,7,52,65,"(7, 52, 65)",idx0:7_idx1:52_idx2:65,chd_conf_headgr,0.0,0.0
5848,7,52,66,"(7, 52, 66)",idx0:7_idx1:52_idx2:66,chd_conf_headgr,0.0,0.0
5849,7,52,67,"(7, 52, 67)",idx0:7_idx1:52_idx2:67,chd_conf_headgr,0.0,0.0
5850,7,52,68,"(7, 52, 68)",idx0:7_idx1:52_idx2:68,chd_conf_headgr,0.0,0.0
5851,7,52,69,"(7, 52, 69)",idx0:7_idx1:52_idx2:69,chd_conf_headgr,0.0,0.0
5852,7,52,70,"(7, 52, 70)",idx0:7_idx1:52_idx2:70,chd_conf_headgr,0.0,0.0
5853,7,52,71,"(7, 52, 71)",idx0:7_idx1:52_idx2:71,chd_conf_headgr,0.0,0.0
5854,7,52,72,"(7, 52, 72)",idx0:7_idx1:52_idx2:72,chd_conf_headgr,0.0,0.0
5855,7,52,73,"(7, 52, 73)",idx0:7_idx1:52_idx2:73,chd_conf_headgr,0.0,0.0
5856,7,52,74,"(7, 52, 74)",idx0:7_idx1:52_idx2:74,chd_conf_headgr,0.0,0.0
5857,7,52,75,"(7, 52, 75)",idx0:7_idx1:52_idx2:75,chd_conf_headgr,0.0,0.0
5858,7,52,76,"(7, 52, 76)",idx0:7_idx1:52_idx2:76,chd_conf_headgr,0.0,0.0
5859,7,52,77,"(7, 52, 77)",idx0:7_idx1:52_idx2:77,chd_conf_headgr,0.0,0.0
5860,7,52,78,"(7, 52, 78)",idx0:7_idx1:52_idx2:78,chd_conf_headgr,0.0,0.0
5861,7,52,79,"(7, 52, 79)",idx0:7_idx1:52_idx2:79,chd_conf_headgr,0.0,0.0
5862,7,52,80,"(7, 52, 80)",idx0:7_idx1:52_idx2:80,chd_conf_headgr,0.0,0.0
5863,7,52,81,"(7, 52, 81)",idx0:7_idx1:52_idx2:81,chd_conf_headgr,0.0,0.0
5864,7,52,82,"(7, 52, 82)",idx0:7_idx1:52_idx2:82,chd_conf_headgr,0.0,0.0
5865,7,52,83,"(7, 52, 83)",idx0:7_idx1:52_idx2:83,chd_conf_headgr,0.0,0.0
5866,7,52,84,"(7, 52, 84)",idx0:7_idx1:52_idx2:84,chd_conf_headgr,0.0,0.0
5867,7,52,85,"(7, 52, 85)",idx0:7_idx1:52_idx2:85,chd_conf_headgr,0.0,0.0
5868,7,52,86,"(7, 52, 86)",idx0:7_idx1:52_idx2:86,chd_conf_headgr,0.0,0.0
5869,7,52,87,"(7, 52, 87)",idx0:7_idx1:52_idx2:87,chd_conf_headgr,0.0,0.0
5870,7,52,88,"(7, 52, 88)",idx0:7_idx1:52_idx2:88,chd_conf_headgr,0.0,0.0
5871,7,52,89,"(7, 52, 89)",idx0:7_idx1:52_idx2:89,chd_conf_headgr,0.0,0.0
5872,7,52,90,"(7, 52, 90)",idx0:7_idx1:52_idx2:90,chd_conf_headgr,0.0,0.0
5873,7,52,91,"(7, 52, 91)",idx0:7_idx1:52_idx2:91,chd_conf_headgr,0.0,0.0
5874,7,52,92,"(7, 52, 92)",idx0:7_idx1:52_idx2:92,chd_conf_headgr,0.0,0.0
5875,7,52,93,"(7, 52, 93)",idx0:7_idx1:52_idx2:93,chd_conf_headgr,0.0,0.0
5876,7,52,94,"(7, 52, 94)",idx0:7_idx1:52_idx2:94,chd_conf_headgr,0.0,0.0
5877,7,52,95,"(7, 52, 95)",idx0:7_idx1:52_idx2:95,chd_conf_headgr,0.0,0.0
5878,7,52,96,"(7, 52, 96)",idx0:7_idx1:52_idx2:96,chd_conf_headgr,0.0,0.0
5879,7,52,97,"(7, 52, 97)",idx0:7_idx1:52_idx2:97,chd_conf_headgr,0.0,0.0
5880,7,52,98,"(7, 52, 98)",idx0:7_idx1:52_idx2:98,chd_conf_headgr,0.0,0.0
5881,7,53,8,"(7, 53, 8)",idx0:7_idx1:53_idx2:8,chd_conf_headgr,0.0,0.0
5882,7,53,9,"(7, 53, 9)",idx0:7_idx1:53_idx2:9,chd_conf_headgr,0.0,0.0
5883,7,53,10,"(7, 53, 10)",idx0:7_idx1:53_idx2:10,chd_conf_headgr,0.0,0.0
5884,7,53,11,"(7, 53, 11)",idx0:7_idx1:53_idx2:11,chd_conf_headgr,0.0,0.0
5885,7,53,12,"(7, 53, 12)",idx0:7_idx1:53_idx2:12,chd_conf_headgr,0.0,0.0
5886,7,53,13,"(7, 53, 13)",idx0:7_idx1:53_idx2:13,chd_conf_headgr,0.0,0.0
5887,7,53,14,"(7, 53, 14)",idx0:7_idx1:53_idx2:14,chd_conf_headgr,0.0,0.0
5888,7,53,15,"(7, 53, 15)",idx0:7_idx1:53_idx2:15,chd_conf_headgr,0.0,0.0
5889,7,53,16,"(7, 53, 16)",idx0:7_idx1:53_idx2:16,chd_conf_headgr,0.0,0.0
5890,7,53,17,"(7, 53, 17)",idx0:7_idx1:53_idx2:17,chd_conf_headgr,0.0,0.0
5891,7,53,18,"(7, 53, 18)",idx0:7_idx1:53_idx2:18,chd_conf_headgr,0.0,0.0
5892,7,53,19,"(7, 53, 19)",idx0:7_idx1:53_idx2:19,chd_conf_headgr,0.0,0.0
5893,7,53,20,"(7, 53, 20)",idx0:7_idx1:53_idx2:20,chd_conf_headgr,0.0,0.0
5894,7,53,21,"(7, 53, 21)",idx0:7_idx1:53_idx2:21,chd_conf_headgr,0.0,0.0
5895,7,53,22,"(7, 53, 22)",idx0:7_idx1:53_idx2:22,chd_conf_headgr,0.0,0.0
5896,7,53,23,"(7, 53, 23)",idx0:7_idx1:53_idx2:23,chd_conf_headgr,0.0,0.0
5897,7,53,24,"(7, 53, 24)",idx0:7_idx1:53_idx2:24,chd_conf_headgr,0.0,0.0
5898,7,53,25,"(7, 53, 25)",idx0:7_idx1:53_idx2:25,chd_conf_headgr,0.0,0.0
5899,7,53,26,"(7, 53, 26)",idx0:7_idx1:53_idx2:26,chd_conf_headgr,0.0,0.0
5900,7,53,27,"(7, 53, 27)",idx0:7_idx1:53_idx2:27,chd_conf_headgr,0.0,0.0
5901,7,53,28,"(7, 53, 28)",idx0:7_idx1:53_idx2:28,chd_conf_headgr,0.0,0.0
5902,7,53,29,"(7, 53, 29)",idx0:7_idx1:53_idx2:29,chd_conf_headgr,0.0,0.0
5903,7,53,30,"(7, 53, 30)",idx0:7_idx1:53_idx2:30,chd_conf_headgr,0.0,0.0
5904,7,53,31,"(7, 53, 31)",idx0:7_idx1:53_idx2:31,chd_conf_headgr,0.0,0.0
5905,7,53,32,"(7, 53, 32)",idx0:7_idx1:53_idx2:32,chd_conf_headgr,0.0,0.0
5906,7,53,33,"(7, 53, 33)",idx0:7_idx1:53_idx2:33,chd_conf_headgr,0.0,0.0
5907,7,53,34,"(7, 53, 34)",idx0:7_idx1:53_idx2:34,chd_conf_headgr,0.0,0.0
5908,7,53,35,"(7, 53, 35)",idx0:7_idx1:53_idx2:35,chd_conf_headgr,0.0,0.0
5909,7,53,36,"(7, 53, 36)",idx0:7_idx1:53_idx2:36,chd_conf_headgr,0.0,0.0
5910,7,53,37,"(7, 53, 37)",idx0:7_idx1:53_idx2:37,chd_conf_headgr,0.0,0.0
5911,7,53,38,"(7, 53, 38)",idx0:7_idx1:53_idx2:38,chd_conf_headgr,0.0,0.0
5912,7,53,39,"(7, 53, 39)",idx0:7_idx1:53_idx2:39,chd_conf_headgr,0.0,0.0
5913,7,53,40,"(7, 53, 40)",idx0:7_idx1:53_idx2:40,chd_conf_headgr,0.0,0.0
5914,7,53,41,"(7, 53, 41)",idx0:7_idx1:53_idx2:41,chd_conf_headgr,0.0,0.0
5915,7,53,42,"(7, 53, 42)",idx0:7_idx1:53_idx2:42,chd_conf_headgr,0.0,0.0
5916,7,53,43,"(7, 53, 43)",idx0:7_idx1:53_idx2:43,chd_conf_headgr,0.0,0.0
5917,7,53,44,"(7, 53, 44)",idx0:7_idx1:53_idx2:44,chd_conf_headgr,0.0,0.0
5918,7,53,45,"(7, 53, 45)",idx0:7_idx1:53_idx2:45,chd_conf_headgr,0.0,0.0
5919,7,53,46,"(7, 53, 46)",idx0:7_idx1:53_idx2:46,chd_conf_headgr,0.0,0.0
5920,7,53,47,"(7, 53, 47)",idx0:7_idx1:53_idx2:47,chd_conf_headgr,0.0,0.0
5921,7,53,48,"(7, 53, 48)",idx0:7_idx1:53_idx2:48,chd_conf_headgr,0.0,0.0
5922,7,53,49,"(7, 53, 49)",idx0:7_idx1:53_idx2:49,chd_conf_headgr,0.0,0.0
5923,7,53,50,"(7, 53, 50)",idx0:7_idx1:53_idx2:50,chd_conf_headgr,0.0,0.0
5924,7,53,51,"(7, 53, 51)",idx0:7_idx1:53_idx2:51,chd_conf_headgr,0.0,0.0
5925,7,53,52,"(7, 53, 52)",idx0:7_idx1:53_idx2:52,chd_conf_headgr,0.0,0.0
5926,7,53,53,"(7, 53, 53)",idx0:7_idx1:53_idx2:53,chd_conf_headgr,0.0,0.0
5927,7,53,54,"(7, 53, 54)",idx0:7_idx1:53_idx2:54,chd_conf_headgr,0.0,0.0
5928,7,53,55,"(7, 53, 55)",idx0:7_idx1:53_idx2:55,chd_conf_headgr,0.0,0.0
5929,7,53,56,"(7, 53, 56)",idx0:7_idx1:53_idx2:56,chd_conf_headgr,0.0,0.0
5930,7,53,57,"(7, 53, 57)",idx0:7_idx1:53_idx2:57,chd_conf_headgr,0.0,0.0
5931,7,53,58,"(7, 53, 58)",idx0:7_idx1:53_idx2:58,chd_conf_headgr,0.0,0.0
5932,7,53,59,"(7, 53, 59)",idx0:7_idx1:53_idx2:59,chd_conf_headgr,0.0,0.0
5933,7,53,60,"(7, 53, 60)",idx0:7_idx1:53_idx2:60,chd_conf_headgr,0.0,0.0
5934,7,53,61,"(7, 53, 61)",idx0:7_idx1:53_idx2:61,chd_conf_headgr,0.0,0.0
5935,7,53,62,"(7, 53, 62)",idx0:7_idx1:53_idx2:62,chd_conf_headgr,0.0,0.0
5936,7,53,63,"(7, 53, 63)",idx0:7_idx1:53_idx2:63,chd_conf_headgr,0.0,0.0
5937,7,53,64,"(7, 53, 64)",idx0:7_idx1:53_idx2:64,chd_conf_headgr,0.0,0.0
5938,7,53,65,"(7, 53, 65)",idx0:7_idx1:53_idx2:65,chd_conf_headgr,0.0,0.0
5939,7,53,66,"(7, 53, 66)",idx0:7_idx1:53_idx2:66,chd_conf_headgr,0.0,0.0
5940,7,53,67,"(7, 53, 67)",idx0:7_idx1:53_idx2:67,chd_conf_headgr,0.0,0.0
5941,7,53,68,"(7, 53, 68)",idx0:7_idx1:53_idx2:68,chd_conf_headgr,0.0,0.0
5942,7,53,69,"(7, 53, 69)",idx0:7_idx1:53_idx2:69,chd_conf_headgr,0.0,0.0
5943,7,53,70,"(7, 53, 70)",idx0:7_idx1:53_idx2:70,chd_conf_headgr,0.0,0.0
5944,7,53,71,"(7, 53, 71)",idx0:7_idx1:53_idx2:71,chd_conf_headgr,0.0,0.0
5945,7,53,72,"(7, 53, 72)",idx0:7_idx1:53_idx2:72,chd_conf_headgr,0.0,0.0
5946,7,53,73,"(7, 53, 73)",idx0:7_idx1:53_idx2:73,chd_conf_headgr,0.0,0.0
5947,7,53,74,"(7, 53, 74)",idx0:7_idx1:53_idx2:74,chd_conf_headgr,0.0,0.0
5948,7,53,75,"(7, 53, 75)",idx0:7_idx1:53_idx2:75,chd_conf_headgr,0.0,0.0
5949,7,53,76,"(7, 53, 76)",idx0:7_idx1:53_idx2:76,chd_conf_headgr,0.0,0.0
5950,7,53,77,"(7, 53, 77)",idx0:7_idx1:53_idx2:77,chd_conf_headgr,0.0,0.0
5951,7,53,78,"(7, 53, 78)",idx0:7_idx1:53_idx2:78,chd_conf_headgr,0.0,0.0
5952,7,53,79,"(7, 53, 79)",idx0:7_idx1:53_idx2:79,chd_conf_headgr,0.0,0.0
5953,7,53,80,"(7, 53, 80)",idx0:7_idx1:53_idx2:80,chd_conf_headgr,0.0,0.0
5954,7,53,81,"(7, 53, 81)",idx0:7_idx1:53_idx2:81,chd_conf_headgr,0.0,0.0
5955,7,53,82,"(7, 53, 82)",idx0:7_idx1:53_idx2:82,chd_conf_headgr,0.0,0.0
5956,7,53,83,"(7, 53, 83)",idx0:7_idx1:53_idx2:83,chd_conf_headgr,0.0,0.0
5957,7,53,84,"(7, 53, 84)",idx0:7_idx1:53_idx2:84,chd_conf_headgr,0.0,0.0
5958,7,53,85,"(7, 53, 85)",idx0:7_idx1:53_idx2:85,chd_conf_headgr,0.0,0.0
5959,7,53,86,"(7, 53, 86)",idx0:7_idx1:53_idx2:86,chd_conf_headgr,0.0,0.0
5960,7,53,87,"(7, 53, 87)",idx0:7_idx1:53_idx2:87,chd_conf_headgr,0.0,0.0
5961,7,53,88,"(7, 53, 88)",idx0:7_idx1:53_idx2:88,chd_conf_headgr,0.0,0.0
5962,7,53,89,"(7, 53, 89)",idx0:7_idx1:53_idx2:89,chd_conf_headgr,0.0,0.0
5963,7,53,90,"(7, 53, 90)",idx0:7_idx1:53_idx2:90,chd_conf_headgr,0.0,0.0
5964,7,53,91,"(7, 53, 91)",idx0:7_idx1:53_idx2:91,chd_conf_headgr,0.0,0.0
5965,7,53,92,"(7, 53, 92)",idx0:7_idx1:53_idx2:92,chd_conf_headgr,0.0,0.0
5966,7,53,93,"(7, 53, 93)",idx0:7_idx1:53_idx2:93,chd_conf_headgr,0.0,0.0
5967,7,53,94,"(7, 53, 94)",idx0:7_idx1:53_idx2:94,chd_conf_headgr,0.0,0.0
5968,7,53,95,"(7, 53, 95)",idx0:7_idx1:53_idx2:95,chd_conf_headgr,0.0,0.0
5969,7,54,8,"(7, 54, 8)",idx0:7_idx1:54_idx2:8,chd_conf_headgr,0.0,0.0
5970,7,54,9,"(7, 54, 9)",idx0:7_idx1:54_idx2:9,chd_conf_headgr,0.0,0.0
5971,7,54,10,"(7, 54, 10)",idx0:7_idx1:54_idx2:10,chd_conf_headgr,0.0,0.0
5972,7,54,11,"(7, 54, 11)",idx0:7_idx1:54_idx2:11,chd_conf_headgr,0.0,0.0
5973,7,54,12,"(7, 54, 12)",idx0:7_idx1:54_idx2:12,chd_conf_headgr,0.0,0.0
5974,7,54,13,"(7, 54, 13)",idx0:7_idx1:54_idx2:13,chd_conf_headgr,0.0,0.0
5975,7,54,14,"(7, 54, 14)",idx0:7_idx1:54_idx2:14,chd_conf_headgr,0.0,0.0
5976,7,54,15,"(7, 54, 15)",idx0:7_idx1:54_idx2:15,chd_conf_headgr,0.0,0.0
5977,7,54,16,"(7, 54, 16)",idx0:7_idx1:54_idx2:16,chd_conf_headgr,0.0,0.0
5978,7,54,17,"(7, 54, 17)",idx0:7_idx1:54_idx2:17,chd_conf_headgr,0.0,0.0
5979,7,54,18,"(7, 54, 18)",idx0:7_idx1:54_idx2:18,chd_conf_headgr,0.0,0.0
5980,7,54,19,"(7, 54, 19)",idx0:7_idx1:54_idx2:19,chd_conf_headgr,0.0,0.0
5981,7,54,20,"(7, 54, 20)",idx0:7_idx1:54_idx2:20,chd_conf_headgr,0.0,0.0
5982,7,54,21,"(7, 54, 21)",idx0:7_idx1:54_idx2:21,chd_conf_headgr,0.0,0.0
5983,7,54,22,"(7, 54, 22)",idx0:7_idx1:54_idx2:22,chd_conf_headgr,0.0,0.0
5984,7,54,23,"(7, 54, 23)",idx0:7_idx1:54_idx2:23,chd_conf_headgr,0.0,0.0
5985,7,54,24,"(7, 54, 24)",idx0:7_idx1:54_idx2:24,chd_conf_headgr,0.0,0.0
5986,7,54,25,"(7, 54, 25)",idx0:7_idx1:54_idx2:25,chd_conf_headgr,0.0,0.0
5987,7,54,26,"(7, 54, 26)",idx0:7_idx1:54_idx2:26,chd_conf_headgr,0.0,0.0
5988,7,54,27,"(7, 54, 27)",idx0:7_idx1:54_idx2:27,chd_conf_headgr,0.0,0.0
5989,7,54,28,"(7, 54, 28)",idx0:7_idx1:54_idx2:28,chd_conf_headgr,0.0,0.0
5990,7,54,29,"(7, 54, 29)",idx0:7_idx1:54_idx2:29,chd_conf_headgr,0.0,0.0
5991,7,54,30,"(7, 54, 30)",idx0:7_idx1:54_idx2:30,chd_conf_headgr,0.0,0.0
5992,7,54,31,"(7, 54, 31)",idx0:7_idx1:54_idx2:31,chd_conf_headgr,0.0,0.0
5993,7,54,32,"(7, 54, 32)",idx0:7_idx1:54_idx2:32,chd_conf_headgr,0.0,0.0
5994,7,54,33,"(7, 54, 33)",idx0:7_idx1:54_idx2:33,chd_conf_headgr,0.0,0.0
5995,7,54,34,"(7, 54, 34)",idx0:7_idx1:54_idx2:34,chd_conf_headgr,0.0,0.0
5996,7,54,35,"(7, 54, 35)",idx0:7_idx1:54_idx2:35,chd_conf_headgr,0.0,0.0
5997,7,54,36,"(7, 54, 36)",idx0:7_idx1:54_idx2:36,chd_conf_headgr,0.0,0.0
5998,7,54,37,"(7, 54, 37)",idx0:7_idx1:54_idx2:37,chd_conf_headgr,0.0,0.0
5999,7,54,38,"(7, 54, 38)",idx0:7_idx1:54_idx2:38,chd_conf_headgr,0.0,0.0
6000,7,54,39,"(7, 54, 39)",idx0:7_idx1:54_idx2:39,chd_conf_headgr,0.0,0.0
6001,7,54,40,"(7, 54, 40)",idx0:7_idx1:54_idx2:40,chd_conf_headgr,0.0,0.0
6002,7,54,41,"(7, 54, 41)",idx0:7_idx1:54_idx2:41,chd_conf_headgr,0.0,0.0
6003,7,54,42,"(7, 54, 42)",idx0:7_idx1:54_idx2:42,chd_conf_headgr,0.0,0.0
6004,7,54,43,"(7, 54, 43)",idx0:7_idx1:54_idx2:43,chd_conf_headgr,0.0,0.0
6005,7,54,44,"(7, 54, 44)",idx0:7_idx1:54_idx2:44,chd_conf_headgr,0.0,0.0
6006,7,54,45,"(7, 54, 45)",idx0:7_idx1:54_idx2:45,chd_conf_headgr,0.0,0.0
6007,7,54,46,"(7, 54, 46)",idx0:7_idx1:54_idx2:46,chd_conf_headgr,0.0,0.0
6008,7,54,47,"(7, 54, 47)",idx0:7_idx1:54_idx2:47,chd_conf_headgr,0.0,0.0
6009,7,54,48,"(7, 54, 48)",idx0:7_idx1:54_idx2:48,chd_conf_headgr,0.0,0.0
6010,7,54,49,"(7, 54, 49)",idx0:7_idx1:54_idx2:49,chd_conf_headgr,0.0,0.0
6011,7,54,50,"(7, 54, 50)",idx0:7_idx1:54_idx2:50,chd_conf_headgr,0.0,0.0
6012,7,54,51,"(7, 54, 51)",idx0:7_idx1:54_idx2:51,chd_conf_headgr,0.0,0.0
6013,7,54,52,"(7, 54, 52)",idx0:7_idx1:54_idx2:52,chd_conf_headgr,0.0,0.0
6014,7,54,53,"(7, 54, 53)",idx0:7_idx1:54_idx2:53,chd_conf_headgr,0.0,0.0
6015,7,54,54,"(7, 54, 54)",idx0:7_idx1:54_idx2:54,chd_conf_headgr,0.0,0.0
6016,7,54,55,"(7, 54, 55)",idx0:7_idx1:54_idx2:55,chd_conf_headgr,0.0,0.0
6017,7,54,56,"(7, 54, 56)",idx0:7_idx1:54_idx2:56,chd_conf_headgr,0.0,0.0
6018,7,54,57,"(7, 54, 57)",idx0:7_idx1:54_idx2:57,chd_conf_headgr,0.0,0.0
6019,7,54,58,"(7, 54, 58)",idx0:7_idx1:54_idx2:58,chd_conf_headgr,0.0,0.0
6020,7,54,59,"(7, 54, 59)",idx0:7_idx1:54_idx2:59,chd_conf_headgr,0.0,0.0
6021,7,54,60,"(7, 54, 60)",idx0:7_idx1:54_idx2:60,chd_conf_headgr,0.0,0.0
6022,7,54,61,"(7, 54, 61)",idx0:7_idx1:54_idx2:61,chd_conf_headgr,0.0,0.0
6023,7,54,62,"(7, 54, 62)",idx0:7_idx1:54_idx2:62,chd_conf_headgr,0.0,0.0
6024,7,54,63,"(7, 54, 63)",idx0:7_idx1:54_idx2:63,chd_conf_headgr,0.0,0.0
6025,7,54,64,"(7, 54, 64)",idx0:7_idx1:54_idx2:64,chd_conf_headgr,0.0,0.0
6026,7,54,65,"(7, 54, 65)",idx0:7_idx1:54_idx2:65,chd_conf_headgr,0.0,0.0
6027,7,54,66,"(7, 54, 66)",idx0:7_idx1:54_idx2:66,chd_conf_headgr,0.0,0.0
6028,7,54,67,"(7, 54, 67)",idx0:7_idx1:54_idx2:67,chd_conf_headgr,0.0,0.0
6029,7,54,68,"(7, 54, 68)",idx0:7_idx1:54_idx2:68,chd_conf_headgr,0.0,0.0
6030,7,54,69,"(7, 54, 69)",idx0:7_idx1:54_idx2:69,chd_conf_headgr,0.0,0.0
6031,7,54,70,"(7, 54, 70)",idx0:7_idx1:54_idx2:70,chd_conf_headgr,0.0,0.0
6032,7,54,71,"(7, 54, 71)",idx0:7_idx1:54_idx2:71,chd_conf_headgr,0.0,0.0
6033,7,54,72,"(7, 54, 72)",idx0:7_idx1:54_idx2:72,chd_conf_headgr,0.0,0.0
6034,7,54,73,"(7, 54, 73)",idx0:7_idx1:54_idx2:73,chd_conf_headgr,0.0,0.0
6035,7,54,74,"(7, 54, 74)",idx0:7_idx1:54_idx2:74,chd_conf_headgr,0.0,0.0
6036,7,54,75,"(7, 54, 75)",idx0:7_idx1:54_idx2:75,chd_conf_headgr,0.0,0.0
6037,7,54,76,"(7, 54, 76)",idx0:7_idx1:54_idx2:76,chd_conf_headgr,0.0,0.0
6038,7,54,77,"(7, 54, 77)",idx0:7_idx1:54_idx2:77,chd_conf_headgr,0.0,0.0
6039,7,54,78,"(7, 54, 78)",idx0:7_idx1:54_idx2:78,chd_conf_headgr,0.0,0.0
6040,7,54,79,"(7, 54, 79)",idx0:7_idx1:54_idx2:79,chd_conf_headgr,0.0,0.0
6041,7,54,80,"(7, 54, 80)",idx0:7_idx1:54_idx2:80,chd_conf_headgr,0.0,0.0
6042,7,54,81,"(7, 54, 81)",idx0:7_idx1:54_idx2:81,chd_conf_headgr,0.0,0.0
6043,7,54,82,"(7, 54, 82)",idx0:7_idx1:54_idx2:82,chd_conf_headgr,0.0,0.0
6044,7,54,83,"(7, 54, 83)",idx0:7_idx1:54_idx2:83,chd_conf_headgr,0.0,0.0
6045,7,54,84,"(7, 54, 84)",idx0:7_idx1:54_idx2:84,chd_conf_headgr,0.0,0.0
6046,7,54,85,"(7, 54, 85)",idx0:7_idx1:54_idx2:85,chd_conf_headgr,0.0,0.0
6047,7,54,86,"(7, 54, 86)",idx0:7_idx1:54_idx2:86,chd_conf_headgr,0.0,0.0
6048,7,54,87,"(7, 54, 87)",idx0:7_idx1:54_idx2:87,chd_conf_headgr,0.0,0.0
6049,7,54,88,"(7, 54, 88)",idx0:7_idx1:54_idx2:88,chd_conf_headgr,0.0,0.0
6050,7,54,89,"(7, 54, 89)",idx0:7_idx1:54_idx2:89,chd_conf_headgr,0.0,0.0
6051,7,54,90,"(7, 54, 90)",idx0:7_idx1:54_idx2:90,chd_conf_headgr,0.0,0.0
6052,7,54,91,"(7, 54, 91)",idx0:7_idx1:54_idx2:91,chd_conf_headgr,0.0,0.0
6053,7,54,92,"(7, 54, 92)",idx0:7_idx1:54_idx2:92,chd_conf_headgr,0.0,0.0
6054,7,54,93,"(7, 54, 93)",idx0:7_idx1:54_idx2:93,chd_conf_headgr,0.0,0.0
6055,7,55,7,"(7, 55, 7)",idx0:7_idx1:55_idx2:7,chd_conf_headgr,0.0,0.0
6056,7,55,8,"(7, 55, 8)",idx0:7_idx1:55_idx2:8,chd_conf_headgr,0.0,0.0
6057,7,55,9,"(7, 55, 9)",idx0:7_idx1:55_idx2:9,chd_conf_headgr,0.0,0.0
6058,7,55,10,"(7, 55, 10)",idx0:7_idx1:55_idx2:10,chd_conf_headgr,0.0,0.0
6059,7,55,11,"(7, 55, 11)",idx0:7_idx1:55_idx2:11,chd_conf_headgr,0.0,0.0
6060,7,55,12,"(7, 55, 12)",idx0:7_idx1:55_idx2:12,chd_conf_headgr,0.0,0.0
6061,7,55,13,"(7, 55, 13)",idx0:7_idx1:55_idx2:13,chd_conf_headgr,0.0,0.0
6062,7,55,14,"(7, 55, 14)",idx0:7_idx1:55_idx2:14,chd_conf_headgr,0.0,0.0
6063,7,55,15,"(7, 55, 15)",idx0:7_idx1:55_idx2:15,chd_conf_headgr,0.0,0.0
6064,7,55,16,"(7, 55, 16)",idx0:7_idx1:55_idx2:16,chd_conf_headgr,0.0,0.0
6065,7,55,17,"(7, 55, 17)",idx0:7_idx1:55_idx2:17,chd_conf_headgr,0.0,0.0
6066,7,55,18,"(7, 55, 18)",idx0:7_idx1:55_idx2:18,chd_conf_headgr,0.0,0.0
6067,7,55,19,"(7, 55, 19)",idx0:7_idx1:55_idx2:19,chd_conf_headgr,0.0,0.0
6068,7,55,20,"(7, 55, 20)",idx0:7_idx1:55_idx2:20,chd_conf_headgr,0.0,0.0
6069,7,55,21,"(7, 55, 21)",idx0:7_idx1:55_idx2:21,chd_conf_headgr,0.0,0.0
6070,7,55,22,"(7, 55, 22)",idx0:7_idx1:55_idx2:22,chd_conf_headgr,0.0,0.0
6071,7,55,23,"(7, 55, 23)",idx0:7_idx1:55_idx2:23,chd_conf_headgr,0.0,0.0
6072,7,55,24,"(7, 55, 24)",idx0:7_idx1:55_idx2:24,chd_conf_headgr,0.0,0.0
6073,7,55,25,"(7, 55, 25)",idx0:7_idx1:55_idx2:25,chd_conf_headgr,0.0,0.0
6074,7,55,26,"(7, 55, 26)",idx0:7_idx1:55_idx2:26,chd_conf_headgr,0.0,0.0
6075,7,55,27,"(7, 55, 27)",idx0:7_idx1:55_idx2:27,chd_conf_headgr,0.0,0.0
6076,7,55,28,"(7, 55, 28)",idx0:7_idx1:55_idx2:28,chd_conf_headgr,0.0,0.0
6077,7,55,29,"(7, 55, 29)",idx0:7_idx1:55_idx2:29,chd_conf_headgr,0.0,0.0
6078,7,55,30,"(7, 55, 30)",idx0:7_idx1:55_idx2:30,chd_conf_headgr,0.0,0.0
6079,7,55,31,"(7, 55, 31)",idx0:7_idx1:55_idx2:31,chd_conf_headgr,0.0,0.0
6080,7,55,32,"(7, 55, 32)",idx0:7_idx1:55_idx2:32,chd_conf_headgr,0.0,0.0
6081,7,55,33,"(7, 55, 33)",idx0:7_idx1:55_idx2:33,chd_conf_headgr,0.0,0.0
6082,7,55,34,"(7, 55, 34)",idx0:7_idx1:55_idx2:34,chd_conf_headgr,0.0,0.0
6083,7,55,35,"(7, 55, 35)",idx0:7_idx1:55_idx2:35,chd_conf_headgr,0.0,0.0
6084,7,55,36,"(7, 55, 36)",idx0:7_idx1:55_idx2:36,chd_conf_headgr,0.0,0.0
6085,7,55,37,"(7, 55, 37)",idx0:7_idx1:55_idx2:37,chd_conf_headgr,0.0,0.0
6086,7,55,38,"(7, 55, 38)",idx0:7_idx1:55_idx2:38,chd_conf_headgr,0.0,0.0
6087,7,55,39,"(7, 55, 39)",idx0:7_idx1:55_idx2:39,chd_conf_headgr,0.0,0.0
6088,7,55,40,"(7, 55, 40)",idx0:7_idx1:55_idx2:40,chd_conf_headgr,0.0,0.0
6089,7,55,41,"(7, 55, 41)",idx0:7_idx1:55_idx2:41,chd_conf_headgr,0.0,0.0
6090,7,55,42,"(7, 55, 42)",idx0:7_idx1:55_idx2:42,chd_conf_headgr,0.0,0.0
6091,7,55,43,"(7, 55, 43)",idx0:7_idx1:55_idx2:43,chd_conf_headgr,0.0,0.0
6092,7,55,44,"(7, 55, 44)",idx0:7_idx1:55_idx2:44,chd_conf_headgr,0.0,0.0
6093,7,55,45,"(7, 55, 45)",idx0:7_idx1:55_idx2:45,chd_conf_headgr,0.0,0.0
6094,7,55,46,"(7, 55, 46)",idx0:7_idx1:55_idx2:46,chd_conf_headgr,0.0,0.0
6095,7,55,47,"(7, 55, 47)",idx0:7_idx1:55_idx2:47,chd_conf_headgr,0.0,0.0
6096,7,55,48,"(7, 55, 48)",idx0:7_idx1:55_idx2:48,chd_conf_headgr,0.0,0.0
6097,7,55,49,"(7, 55, 49)",idx0:7_idx1:55_idx2:49,chd_conf_headgr,0.0,0.0
6098,7,55,50,"(7, 55, 50)",idx0:7_idx1:55_idx2:50,chd_conf_headgr,0.0,0.0
6099,7,55,51,"(7, 55, 51)",idx0:7_idx1:55_idx2:51,chd_conf_headgr,0.0,0.0
6100,7,55,52,"(7, 55, 52)",idx0:7_idx1:55_idx2:52,chd_conf_headgr,0.0,0.0
6101,7,55,53,"(7, 55, 53)",idx0:7_idx1:55_idx2:53,chd_conf_headgr,0.0,0.0
6102,7,55,54,"(7, 55, 54)",idx0:7_idx1:55_idx2:54,chd_conf_headgr,0.0,0.0
6103,7,55,55,"(7, 55, 55)",idx0:7_idx1:55_idx2:55,chd_conf_headgr,0.0,0.0
6104,7,55,56,"(7, 55, 56)",idx0:7_idx1:55_idx2:56,chd_conf_headgr,0.0,0.0
6105,7,55,57,"(7, 55, 57)",idx0:7_idx1:55_idx2:57,chd_conf_headgr,0.0,0.0
6106,7,55,58,"(7, 55, 58)",idx0:7_idx1:55_idx2:58,chd_conf_headgr,0.0,0.0
6107,7,55,59,"(7, 55, 59)",idx0:7_idx1:55_idx2:59,chd_conf_headgr,0.0,0.0
6108,7,55,60,"(7, 55, 60)",idx0:7_idx1:55_idx2:60,chd_conf_headgr,0.0,0.0
6109,7,55,61,"(7, 55, 61)",idx0:7_idx1:55_idx2:61,chd_conf_headgr,0.0,0.0
6110,7,55,62,"(7, 55, 62)",idx0:7_idx1:55_idx2:62,chd_conf_headgr,0.0,0.0
6111,7,55,63,"(7, 55, 63)",idx0:7_idx1:55_idx2:63,chd_conf_headgr,0.0,0.0
6112,7,55,64,"(7, 55, 64)",idx0:7_idx1:55_idx2:64,chd_conf_headgr,0.0,0.0
6113,7,55,65,"(7, 55, 65)",idx0:7_idx1:55_idx2:65,chd_conf_headgr,0.0,0.0
6114,7,55,66,"(7, 55, 66)",idx0:7_idx1:55_idx2:66,chd_conf_headgr,0.0,0.0
6115,7,55,67,"(7, 55, 67)",idx0:7_idx1:55_idx2:67,chd_conf_headgr,0.0,0.0
6116,7,55,68,"(7, 55, 68)",idx0:7_idx1:55_idx2:68,chd_conf_headgr,0.0,0.0
6117,7,55,69,"(7, 55, 69)",idx0:7_idx1:55_idx2:69,chd_conf_headgr,0.0,0.0
6118,7,55,70,"(7, 55, 70)",idx0:7_idx1:55_idx2:70,chd_conf_headgr,0.0,0.0
6119,7,55,71,"(7, 55, 71)",idx0:7_idx1:55_idx2:71,chd_conf_headgr,0.0,0.0
6120,7,55,72,"(7, 55, 72)",idx0:7_idx1:55_idx2:72,chd_conf_headgr,0.0,0.0
6121,7,55,73,"(7, 55, 73)",idx0:7_idx1:55_idx2:73,chd_conf_headgr,0.0,0.0
6122,7,55,74,"(7, 55, 74)",idx0:7_idx1:55_idx2:74,chd_conf_headgr,0.0,0.0
6123,7,55,75,"(7, 55, 75)",idx0:7_idx1:55_idx2:75,chd_conf_headgr,0.0,0.0
6124,7,55,76,"(7, 55, 76)",idx0:7_idx1:55_idx2:76,chd_conf_headgr,0.0,0.0
6125,7,55,77,"(7, 55, 77)",idx0:7_idx1:55_idx2:77,chd_conf_headgr,0.0,0.0
6126,7,55,78,"(7, 55, 78)",idx0:7_idx1:55_idx2:78,chd_conf_headgr,0.0,0.0
6127,7,55,79,"(7, 55, 79)",idx0:7_idx1:55_idx2:79,chd_conf_headgr,0.0,0.0
6128,7,55,80,"(7, 55, 80)",idx0:7_idx1:55_idx2:80,chd_conf_headgr,0.0,0.0
6129,7,55,81,"(7, 55, 81)",idx0:7_idx1:55_idx2:81,chd_conf_headgr,0.0,0.0
6130,7,55,82,"(7, 55, 82)",idx0:7_idx1:55_idx2:82,chd_conf_headgr,0.0,0.0
6131,7,55,83,"(7, 55, 83)",idx0:7_idx1:55_idx2:83,chd_conf_headgr,0.0,0.0
6132,7,55,84,"(7, 55, 84)",idx0:7_idx1:55_idx2:84,chd_conf_headgr,0.0,0.0
6133,7,55,85,"(7, 55, 85)",idx0:7_idx1:55_idx2:85,chd_conf_headgr,0.0,0.0
6134,7,55,86,"(7, 55, 86)",idx0:7_idx1:55_idx2:86,chd_conf_headgr,0.0,0.0
6135,7,55,87,"(7, 55, 87)",idx0:7_idx1:55_idx2:87,chd_conf_headgr,0.0,0.0
6136,7,55,88,"(7, 55, 88)",idx0:7_idx1:55_idx2:88,chd_conf_headgr,0.0,0.0
6137,7,55,89,"(7, 55, 89)",idx0:7_idx1:55_idx2:89,chd_conf_headgr,0.0,0.0
6138,7,55,90,"(7, 55, 90)",idx0:7_idx1:55_idx2:90,chd_conf_headgr,0.0,0.0
6139,7,55,91,"(7, 55, 91)",idx0:7_idx1:55_idx2:91,chd_conf_headgr,0.0,0.0
6140,7,55,92,"(7, 55, 92)",idx0:7_idx1:55_idx2:92,chd_conf_headgr,0.0,0.0
6141,7,56,7,"(7, 56, 7)",idx0:7_idx1:56_idx2:7,chd_conf_headgr,0.0,0.0
6142,7,56,8,"(7, 56, 8)",idx0:7_idx1:56_idx2:8,chd_conf_headgr,0.0,0.0
6143,7,56,9,"(7, 56, 9)",idx0:7_idx1:56_idx2:9,chd_conf_headgr,0.0,0.0
6144,7,56,10,"(7, 56, 10)",idx0:7_idx1:56_idx2:10,chd_conf_headgr,0.0,0.0
6145,7,56,11,"(7, 56, 11)",idx0:7_idx1:56_idx2:11,chd_conf_headgr,0.0,0.0
6146,7,56,12,"(7, 56, 12)",idx0:7_idx1:56_idx2:12,chd_conf_headgr,0.0,0.0
6147,7,56,13,"(7, 56, 13)",idx0:7_idx1:56_idx2:13,chd_conf_headgr,0.0,0.0
6148,7,56,14,"(7, 56, 14)",idx0:7_idx1:56_idx2:14,chd_conf_headgr,0.0,0.0
6149,7,56,15,"(7, 56, 15)",idx0:7_idx1:56_idx2:15,chd_conf_headgr,0.0,0.0
6150,7,56,16,"(7, 56, 16)",idx0:7_idx1:56_idx2:16,chd_conf_headgr,0.0,0.0
6151,7,56,17,"(7, 56, 17)",idx0:7_idx1:56_idx2:17,chd_conf_headgr,0.0,0.0
6152,7,56,18,"(7, 56, 18)",idx0:7_idx1:56_idx2:18,chd_conf_headgr,0.0,0.0
6153,7,56,19,"(7, 56, 19)",idx0:7_idx1:56_idx2:19,chd_conf_headgr,0.0,0.0
6154,7,56,20,"(7, 56, 20)",idx0:7_idx1:56_idx2:20,chd_conf_headgr,0.0,0.0
6155,7,56,21,"(7, 56, 21)",idx0:7_idx1:56_idx2:21,chd_conf_headgr,0.0,0.0
6156,7,56,22,"(7, 56, 22)",idx0:7_idx1:56_idx2:22,chd_conf_headgr,0.0,0.0
6157,7,56,23,"(7, 56, 23)",idx0:7_idx1:56_idx2:23,chd_conf_headgr,0.0,0.0
6158,7,56,24,"(7, 56, 24)",idx0:7_idx1:56_idx2:24,chd_conf_headgr,0.0,0.0
6159,7,56,25,"(7, 56, 25)",idx0:7_idx1:56_idx2:25,chd_conf_headgr,0.0,0.0
6160,7,56,26,"(7, 56, 26)",idx0:7_idx1:56_idx2:26,chd_conf_headgr,0.0,0.0
6161,7,56,27,"(7, 56, 27)",idx0:7_idx1:56_idx2:27,chd_conf_headgr,0.0,0.0
6162,7,56,28,"(7, 56, 28)",idx0:7_idx1:56_idx2:28,chd_conf_headgr,0.0,0.0
6163,7,56,29,"(7, 56, 29)",idx0:7_idx1:56_idx2:29,chd_conf_headgr,0.0,0.0
6164,7,56,30,"(7, 56, 30)",idx0:7_idx1:56_idx2:30,chd_conf_headgr,0.0,0.0
6165,7,56,31,"(7, 56, 31)",idx0:7_idx1:56_idx2:31,chd_conf_headgr,0.0,0.0
6166,7,56,32,"(7, 56, 32)",idx0:7_idx1:56_idx2:32,chd_conf_headgr,0.0,0.0
6167,7,56,33,"(7, 56, 33)",idx0:7_idx1:56_idx2:33,chd_conf_headgr,0.0,0.0
6168,7,56,34,"(7, 56, 34)",idx0:7_idx1:56_idx2:34,chd_conf_headgr,0.0,0.0
6169,7,56,35,"(7, 56, 35)",idx0:7_idx1:56_idx2:35,chd_conf_headgr,0.0,0.0
6170,7,56,36,"(7, 56, 36)",idx0:7_idx1:56_idx2:36,chd_conf_headgr,0.0,0.0
6171,7,56,37,"(7, 56, 37)",idx0:7_idx1:56_idx2:37,chd_conf_headgr,0.0,0.0
6172,7,56,38,"(7, 56, 38)",idx0:7_idx1:56_idx2:38,chd_conf_headgr,0.0,0.0
6173,7,56,39,"(7, 56, 39)",idx0:7_idx1:56_idx2:39,chd_conf_headgr,0.0,0.0
6174,7,56,40,"(7, 56, 40)",idx0:7_idx1:56_idx2:40,chd_conf_headgr,0.0,0.0
6175,7,56,41,"(7, 56, 41)",idx0:7_idx1:56_idx2:41,chd_conf_headgr,0.0,0.0
6176,7,56,42,"(7, 56, 42)",idx0:7_idx1:56_idx2:42,chd_conf_headgr,0.0,0.0
6177,7,56,43,"(7, 56, 43)",idx0:7_idx1:56_idx2:43,chd_conf_headgr,0.0,0.0
6178,7,56,44,"(7, 56, 44)",idx0:7_idx1:56_idx2:44,chd_conf_headgr,0.0,0.0
6179,7,56,45,"(7, 56, 45)",idx0:7_idx1:56_idx2:45,chd_conf_headgr,0.0,0.0
6180,7,56,46,"(7, 56, 46)",idx0:7_idx1:56_idx2:46,chd_conf_headgr,0.0,0.0
6181,7,56,47,"(7, 56, 47)",idx0:7_idx1:56_idx2:47,chd_conf_headgr,0.0,0.0
6182,7,56,48,"(7, 56, 48)",idx0:7_idx1:56_idx2:48,chd_conf_headgr,0.0,0.0
6183,7,56,49,"(7, 56, 49)",idx0:7_idx1:56_idx2:49,chd_conf_headgr,0.0,0.0
6184,7,56,50,"(7, 56, 50)",idx0:7_idx1:56_idx2:50,chd_conf_headgr,0.0,0.0
6185,7,56,51,"(7, 56, 51)",idx0:7_idx1:56_idx2:51,chd_conf_headgr,0.0,0.0
6186,7,56,52,"(7, 56, 52)",idx0:7_idx1:56_idx2:52,chd_conf_headgr,0.0,0.0
6187,7,56,53,"(7, 56, 53)",idx0:7_idx1:56_idx2:53,chd_conf_headgr,0.0,0.0
6188,7,56,54,"(7, 56, 54)",idx0:7_idx1:56_idx2:54,chd_conf_headgr,0.0,0.0
6189,7,56,55,"(7, 56, 55)",idx0:7_idx1:56_idx2:55,chd_conf_headgr,0.0,0.0
6190,7,56,56,"(7, 56, 56)",idx0:7_idx1:56_idx2:56,chd_conf_headgr,0.0,0.0
6191,7,56,57,"(7, 56, 57)",idx0:7_idx1:56_idx2:57,chd_conf_headgr,0.0,0.0
6192,7,56,58,"(7, 56, 58)",idx0:7_idx1:56_idx2:58,chd_conf_headgr,0.0,0.0
6193,7,56,59,"(7, 56, 59)",idx0:7_idx1:56_idx2:59,chd_conf_headgr,0.0,0.0
6194,7,56,60,"(7, 56, 60)",idx0:7_idx1:56_idx2:60,chd_conf_headgr,0.0,0.0
6195,7,56,61,"(7, 56, 61)",idx0:7_idx1:56_idx2:61,chd_conf_headgr,0.0,0.0
6196,7,56,62,"(7, 56, 62)",idx0:7_idx1:56_idx2:62,chd_conf_headgr,0.0,0.0
6197,7,56,63,"(7, 56, 63)",idx0:7_idx1:56_idx2:63,chd_conf_headgr,0.0,0.0
6198,7,56,64,"(7, 56, 64)",idx0:7_idx1:56_idx2:64,chd_conf_headgr,0.0,0.0
6199,7,56,65,"(7, 56, 65)",idx0:7_idx1:56_idx2:65,chd_conf_headgr,0.0,0.0
6200,7,56,66,"(7, 56, 66)",idx0:7_idx1:56_idx2:66,chd_conf_headgr,0.0,0.0
6201,7,56,67,"(7, 56, 67)",idx0:7_idx1:56_idx2:67,chd_conf_headgr,0.0,0.0
6202,7,56,68,"(7, 56, 68)",idx0:7_idx1:56_idx2:68,chd_conf_headgr,0.0,0.0
6203,7,56,69,"(7, 56, 69)",idx0:7_idx1:56_idx2:69,chd_conf_headgr,0.0,0.0
6204,7,56,70,"(7, 56, 70)",idx0:7_idx1:56_idx2:70,chd_conf_headgr,0.0,0.0
6205,7,56,71,"(7, 56, 71)",idx0:7_idx1:56_idx2:71,chd_conf_headgr,0.0,0.0
6206,7,56,72,"(7, 56, 72)",idx0:7_idx1:56_idx2:72,chd_conf_headgr,0.0,0.0
6207,7,56,73,"(7, 56, 73)",idx0:7_idx1:56_idx2:73,chd_conf_headgr,0.0,0.0
6208,7,56,74,"(7, 56, 74)",idx0:7_idx1:56_idx2:74,chd_conf_headgr,0.0,0.0
6209,7,56,75,"(7, 56, 75)",idx0:7_idx1:56_idx2:75,chd_conf_headgr,0.0,0.0
6210,7,56,76,"(7, 56, 76)",idx0:7_idx1:56_idx2:76,chd_conf_headgr,0.0,0.0
6211,7,56,77,"(7, 56, 77)",idx0:7_idx1:56_idx2:77,chd_conf_headgr,0.0,0.0
6212,7,56,78,"(7, 56, 78)",idx0:7_idx1:56_idx2:78,chd_conf_headgr,0.0,0.0
6213,7,56,79,"(7, 56, 79)",idx0:7_idx1:56_idx2:79,chd_conf_headgr,0.0,0.0
6214,7,56,80,"(7, 56, 80)",idx0:7_idx1:56_idx2:80,chd_conf_headgr,0.0,0.0
6215,7,56,81,"(7, 56, 81)",idx0:7_idx1:56_idx2:81,chd_conf_headgr,0.0,0.0
6216,7,56,82,"(7, 56, 82)",idx0:7_idx1:56_idx2:82,chd_conf_headgr,0.0,0.0
6217,7,56,83,"(7, 56, 83)",idx0:7_idx1:56_idx2:83,chd_conf_headgr,0.0,0.0
6218,7,56,84,"(7, 56, 84)",idx0:7_idx1:56_idx2:84,chd_conf_headgr,0.0,0.0
6219,7,56,85,"(7, 56, 85)",idx0:7_idx1:56_idx2:85,chd_conf_headgr,0.0,0.0
6220,7,56,86,"(7, 56, 86)",idx0:7_idx1:56_idx2:86,chd_conf_headgr,0.0,0.0
6221,7,56,87,"(7, 56, 87)",idx0:7_idx1:56_idx2:87,chd_conf_headgr,0.0,0.0
6222,7,56,88,"(7, 56, 88)",idx0:7_idx1:56_idx2:88,chd_conf_headgr,0.0,0.0
6223,7,56,89,"(7, 56, 89)",idx0:7_idx1:56_idx2:89,chd_conf_headgr,0.0,0.0
6224,7,56,90,"(7, 56, 90)",idx0:7_idx1:56_idx2:90,chd_conf_headgr,0.0,0.0
6225,7,56,91,"(7, 56, 91)",idx0:7_idx1:56_idx2:91,chd_conf_headgr,0.0,0.0
6226,7,57,7,"(7, 57, 7)",idx0:7_idx1:57_idx2:7,chd_conf_headgr,0.0,0.0
6227,7,57,8,"(7, 57, 8)",idx0:7_idx1:57_idx2:8,chd_conf_headgr,0.0,0.0
6228,7,57,9,"(7, 57, 9)",idx0:7_idx1:57_idx2:9,chd_conf_headgr,0.0,0.0
6229,7,57,10,"(7, 57, 10)",idx0:7_idx1:57_idx2:10,chd_conf_headgr,0.0,0.0
6230,7,57,11,"(7, 57, 11)",idx0:7_idx1:57_idx2:11,chd_conf_headgr,0.0,0.0
6231,7,57,12,"(7, 57, 12)",idx0:7_idx1:57_idx2:12,chd_conf_headgr,0.0,0.0
6232,7,57,13,"(7, 57, 13)",idx0:7_idx1:57_idx2:13,chd_conf_headgr,0.0,0.0
6233,7,57,14,"(7, 57, 14)",idx0:7_idx1:57_idx2:14,chd_conf_headgr,0.0,0.0
6234,7,57,15,"(7, 57, 15)",idx0:7_idx1:57_idx2:15,chd_conf_headgr,0.0,0.0
6235,7,57,16,"(7, 57, 16)",idx0:7_idx1:57_idx2:16,chd_conf_headgr,0.0,0.0
6236,7,57,17,"(7, 57, 17)",idx0:7_idx1:57_idx2:17,chd_conf_headgr,0.0,0.0
6237,7,57,18,"(7, 57, 18)",idx0:7_idx1:57_idx2:18,chd_conf_headgr,0.0,0.0
6238,7,57,19,"(7, 57, 19)",idx0:7_idx1:57_idx2:19,chd_conf_headgr,0.0,0.0
6239,7,57,20,"(7, 57, 20)",idx0:7_idx1:57_idx2:20,chd_conf_headgr,0.0,0.0
6240,7,57,21,"(7, 57, 21)",idx0:7_idx1:57_idx2:21,chd_conf_headgr,0.0,0.0
6241,7,57,22,"(7, 57, 22)",idx0:7_idx1:57_idx2:22,chd_conf_headgr,0.0,0.0
6242,7,57,23,"(7, 57, 23)",idx0:7_idx1:57_idx2:23,chd_conf_headgr,0.0,0.0
6243,7,57,24,"(7, 57, 24)",idx0:7_idx1:57_idx2:24,chd_conf_headgr,0.0,0.0
6244,7,57,25,"(7, 57, 25)",idx0:7_idx1:57_idx2:25,chd_conf_headgr,0.0,0.0
6245,7,57,26,"(7, 57, 26)",idx0:7_idx1:57_idx2:26,chd_conf_headgr,0.0,0.0
6246,7,57,27,"(7, 57, 27)",idx0:7_idx1:57_idx2:27,chd_conf_headgr,0.0,0.0
6247,7,57,28,"(7, 57, 28)",idx0:7_idx1:57_idx2:28,chd_conf_headgr,0.0,0.0
6248,7,57,29,"(7, 57, 29)",idx0:7_idx1:57_idx2:29,chd_conf_headgr,0.0,0.0
6249,7,57,30,"(7, 57, 30)",idx0:7_idx1:57_idx2:30,chd_conf_headgr,0.0,0.0
6250,7,57,31,"(7, 57, 31)",idx0:7_idx1:57_idx2:31,chd_conf_headgr,0.0,0.0
6251,7,57,32,"(7, 57, 32)",idx0:7_idx1:57_idx2:32,chd_conf_headgr,0.0,0.0
6252,7,57,33,"(7, 57, 33)",idx0:7_idx1:57_idx2:33,chd_conf_headgr,0.0,0.0
6253,7,57,34,"(7, 57, 34)",idx0:7_idx1:57_idx2:34,chd_conf_headgr,0.0,0.0
6254,7,57,35,"(7, 57, 35)",idx0:7_idx1:57_idx2:35,chd_conf_headgr,0.0,0.0
6255,7,57,36,"(7, 57, 36)",idx0:7_idx1:57_idx2:36,chd_conf_headgr,0.0,0.0
6256,7,57,37,"(7, 57, 37)",idx0:7_idx1:57_idx2:37,chd_conf_headgr,0.0,0.0
6257,7,57,38,"(7, 57, 38)",idx0:7_idx1:57_idx2:38,chd_conf_headgr,0.0,0.0
6258,7,57,39,"(7, 57, 39)",idx0:7_idx1:57_idx2:39,chd_conf_headgr,0.0,0.0
6259,7,57,40,"(7, 57, 40)",idx0:7_idx1:57_idx2:40,chd_conf_headgr,0.0,0.0
6260,7,57,41,"(7, 57, 41)",idx0:7_idx1:57_idx2:41,chd_conf_headgr,0.0,0.0
6261,7,57,42,"(7, 57, 42)",idx0:7_idx1:57_idx2:42,chd_conf_headgr,0.0,0.0
6262,7,57,43,"(7, 57, 43)",idx0:7_idx1:57_idx2:43,chd_conf_headgr,0.0,0.0
6263,7,57,44,"(7, 57, 44)",idx0:7_idx1:57_idx2:44,chd_conf_headgr,0.0,0.0
6264,7,57,45,"(7, 57, 45)",idx0:7_idx1:57_idx2:45,chd_conf_headgr,0.0,0.0
6265,7,57,46,"(7, 57, 46)",idx0:7_idx1:57_idx2:46,chd_conf_headgr,0.0,0.0
6266,7,57,47,"(7, 57, 47)",idx0:7_idx1:57_idx2:47,chd_conf_headgr,0.0,0.0
6267,7,57,48,"(7, 57, 48)",idx0:7_idx1:57_idx2:48,chd_conf_headgr,0.0,0.0
6268,7,57,49,"(7, 57, 49)",idx0:7_idx1:57_idx2:49,chd_conf_headgr,0.0,0.0
6269,7,57,50,"(7, 57, 50)",idx0:7_idx1:57_idx2:50,chd_conf_headgr,0.0,0.0
6270,7,57,51,"(7, 57, 51)",idx0:7_idx1:57_idx2:51,chd_conf_headgr,0.0,0.0
6271,7,57,52,"(7, 57, 52)",idx0:7_idx1:57_idx2:52,chd_conf_headgr,0.0,0.0
6272,7,57,53,"(7, 57, 53)",idx0:7_idx1:57_idx2:53,chd_conf_headgr,0.0,0.0
6273,7,57,54,"(7, 57, 54)",idx0:7_idx1:57_idx2:54,chd_conf_headgr,0.0,0.0
6274,7,57,55,"(7, 57, 55)",idx0:7_idx1:57_idx2:55,chd_conf_headgr,0.0,0.0
6275,7,57,56,"(7, 57, 56)",idx0:7_idx1:57_idx2:56,chd_conf_headgr,0.0,0.0
6276,7,57,57,"(7, 57, 57)",idx0:7_idx1:57_idx2:57,chd_conf_headgr,0.0,0.0
6277,7,57,58,"(7, 57, 58)",idx0:7_idx1:57_idx2:58,chd_conf_headgr,0.0,0.0
6278,7,57,59,"(7, 57, 59)",idx0:7_idx1:57_idx2:59,chd_conf_headgr,0.0,0.0
6279,7,57,60,"(7, 57, 60)",idx0:7_idx1:57_idx2:60,chd_conf_headgr,0.0,0.0
6280,7,57,61,"(7, 57, 61)",idx0:7_idx1:57_idx2:61,chd_conf_headgr,0.0,0.0
6281,7,57,62,"(7, 57, 62)",idx0:7_idx1:57_idx2:62,chd_conf_headgr,0.0,0.0
6282,7,57,63,"(7, 57, 63)",idx0:7_idx1:57_idx2:63,chd_conf_headgr,0.0,0.0
6283,7,57,64,"(7, 57, 64)",idx0:7_idx1:57_idx2:64,chd_conf_headgr,0.0,0.0
6284,7,57,65,"(7, 57, 65)",idx0:7_idx1:57_idx2:65,chd_conf_headgr,0.0,0.0
6285,7,57,66,"(7, 57, 66)",idx0:7_idx1:57_idx2:66,chd_conf_headgr,0.0,0.0
6286,7,57,67,"(7, 57, 67)",idx0:7_idx1:57_idx2:67,chd_conf_headgr,0.0,0.0
6287,7,57,68,"(7, 57, 68)",idx0:7_idx1:57_idx2:68,chd_conf_headgr,0.0,0.0
6288,7,57,69,"(7, 57, 69)",idx0:7_idx1:57_idx2:69,chd_conf_headgr,0.0,0.0
6289,7,57,70,"(7, 57, 70)",idx0:7_idx1:57_idx2:70,chd_conf_headgr,0.0,0.0
6290,7,57,71,"(7, 57, 71)",idx0:7_idx1:57_idx2:71,chd_conf_headgr,0.0,0.0
6291,7,57,72,"(7, 57, 72)",idx0:7_idx1:57_idx2:72,chd_conf_headgr,0.0,0.0
6292,7,57,73,"(7, 57, 73)",idx0:7_idx1:57_idx2:73,chd_conf_headgr,0.0,0.0
6293,7,57,74,"(7, 57, 74)",idx0:7_idx1:57_idx2:74,chd_conf_headgr,0.0,0.0
6294,7,57,75,"(7, 57, 75)",idx0:7_idx1:57_idx2:75,chd_conf_headgr,0.0,0.0
6295,7,57,76,"(7, 57, 76)",idx0:7_idx1:57_idx2:76,chd_conf_headgr,0.0,0.0
6296,7,57,77,"(7, 57, 77)",idx0:7_idx1:57_idx2:77,chd_conf_headgr,0.0,0.0
6297,7,57,78,"(7, 57, 78)",idx0:7_idx1:57_idx2:78,chd_conf_headgr,0.0,0.0
6298,7,57,79,"(7, 57, 79)",idx0:7_idx1:57_idx2:79,chd_conf_headgr,0.0,0.0
6299,7,57,80,"(7, 57, 80)",idx0:7_idx1:57_idx2:80,chd_conf_headgr,0.0,0.0
6300,7,58,6,"(7, 58, 6)",idx0:7_idx1:58_idx2:6,chd_conf_headgr,0.0,0.0
6301,7,58,7,"(7, 58, 7)",idx0:7_idx1:58_idx2:7,chd_conf_headgr,0.0,0.0
6302,7,58,8,"(7, 58, 8)",idx0:7_idx1:58_idx2:8,chd_conf_headgr,0.0,0.0
6303,7,58,9,"(7, 58, 9)",idx0:7_idx1:58_idx2:9,chd_conf_headgr,0.0,0.0
6304,7,58,10,"(7, 58, 10)",idx0:7_idx1:58_idx2:10,chd_conf_headgr,0.0,0.0
6305,7,58,11,"(7, 58, 11)",idx0:7_idx1:58_idx2:11,chd_conf_headgr,0.0,0.0
6306,7,58,12,"(7, 58, 12)",idx0:7_idx1:58_idx2:12,chd_conf_headgr,0.0,0.0
6307,7,58,13,"(7, 58, 13)",idx0:7_idx1:58_idx2:13,chd_conf_headgr,0.0,0.0
6308,7,58,14,"(7, 58, 14)",idx0:7_idx1:58_idx2:14,chd_conf_headgr,0.0,0.0
6309,7,58,15,"(7, 58, 15)",idx0:7_idx1:58_idx2:15,chd_conf_headgr,0.0,0.0
6310,7,58,16,"(7, 58, 16)",idx0:7_idx1:58_idx2:16,chd_conf_headgr,0.0,0.0
6311,7,58,17,"(7, 58, 17)",idx0:7_idx1:58_idx2:17,chd_conf_headgr,0.0,0.0
6312,7,58,18,"(7, 58, 18)",idx0:7_idx1:58_idx2:18,chd_conf_headgr,0.0,0.0
6313,7,58,19,"(7, 58, 19)",idx0:7_idx1:58_idx2:19,chd_conf_headgr,0.0,0.0
6314,7,58,20,"(7, 58, 20)",idx0:7_idx1:58_idx2:20,chd_conf_headgr,0.0,0.0
6315,7,58,21,"(7, 58, 21)",idx0:7_idx1:58_idx2:21,chd_conf_headgr,0.0,0.0
6316,7,58,22,"(7, 58, 22)",idx0:7_idx1:58_idx2:22,chd_conf_headgr,0.0,0.0
6317,7,58,23,"(7, 58, 23)",idx0:7_idx1:58_idx2:23,chd_conf_headgr,0.0,0.0
6318,7,58,24,"(7, 58, 24)",idx0:7_idx1:58_idx2:24,chd_conf_headgr,0.0,0.0
6319,7,58,25,"(7, 58, 25)",idx0:7_idx1:58_idx2:25,chd_conf_headgr,0.0,0.0
6320,7,58,26,"(7, 58, 26)",idx0:7_idx1:58_idx2:26,chd_conf_headgr,0.0,0.0
6321,7,58,27,"(7, 58, 27)",idx0:7_idx1:58_idx2:27,chd_conf_headgr,0.0,0.0
6322,7,58,28,"(7, 58, 28)",idx0:7_idx1:58_idx2:28,chd_conf_headgr,0.0,0.0
6323,7,58,29,"(7, 58, 29)",idx0:7_idx1:58_idx2:29,chd_conf_headgr,0.0,0.0
6324,7,58,30,"(7, 58, 30)",idx0:7_idx1:58_idx2:30,chd_conf_headgr,0.0,0.0
6325,7,58,31,"(7, 58, 31)",idx0:7_idx1:58_idx2:31,chd_conf_headgr,0.0,0.0
6326,7,58,32,"(7, 58, 32)",idx0:7_idx1:58_idx2:32,chd_conf_headgr,0.0,0.0
6327,7,58,33,"(7, 58, 33)",idx0:7_idx1:58_idx2:33,chd_conf_headgr,0.0,0.0
6328,7,58,34,"(7, 58, 34)",idx0:7_idx1:58_idx2:34,chd_conf_headgr,0.0,0.0
6329,7,58,35,"(7, 58, 35)",idx0:7_idx1:58_idx2:35,chd_conf_headgr,0.0,0.0
6330,7,58,36,"(7, 58, 36)",idx0:7_idx1:58_idx2:36,chd_conf_headgr,0.0,0.0
6331,7,58,37,"(7, 58, 37)",idx0:7_idx1:58_idx2:37,chd_conf_headgr,0.0,0.0
6332,7,58,38,"(7, 58, 38)",idx0:7_idx1:58_idx2:38,chd_conf_headgr,0.0,0.0
6333,7,58,39,"(7, 58, 39)",idx0:7_idx1:58_idx2:39,chd_conf_headgr,0.0,0.0
6334,7,58,40,"(7, 58, 40)",idx0:7_idx1:58_idx2:40,chd_conf_headgr,0.0,0.0
6335,7,58,41,"(7, 58, 41)",idx0:7_idx1:58_idx2:41,chd_conf_headgr,0.0,0.0
6336,7,58,42,"(7, 58, 42)",idx0:7_idx1:58_idx2:42,chd_conf_headgr,0.0,0.0
6337,7,58,43,"(7, 58, 43)",idx0:7_idx1:58_idx2:43,chd_conf_headgr,0.0,0.0
6338,7,58,44,"(7, 58, 44)",idx0:7_idx1:58_idx2:44,chd_conf_headgr,0.0,0.0
6339,7,58,45,"(7, 58, 45)",idx0:7_idx1:58_idx2:45,chd_conf_headgr,0.0,0.0
6340,7,58,46,"(7, 58, 46)",idx0:7_idx1:58_idx2:46,chd_conf_headgr,0.0,0.0
6341,7,58,47,"(7, 58, 47)",idx0:7_idx1:58_idx2:47,chd_conf_headgr,0.0,0.0
6342,7,58,48,"(7, 58, 48)",idx0:7_idx1:58_idx2:48,chd_conf_headgr,0.0,0.0
6343,7,58,49,"(7, 58, 49)",idx0:7_idx1:58_idx2:49,chd_conf_headgr,0.0,0.0
6344,7,58,50,"(7, 58, 50)",idx0:7_idx1:58_idx2:50,chd_conf_headgr,0.0,0.0
6345,7,58,51,"(7, 58, 51)",idx0:7_idx1:58_idx2:51,chd_conf_headgr,0.0,0.0
6346,7,58,52,"(7, 58, 52)",idx0:7_idx1:58_idx2:52,chd_conf_headgr,0.0,0.0
6347,7,58,53,"(7, 58, 53)",idx0:7_idx1:58_idx2:53,chd_conf_headgr,0.0,0.0
6348,7,58,54,"(7, 58, 54)",idx0:7_idx1:58_idx2:54,chd_conf_headgr,0.0,0.0
6349,7,58,55,"(7, 58, 55)",idx0:7_idx1:58_idx2:55,chd_conf_headgr,0.0,0.0
6350,7,58,56,"(7, 58, 56)",idx0:7_idx1:58_idx2:56,chd_conf_headgr,0.0,0.0
6351,7,58,57,"(7, 58, 57)",idx0:7_idx1:58_idx2:57,chd_conf_headgr,0.0,0.0
6352,7,58,58,"(7, 58, 58)",idx0:7_idx1:58_idx2:58,chd_conf_headgr,0.0,0.0
6353,7,58,59,"(7, 58, 59)",idx0:7_idx1:58_idx2:59,chd_conf_headgr,0.0,0.0
6354,7,58,60,"(7, 58, 60)",idx0:7_idx1:58_idx2:60,chd_conf_headgr,0.0,0.0
6355,7,58,61,"(7, 58, 61)",idx0:7_idx1:58_idx2:61,chd_conf_headgr,0.0,0.0
6356,7,58,62,"(7, 58, 62)",idx0:7_idx1:58_idx2:62,chd_conf_headgr,0.0,0.0
6357,7,58,63,"(7, 58, 63)",idx0:7_idx1:58_idx2:63,chd_conf_headgr,0.0,0.0
6358,7,58,64,"(7, 58, 64)",idx0:7_idx1:58_idx2:64,chd_conf_headgr,0.0,0.0
6359,7,58,65,"(7, 58, 65)",idx0:7_idx1:58_idx2:65,chd_conf_headgr,0.0,0.0
6360,7,58,66,"(7, 58, 66)",idx0:7_idx1:58_idx2:66,chd_conf_headgr,0.0,0.0
6361,7,58,67,"(7, 58, 67)",idx0:7_idx1:58_idx2:67,chd_conf_headgr,0.0,0.0
6362,7,58,68,"(7, 58, 68)",idx0:7_idx1:58_idx2:68,chd_conf_headgr,0.0,0.0
6363,7,58,69,"(7, 58, 69)",idx0:7_idx1:58_idx2:69,chd_conf_headgr,0.0,0.0
6364,7,58,70,"(7, 58, 70)",idx0:7_idx1:58_idx2:70,chd_conf_headgr,0.0,0.0
6365,7,58,71,"(7, 58, 71)",idx0:7_idx1:58_idx2:71,chd_conf_headgr,0.0,0.0
6366,7,58,72,"(7, 58, 72)",idx0:7_idx1:58_idx2:72,chd_conf_headgr,0.0,0.0
6367,7,58,73,"(7, 58, 73)",idx0:7_idx1:58_idx2:73,chd_conf_headgr,0.0,0.0
6368,7,58,74,"(7, 58, 74)",idx0:7_idx1:58_idx2:74,chd_conf_headgr,0.0,0.0
6369,7,58,75,"(7, 58, 75)",idx0:7_idx1:58_idx2:75,chd_conf_headgr,0.0,0.0
6370,7,58,76,"(7, 58, 76)",idx0:7_idx1:58_idx2:76,chd_conf_headgr,0.0,0.0
6371,7,58,77,"(7, 58, 77)",idx0:7_idx1:58_idx2:77,chd_conf_headgr,0.0,0.0
6372,7,58,78,"(7, 58, 78)",idx0:7_idx1:58_idx2:78,chd_conf_headgr,0.0,0.0
6373,7,59,6,"(7, 59, 6)",idx0:7_idx1:59_idx2:6,chd_conf_headgr,0.0,0.0
6374,7,59,7,"(7, 59, 7)",idx0:7_idx1:59_idx2:7,chd_conf_headgr,0.0,0.0
6375,7,59,8,"(7, 59, 8)",idx0:7_idx1:59_idx2:8,chd_conf_headgr,0.0,0.0
6376,7,59,9,"(7, 59, 9)",idx0:7_idx1:59_idx2:9,chd_conf_headgr,0.0,0.0
6377,7,59,10,"(7, 59, 10)",idx0:7_idx1:59_idx2:10,chd_conf_headgr,0.0,0.0
6378,7,59,11,"(7, 59, 11)",idx0:7_idx1:59_idx2:11,chd_conf_headgr,0.0,0.0
6379,7,59,12,"(7, 59, 12)",idx0:7_idx1:59_idx2:12,chd_conf_headgr,0.0,0.0
6380,7,59,13,"(7, 59, 13)",idx0:7_idx1:59_idx2:13,chd_conf_headgr,0.0,0.0
6381,7,59,14,"(7, 59, 14)",idx0:7_idx1:59_idx2:14,chd_conf_headgr,0.0,0.0
6382,7,59,15,"(7, 59, 15)",idx0:7_idx1:59_idx2:15,chd_conf_headgr,0.0,0.0
6383,7,59,16,"(7, 59, 16)",idx0:7_idx1:59_idx2:16,chd_conf_headgr,0.0,0.0
6384,7,59,17,"(7, 59, 17)",idx0:7_idx1:59_idx2:17,chd_conf_headgr,0.0,0.0
6385,7,59,18,"(7, 59, 18)",idx0:7_idx1:59_idx2:18,chd_conf_headgr,0.0,0.0
6386,7,59,19,"(7, 59, 19)",idx0:7_idx1:59_idx2:19,chd_conf_headgr,0.0,0.0
6387,7,59,20,"(7, 59, 20)",idx0:7_idx1:59_idx2:20,chd_conf_headgr,0.0,0.0
6388,7,59,21,"(7, 59, 21)",idx0:7_idx1:59_idx2:21,chd_conf_headgr,0.0,0.0
6389,7,59,22,"(7, 59, 22)",idx0:7_idx1:59_idx2:22,chd_conf_headgr,0.0,0.0
6390,7,59,23,"(7, 59, 23)",idx0:7_idx1:59_idx2:23,chd_conf_headgr,0.0,0.0
6391,7,59,24,"(7, 59, 24)",idx0:7_idx1:59_idx2:24,chd_conf_headgr,0.0,0.0
6392,7,59,25,"(7, 59, 25)",idx0:7_idx1:59_idx2:25,chd_conf_headgr,0.0,0.0
6393,7,59,26,"(7, 59, 26)",idx0:7_idx1:59_idx2:26,chd_conf_headgr,0.0,0.0
6394,7,59,27,"(7, 59, 27)",idx0:7_idx1:59_idx2:27,chd_conf_headgr,0.0,0.0
6395,7,59,28,"(7, 59, 28)",idx0:7_idx1:59_idx2:28,chd_conf_headgr,0.0,0.0
6396,7,59,29,"(7, 59, 29)",idx0:7_idx1:59_idx2:29,chd_conf_headgr,0.0,0.0
6397,7,59,30,"(7, 59, 30)",idx0:7_idx1:59_idx2:30,chd_conf_headgr,0.0,0.0
6398,7,59,31,"(7, 59, 31)",idx0:7_idx1:59_idx2:31,chd_conf_headgr,0.0,0.0
6399,7,59,32,"(7, 59, 32)",idx0:7_idx1:59_idx2:32,chd_conf_headgr,0.0,0.0
6400,7,59,33,"(7, 59, 33)",idx0:7_idx1:59_idx2:33,chd_conf_headgr,0.0,0.0
6401,7,59,34,"(7, 59, 34)",idx0:7_idx1:59_idx2:34,chd_conf_headgr,0.0,0.0
6402,7,59,35,"(7, 59, 35)",idx0:7_idx1:59_idx2:35,chd_conf_headgr,0.0,0.0
6403,7,59,36,"(7, 59, 36)",idx0:7_idx1:59_idx2:36,chd_conf_headgr,0.0,0.0
6404,7,59,37,"(7, 59, 37)",idx0:7_idx1:59_idx2:37,chd_conf_headgr,0.0,0.0
6405,7,59,38,"(7, 59, 38)",idx0:7_idx1:59_idx2:38,chd_conf_headgr,0.0,0.0
6406,7,59,39,"(7, 59, 39)",idx0:7_idx1:59_idx2:39,chd_conf_headgr,0.0,0.0
6407,7,59,40,"(7, 59, 40)",idx0:7_idx1:59_idx2:40,chd_conf_headgr,0.0,0.0
6408,7,59,41,"(7, 59, 41)",idx0:7_idx1:59_idx2:41,chd_conf_headgr,0.0,0.0
6409,7,59,42,"(7, 59, 42)",idx0:7_idx1:59_idx2:42,chd_conf_headgr,0.0,0.0
6410,7,59,43,"(7, 59, 43)",idx0:7_idx1:59_idx2:43,chd_conf_headgr,0.0,0.0
6411,7,59,44,"(7, 59, 44)",idx0:7_idx1:59_idx2:44,chd_conf_headgr,0.0,0.0
6412,7,59,45,"(7, 59, 45)",idx0:7_idx1:59_idx2:45,chd_conf_headgr,0.0,0.0
6413,7,59,46,"(7, 59, 46)",idx0:7_idx1:59_idx2:46,chd_conf_headgr,0.0,0.0
6414,7,59,47,"(7, 59, 47)",idx0:7_idx1:59_idx2:47,chd_conf_headgr,0.0,0.0
6415,7,59,48,"(7, 59, 48)",idx0:7_idx1:59_idx2:48,chd_conf_headgr,0.0,0.0
6416,7,59,49,"(7, 59, 49)",idx0:7_idx1:59_idx2:49,chd_conf_headgr,0.0,0.0
6417,7,59,50,"(7, 59, 50)",idx0:7_idx1:59_idx2:50,chd_conf_headgr,0.0,0.0
6418,7,59,51,"(7, 59, 51)",idx0:7_idx1:59_idx2:51,chd_conf_headgr,0.0,0.0
6419,7,59,52,"(7, 59, 52)",idx0:7_idx1:59_idx2:52,chd_conf_headgr,0.0,0.0
6420,7,59,53,"(7, 59, 53)",idx0:7_idx1:59_idx2:53,chd_conf_headgr,0.0,0.0
6421,7,59,54,"(7, 59, 54)",idx0:7_idx1:59_idx2:54,chd_conf_headgr,0.0,0.0
6422,7,59,55,"(7, 59, 55)",idx0:7_idx1:59_idx2:55,chd_conf_headgr,0.0,0.0
6423,7,59,56,"(7, 59, 56)",idx0:7_idx1:59_idx2:56,chd_conf_headgr,0.0,0.0
6424,7,59,57,"(7, 59, 57)",idx0:7_idx1:59_idx2:57,chd_conf_headgr,0.0,0.0
6425,7,59,58,"(7, 59, 58)",idx0:7_idx1:59_idx2:58,chd_conf_headgr,0.0,0.0
6426,7,59,59,"(7, 59, 59)",idx0:7_idx1:59_idx2:59,chd_conf_headgr,0.0,0.0
6427,7,59,60,"(7, 59, 60)",idx0:7_idx1:59_idx2:60,chd_conf_headgr,0.0,0.0
6428,7,59,61,"(7, 59, 61)",idx0:7_idx1:59_idx2:61,chd_conf_headgr,0.0,0.0
6429,7,59,62,"(7, 59, 62)",idx0:7_idx1:59_idx2:62,chd_conf_headgr,0.0,0.0
6430,7,59,63,"(7, 59, 63)",idx0:7_idx1:59_idx2:63,chd_conf_headgr,0.0,0.0
6431,7,59,64,"(7, 59, 64)",idx0:7_idx1:59_idx2:64,chd_conf_headgr,0.0,0.0
6432,7,59,65,"(7, 59, 65)",idx0:7_idx1:59_idx2:65,chd_conf_headgr,0.0,0.0
6433,7,59,66,"(7, 59, 66)",idx0:7_idx1:59_idx2:66,chd_conf_headgr,0.0,0.0
6434,7,59,67,"(7, 59, 67)",idx0:7_idx1:59_idx2:67,chd_conf_headgr,0.0,0.0
6435,7,59,68,"(7, 59, 68)",idx0:7_idx1:59_idx2:68,chd_conf_headgr,0.0,0.0
6436,7,59,69,"(7, 59, 69)",idx0:7_idx1:59_idx2:69,chd_conf_headgr,0.0,0.0
6437,7,59,70,"(7, 59, 70)",idx0:7_idx1:59_idx2:70,chd_conf_headgr,0.0,0.0
6438,7,59,71,"(7, 59, 71)",idx0:7_idx1:59_idx2:71,chd_conf_headgr,0.0,0.0
6439,7,59,72,"(7, 59, 72)",idx0:7_idx1:59_idx2:72,chd_conf_headgr,0.0,0.0
6440,7,59,73,"(7, 59, 73)",idx0:7_idx1:59_idx2:73,chd_conf_headgr,0.0,0.0
6441,7,59,74,"(7, 59, 74)",idx0:7_idx1:59_idx2:74,chd_conf_headgr,0.0,0.0
6442,7,59,75,"(7, 59, 75)",idx0:7_idx1:59_idx2:75,chd_conf_headgr,0.0,0.0
6443,7,59,76,"(7, 59, 76)",idx0:7_idx1:59_idx2:76,chd_conf_headgr,0.0,0.0
6444,7,60,5,"(7, 60, 5)",idx0:7_idx1:60_idx2:5,chd_conf_headgr,0.0,0.0
6445,7,60,6,"(7, 60, 6)",idx0:7_idx1:60_idx2:6,chd_conf_headgr,0.0,0.0
6446,7,60,7,"(7, 60, 7)",idx0:7_idx1:60_idx2:7,chd_conf_headgr,0.0,0.0
6447,7,60,8,"(7, 60, 8)",idx0:7_idx1:60_idx2:8,chd_conf_headgr,0.0,0.0
6448,7,60,9,"(7, 60, 9)",idx0:7_idx1:60_idx2:9,chd_conf_headgr,0.0,0.0
6449,7,60,10,"(7, 60, 10)",idx0:7_idx1:60_idx2:10,chd_conf_headgr,0.0,0.0
6450,7,60,11,"(7, 60, 11)",idx0:7_idx1:60_idx2:11,chd_conf_headgr,0.0,0.0
6451,7,60,12,"(7, 60, 12)",idx0:7_idx1:60_idx2:12,chd_conf_headgr,0.0,0.0
6452,7,60,13,"(7, 60, 13)",idx0:7_idx1:60_idx2:13,chd_conf_headgr,0.0,0.0
6453,7,60,14,"(7, 60, 14)",idx0:7_idx1:60_idx2:14,chd_conf_headgr,0.0,0.0
6454,7,60,15,"(7, 60, 15)",idx0:7_idx1:60_idx2:15,chd_conf_headgr,0.0,0.0
6455,7,60,16,"(7, 60, 16)",idx0:7_idx1:60_idx2:16,chd_conf_headgr,0.0,0.0
6456,7,60,17,"(7, 60, 17)",idx0:7_idx1:60_idx2:17,chd_conf_headgr,0.0,0.0
6457,7,60,18,"(7, 60, 18)",idx0:7_idx1:60_idx2:18,chd_conf_headgr,0.0,0.0
6458,7,60,19,"(7, 60, 19)",idx0:7_idx1:60_idx2:19,chd_conf_headgr,0.0,0.0
6459,7,60,20,"(7, 60, 20)",idx0:7_idx1:60_idx2:20,chd_conf_headgr,0.0,0.0
6460,7,60,21,"(7, 60, 21)",idx0:7_idx1:60_idx2:21,chd_conf_headgr,0.0,0.0
6461,7,60,22,"(7, 60, 22)",idx0:7_idx1:60_idx2:22,chd_conf_headgr,0.0,0.0
6462,7,60,23,"(7, 60, 23)",idx0:7_idx1:60_idx2:23,chd_conf_headgr,0.0,0.0
6463,7,60,24,"(7, 60, 24)",idx0:7_idx1:60_idx2:24,chd_conf_headgr,0.0,0.0
6464,7,60,25,"(7, 60, 25)",idx0:7_idx1:60_idx2:25,chd_conf_headgr,0.0,0.0
6465,7,60,26,"(7, 60, 26)",idx0:7_idx1:60_idx2:26,chd_conf_headgr,0.0,0.0
6466,7,60,27,"(7, 60, 27)",idx0:7_idx1:60_idx2:27,chd_conf_headgr,0.0,0.0
6467,7,60,28,"(7, 60, 28)",idx0:7_idx1:60_idx2:28,chd_conf_headgr,0.0,0.0
6468,7,60,29,"(7, 60, 29)",idx0:7_idx1:60_idx2:29,chd_conf_headgr,0.0,0.0
6469,7,60,30,"(7, 60, 30)",idx0:7_idx1:60_idx2:30,chd_conf_headgr,0.0,0.0
6470,7,60,31,"(7, 60, 31)",idx0:7_idx1:60_idx2:31,chd_conf_headgr,0.0,0.0
6471,7,60,32,"(7, 60, 32)",idx0:7_idx1:60_idx2:32,chd_conf_headgr,0.0,0.0
6472,7,60,33,"(7, 60, 33)",idx0:7_idx1:60_idx2:33,chd_conf_headgr,0.0,0.0
6473,7,60,34,"(7, 60, 34)",idx0:7_idx1:60_idx2:34,chd_conf_headgr,0.0,0.0
6474,7,60,35,"(7, 60, 35)",idx0:7_idx1:60_idx2:35,chd_conf_headgr,0.0,0.0
6475,7,60,36,"(7, 60, 36)",idx0:7_idx1:60_idx2:36,chd_conf_headgr,0.0,0.0
6476,7,60,37,"(7, 60, 37)",idx0:7_idx1:60_idx2:37,chd_conf_headgr,0.0,0.0
6477,7,60,38,"(7, 60, 38)",idx0:7_idx1:60_idx2:38,chd_conf_headgr,0.0,0.0
6478,7,60,39,"(7, 60, 39)",idx0:7_idx1:60_idx2:39,chd_conf_headgr,0.0,0.0
6479,7,60,40,"(7, 60, 40)",idx0:7_idx1:60_idx2:40,chd_conf_headgr,0.0,0.0
6480,7,60,41,"(7, 60, 41)",idx0:7_idx1:60_idx2:41,chd_conf_headgr,0.0,0.0
6481,7,60,42,"(7, 60, 42)",idx0:7_idx1:60_idx2:42,chd_conf_headgr,0.0,0.0
6482,7,60,43,"(7, 60, 43)",idx0:7_idx1:60_idx2:43,chd_conf_headgr,0.0,0.0
6483,7,60,44,"(7, 60, 44)",idx0:7_idx1:60_idx2:44,chd_conf_headgr,0.0,0.0
6484,7,60,45,"(7, 60, 45)",idx0:7_idx1:60_idx2:45,chd_conf_headgr,0.0,0.0
6485,7,60,46,"(7, 60, 46)",idx0:7_idx1:60_idx2:46,chd_conf_headgr,0.0,0.0
6486,7,60,47,"(7, 60, 47)",idx0:7_idx1:60_idx2:47,chd_conf_headgr,0.0,0.0
6487,7,60,48,"(7, 60, 48)",idx0:7_idx1:60_idx2:48,chd_conf_headgr,0.0,0.0
6488,7,60,49,"(7, 60, 49)",idx0:7_idx1:60_idx2:49,chd_conf_headgr,0.0,0.0
6489,7,60,50,"(7, 60, 50)",idx0:7_idx1:60_idx2:50,chd_conf_headgr,0.0,0.0
6490,7,60,51,"(7, 60, 51)",idx0:7_idx1:60_idx2:51,chd_conf_headgr,0.0,0.0
6491,7,60,52,"(7, 60, 52)",idx0:7_idx1:60_idx2:52,chd_conf_headgr,0.0,0.0
6492,7,60,53,"(7, 60, 53)",idx0:7_idx1:60_idx2:53,chd_conf_headgr,0.0,0.0
6493,7,60,54,"(7, 60, 54)",idx0:7_idx1:60_idx2:54,chd_conf_headgr,0.0,0.0
6494,7,60,55,"(7, 60, 55)",idx0:7_idx1:60_idx2:55,chd_conf_headgr,0.0,0.0
6495,7,60,56,"(7, 60, 56)",idx0:7_idx1:60_idx2:56,chd_conf_headgr,0.0,0.0
6496,7,60,57,"(7, 60, 57)",idx0:7_idx1:60_idx2:57,chd_conf_headgr,0.0,0.0
6497,7,60,58,"(7, 60, 58)",idx0:7_idx1:60_idx2:58,chd_conf_headgr,0.0,0.0
6498,7,60,59,"(7, 60, 59)",idx0:7_idx1:60_idx2:59,chd_conf_headgr,0.0,0.0
6499,7,60,60,"(7, 60, 60)",idx0:7_idx1:60_idx2:60,chd_conf_headgr,0.0,0.0
6500,7,60,61,"(7, 60, 61)",idx0:7_idx1:60_idx2:61,chd_conf_headgr,0.0,0.0
6501,7,60,62,"(7, 60, 62)",idx0:7_idx1:60_idx2:62,chd_conf_headgr,0.0,0.0
6502,7,60,63,"(7, 60, 63)",idx0:7_idx1:60_idx2:63,chd_conf_headgr,0.0,0.0
6503,7,60,64,"(7, 60, 64)",idx0:7_idx1:60_idx2:64,chd_conf_headgr,0.0,0.0
6504,7,60,65,"(7, 60, 65)",idx0:7_idx1:60_idx2:65,chd_conf_headgr,0.0,0.0
6505,7,60,66,"(7, 60, 66)",idx0:7_idx1:60_idx2:66,chd_conf_headgr,0.0,0.0
6506,7,60,67,"(7, 60, 67)",idx0:7_idx1:60_idx2:67,chd_conf_headgr,0.0,0.0
6507,7,60,68,"(7, 60, 68)",idx0:7_idx1:60_idx2:68,chd_conf_headgr,0.0,0.0
6508,7,60,69,"(7, 60, 69)",idx0:7_idx1:60_idx2:69,chd_conf_headgr,0.0,0.0
6509,7,60,70,"(7, 60, 70)",idx0:7_idx1:60_idx2:70,chd_conf_headgr,0.0,0.0
6510,7,60,71,"(7, 60, 71)",idx0:7_idx1:60_idx2:71,chd_conf_headgr,0.0,0.0
6511,7,60,72,"(7, 60, 72)",idx0:7_idx1:60_idx2:72,chd_conf_headgr,0.0,0.0
6512,7,60,73,"(7, 60, 73)",idx0:7_idx1:60_idx2:73,chd_conf_headgr,0.0,0.0
6513,7,60,74,"(7, 60, 74)",idx0:7_idx1:60_idx2:74,chd_conf_headgr,0.0,0.0
6514,7,61,5,"(7, 61, 5)",idx0:7_idx1:61_idx2:5,chd_conf_headgr,0.0,0.0
6515,7,61,6,"(7, 61, 6)",idx0:7_idx1:61_idx2:6,chd_conf_headgr,0.0,0.0
6516,7,61,7,"(7, 61, 7)",idx0:7_idx1:61_idx2:7,chd_conf_headgr,0.0,0.0
6517,7,61,8,"(7, 61, 8)",idx0:7_idx1:61_idx2:8,chd_conf_headgr,0.0,0.0
6518,7,61,9,"(7, 61, 9)",idx0:7_idx1:61_idx2:9,chd_conf_headgr,0.0,0.0
6519,7,61,10,"(7, 61, 10)",idx0:7_idx1:61_idx2:10,chd_conf_headgr,0.0,0.0
6520,7,61,11,"(7, 61, 11)",idx0:7_idx1:61_idx2:11,chd_conf_headgr,0.0,0.0
6521,7,61,12,"(7, 61, 12)",idx0:7_idx1:61_idx2:12,chd_conf_headgr,0.0,0.0
6522,7,61,13,"(7, 61, 13)",idx0:7_idx1:61_idx2:13,chd_conf_headgr,0.0,0.0
6523,7,61,14,"(7, 61, 14)",idx0:7_idx1:61_idx2:14,chd_conf_headgr,0.0,0.0
6524,7,61,15,"(7, 61, 15)",idx0:7_idx1:61_idx2:15,chd_conf_headgr,0.0,0.0
6525,7,61,16,"(7, 61, 16)",idx0:7_idx1:61_idx2:16,chd_conf_headgr,0.0,0.0
6526,7,61,17,"(7, 61, 17)",idx0:7_idx1:61_idx2:17,chd_conf_headgr,0.0,0.0
6527,7,61,18,"(7, 61, 18)",idx0:7_idx1:61_idx2:18,chd_conf_headgr,0.0,0.0
6528,7,61,19,"(7, 61, 19)",idx0:7_idx1:61_idx2:19,chd_conf_headgr,0.0,0.0
6529,7,61,20,"(7, 61, 20)",idx0:7_idx1:61_idx2:20,chd_conf_headgr,0.0,0.0
6530,7,61,21,"(7, 61, 21)",idx0:7_idx1:61_idx2:21,chd_conf_headgr,0.0,0.0
6531,7,61,22,"(7, 61, 22)",idx0:7_idx1:61_idx2:22,chd_conf_headgr,0.0,0.0
6532,7,61,23,"(7, 61, 23)",idx0:7_idx1:61_idx2:23,chd_conf_headgr,0.0,0.0
6533,7,61,24,"(7, 61, 24)",idx0:7_idx1:61_idx2:24,chd_conf_headgr,0.0,0.0
6534,7,61,25,"(7, 61, 25)",idx0:7_idx1:61_idx2:25,chd_conf_headgr,0.0,0.0
6535,7,61,26,"(7, 61, 26)",idx0:7_idx1:61_idx2:26,chd_conf_headgr,0.0,0.0
6536,7,61,27,"(7, 61, 27)",idx0:7_idx1:61_idx2:27,chd_conf_headgr,0.0,0.0
6537,7,61,28,"(7, 61, 28)",idx0:7_idx1:61_idx2:28,chd_conf_headgr,0.0,0.0
6538,7,61,29,"(7, 61, 29)",idx0:7_idx1:61_idx2:29,chd_conf_headgr,0.0,0.0
6539,7,61,30,"(7, 61, 30)",idx0:7_idx1:61_idx2:30,chd_conf_headgr,0.0,0.0
6540,7,61,31,"(7, 61, 31)",idx0:7_idx1:61_idx2:31,chd_conf_headgr,0.0,0.0
6541,7,61,32,"(7, 61, 32)",idx0:7_idx1:61_idx2:32,chd_conf_headgr,0.0,0.0
6542,7,61,33,"(7, 61, 33)",idx0:7_idx1:61_idx2:33,chd_conf_headgr,0.0,0.0
6543,7,61,34,"(7, 61, 34)",idx0:7_idx1:61_idx2:34,chd_conf_headgr,0.0,0.0
6544,7,61,35,"(7, 61, 35)",idx0:7_idx1:61_idx2:35,chd_conf_headgr,0.0,0.0
6545,7,61,36,"(7, 61, 36)",idx0:7_idx1:61_idx2:36,chd_conf_headgr,0.0,0.0
6546,7,61,37,"(7, 61, 37)",idx0:7_idx1:61_idx2:37,chd_conf_headgr,0.0,0.0
6547,7,61,38,"(7, 61, 38)",idx0:7_idx1:61_idx2:38,chd_conf_headgr,0.0,0.0
6548,7,61,39,"(7, 61, 39)",idx0:7_idx1:61_idx2:39,chd_conf_headgr,0.0,0.0
6549,7,61,40,"(7, 61, 40)",idx0:7_idx1:61_idx2:40,chd_conf_headgr,0.0,0.0
6550,7,61,41,"(7, 61, 41)",idx0:7_idx1:61_idx2:41,chd_conf_headgr,0.0,0.0
6551,7,61,42,"(7, 61, 42)",idx0:7_idx1:61_idx2:42,chd_conf_headgr,0.0,0.0
6552,7,61,43,"(7, 61, 43)",idx0:7_idx1:61_idx2:43,chd_conf_headgr,0.0,0.0
6553,7,61,44,"(7, 61, 44)",idx0:7_idx1:61_idx2:44,chd_conf_headgr,0.0,0.0
6554,7,61,45,"(7, 61, 45)",idx0:7_idx1:61_idx2:45,chd_conf_headgr,0.0,0.0
6555,7,61,46,"(7, 61, 46)",idx0:7_idx1:61_idx2:46,chd_conf_headgr,0.0,0.0
6556,7,61,47,"(7, 61, 47)",idx0:7_idx1:61_idx2:47,chd_conf_headgr,0.0,0.0
6557,7,61,48,"(7, 61, 48)",idx0:7_idx1:61_idx2:48,chd_conf_headgr,0.0,0.0
6558,7,61,49,"(7, 61, 49)",idx0:7_idx1:61_idx2:49,chd_conf_headgr,0.0,0.0
6559,7,61,50,"(7, 61, 50)",idx0:7_idx1:61_idx2:50,chd_conf_headgr,0.0,0.0
6560,7,61,51,"(7, 61, 51)",idx0:7_idx1:61_idx2:51,chd_conf_headgr,0.0,0.0
6561,7,61,52,"(7, 61, 52)",idx0:7_idx1:61_idx2:52,chd_conf_headgr,0.0,0.0
6562,7,61,53,"(7, 61, 53)",idx0:7_idx1:61_idx2:53,chd_conf_headgr,0.0,0.0
6563,7,61,54,"(7, 61, 54)",idx0:7_idx1:61_idx2:54,chd_conf_headgr,0.0,0.0
6564,7,61,55,"(7, 61, 55)",idx0:7_idx1:61_idx2:55,chd_conf_headgr,0.0,0.0
6565,7,61,56,"(7, 61, 56)",idx0:7_idx1:61_idx2:56,chd_conf_headgr,0.0,0.0
6566,7,61,57,"(7, 61, 57)",idx0:7_idx1:61_idx2:57,chd_conf_headgr,0.0,0.0
6567,7,61,58,"(7, 61, 58)",idx0:7_idx1:61_idx2:58,chd_conf_headgr,0.0,0.0
6568,7,61,59,"(7, 61, 59)",idx0:7_idx1:61_idx2:59,chd_conf_headgr,0.0,0.0
6569,7,61,60,"(7, 61, 60)",idx0:7_idx1:61_idx2:60,chd_conf_headgr,0.0,0.0
6570,7,61,61,"(7, 61, 61)",idx0:7_idx1:61_idx2:61,chd_conf_headgr,0.0,0.0
6571,7,61,62,"(7, 61, 62)",idx0:7_idx1:61_idx2:62,chd_conf_headgr,0.0,0.0
6572,7,61,63,"(7, 61, 63)",idx0:7_idx1:61_idx2:63,chd_conf_headgr,0.0,0.0
6573,7,61,64,"(7, 61, 64)",idx0:7_idx1:61_idx2:64,chd_conf_headgr,0.0,0.0
6574,7,61,65,"(7, 61, 65)",idx0:7_idx1:61_idx2:65,chd_conf_headgr,0.0,0.0
6575,7,61,66,"(7, 61, 66)",idx0:7_idx1:61_idx2:66,chd_conf_headgr,0.0,0.0
6576,7,61,67,"(7, 61, 67)",idx0:7_idx1:61_idx2:67,chd_conf_headgr,0.0,0.0
6577,7,61,68,"(7, 61, 68)",idx0:7_idx1:61_idx2:68,chd_conf_headgr,0.0,0.0
6578,7,61,69,"(7, 61, 69)",idx0:7_idx1:61_idx2:69,chd_conf_headgr,0.0,0.0
6579,7,61,70,"(7, 61, 70)",idx0:7_idx1:61_idx2:70,chd_conf_headgr,0.0,0.0
6580,7,61,71,"(7, 61, 71)",idx0:7_idx1:61_idx2:71,chd_conf_headgr,0.0,0.0
6581,7,61,72,"(7, 61, 72)",idx0:7_idx1:61_idx2:72,chd_conf_headgr,0.0,0.0
6582,7,62,4,"(7, 62, 4)",idx0:7_idx1:62_idx2:4,chd_conf_headgr,0.0,0.0
6583,7,62,5,"(7, 62, 5)",idx0:7_idx1:62_idx2:5,chd_conf_headgr,0.0,0.0
6584,7,62,6,"(7, 62, 6)",idx0:7_idx1:62_idx2:6,chd_conf_headgr,0.0,0.0
6585,7,62,7,"(7, 62, 7)",idx0:7_idx1:62_idx2:7,chd_conf_headgr,0.0,0.0
6586,7,62,8,"(7, 62, 8)",idx0:7_idx1:62_idx2:8,chd_conf_headgr,0.0,0.0
6587,7,62,9,"(7, 62, 9)",idx0:7_idx1:62_idx2:9,chd_conf_headgr,0.0,0.0
6588,7,62,10,"(7, 62, 10)",idx0:7_idx1:62_idx2:10,chd_conf_headgr,0.0,0.0
6589,7,62,11,"(7, 62, 11)",idx0:7_idx1:62_idx2:11,chd_conf_headgr,0.0,0.0
6590,7,62,12,"(7, 62, 12)",idx0:7_idx1:62_idx2:12,chd_conf_headgr,0.0,0.0
6591,7,62,13,"(7, 62, 13)",idx0:7_idx1:62_idx2:13,chd_conf_headgr,0.0,0.0
6592,7,62,14,"(7, 62, 14)",idx0:7_idx1:62_idx2:14,chd_conf_headgr,0.0,0.0
6593,7,62,15,"(7, 62, 15)",idx0:7_idx1:62_idx2:15,chd_conf_headgr,0.0,0.0
6594,7,62,16,"(7, 62, 16)",idx0:7_idx1:62_idx2:16,chd_conf_headgr,0.0,0.0
6595,7,62,17,"(7, 62, 17)",idx0:7_idx1:62_idx2:17,chd_conf_headgr,0.0,0.0
6596,7,62,18,"(7, 62, 18)",idx0:7_idx1:62_idx2:18,chd_conf_headgr,0.0,0.0
6597,7,62,19,"(7, 62, 19)",idx0:7_idx1:62_idx2:19,chd_conf_headgr,0.0,0.0
6598,7,62,20,"(7, 62, 20)",idx0:7_idx1:62_idx2:20,chd_conf_headgr,0.0,0.0
6599,7,62,21,"(7, 62, 21)",idx0:7_idx1:62_idx2:21,chd_conf_headgr,0.0,0.0
6600,7,62,22,"(7, 62, 22)",idx0:7_idx1:62_idx2:22,chd_conf_headgr,0.0,0.0
6601,7,62,23,"(7, 62, 23)",idx0:7_idx1:62_idx2:23,chd_conf_headgr,0.0,0.0
6602,7,62,24,"(7, 62, 24)",idx0:7_idx1:62_idx2:24,chd_conf_headgr,0.0,0.0
6603,7,62,25,"(7, 62, 25)",idx0:7_idx1:62_idx2:25,chd_conf_headgr,0.0,0.0
6604,7,62,26,"(7, 62, 26)",idx0:7_idx1:62_idx2:26,chd_conf_headgr,0.0,0.0
6605,7,62,27,"(7, 62, 27)",idx0:7_idx1:62_idx2:27,chd_conf_headgr,0.0,0.0
6606,7,62,28,"(7, 62, 28)",idx0:7_idx1:62_idx2:28,chd_conf_headgr,0.0,0.0
6607,7,62,29,"(7, 62, 29)",idx0:7_idx1:62_idx2:29,chd_conf_headgr,0.0,0.0
6608,7,62,30,"(7, 62, 30)",idx0:7_idx1:62_idx2:30,chd_conf_headgr,0.0,0.0
6609,7,62,31,"(7, 62, 31)",idx0:7_idx1:62_idx2:31,chd_conf_headgr,0.0,0.0
6610,7,62,32,"(7, 62, 32)",idx0:7_idx1:62_idx2:32,chd_conf_headgr,0.0,0.0
6611,7,62,33,"(7, 62, 33)",idx0:7_idx1:62_idx2:33,chd_conf_headgr,0.0,0.0
6612,7,62,34,"(7, 62, 34)",idx0:7_idx1:62_idx2:34,chd_conf_headgr,0.0,0.0
6613,7,62,35,"(7, 62, 35)",idx0:7_idx1:62_idx2:35,chd_conf_headgr,0.0,0.0
6614,7,62,36,"(7, 62, 36)",idx0:7_idx1:62_idx2:36,chd_conf_headgr,0.0,0.0
6615,7,62,37,"(7, 62, 37)",idx0:7_idx1:62_idx2:37,chd_conf_headgr,0.0,0.0
6616,7,62,38,"(7, 62, 38)",idx0:7_idx1:62_idx2:38,chd_conf_headgr,0.0,0.0
6617,7,62,39,"(7, 62, 39)",idx0:7_idx1:62_idx2:39,chd_conf_headgr,0.0,0.0
6618,7,62,40,"(7, 62, 40)",idx0:7_idx1:62_idx2:40,chd_conf_headgr,0.0,0.0
6619,7,62,41,"(7, 62, 41)",idx0:7_idx1:62_idx2:41,chd_conf_headgr,0.0,0.0
6620,7,62,42,"(7, 62, 42)",idx0:7_idx1:62_idx2:42,chd_conf_headgr,0.0,0.0
6621,7,62,43,"(7, 62, 43)",idx0:7_idx1:62_idx2:43,chd_conf_headgr,0.0,0.0
6622,7,62,44,"(7, 62, 44)",idx0:7_idx1:62_idx2:44,chd_conf_headgr,0.0,0.0
6623,7,62,45,"(7, 62, 45)",idx0:7_idx1:62_idx2:45,chd_conf_headgr,0.0,0.0
6624,7,62,46,"(7, 62, 46)",idx0:7_idx1:62_idx2:46,chd_conf_headgr,0.0,0.0
6625,7,62,47,"(7, 62, 47)",idx0:7_idx1:62_idx2:47,chd_conf_headgr,0.0,0.0
6626,7,62,48,"(7, 62, 48)",idx0:7_idx1:62_idx2:48,chd_conf_headgr,0.0,0.0
6627,7,62,49,"(7, 62, 49)",idx0:7_idx1:62_idx2:49,chd_conf_headgr,0.0,0.0
6628,7,62,50,"(7, 62, 50)",idx0:7_idx1:62_idx2:50,chd_conf_headgr,0.0,0.0
6629,7,62,51,"(7, 62, 51)",idx0:7_idx1:62_idx2:51,chd_conf_headgr,0.0,0.0
6630,7,62,52,"(7, 62, 52)",idx0:7_idx1:62_idx2:52,chd_conf_headgr,0.0,0.0
6631,7,62,53,"(7, 62, 53)",idx0:7_idx1:62_idx2:53,chd_conf_headgr,0.0,0.0
6632,7,62,54,"(7, 62, 54)",idx0:7_idx1:62_idx2:54,chd_conf_headgr,0.0,0.0
6633,7,62,55,"(7, 62, 55)",idx0:7_idx1:62_idx2:55,chd_conf_headgr,0.0,0.0
6634,7,62,56,"(7, 62, 56)",idx0:7_idx1:62_idx2:56,chd_conf_headgr,0.0,0.0
6635,7,62,57,"(7, 62, 57)",idx0:7_idx1:62_idx2:57,chd_conf_headgr,0.0,0.0
6636,7,62,58,"(7, 62, 58)",idx0:7_idx1:62_idx2:58,chd_conf_headgr,0.0,0.0
6637,7,62,59,"(7, 62, 59)",idx0:7_idx1:62_idx2:59,chd_conf_headgr,0.0,0.0
6638,7,62,60,"(7, 62, 60)",idx0:7_idx1:62_idx2:60,chd_conf_headgr,0.0,0.0
6639,7,62,61,"(7, 62, 61)",idx0:7_idx1:62_idx2:61,chd_conf_headgr,0.0,0.0
6640,7,62,62,"(7, 62, 62)",idx0:7_idx1:62_idx2:62,chd_conf_headgr,0.0,0.0
6641,7,62,63,"(7, 62, 63)",idx0:7_idx1:62_idx2:63,chd_conf_headgr,0.0,0.0
6642,7,62,64,"(7, 62, 64)",idx0:7_idx1:62_idx2:64,chd_conf_headgr,0.0,0.0
6643,7,62,65,"(7, 62, 65)",idx0:7_idx1:62_idx2:65,chd_conf_headgr,0.0,0.0
6644,7,62,66,"(7, 62, 66)",idx0:7_idx1:62_idx2:66,chd_conf_headgr,0.0,0.0
6645,7,62,67,"(7, 62, 67)",idx0:7_idx1:62_idx2:67,chd_conf_headgr,0.0,0.0
6646,7,62,68,"(7, 62, 68)",idx0:7_idx1:62_idx2:68,chd_conf_headgr,0.0,0.0
6647,7,63,4,"(7, 63, 4)",idx0:7_idx1:63_idx2:4,chd_conf_headgr,0.0,0.0
6648,7,63,5,"(7, 63, 5)",idx0:7_idx1:63_idx2:5,chd_conf_headgr,0.0,0.0
6649,7,63,6,"(7, 63, 6)",idx0:7_idx1:63_idx2:6,chd_conf_headgr,0.0,0.0
6650,7,63,7,"(7, 63, 7)",idx0:7_idx1:63_idx2:7,chd_conf_headgr,0.0,0.0
6651,7,63,8,"(7, 63, 8)",idx0:7_idx1:63_idx2:8,chd_conf_headgr,0.0,0.0
6652,7,63,9,"(7, 63, 9)",idx0:7_idx1:63_idx2:9,chd_conf_headgr,0.0,0.0
6653,7,63,10,"(7, 63, 10)",idx0:7_idx1:63_idx2:10,chd_conf_headgr,0.0,0.0
6654,7,63,11,"(7, 63, 11)",idx0:7_idx1:63_idx2:11,chd_conf_headgr,0.0,0.0
6655,7,63,12,"(7, 63, 12)",idx0:7_idx1:63_idx2:12,chd_conf_headgr,0.0,0.0
6656,7,63,13,"(7, 63, 13)",idx0:7_idx1:63_idx2:13,chd_conf_headgr,0.0,0.0
6657,7,63,14,"(7, 63, 14)",idx0:7_idx1:63_idx2:14,chd_conf_headgr,0.0,0.0
6658,7,63,15,"(7, 63, 15)",idx0:7_idx1:63_idx2:15,chd_conf_headgr,0.0,0.0
6659,7,63,16,"(7, 63, 16)",idx0:7_idx1:63_idx2:16,chd_conf_headgr,0.0,0.0
6660,7,63,17,"(7, 63, 17)",idx0:7_idx1:63_idx2:17,chd_conf_headgr,0.0,0.0
6661,7,63,18,"(7, 63, 18)",idx0:7_idx1:63_idx2:18,chd_conf_headgr,0.0,0.0
6662,7,63,19,"(7, 63, 19)",idx0:7_idx1:63_idx2:19,chd_conf_headgr,0.0,0.0
6663,7,63,20,"(7, 63, 20)",idx0:7_idx1:63_idx2:20,chd_conf_headgr,0.0,0.0
6664,7,63,21,"(7, 63, 21)",idx0:7_idx1:63_idx2:21,chd_conf_headgr,0.0,0.0
6665,7,63,22,"(7, 63, 22)",idx0:7_idx1:63_idx2:22,chd_conf_headgr,0.0,0.0
6666,7,63,23,"(7, 63, 23)",idx0:7_idx1:63_idx2:23,chd_conf_headgr,0.0,0.0
6667,7,63,24,"(7, 63, 24)",idx0:7_idx1:63_idx2:24,chd_conf_headgr,0.0,0.0
6668,7,63,25,"(7, 63, 25)",idx0:7_idx1:63_idx2:25,chd_conf_headgr,0.0,0.0
6669,7,63,26,"(7, 63, 26)",idx0:7_idx1:63_idx2:26,chd_conf_headgr,0.0,0.0
6670,7,63,27,"(7, 63, 27)",idx0:7_idx1:63_idx2:27,chd_conf_headgr,0.0,0.0
6671,7,63,28,"(7, 63, 28)",idx0:7_idx1:63_idx2:28,chd_conf_headgr,0.0,0.0
6672,7,63,29,"(7, 63, 29)",idx0:7_idx1:63_idx2:29,chd_conf_headgr,0.0,0.0
6673,7,63,30,"(7, 63, 30)",idx0:7_idx1:63_idx2:30,chd_conf_headgr,0.0,0.0
6674,7,63,31,"(7, 63, 31)",idx0:7_idx1:63_idx2:31,chd_conf_headgr,0.0,0.0
6675,7,63,32,"(7, 63, 32)",idx0:7_idx1:63_idx2:32,chd_conf_headgr,0.0,0.0
6676,7,63,33,"(7, 63, 33)",idx0:7_idx1:63_idx2:33,chd_conf_headgr,0.0,0.0
6677,7,63,34,"(7, 63, 34)",idx0:7_idx1:63_idx2:34,chd_conf_headgr,0.0,0.0
6678,7,63,35,"(7, 63, 35)",idx0:7_idx1:63_idx2:35,chd_conf_headgr,0.0,0.0
6679,7,63,36,"(7, 63, 36)",idx0:7_idx1:63_idx2:36,chd_conf_headgr,0.0,0.0
6680,7,63,37,"(7, 63, 37)",idx0:7_idx1:63_idx2:37,chd_conf_headgr,0.0,0.0
6681,7,63,38,"(7, 63, 38)",idx0:7_idx1:63_idx2:38,chd_conf_headgr,0.0,0.0
6682,7,63,39,"(7, 63, 39)",idx0:7_idx1:63_idx2:39,chd_conf_headgr,0.0,0.0
6683,7,63,40,"(7, 63, 40)",idx0:7_idx1:63_idx2:40,chd_conf_headgr,0.0,0.0
6684,7,63,41,"(7, 63, 41)",idx0:7_idx1:63_idx2:41,chd_conf_headgr,0.0,0.0
6685,7,63,42,"(7, 63, 42)",idx0:7_idx1:63_idx2:42,chd_conf_headgr,0.0,0.0
6686,7,63,43,"(7, 63, 43)",idx0:7_idx1:63_idx2:43,chd_conf_headgr,0.0,0.0
6687,7,63,44,"(7, 63, 44)",idx0:7_idx1:63_idx2:44,chd_conf_headgr,0.0,0.0
6688,7,63,45,"(7, 63, 45)",idx0:7_idx1:63_idx2:45,chd_conf_headgr,0.0,0.0
6689,7,63,46,"(7, 63, 46)",idx0:7_idx1:63_idx2:46,chd_conf_headgr,0.0,0.0
6690,7,63,47,"(7, 63, 47)",idx0:7_idx1:63_idx2:47,chd_conf_headgr,0.0,0.0
6691,7,63,48,"(7, 63, 48)",idx0:7_idx1:63_idx2:48,chd_conf_headgr,0.0,0.0
6692,7,63,49,"(7, 63, 49)",idx0:7_idx1:63_idx2:49,chd_conf_headgr,0.0,0.0
6693,7,63,50,"(7, 63, 50)",idx0:7_idx1:63_idx2:50,chd_conf_headgr,0.0,0.0
6694,7,63,51,"(7, 63, 51)",idx0:7_idx1:63_idx2:51,chd_conf_headgr,0.0,0.0
6695,7,63,52,"(7, 63, 52)",idx0:7_idx1:63_idx2:52,chd_conf_headgr,0.0,0.0
6696,7,63,53,"(7, 63, 53)",idx0:7_idx1:63_idx2:53,chd_conf_headgr,0.0,0.0
6697,7,63,54,"(7, 63, 54)",idx0:7_idx1:63_idx2:54,chd_conf_headgr,0.0,0.0
6698,7,63,55,"(7, 63, 55)",idx0:7_idx1:63_idx2:55,chd_conf_headgr,0.0,0.0
6699,7,63,56,"(7, 63, 56)",idx0:7_idx1:63_idx2:56,chd_conf_headgr,0.0,0.0
6700,7,63,57,"(7, 63, 57)",idx0:7_idx1:63_idx2:57,chd_conf_headgr,0.0,0.0
6701,7,63,58,"(7, 63, 58)",idx0:7_idx1:63_idx2:58,chd_conf_headgr,0.0,0.0
6702,7,63,59,"(7, 63, 59)",idx0:7_idx1:63_idx2:59,chd_conf_headgr,0.0,0.0
6703,7,63,60,"(7, 63, 60)",idx0:7_idx1:63_idx2:60,chd_conf_headgr,0.0,0.0
6704,7,63,61,"(7, 63, 61)",idx0:7_idx1:63_idx2:61,chd_conf_headgr,0.0,0.0
6705,7,63,62,"(7, 63, 62)",idx0:7_idx1:63_idx2:62,chd_conf_headgr,0.0,0.0
6706,7,63,63,"(7, 63, 63)",idx0:7_idx1:63_idx2:63,chd_conf_headgr,0.0,0.0
6707,7,63,64,"(7, 63, 64)",idx0:7_idx1:63_idx2:64,chd_conf_headgr,0.0,0.0
6708,7,64,3,"(7, 64, 3)",idx0:7_idx1:64_idx2:3,chd_conf_headgr,0.0,0.0
6709,7,64,4,"(7, 64, 4)",idx0:7_idx1:64_idx2:4,chd_conf_headgr,0.0,0.0
6710,7,64,5,"(7, 64, 5)",idx0:7_idx1:64_idx2:5,chd_conf_headgr,0.0,0.0
6711,7,64,6,"(7, 64, 6)",idx0:7_idx1:64_idx2:6,chd_conf_headgr,0.0,0.0
6712,7,64,7,"(7, 64, 7)",idx0:7_idx1:64_idx2:7,chd_conf_headgr,0.0,0.0
6713,7,64,8,"(7, 64, 8)",idx0:7_idx1:64_idx2:8,chd_conf_headgr,0.0,0.0
6714,7,64,9,"(7, 64, 9)",idx0:7_idx1:64_idx2:9,chd_conf_headgr,0.0,0.0
6715,7,64,10,"(7, 64, 10)",idx0:7_idx1:64_idx2:10,chd_conf_headgr,0.0,0.0
6716,7,64,11,"(7, 64, 11)",idx0:7_idx1:64_idx2:11,chd_conf_headgr,0.0,0.0
6717,7,64,12,"(7, 64, 12)",idx0:7_idx1:64_idx2:12,chd_conf_headgr,0.0,0.0
6718,7,64,13,"(7, 64, 13)",idx0:7_idx1:64_idx2:13,chd_conf_headgr,0.0,0.0
6719,7,64,14,"(7, 64, 14)",idx0:7_idx1:64_idx2:14,chd_conf_headgr,0.0,0.0
6720,7,64,15,"(7, 64, 15)",idx0:7_idx1:64_idx2:15,chd_conf_headgr,0.0,0.0
6721,7,64,16,"(7, 64, 16)",idx0:7_idx1:64_idx2:16,chd_conf_headgr,0.0,0.0
6722,7,64,17,"(7, 64, 17)",idx0:7_idx1:64_idx2:17,chd_conf_headgr,0.0,0.0
6723,7,64,18,"(7, 64, 18)",idx0:7_idx1:64_idx2:18,chd_conf_headgr,0.0,0.0
6724,7,64,19,"(7, 64, 19)",idx0:7_idx1:64_idx2:19,chd_conf_headgr,0.0,0.0
6725,7,64,20,"(7, 64, 20)",idx0:7_idx1:64_idx2:20,chd_conf_headgr,0.0,0.0
6726,7,64,21,"(7, 64, 21)",idx0:7_idx1:64_idx2:21,chd_conf_headgr,0.0,0.0
6727,7,64,22,"(7, 64, 22)",idx0:7_idx1:64_idx2:22,chd_conf_headgr,0.0,0.0
6728,7,64,23,"(7, 64, 23)",idx0:7_idx1:64_idx2:23,chd_conf_headgr,0.0,0.0
6729,7,64,24,"(7, 64, 24)",idx0:7_idx1:64_idx2:24,chd_conf_headgr,0.0,0.0
6730,7,64,25,"(7, 64, 25)",idx0:7_idx1:64_idx2:25,chd_conf_headgr,0.0,0.0
6731,7,64,26,"(7, 64, 26)",idx0:7_idx1:64_idx2:26,chd_conf_headgr,0.0,0.0
6732,7,64,27,"(7, 64, 27)",idx0:7_idx1:64_idx2:27,chd_conf_headgr,0.0,0.0
6733,7,64,28,"(7, 64, 28)",idx0:7_idx1:64_idx2:28,chd_conf_headgr,0.0,0.0
6734,7,64,29,"(7, 64, 29)",idx0:7_idx1:64_idx2:29,chd_conf_headgr,0.0,0.0
6735,7,64,30,"(7, 64, 30)",idx0:7_idx1:64_idx2:30,chd_conf_headgr,0.0,0.0
6736,7,64,31,"(7, 64, 31)",idx0:7_idx1:64_idx2:31,chd_conf_headgr,0.0,0.0
6737,7,64,32,"(7, 64, 32)",idx0:7_idx1:64_idx2:32,chd_conf_headgr,0.0,0.0
6738,7,64,33,"(7, 64, 33)",idx0:7_idx1:64_idx2:33,chd_conf_headgr,0.0,0.0
6739,7,64,34,"(7, 64, 34)",idx0:7_idx1:64_idx2:34,chd_conf_headgr,0.0,0.0
6740,7,64,35,"(7, 64, 35)",idx0:7_idx1:64_idx2:35,chd_conf_headgr,0.0,0.0
6741,7,64,36,"(7, 64, 36)",idx0:7_idx1:64_idx2:36,chd_conf_headgr,0.0,0.0
6742,7,64,37,"(7, 64, 37)",idx0:7_idx1:64_idx2:37,chd_conf_headgr,0.0,0.0
6743,7,64,38,"(7, 64, 38)",idx0:7_idx1:64_idx2:38,chd_conf_headgr,0.0,0.0
6744,7,64,39,"(7, 64, 39)",idx0:7_idx1:64_idx2:39,chd_conf_headgr,0.0,0.0
6745,7,64,40,"(7, 64, 40)",idx0:7_idx1:64_idx2:40,chd_conf_headgr,0.0,0.0
6746,7,64,41,"(7, 64, 41)",idx0:7_idx1:64_idx2:41,chd_conf_headgr,0.0,0.0
6747,7,64,42,"(7, 64, 42)",idx0:7_idx1:64_idx2:42,chd_conf_headgr,0.0,0.0
6748,7,64,43,"(7, 64, 43)",idx0:7_idx1:64_idx2:43,chd_conf_headgr,0.0,0.0
6749,7,64,44,"(7, 64, 44)",idx0:7_idx1:64_idx2:44,chd_conf_headgr,0.0,0.0
6750,7,64,45,"(7, 64, 45)",idx0:7_idx1:64_idx2:45,chd_conf_headgr,0.0,0.0
6751,7,64,46,"(7, 64, 46)",idx0:7_idx1:64_idx2:46,chd_conf_headgr,0.0,0.0
6752,7,64,47,"(7, 64, 47)",idx0:7_idx1:64_idx2:47,chd_conf_headgr,0.0,0.0
6753,7,64,48,"(7, 64, 48)",idx0:7_idx1:64_idx2:48,chd_conf_headgr,0.0,0.0
6754,7,64,49,"(7, 64, 49)",idx0:7_idx1:64_idx2:49,chd_conf_headgr,0.0,0.0
6755,7,64,50,"(7, 64, 50)",idx0:7_idx1:64_idx2:50,chd_conf_headgr,0.0,0.0
6756,7,64,51,"(7, 64, 51)",idx0:7_idx1:64_idx2:51,chd_conf_headgr,0.0,0.0
6757,7,64,52,"(7, 64, 52)",idx0:7_idx1:64_idx2:52,chd_conf_headgr,0.0,0.0
6758,7,64,53,"(7, 64, 53)",idx0:7_idx1:64_idx2:53,chd_conf_headgr,0.0,0.0
6759,7,64,54,"(7, 64, 54)",idx0:7_idx1:64_idx2:54,chd_conf_headgr,0.0,0.0
6760,7,64,55,"(7, 64, 55)",idx0:7_idx1:64_idx2:55,chd_conf_headgr,0.0,0.0
6761,7,64,56,"(7, 64, 56)",idx0:7_idx1:64_idx2:56,chd_conf_headgr,0.0,0.0
6762,7,64,57,"(7, 64, 57)",idx0:7_idx1:64_idx2:57,chd_conf_headgr,0.0,0.0
6763,7,64,58,"(7, 64, 58)",idx0:7_idx1:64_idx2:58,chd_conf_headgr,0.0,0.0
6764,7,64,59,"(7, 64, 59)",idx0:7_idx1:64_idx2:59,chd_conf_headgr,0.0,0.0
6765,7,64,60,"(7, 64, 60)",idx0:7_idx1:64_idx2:60,chd_conf_headgr,0.0,0.0
6766,7,65,3,"(7, 65, 3)",idx0:7_idx1:65_idx2:3,chd_conf_headgr,0.0,0.0
6767,7,65,4,"(7, 65, 4)",idx0:7_idx1:65_idx2:4,chd_conf_headgr,0.0,0.0
6768,7,65,5,"(7, 65, 5)",idx0:7_idx1:65_idx2:5,chd_conf_headgr,0.0,0.0
6769,7,65,6,"(7, 65, 6)",idx0:7_idx1:65_idx2:6,chd_conf_headgr,0.0,0.0
6770,7,65,7,"(7, 65, 7)",idx0:7_idx1:65_idx2:7,chd_conf_headgr,0.0,0.0
6771,7,65,8,"(7, 65, 8)",idx0:7_idx1:65_idx2:8,chd_conf_headgr,0.0,0.0
6772,7,65,9,"(7, 65, 9)",idx0:7_idx1:65_idx2:9,chd_conf_headgr,0.0,0.0
6773,7,65,10,"(7, 65, 10)",idx0:7_idx1:65_idx2:10,chd_conf_headgr,0.0,0.0
6774,7,65,11,"(7, 65, 11)",idx0:7_idx1:65_idx2:11,chd_conf_headgr,0.0,0.0
6775,7,65,12,"(7, 65, 12)",idx0:7_idx1:65_idx2:12,chd_conf_headgr,0.0,0.0
6776,7,65,13,"(7, 65, 13)",idx0:7_idx1:65_idx2:13,chd_conf_headgr,0.0,0.0
6777,7,65,14,"(7, 65, 14)",idx0:7_idx1:65_idx2:14,chd_conf_headgr,0.0,0.0
6778,7,65,15,"(7, 65, 15)",idx0:7_idx1:65_idx2:15,chd_conf_headgr,0.0,0.0
6779,7,65,16,"(7, 65, 16)",idx0:7_idx1:65_idx2:16,chd_conf_headgr,0.0,0.0
6780,7,65,17,"(7, 65, 17)",idx0:7_idx1:65_idx2:17,chd_conf_headgr,0.0,0.0
6781,7,65,18,"(7, 65, 18)",idx0:7_idx1:65_idx2:18,chd_conf_headgr,0.0,0.0
6782,7,65,19,"(7, 65, 19)",idx0:7_idx1:65_idx2:19,chd_conf_headgr,0.0,0.0
6783,7,65,20,"(7, 65, 20)",idx0:7_idx1:65_idx2:20,chd_conf_headgr,0.0,0.0
6784,7,65,21,"(7, 65, 21)",idx0:7_idx1:65_idx2:21,chd_conf_headgr,0.0,0.0
6785,7,65,22,"(7, 65, 22)",idx0:7_idx1:65_idx2:22,chd_conf_headgr,0.0,0.0
6786,7,65,23,"(7, 65, 23)",idx0:7_idx1:65_idx2:23,chd_conf_headgr,0.0,0.0
6787,7,65,24,"(7, 65, 24)",idx0:7_idx1:65_idx2:24,chd_conf_headgr,0.0,0.0
6788,7,65,25,"(7, 65, 25)",idx0:7_idx1:65_idx2:25,chd_conf_headgr,0.0,0.0
6789,7,65,26,"(7, 65, 26)",idx0:7_idx1:65_idx2:26,chd_conf_headgr,0.0,0.0
6790,7,65,27,"(7, 65, 27)",idx0:7_idx1:65_idx2:27,chd_conf_headgr,0.0,0.0
6791,7,65,28,"(7, 65, 28)",idx0:7_idx1:65_idx2:28,chd_conf_headgr,0.0,0.0
6792,7,65,29,"(7, 65, 29)",idx0:7_idx1:65_idx2:29,chd_conf_headgr,0.0,0.0
6793,7,65,30,"(7, 65, 30)",idx0:7_idx1:65_idx2:30,chd_conf_headgr,0.0,0.0
6794,7,65,31,"(7, 65, 31)",idx0:7_idx1:65_idx2:31,chd_conf_headgr,0.0,0.0
6795,7,65,32,"(7, 65, 32)",idx0:7_idx1:65_idx2:32,chd_conf_headgr,0.0,0.0
6796,7,65,33,"(7, 65, 33)",idx0:7_idx1:65_idx2:33,chd_conf_headgr,0.0,0.0
6797,7,65,34,"(7, 65, 34)",idx0:7_idx1:65_idx2:34,chd_conf_headgr,0.0,0.0
6798,7,65,35,"(7, 65, 35)",idx0:7_idx1:65_idx2:35,chd_conf_headgr,0.0,0.0
6799,7,65,36,"(7, 65, 36)",idx0:7_idx1:65_idx2:36,chd_conf_headgr,0.0,0.0
6800,7,65,37,"(7, 65, 37)",idx0:7_idx1:65_idx2:37,chd_conf_headgr,0.0,0.0
6801,7,65,38,"(7, 65, 38)",idx0:7_idx1:65_idx2:38,chd_conf_headgr,0.0,0.0
6802,7,65,39,"(7, 65, 39)",idx0:7_idx1:65_idx2:39,chd_conf_headgr,0.0,0.0
6803,7,65,40,"(7, 65, 40)",idx0:7_idx1:65_idx2:40,chd_conf_headgr,0.0,0.0
6804,7,65,41,"(7, 65, 41)",idx0:7_idx1:65_idx2:41,chd_conf_headgr,0.0,0.0
6805,7,65,42,"(7, 65, 42)",idx0:7_idx1:65_idx2:42,chd_conf_headgr,0.0,0.0
6806,7,65,43,"(7, 65, 43)",idx0:7_idx1:65_idx2:43,chd_conf_headgr,0.0,0.0
6807,7,65,44,"(7, 65, 44)",idx0:7_idx1:65_idx2:44,chd_conf_headgr,0.0,0.0
6808,7,65,45,"(7, 65, 45)",idx0:7_idx1:65_idx2:45,chd_conf_headgr,0.0,0.0
6809,7,65,46,"(7, 65, 46)",idx0:7_idx1:65_idx2:46,chd_conf_headgr,0.0,0.0
6810,7,65,47,"(7, 65, 47)",idx0:7_idx1:65_idx2:47,chd_conf_headgr,0.0,0.0
6811,7,65,48,"(7, 65, 48)",idx0:7_idx1:65_idx2:48,chd_conf_headgr,0.0,0.0
6812,7,65,49,"(7, 65, 49)",idx0:7_idx1:65_idx2:49,chd_conf_headgr,0.0,0.0
6813,7,65,50,"(7, 65, 50)",idx0:7_idx1:65_idx2:50,chd_conf_headgr,0.0,0.0
6814,7,65,51,"(7, 65, 51)",idx0:7_idx1:65_idx2:51,chd_conf_headgr,0.0,0.0
6815,7,65,52,"(7, 65, 52)",idx0:7_idx1:65_idx2:52,chd_conf_headgr,0.0,0.0
6816,7,65,53,"(7, 65, 53)",idx0:7_idx1:65_idx2:53,chd_conf_headgr,0.0,0.0
6817,7,65,54,"(7, 65, 54)",idx0:7_idx1:65_idx2:54,chd_conf_headgr,0.0,0.0
6818,7,65,55,"(7, 65, 55)",idx0:7_idx1:65_idx2:55,chd_conf_headgr,0.0,0.0
6819,7,65,56,"(7, 65, 56)",idx0:7_idx1:65_idx2:56,chd_conf_headgr,0.0,0.0
6820,7,65,57,"(7, 65, 57)",idx0:7_idx1:65_idx2:57,chd_conf_headgr,0.0,0.0
6821,7,65,58,"(7, 65, 58)",idx0:7_idx1:65_idx2:58,chd_conf_headgr,0.0,0.0
6822,7,66,2,"(7, 66, 2)",idx0:7_idx1:66_idx2:2,chd_conf_headgr,0.0,0.0
6823,7,66,3,"(7, 66, 3)",idx0:7_idx1:66_idx2:3,chd_conf_headgr,0.0,0.0
6824,7,66,4,"(7, 66, 4)",idx0:7_idx1:66_idx2:4,chd_conf_headgr,0.0,0.0
6825,7,66,5,"(7, 66, 5)",idx0:7_idx1:66_idx2:5,chd_conf_headgr,0.0,0.0
6826,7,66,6,"(7, 66, 6)",idx0:7_idx1:66_idx2:6,chd_conf_headgr,0.0,0.0
6827,7,66,7,"(7, 66, 7)",idx0:7_idx1:66_idx2:7,chd_conf_headgr,0.0,0.0
6828,7,66,8,"(7, 66, 8)",idx0:7_idx1:66_idx2:8,chd_conf_headgr,0.0,0.0
6829,7,66,9,"(7, 66, 9)",idx0:7_idx1:66_idx2:9,chd_conf_headgr,0.0,0.0
6830,7,66,10,"(7, 66, 10)",idx0:7_idx1:66_idx2:10,chd_conf_headgr,0.0,0.0
6831,7,66,11,"(7, 66, 11)",idx0:7_idx1:66_idx2:11,chd_conf_headgr,0.0,0.0
6832,7,66,12,"(7, 66, 12)",idx0:7_idx1:66_idx2:12,chd_conf_headgr,0.0,0.0
6833,7,66,13,"(7, 66, 13)",idx0:7_idx1:66_idx2:13,chd_conf_headgr,0.0,0.0
6834,7,66,14,"(7, 66, 14)",idx0:7_idx1:66_idx2:14,chd_conf_headgr,0.0,0.0
6835,7,66,15,"(7, 66, 15)",idx0:7_idx1:66_idx2:15,chd_conf_headgr,0.0,0.0
6836,7,66,16,"(7, 66, 16)",idx0:7_idx1:66_idx2:16,chd_conf_headgr,0.0,0.0
6837,7,66,17,"(7, 66, 17)",idx0:7_idx1:66_idx2:17,chd_conf_headgr,0.0,0.0
6838,7,66,18,"(7, 66, 18)",idx0:7_idx1:66_idx2:18,chd_conf_headgr,0.0,0.0
6839,7,66,19,"(7, 66, 19)",idx0:7_idx1:66_idx2:19,chd_conf_headgr,0.0,0.0
6840,7,66,20,"(7, 66, 20)",idx0:7_idx1:66_idx2:20,chd_conf_headgr,0.0,0.0
6841,7,66,21,"(7, 66, 21)",idx0:7_idx1:66_idx2:21,chd_conf_headgr,0.0,0.0
6842,7,66,22,"(7, 66, 22)",idx0:7_idx1:66_idx2:22,chd_conf_headgr,0.0,0.0
6843,7,66,23,"(7, 66, 23)",idx0:7_idx1:66_idx2:23,chd_conf_headgr,0.0,0.0
6844,7,66,24,"(7, 66, 24)",idx0:7_idx1:66_idx2:24,chd_conf_headgr,0.0,0.0
6845,7,66,25,"(7, 66, 25)",idx0:7_idx1:66_idx2:25,chd_conf_headgr,0.0,0.0
6846,7,66,26,"(7, 66, 26)",idx0:7_idx1:66_idx2:26,chd_conf_headgr,0.0,0.0
6847,7,66,27,"(7, 66, 27)",idx0:7_idx1:66_idx2:27,chd_conf_headgr,0.0,0.0
6848,7,66,28,"(7, 66, 28)",idx0:7_idx1:66_idx2:28,chd_conf_headgr,0.0,0.0
6849,7,66,29,"(7, 66, 29)",idx0:7_idx1:66_idx2:29,chd_conf_headgr,0.0,0.0
6850,7,66,30,"(7, 66, 30)",idx0:7_idx1:66_idx2:30,chd_conf_headgr,0.0,0.0
6851,7,66,31,"(7, 66, 31)",idx0:7_idx1:66_idx2:31,chd_conf_headgr,0.0,0.0
6852,7,66,32,"(7, 66, 32)",idx0:7_idx1:66_idx2:32,chd_conf_headgr,0.0,0.0
6853,7,66,33,"(7, 66, 33)",idx0:7_idx1:66_idx2:33,chd_conf_headgr,0.0,0.0
6854,7,66,34,"(7, 66, 34)",idx0:7_idx1:66_idx2:34,chd_conf_headgr,0.0,0.0
6855,7,66,35,"(7, 66, 35)",idx0:7_idx1:66_idx2:35,chd_conf_headgr,0.0,0.0
6856,7,66,36,"(7, 66, 36)",idx0:7_idx1:66_idx2:36,chd_conf_headgr,0.0,0.0
6857,7,66,37,"(7, 66, 37)",idx0:7_idx1:66_idx2:37,chd_conf_headgr,0.0,0.0
6858,7,66,38,"(7, 66, 38)",idx0:7_idx1:66_idx2:38,chd_conf_headgr,0.0,0.0
6859,7,66,39,"(7, 66, 39)",idx0:7_idx1:66_idx2:39,chd_conf_headgr,0.0,0.0
6860,7,66,40,"(7, 66, 40)",idx0:7_idx1:66_idx2:40,chd_conf_headgr,0.0,0.0
6861,7,66,41,"(7, 66, 41)",idx0:7_idx1:66_idx2:41,chd_conf_headgr,0.0,0.0
6862,7,66,42,"(7, 66, 42)",idx0:7_idx1:66_idx2:42,chd_conf_headgr,0.0,0.0
6863,7,66,43,"(7, 66, 43)",idx0:7_idx1:66_idx2:43,chd_conf_headgr,0.0,0.0
6864,7,66,44,"(7, 66, 44)",idx0:7_idx1:66_idx2:44,chd_conf_headgr,0.0,0.0
6865,7,66,45,"(7, 66, 45)",idx0:7_idx1:66_idx2:45,chd_conf_headgr,0.0,0.0
6866,7,66,46,"(7, 66, 46)",idx0:7_idx1:66_idx2:46,chd_conf_headgr,0.0,0.0
6867,7,66,47,"(7, 66, 47)",idx0:7_idx1:66_idx2:47,chd_conf_headgr,0.0,0.0
6868,7,66,48,"(7, 66, 48)",idx0:7_idx1:66_idx2:48,chd_conf_headgr,0.0,0.0
6869,7,66,49,"(7, 66, 49)",idx0:7_idx1:66_idx2:49,chd_conf_headgr,0.0,0.0
6870,7,66,50,"(7, 66, 50)",idx0:7_idx1:66_idx2:50,chd_conf_headgr,0.0,0.0
6871,7,66,51,"(7, 66, 51)",idx0:7_idx1:66_idx2:51,chd_conf_headgr,0.0,0.0
6872,7,66,52,"(7, 66, 52)",idx0:7_idx1:66_idx2:52,chd_conf_headgr,0.0,0.0
6873,7,66,53,"(7, 66, 53)",idx0:7_idx1:66_idx2:53,chd_conf_headgr,0.0,0.0
6874,7,66,54,"(7, 66, 54)",idx0:7_idx1:66_idx2:54,chd_conf_headgr,0.0,0.0
6875,7,67,2,"(7, 67, 2)",idx0:7_idx1:67_idx2:2,chd_conf_headgr,0.0,0.0
6876,7,67,3,"(7, 67, 3)",idx0:7_idx1:67_idx2:3,chd_conf_headgr,0.0,0.0
6877,7,67,4,"(7, 67, 4)",idx0:7_idx1:67_idx2:4,chd_conf_headgr,0.0,0.0
6878,7,67,5,"(7, 67, 5)",idx0:7_idx1:67_idx2:5,chd_conf_headgr,0.0,0.0
6879,7,67,6,"(7, 67, 6)",idx0:7_idx1:67_idx2:6,chd_conf_headgr,0.0,0.0
6880,7,67,7,"(7, 67, 7)",idx0:7_idx1:67_idx2:7,chd_conf_headgr,0.0,0.0
6881,7,67,8,"(7, 67, 8)",idx0:7_idx1:67_idx2:8,chd_conf_headgr,0.0,0.0
6882,7,67,9,"(7, 67, 9)",idx0:7_idx1:67_idx2:9,chd_conf_headgr,0.0,0.0
6883,7,67,10,"(7, 67, 10)",idx0:7_idx1:67_idx2:10,chd_conf_headgr,0.0,0.0
6884,7,67,11,"(7, 67, 11)",idx0:7_idx1:67_idx2:11,chd_conf_headgr,0.0,0.0
6885,7,67,12,"(7, 67, 12)",idx0:7_idx1:67_idx2:12,chd_conf_headgr,0.0,0.0
6886,7,67,13,"(7, 67, 13)",idx0:7_idx1:67_idx2:13,chd_conf_headgr,0.0,0.0
6887,7,67,14,"(7, 67, 14)",idx0:7_idx1:67_idx2:14,chd_conf_headgr,0.0,0.0
6888,7,67,15,"(7, 67, 15)",idx0:7_idx1:67_idx2:15,chd_conf_headgr,0.0,0.0
6889,7,67,16,"(7, 67, 16)",idx0:7_idx1:67_idx2:16,chd_conf_headgr,0.0,0.0
6890,7,67,17,"(7, 67, 17)",idx0:7_idx1:67_idx2:17,chd_conf_headgr,0.0,0.0
6891,7,67,18,"(7, 67, 18)",idx0:7_idx1:67_idx2:18,chd_conf_headgr,0.0,0.0
6892,7,67,19,"(7, 67, 19)",idx0:7_idx1:67_idx2:19,chd_conf_headgr,0.0,0.0
6893,7,67,20,"(7, 67, 20)",idx0:7_idx1:67_idx2:20,chd_conf_headgr,0.0,0.0
6894,7,67,21,"(7, 67, 21)",idx0:7_idx1:67_idx2:21,chd_conf_headgr,0.0,0.0
6895,7,67,22,"(7, 67, 22)",idx0:7_idx1:67_idx2:22,chd_conf_headgr,0.0,0.0
6896,7,67,23,"(7, 67, 23)",idx0:7_idx1:67_idx2:23,chd_conf_headgr,0.0,0.0
6897,7,67,24,"(7, 67, 24)",idx0:7_idx1:67_idx2:24,chd_conf_headgr,0.0,0.0
6898,7,67,25,"(7, 67, 25)",idx0:7_idx1:67_idx2:25,chd_conf_headgr,0.0,0.0
6899,7,67,26,"(7, 67, 26)",idx0:7_idx1:67_idx2:26,chd_conf_headgr,0.0,0.0
6900,7,67,27,"(7, 67, 27)",idx0:7_idx1:67_idx2:27,chd_conf_headgr,0.0,0.0
6901,7,67,28,"(7, 67, 28)",idx0:7_idx1:67_idx2:28,chd_conf_headgr,0.0,0.0
6902,7,67,29,"(7, 67, 29)",idx0:7_idx1:67_idx2:29,chd_conf_headgr,0.0,0.0
6903,7,67,30,"(7, 67, 30)",idx0:7_idx1:67_idx2:30,chd_conf_headgr,0.0,0.0
6904,7,67,31,"(7, 67, 31)",idx0:7_idx1:67_idx2:31,chd_conf_headgr,0.0,0.0
6905,7,67,32,"(7, 67, 32)",idx0:7_idx1:67_idx2:32,chd_conf_headgr,0.0,0.0
6906,7,67,33,"(7, 67, 33)",idx0:7_idx1:67_idx2:33,chd_conf_headgr,0.0,0.0
6907,7,67,34,"(7, 67, 34)",idx0:7_idx1:67_idx2:34,chd_conf_headgr,0.0,0.0
6908,7,67,35,"(7, 67, 35)",idx0:7_idx1:67_idx2:35,chd_conf_headgr,0.0,0.0
6909,7,67,36,"(7, 67, 36)",idx0:7_idx1:67_idx2:36,chd_conf_headgr,0.0,0.0
6910,7,67,37,"(7, 67, 37)",idx0:7_idx1:67_idx2:37,chd_conf_headgr,0.0,0.0
6911,7,67,38,"(7, 67, 38)",idx0:7_idx1:67_idx2:38,chd_conf_headgr,0.0,0.0
6912,7,67,39,"(7, 67, 39)",idx0:7_idx1:67_idx2:39,chd_conf_headgr,0.0,0.0
6913,7,67,40,"(7, 67, 40)",idx0:7_idx1:67_idx2:40,chd_conf_headgr,0.0,0.0
6914,7,67,41,"(7, 67, 41)",idx0:7_idx1:67_idx2:41,chd_conf_headgr,0.0,0.0
6915,7,67,42,"(7, 67, 42)",idx0:7_idx1:67_idx2:42,chd_conf_headgr,0.0,0.0
6916,7,67,43,"(7, 67, 43)",idx0:7_idx1:67_idx2:43,chd_conf_headgr,0.0,0.0
6917,7,67,44,"(7, 67, 44)",idx0:7_idx1:67_idx2:44,chd_conf_headgr,0.0,0.0
6918,7,67,45,"(7, 67, 45)",idx0:7_idx1:67_idx2:45,chd_conf_headgr,0.0,0.0
6919,7,67,46,"(7, 67, 46)",idx0:7_idx1:67_idx2:46,chd_conf_headgr,0.0,0.0
6920,7,67,47,"(7, 67, 47)",idx0:7_idx1:67_idx2:47,chd_conf_headgr,0.0,0.0
6921,7,67,48,"(7, 67, 48)",idx0:7_idx1:67_idx2:48,chd_conf_headgr,0.0,0.0
6922,7,67,49,"(7, 67, 49)",idx0:7_idx1:67_idx2:49,chd_conf_headgr,0.0,0.0
6923,7,67,50,"(7, 67, 50)",idx0:7_idx1:67_idx2:50,chd_conf_headgr,0.0,0.0
6924,7,68,2,"(7, 68, 2)",idx0:7_idx1:68_idx2:2,chd_conf_headgr,0.0,0.0
6925,7,68,3,"(7, 68, 3)",idx0:7_idx1:68_idx2:3,chd_conf_headgr,0.0,0.0
6926,7,68,4,"(7, 68, 4)",idx0:7_idx1:68_idx2:4,chd_conf_headgr,0.0,0.0
6927,7,68,5,"(7, 68, 5)",idx0:7_idx1:68_idx2:5,chd_conf_headgr,0.0,0.0
6928,7,68,6,"(7, 68, 6)",idx0:7_idx1:68_idx2:6,chd_conf_headgr,0.0,0.0
6929,7,68,7,"(7, 68, 7)",idx0:7_idx1:68_idx2:7,chd_conf_headgr,0.0,0.0
6930,7,68,8,"(7, 68, 8)",idx0:7_idx1:68_idx2:8,chd_conf_headgr,0.0,0.0
6931,7,68,9,"(7, 68, 9)",idx0:7_idx1:68_idx2:9,chd_conf_headgr,0.0,0.0
6932,7,68,10,"(7, 68, 10)",idx0:7_idx1:68_idx2:10,chd_conf_headgr,0.0,0.0
6933,7,68,11,"(7, 68, 11)",idx0:7_idx1:68_idx2:11,chd_conf_headgr,0.0,0.0
6934,7,68,12,"(7, 68, 12)",idx0:7_idx1:68_idx2:12,chd_conf_headgr,0.0,0.0
6935,7,68,13,"(7, 68, 13)",idx0:7_idx1:68_idx2:13,chd_conf_headgr,0.0,0.0
6936,7,68,14,"(7, 68, 14)",idx0:7_idx1:68_idx2:14,chd_conf_headgr,0.0,0.0
6937,7,68,15,"(7, 68, 15)",idx0:7_idx1:68_idx2:15,chd_conf_headgr,0.0,0.0
6938,7,68,16,"(7, 68, 16)",idx0:7_idx1:68_idx2:16,chd_conf_headgr,0.0,0.0
6939,7,68,17,"(7, 68, 17)",idx0:7_idx1:68_idx2:17,chd_conf_headgr,0.0,0.0
6940,7,68,18,"(7, 68, 18)",idx0:7_idx1:68_idx2:18,chd_conf_headgr,0.0,0.0
6941,7,68,19,"(7, 68, 19)",idx0:7_idx1:68_idx2:19,chd_conf_headgr,0.0,0.0
6942,7,68,20,"(7, 68, 20)",idx0:7_idx1:68_idx2:20,chd_conf_headgr,0.0,0.0
6943,7,68,21,"(7, 68, 21)",idx0:7_idx1:68_idx2:21,chd_conf_headgr,0.0,0.0
6944,7,68,22,"(7, 68, 22)",idx0:7_idx1:68_idx2:22,chd_conf_headgr,0.0,0.0
6945,7,68,23,"(7, 68, 23)",idx0:7_idx1:68_idx2:23,chd_conf_headgr,0.0,0.0
6946,7,68,24,"(7, 68, 24)",idx0:7_idx1:68_idx2:24,chd_conf_headgr,0.0,0.0
6947,7,68,25,"(7, 68, 25)",idx0:7_idx1:68_idx2:25,chd_conf_headgr,0.0,0.0
6948,7,68,26,"(7, 68, 26)",idx0:7_idx1:68_idx2:26,chd_conf_headgr,0.0,0.0
6949,7,68,27,"(7, 68, 27)",idx0:7_idx1:68_idx2:27,chd_conf_headgr,0.0,0.0
6950,7,68,28,"(7, 68, 28)",idx0:7_idx1:68_idx2:28,chd_conf_headgr,0.0,0.0
6951,7,68,29,"(7, 68, 29)",idx0:7_idx1:68_idx2:29,chd_conf_headgr,0.0,0.0
6952,7,68,30,"(7, 68, 30)",idx0:7_idx1:68_idx2:30,chd_conf_headgr,0.0,0.0
6953,7,68,31,"(7, 68, 31)",idx0:7_idx1:68_idx2:31,chd_conf_headgr,0.0,0.0
6954,7,68,32,"(7, 68, 32)",idx0:7_idx1:68_idx2:32,chd_conf_headgr,0.0,0.0
6955,7,68,33,"(7, 68, 33)",idx0:7_idx1:68_idx2:33,chd_conf_headgr,0.0,0.0
6956,7,68,34,"(7, 68, 34)",idx0:7_idx1:68_idx2:34,chd_conf_headgr,0.0,0.0
6957,7,68,35,"(7, 68, 35)",idx0:7_idx1:68_idx2:35,chd_conf_headgr,0.0,0.0
6958,7,68,36,"(7, 68, 36)",idx0:7_idx1:68_idx2:36,chd_conf_headgr,0.0,0.0
6959,7,68,37,"(7, 68, 37)",idx0:7_idx1:68_idx2:37,chd_conf_headgr,0.0,0.0
6960,7,68,38,"(7, 68, 38)",idx0:7_idx1:68_idx2:38,chd_conf_headgr,0.0,0.0
6961,7,68,39,"(7, 68, 39)",idx0:7_idx1:68_idx2:39,chd_conf_headgr,0.0,0.0
6962,7,68,40,"(7, 68, 40)",idx0:7_idx1:68_idx2:40,chd_conf_headgr,0.0,0.0
6963,7,68,41,"(7, 68, 41)",idx0:7_idx1:68_idx2:41,chd_conf_headgr,0.0,0.0
6964,7,68,42,"(7, 68, 42)",idx0:7_idx1:68_idx2:42,chd_conf_headgr,0.0,0.0
6965,7,68,43,"(7, 68, 43)",idx0:7_idx1:68_idx2:43,chd_conf_headgr,0.0,0.0
6966,7,68,44,"(7, 68, 44)",idx0:7_idx1:68_idx2:44,chd_conf_headgr,0.0,0.0
6967,7,68,45,"(7, 68, 45)",idx0:7_idx1:68_idx2:45,chd_conf_headgr,0.0,0.0
6968,7,68,46,"(7, 68, 46)",idx0:7_idx1:68_idx2:46,chd_conf_headgr,0.0,0.0
6969,7,68,47,"(7, 68, 47)",idx0:7_idx1:68_idx2:47,chd_conf_headgr,0.0,0.0
6970,7,68,48,"(7, 68, 48)",idx0:7_idx1:68_idx2:48,chd_conf_headgr,0.0,0.0
6971,7,68,49,"(7, 68, 49)",idx0:7_idx1:68_idx2:49,chd_conf_headgr,0.0,0.0
6972,7,69,2,"(7, 69, 2)",idx0:7_idx1:69_idx2:2,chd_conf_headgr,0.0,0.0
6973,7,69,3,"(7, 69, 3)",idx0:7_idx1:69_idx2:3,chd_conf_headgr,0.0,0.0
6974,7,69,4,"(7, 69, 4)",idx0:7_idx1:69_idx2:4,chd_conf_headgr,0.0,0.0
6975,7,69,5,"(7, 69, 5)",idx0:7_idx1:69_idx2:5,chd_conf_headgr,0.0,0.0
6976,7,69,6,"(7, 69, 6)",idx0:7_idx1:69_idx2:6,chd_conf_headgr,0.0,0.0
6977,7,69,7,"(7, 69, 7)",idx0:7_idx1:69_idx2:7,chd_conf_headgr,0.0,0.0
6978,7,69,8,"(7, 69, 8)",idx0:7_idx1:69_idx2:8,chd_conf_headgr,0.0,0.0
6979,7,69,9,"(7, 69, 9)",idx0:7_idx1:69_idx2:9,chd_conf_headgr,0.0,0.0
6980,7,69,10,"(7, 69, 10)",idx0:7_idx1:69_idx2:10,chd_conf_headgr,0.0,0.0
6981,7,69,11,"(7, 69, 11)",idx0:7_idx1:69_idx2:11,chd_conf_headgr,0.0,0.0
6982,7,69,12,"(7, 69, 12)",idx0:7_idx1:69_idx2:12,chd_conf_headgr,0.0,0.0
6983,7,69,13,"(7, 69, 13)",idx0:7_idx1:69_idx2:13,chd_conf_headgr,0.0,0.0
6984,7,69,14,"(7, 69, 14)",idx0:7_idx1:69_idx2:14,chd_conf_headgr,0.0,0.0
6985,7,69,15,"(7, 69, 15)",idx0:7_idx1:69_idx2:15,chd_conf_headgr,0.0,0.0
6986,7,69,16,"(7, 69, 16)",idx0:7_idx1:69_idx2:16,chd_conf_headgr,0.0,0.0
6987,7,69,17,"(7, 69, 17)",idx0:7_idx1:69_idx2:17,chd_conf_headgr,0.0,0.0
6988,7,69,18,"(7, 69, 18)",idx0:7_idx1:69_idx2:18,chd_conf_headgr,0.0,0.0
6989,7,69,19,"(7, 69, 19)",idx0:7_idx1:69_idx2:19,chd_conf_headgr,0.0,0.0
6990,7,69,20,"(7, 69, 20)",idx0:7_idx1:69_idx2:20,chd_conf_headgr,0.0,0.0
6991,7,69,21,"(7, 69, 21)",idx0:7_idx1:69_idx2:21,chd_conf_headgr,0.0,0.0
6992,7,69,22,"(7, 69, 22)",idx0:7_idx1:69_idx2:22,chd_conf_headgr,0.0,0.0
6993,7,69,23,"(7, 69, 23)",idx0:7_idx1:69_idx2:23,chd_conf_headgr,0.0,0.0
6994,7,69,24,"(7, 69, 24)",idx0:7_idx1:69_idx2:24,chd_conf_headgr,0.0,0.0
6995,7,69,25,"(7, 69, 25)",idx0:7_idx1:69_idx2:25,chd_conf_headgr,0.0,0.0
6996,7,69,26,"(7, 69, 26)",idx0:7_idx1:69_idx2:26,chd_conf_headgr,0.0,0.0
6997,7,69,27,"(7, 69, 27)",idx0:7_idx1:69_idx2:27,chd_conf_headgr,0.0,0.0
6998,7,69,28,"(7, 69, 28)",idx0:7_idx1:69_idx2:28,chd_conf_headgr,0.0,0.0
6999,7,69,29,"(7, 69, 29)",idx0:7_idx1:69_idx2:29,chd_conf_headgr,0.0,0.0
7000,7,69,30,"(7, 69, 30)",idx0:7_idx1:69_idx2:30,chd_conf_headgr,0.0,0.0
7001,7,69,31,"(7, 69, 31)",idx0:7_idx1:69_idx2:31,chd_conf_headgr,0.0,0.0
7002,7,69,32,"(7, 69, 32)",idx0:7_idx1:69_idx2:32,chd_conf_headgr,0.0,0.0
7003,7,69,33,"(7, 69, 33)",idx0:7_idx1:69_idx2:33,chd_conf_headgr,0.0,0.0
7004,7,69,34,"(7, 69, 34)",idx0:7_idx1:69_idx2:34,chd_conf_headgr,0.0,0.0
7005,7,69,35,"(7, 69, 35)",idx0:7_idx1:69_idx2:35,chd_conf_headgr,0.0,0.0
7006,7,69,36,"(7, 69, 36)",idx0:7_idx1:69_idx2:36,chd_conf_headgr,0.0,0.0
7007,7,69,37,"(7, 69, 37)",idx0:7_idx1:69_idx2:37,chd_conf_headgr,0.0,0.0
7008,7,69,38,"(7, 69, 38)",idx0:7_idx1:69_idx2:38,chd_conf_headgr,0.0,0.0
7009,7,69,39,"(7, 69, 39)",idx0:7_idx1:69_idx2:39,chd_conf_headgr,0.0,0.0
7010,7,69,40,"(7, 69, 40)",idx0:7_idx1:69_idx2:40,chd_conf_headgr,0.0,0.0
7011,7,69,41,"(7, 69, 41)",idx0:7_idx1:69_idx2:41,chd_conf_headgr,0.0,0.0
7012,7,69,42,"(7, 69, 42)",idx0:7_idx1:69_idx2:42,chd_conf_headgr,0.0,0.0
7013,7,69,43,"(7, 69, 43)",idx0:7_idx1:69_idx2:43,chd_conf_headgr,0.0,0.0
7014,7,69,44,"(7, 69, 44)",idx0:7_idx1:69_idx2:44,chd_conf_headgr,0.0,0.0
7015,7,69,45,"(7, 69, 45)",idx0:7_idx1:69_idx2:45,chd_conf_headgr,0.0,0.0
7016,7,69,46,"(7, 69, 46)",idx0:7_idx1:69_idx2:46,chd_conf_headgr,0.0,0.0
7017,7,69,47,"(7, 69, 47)",idx0:7_idx1:69_idx2:47,chd_conf_headgr,0.0,0.0
7018,7,70,2,"(7, 70, 2)",idx0:7_idx1:70_idx2:2,chd_conf_headgr,0.0,0.0
7019,7,70,3,"(7, 70, 3)",idx0:7_idx1:70_idx2:3,chd_conf_headgr,0.0,0.0
7020,7,70,4,"(7, 70, 4)",idx0:7_idx1:70_idx2:4,chd_conf_headgr,0.0,0.0
7021,7,70,5,"(7, 70, 5)",idx0:7_idx1:70_idx2:5,chd_conf_headgr,0.0,0.0
7022,7,70,6,"(7, 70, 6)",idx0:7_idx1:70_idx2:6,chd_conf_headgr,0.0,0.0
7023,7,70,7,"(7, 70, 7)",idx0:7_idx1:70_idx2:7,chd_conf_headgr,0.0,0.0
7024,7,70,8,"(7, 70, 8)",idx0:7_idx1:70_idx2:8,chd_conf_headgr,0.0,0.0
7025,7,70,9,"(7, 70, 9)",idx0:7_idx1:70_idx2:9,chd_conf_headgr,0.0,0.0
7026,7,70,10,"(7, 70, 10)",idx0:7_idx1:70_idx2:10,chd_conf_headgr,0.0,0.0
7027,7,70,11,"(7, 70, 11)",idx0:7_idx1:70_idx2:11,chd_conf_headgr,0.0,0.0
7028,7,70,12,"(7, 70, 12)",idx0:7_idx1:70_idx2:12,chd_conf_headgr,0.0,0.0
7029,7,70,13,"(7, 70, 13)",idx0:7_idx1:70_idx2:13,chd_conf_headgr,0.0,0.0
7030,7,70,14,"(7, 70, 14)",idx0:7_idx1:70_idx2:14,chd_conf_headgr,0.0,0.0
7031,7,70,15,"(7, 70, 15)",idx0:7_idx1:70_idx2:15,chd_conf_headgr,0.0,0.0
7032,7,70,16,"(7, 70, 16)",idx0:7_idx1:70_idx2:16,chd_conf_headgr,0.0,0.0
7033,7,70,17,"(7, 70, 17)",idx0:7_idx1:70_idx2:17,chd_conf_headgr,0.0,0.0
7034,7,70,18,"(7, 70, 18)",idx0:7_idx1:70_idx2:18,chd_conf_headgr,0.0,0.0
7035,7,70,19,"(7, 70, 19)",idx0:7_idx1:70_idx2:19,chd_conf_headgr,0.0,0.0
7036,7,70,20,"(7, 70, 20)",idx0:7_idx1:70_idx2:20,chd_conf_headgr,0.0,0.0
7037,7,70,21,"(7, 70, 21)",idx0:7_idx1:70_idx2:21,chd_conf_headgr,0.0,0.0
7038,7,70,22,"(7, 70, 22)",idx0:7_idx1:70_idx2:22,chd_conf_headgr,0.0,0.0
7039,7,70,23,"(7, 70, 23)",idx0:7_idx1:70_idx2:23,chd_conf_headgr,0.0,0.0
7040,7,70,24,"(7, 70, 24)",idx0:7_idx1:70_idx2:24,chd_conf_headgr,0.0,0.0
7041,7,70,25,"(7, 70, 25)",idx0:7_idx1:70_idx2:25,chd_conf_headgr,0.0,0.0
7042,7,70,26,"(7, 70, 26)",idx0:7_idx1:70_idx2:26,chd_conf_headgr,0.0,0.0
7043,7,70,27,"(7, 70, 27)",idx0:7_idx1:70_idx2:27,chd_conf_headgr,0.0,0.0
7044,7,70,28,"(7, 70, 28)",idx0:7_idx1:70_idx2:28,chd_conf_headgr,0.0,0.0
7045,7,70,29,"(7, 70, 29)",idx0:7_idx1:70_idx2:29,chd_conf_headgr,0.0,0.0
7046,7,70,30,"(7, 70, 30)",idx0:7_idx1:70_idx2:30,chd_conf_headgr,0.0,0.0
7047,7,70,31,"(7, 70, 31)",idx0:7_idx1:70_idx2:31,chd_conf_headgr,0.0,0.0
7048,7,70,32,"(7, 70, 32)",idx0:7_idx1:70_idx2:32,chd_conf_headgr,0.0,0.0
7049,7,70,33,"(7, 70, 33)",idx0:7_idx1:70_idx2:33,chd_conf_headgr,0.0,0.0
7050,7,70,34,"(7, 70, 34)",idx0:7_idx1:70_idx2:34,chd_conf_headgr,0.0,0.0
7051,7,70,35,"(7, 70, 35)",idx0:7_idx1:70_idx2:35,chd_conf_headgr,0.0,0.0
7052,7,70,36,"(7, 70, 36)",idx0:7_idx1:70_idx2:36,chd_conf_headgr,0.0,0.0
7053,7,70,37,"(7, 70, 37)",idx0:7_idx1:70_idx2:37,chd_conf_headgr,0.0,0.0
7054,7,70,38,"(7, 70, 38)",idx0:7_idx1:70_idx2:38,chd_conf_headgr,0.0,0.0
7055,7,70,39,"(7, 70, 39)",idx0:7_idx1:70_idx2:39,chd_conf_headgr,0.0,0.0
7056,7,70,40,"(7, 70, 40)",idx0:7_idx1:70_idx2:40,chd_conf_headgr,0.0,0.0
7057,7,70,41,"(7, 70, 41)",idx0:7_idx1:70_idx2:41,chd_conf_headgr,0.0,0.0
7058,7,70,42,"(7, 70, 42)",idx0:7_idx1:70_idx2:42,chd_conf_headgr,0.0,0.0
7059,7,70,43,"(7, 70, 43)",idx0:7_idx1:70_idx2:43,chd_conf_headgr,0.0,0.0
7060,7,70,44,"(7, 70, 44)",idx0:7_idx1:70_idx2:44,chd_conf_headgr,0.0,0.0
7061,7,70,45,"(7, 70, 45)",idx0:7_idx1:70_idx2:45,chd_conf_headgr,0.0,0.0
7062,7,71,2,"(7, 71, 2)",idx0:7_idx1:71_idx2:2,chd_conf_headgr,0.0,0.0
7063,7,71,3,"(7, 71, 3)",idx0:7_idx1:71_idx2:3,chd_conf_headgr,0.0,0.0
7064,7,71,4,"(7, 71, 4)",idx0:7_idx1:71_idx2:4,chd_conf_headgr,0.0,0.0
7065,7,71,5,"(7, 71, 5)",idx0:7_idx1:71_idx2:5,chd_conf_headgr,0.0,0.0
7066,7,71,6,"(7, 71, 6)",idx0:7_idx1:71_idx2:6,chd_conf_headgr,0.0,0.0
7067,7,71,7,"(7, 71, 7)",idx0:7_idx1:71_idx2:7,chd_conf_headgr,0.0,0.0
7068,7,71,8,"(7, 71, 8)",idx0:7_idx1:71_idx2:8,chd_conf_headgr,0.0,0.0
7069,7,71,9,"(7, 71, 9)",idx0:7_idx1:71_idx2:9,chd_conf_headgr,0.0,0.0
7070,7,71,10,"(7, 71, 10)",idx0:7_idx1:71_idx2:10,chd_conf_headgr,0.0,0.0
7071,7,71,11,"(7, 71, 11)",idx0:7_idx1:71_idx2:11,chd_conf_headgr,0.0,0.0
7072,7,71,12,"(7, 71, 12)",idx0:7_idx1:71_idx2:12,chd_conf_headgr,0.0,0.0
7073,7,71,13,"(7, 71, 13)",idx0:7_idx1:71_idx2:13,chd_conf_headgr,0.0,0.0
7074,7,71,14,"(7, 71, 14)",idx0:7_idx1:71_idx2:14,chd_conf_headgr,0.0,0.0
7075,7,71,15,"(7, 71, 15)",idx0:7_idx1:71_idx2:15,chd_conf_headgr,0.0,0.0
7076,7,71,16,"(7, 71, 16)",idx0:7_idx1:71_idx2:16,chd_conf_headgr,0.0,0.0
7077,7,71,17,"(7, 71, 17)",idx0:7_idx1:71_idx2:17,chd_conf_headgr,0.0,0.0
7078,7,71,18,"(7, 71, 18)",idx0:7_idx1:71_idx2:18,chd_conf_headgr,0.0,0.0
7079,7,71,19,"(7, 71, 19)",idx0:7_idx1:71_idx2:19,chd_conf_headgr,0.0,0.0
7080,7,71,20,"(7, 71, 20)",idx0:7_idx1:71_idx2:20,chd_conf_headgr,0.0,0.0
7081,7,71,21,"(7, 71, 21)",idx0:7_idx1:71_idx2:21,chd_conf_headgr,0.0,0.0
7082,7,71,22,"(7, 71, 22)",idx0:7_idx1:71_idx2:22,chd_conf_headgr,0.0,0.0
7083,7,71,23,"(7, 71, 23)",idx0:7_idx1:71_idx2:23,chd_conf_headgr,0.0,0.0
7084,7,71,24,"(7, 71, 24)",idx0:7_idx1:71_idx2:24,chd_conf_headgr,0.0,0.0
7085,7,71,25,"(7, 71, 25)",idx0:7_idx1:71_idx2:25,chd_conf_headgr,0.0,0.0
7086,7,71,26,"(7, 71, 26)",idx0:7_idx1:71_idx2:26,chd_conf_headgr,0.0,0.0
7087,7,71,27,"(7, 71, 27)",idx0:7_idx1:71_idx2:27,chd_conf_headgr,0.0,0.0
7088,7,71,28,"(7, 71, 28)",idx0:7_idx1:71_idx2:28,chd_conf_headgr,0.0,0.0
7089,7,71,29,"(7, 71, 29)",idx0:7_idx1:71_idx2:29,chd_conf_headgr,0.0,0.0
7090,7,71,30,"(7, 71, 30)",idx0:7_idx1:71_idx2:30,chd_conf_headgr,0.0,0.0
7091,7,71,31,"(7, 71, 31)",idx0:7_idx1:71_idx2:31,chd_conf_headgr,0.0,0.0
7092,7,71,32,"(7, 71, 32)",idx0:7_idx1:71_idx2:32,chd_conf_headgr,0.0,0.0
7093,7,71,33,"(7, 71, 33)",idx0:7_idx1:71_idx2:33,chd_conf_headgr,0.0,0.0
7094,7,71,34,"(7, 71, 34)",idx0:7_idx1:71_idx2:34,chd_conf_headgr,0.0,0.0
7095,7,71,35,"(7, 71, 35)",idx0:7_idx1:71_idx2:35,chd_conf_headgr,0.0,0.0
7096,7,71,36,"(7, 71, 36)",idx0:7_idx1:71_idx2:36,chd_conf_headgr,0.0,0.0
7097,7,71,37,"(7, 71, 37)",idx0:7_idx1:71_idx2:37,chd_conf_headgr,0.0,0.0
7098,7,71,38,"(7, 71, 38)",idx0:7_idx1:71_idx2:38,chd_conf_headgr,0.0,0.0
7099,7,71,39,"(7, 71, 39)",idx0:7_idx1:71_idx2:39,chd_conf_headgr,0.0,0.0
7100,7,71,40,"(7, 71, 40)",idx0:7_idx1:71_idx2:40,chd_conf_headgr,0.0,0.0
7101,7,71,41,"(7, 71, 41)",idx0:7_idx1:71_idx2:41,chd_conf_headgr,0.0,0.0
7102,7,71,42,"(7, 71, 42)",idx0:7_idx1:71_idx2:42,chd_conf_headgr,0.0,0.0
7103,7,71,43,"(7, 71, 43)",idx0:7_idx1:71_idx2:43,chd_conf_headgr,0.0,0.0
7104,7,71,44,"(7, 71, 44)",idx0:7_idx1:71_idx2:44,chd_conf_headgr,0.0,0.0
7105,7,72,2,"(7, 72, 2)",idx0:7_idx1:72_idx2:2,chd_conf_headgr,0.0,0.0
7106,7,72,3,"(7, 72, 3)",idx0:7_idx1:72_idx2:3,chd_conf_headgr,0.0,0.0
7107,7,72,4,"(7, 72, 4)",idx0:7_idx1:72_idx2:4,chd_conf_headgr,0.0,0.0
7108,7,72,5,"(7, 72, 5)",idx0:7_idx1:72_idx2:5,chd_conf_headgr,0.0,0.0
7109,7,72,6,"(7, 72, 6)",idx0:7_idx1:72_idx2:6,chd_conf_headgr,0.0,0.0
7110,7,72,7,"(7, 72, 7)",idx0:7_idx1:72_idx2:7,chd_conf_headgr,0.0,0.0
7111,7,72,8,"(7, 72, 8)",idx0:7_idx1:72_idx2:8,chd_conf_headgr,0.0,0.0
7112,7,72,9,"(7, 72, 9)",idx0:7_idx1:72_idx2:9,chd_conf_headgr,0.0,0.0
7113,7,72,10,"(7, 72, 10)",idx0:7_idx1:72_idx2:10,chd_conf_headgr,0.0,0.0
7114,7,72,11,"(7, 72, 11)",idx0:7_idx1:72_idx2:11,chd_conf_headgr,0.0,0.0
7115,7,72,12,"(7, 72, 12)",idx0:7_idx1:72_idx2:12,chd_conf_headgr,0.0,0.0
7116,7,72,13,"(7, 72, 13)",idx0:7_idx1:72_idx2:13,chd_conf_headgr,0.0,0.0
7117,7,72,14,"(7, 72, 14)",idx0:7_idx1:72_idx2:14,chd_conf_headgr,0.0,0.0
7118,7,72,15,"(7, 72, 15)",idx0:7_idx1:72_idx2:15,chd_conf_headgr,0.0,0.0
7119,7,72,16,"(7, 72, 16)",idx0:7_idx1:72_idx2:16,chd_conf_headgr,0.0,0.0
7120,7,72,17,"(7, 72, 17)",idx0:7_idx1:72_idx2:17,chd_conf_headgr,0.0,0.0
7121,7,72,18,"(7, 72, 18)",idx0:7_idx1:72_idx2:18,chd_conf_headgr,0.0,0.0
7122,7,72,19,"(7, 72, 19)",idx0:7_idx1:72_idx2:19,chd_conf_headgr,0.0,0.0
7123,7,72,20,"(7, 72, 20)",idx0:7_idx1:72_idx2:20,chd_conf_headgr,0.0,0.0
7124,7,72,21,"(7, 72, 21)",idx0:7_idx1:72_idx2:21,chd_conf_headgr,0.0,0.0
7125,7,72,22,"(7, 72, 22)",idx0:7_idx1:72_idx2:22,chd_conf_headgr,0.0,0.0
7126,7,72,23,"(7, 72, 23)",idx0:7_idx1:72_idx2:23,chd_conf_headgr,0.0,0.0
7127,7,72,24,"(7, 72, 24)",idx0:7_idx1:72_idx2:24,chd_conf_headgr,0.0,0.0
7128,7,72,25,"(7, 72, 25)",idx0:7_idx1:72_idx2:25,chd_conf_headgr,0.0,0.0
7129,7,72,26,"(7, 72, 26)",idx0:7_idx1:72_idx2:26,chd_conf_headgr,0.0,0.0
7130,7,72,27,"(7, 72, 27)",idx0:7_idx1:72_idx2:27,chd_conf_headgr,0.0,0.0
7131,7,72,28,"(7, 72, 28)",idx0:7_idx1:72_idx2:28,chd_conf_headgr,0.0,0.0
7132,7,72,29,"(7, 72, 29)",idx0:7_idx1:72_idx2:29,chd_conf_headgr,0.0,0.0
7133,7,72,30,"(7, 72, 30)",idx0:7_idx1:72_idx2:30,chd_conf_headgr,0.0,0.0
7134,7,72,31,"(7, 72, 31)",idx0:7_idx1:72_idx2:31,chd_conf_headgr,0.0,0.0
7135,7,72,32,"(7, 72, 32)",idx0:7_idx1:72_idx2:32,chd_conf_headgr,0.0,0.0
7136,7,72,33,"(7, 72, 33)",idx0:7_idx1:72_idx2:33,chd_conf_headgr,0.0,0.0
7137,7,72,34,"(7, 72, 34)",idx0:7_idx1:72_idx2:34,chd_conf_headgr,0.0,0.0
7138,7,72,35,"(7, 72, 35)",idx0:7_idx1:72_idx2:35,chd_conf_headgr,0.0,0.0
7139,7,72,36,"(7, 72, 36)",idx0:7_idx1:72_idx2:36,chd_conf_headgr,0.0,0.0
7140,7,72,37,"(7, 72, 37)",idx0:7_idx1:72_idx2:37,chd_conf_headgr,0.0,0.0
7141,7,72,38,"(7, 72, 38)",idx0:7_idx1:72_idx2:38,chd_conf_headgr,0.0,0.0
7142,7,72,39,"(7, 72, 39)",idx0:7_idx1:72_idx2:39,chd_conf_headgr,0.0,0.0
7143,7,72,40,"(7, 72, 40)",idx0:7_idx1:72_idx2:40,chd_conf_headgr,0.0,0.0
7144,7,72,41,"(7, 72, 41)",idx0:7_idx1:72_idx2:41,chd_conf_headgr,0.0,0.0
7145,7,72,42,"(7, 72, 42)",idx0:7_idx1:72_idx2:42,chd_conf_headgr,0.0,0.0
7146,7,73,2,"(7, 73, 2)",idx0:7_idx1:73_idx2:2,chd_conf_headgr,0.0,0.0
7147,7,73,3,"(7, 73, 3)",idx0:7_idx1:73_idx2:3,chd_conf_headgr,0.0,0.0
7148,7,73,4,"(7, 73, 4)",idx0:7_idx1:73_idx2:4,chd_conf_headgr,0.0,0.0
7149,7,73,5,"(7, 73, 5)",idx0:7_idx1:73_idx2:5,chd_conf_headgr,0.0,0.0
7150,7,73,6,"(7, 73, 6)",idx0:7_idx1:73_idx2:6,chd_conf_headgr,0.0,0.0
7151,7,73,7,"(7, 73, 7)",idx0:7_idx1:73_idx2:7,chd_conf_headgr,0.0,0.0
7152,7,73,8,"(7, 73, 8)",idx0:7_idx1:73_idx2:8,chd_conf_headgr,0.0,0.0
7153,7,73,9,"(7, 73, 9)",idx0:7_idx1:73_idx2:9,chd_conf_headgr,0.0,0.0
7154,7,73,10,"(7, 73, 10)",idx0:7_idx1:73_idx2:10,chd_conf_headgr,0.0,0.0
7155,7,73,11,"(7, 73, 11)",idx0:7_idx1:73_idx2:11,chd_conf_headgr,0.0,0.0
7156,7,73,12,"(7, 73, 12)",idx0:7_idx1:73_idx2:12,chd_conf_headgr,0.0,0.0
7157,7,73,13,"(7, 73, 13)",idx0:7_idx1:73_idx2:13,chd_conf_headgr,0.0,0.0
7158,7,73,14,"(7, 73, 14)",idx0:7_idx1:73_idx2:14,chd_conf_headgr,0.0,0.0
7159,7,73,15,"(7, 73, 15)",idx0:7_idx1:73_idx2:15,chd_conf_headgr,0.0,0.0
7160,7,73,16,"(7, 73, 16)",idx0:7_idx1:73_idx2:16,chd_conf_headgr,0.0,0.0
7161,7,73,17,"(7, 73, 17)",idx0:7_idx1:73_idx2:17,chd_conf_headgr,0.0,0.0
7162,7,73,18,"(7, 73, 18)",idx0:7_idx1:73_idx2:18,chd_conf_headgr,0.0,0.0
7163,7,73,19,"(7, 73, 19)",idx0:7_idx1:73_idx2:19,chd_conf_headgr,0.0,0.0
7164,7,73,20,"(7, 73, 20)",idx0:7_idx1:73_idx2:20,chd_conf_headgr,0.0,0.0
7165,7,73,21,"(7, 73, 21)",idx0:7_idx1:73_idx2:21,chd_conf_headgr,0.0,0.0
7166,7,73,22,"(7, 73, 22)",idx0:7_idx1:73_idx2:22,chd_conf_headgr,0.0,0.0
7167,7,73,23,"(7, 73, 23)",idx0:7_idx1:73_idx2:23,chd_conf_headgr,0.0,0.0
7168,7,73,24,"(7, 73, 24)",idx0:7_idx1:73_idx2:24,chd_conf_headgr,0.0,0.0
7169,7,73,25,"(7, 73, 25)",idx0:7_idx1:73_idx2:25,chd_conf_headgr,0.0,0.0
7170,7,73,26,"(7, 73, 26)",idx0:7_idx1:73_idx2:26,chd_conf_headgr,0.0,0.0
7171,7,73,27,"(7, 73, 27)",idx0:7_idx1:73_idx2:27,chd_conf_headgr,0.0,0.0
7172,7,73,28,"(7, 73, 28)",idx0:7_idx1:73_idx2:28,chd_conf_headgr,0.0,0.0
7173,7,73,29,"(7, 73, 29)",idx0:7_idx1:73_idx2:29,chd_conf_headgr,0.0,0.0
7174,7,73,30,"(7, 73, 30)",idx0:7_idx1:73_idx2:30,chd_conf_headgr,0.0,0.0
7175,7,73,31,"(7, 73, 31)",idx0:7_idx1:73_idx2:31,chd_conf_headgr,0.0,0.0
7176,7,73,32,"(7, 73, 32)",idx0:7_idx1:73_idx2:32,chd_conf_headgr,0.0,0.0
7177,7,73,33,"(7, 73, 33)",idx0:7_idx1:73_idx2:33,chd_conf_headgr,0.0,0.0
7178,7,73,34,"(7, 73, 34)",idx0:7_idx1:73_idx2:34,chd_conf_headgr,0.0,0.0
7179,7,73,35,"(7, 73, 35)",idx0:7_idx1:73_idx2:35,chd_conf_headgr,0.0,0.0
7180,7,73,36,"(7, 73, 36)",idx0:7_idx1:73_idx2:36,chd_conf_headgr,0.0,0.0
7181,7,73,37,"(7, 73, 37)",idx0:7_idx1:73_idx2:37,chd_conf_headgr,0.0,0.0
7182,7,73,38,"(7, 73, 38)",idx0:7_idx1:73_idx2:38,chd_conf_headgr,0.0,0.0
7183,7,73,39,"(7, 73, 39)",idx0:7_idx1:73_idx2:39,chd_conf_headgr,0.0,0.0
7184,7,73,40,"(7, 73, 40)",idx0:7_idx1:73_idx2:40,chd_conf_headgr,0.0,0.0
7185,7,74,2,"(7, 74, 2)",idx0:7_idx1:74_idx2:2,chd_conf_headgr,0.0,0.0
7186,7,74,3,"(7, 74, 3)",idx0:7_idx1:74_idx2:3,chd_conf_headgr,0.0,0.0
7187,7,74,4,"(7, 74, 4)",idx0:7_idx1:74_idx2:4,chd_conf_headgr,0.0,0.0
7188,7,74,5,"(7, 74, 5)",idx0:7_idx1:74_idx2:5,chd_conf_headgr,0.0,0.0
7189,7,74,6,"(7, 74, 6)",idx0:7_idx1:74_idx2:6,chd_conf_headgr,0.0,0.0
7190,7,74,7,"(7, 74, 7)",idx0:7_idx1:74_idx2:7,chd_conf_headgr,0.0,0.0
7191,7,74,8,"(7, 74, 8)",idx0:7_idx1:74_idx2:8,chd_conf_headgr,0.0,0.0
7192,7,74,9,"(7, 74, 9)",idx0:7_idx1:74_idx2:9,chd_conf_headgr,0.0,0.0
7193,7,74,10,"(7, 74, 10)",idx0:7_idx1:74_idx2:10,chd_conf_headgr,0.0,0.0
7194,7,74,11,"(7, 74, 11)",idx0:7_idx1:74_idx2:11,chd_conf_headgr,0.0,0.0
7195,7,74,12,"(7, 74, 12)",idx0:7_idx1:74_idx2:12,chd_conf_headgr,0.0,0.0
7196,7,74,13,"(7, 74, 13)",idx0:7_idx1:74_idx2:13,chd_conf_headgr,0.0,0.0
7197,7,74,14,"(7, 74, 14)",idx0:7_idx1:74_idx2:14,chd_conf_headgr,0.0,0.0
7198,7,74,15,"(7, 74, 15)",idx0:7_idx1:74_idx2:15,chd_conf_headgr,0.0,0.0
7199,7,74,16,"(7, 74, 16)",idx0:7_idx1:74_idx2:16,chd_conf_headgr,0.0,0.0
7200,7,74,17,"(7, 74, 17)",idx0:7_idx1:74_idx2:17,chd_conf_headgr,0.0,0.0
7201,7,74,18,"(7, 74, 18)",idx0:7_idx1:74_idx2:18,chd_conf_headgr,0.0,0.0
7202,7,74,19,"(7, 74, 19)",idx0:7_idx1:74_idx2:19,chd_conf_headgr,0.0,0.0
7203,7,74,20,"(7, 74, 20)",idx0:7_idx1:74_idx2:20,chd_conf_headgr,0.0,0.0
7204,7,74,21,"(7, 74, 21)",idx0:7_idx1:74_idx2:21,chd_conf_headgr,0.0,0.0
7205,7,74,22,"(7, 74, 22)",idx0:7_idx1:74_idx2:22,chd_conf_headgr,0.0,0.0
7206,7,74,23,"(7, 74, 23)",idx0:7_idx1:74_idx2:23,chd_conf_headgr,0.0,0.0
7207,7,74,24,"(7, 74, 24)",idx0:7_idx1:74_idx2:24,chd_conf_headgr,0.0,0.0
7208,7,74,25,"(7, 74, 25)",idx0:7_idx1:74_idx2:25,chd_conf_headgr,0.0,0.0
7209,7,74,26,"(7, 74, 26)",idx0:7_idx1:74_idx2:26,chd_conf_headgr,0.0,0.0
7210,7,74,27,"(7, 74, 27)",idx0:7_idx1:74_idx2:27,chd_conf_headgr,0.0,0.0
7211,7,74,28,"(7, 74, 28)",idx0:7_idx1:74_idx2:28,chd_conf_headgr,0.0,0.0
7212,7,74,29,"(7, 74, 29)",idx0:7_idx1:74_idx2:29,chd_conf_headgr,0.0,0.0
7213,7,74,30,"(7, 74, 30)",idx0:7_idx1:74_idx2:30,chd_conf_headgr,0.0,0.0
7214,7,74,31,"(7, 74, 31)",idx0:7_idx1:74_idx2:31,chd_conf_headgr,0.0,0.0
7215,7,74,32,"(7, 74, 32)",idx0:7_idx1:74_idx2:32,chd_conf_headgr,0.0,0.0
7216,7,74,33,"(7, 74, 33)",idx0:7_idx1:74_idx2:33,chd_conf_headgr,0.0,0.0
7217,7,74,34,"(7, 74, 34)",idx0:7_idx1:74_idx2:34,chd_conf_headgr,0.0,0.0
7218,7,74,35,"(7, 74, 35)",idx0:7_idx1:74_idx2:35,chd_conf_headgr,0.0,0.0
7219,7,74,36,"(7, 74, 36)",idx0:7_idx1:74_idx2:36,chd_conf_headgr,0.0,0.0
7220,7,74,37,"(7, 74, 37)",idx0:7_idx1:74_idx2:37,chd_conf_headgr,0.0,0.0
7221,7,74,38,"(7, 74, 38)",idx0:7_idx1:74_idx2:38,chd_conf_headgr,0.0,0.0
7222,7,75,2,"(7, 75, 2)",idx0:7_idx1:75_idx2:2,chd_conf_headgr,0.0,0.0
7223,7,75,3,"(7, 75, 3)",idx0:7_idx1:75_idx2:3,chd_conf_headgr,0.0,0.0
7224,7,75,4,"(7, 75, 4)",idx0:7_idx1:75_idx2:4,chd_conf_headgr,0.0,0.0
7225,7,75,5,"(7, 75, 5)",idx0:7_idx1:75_idx2:5,chd_conf_headgr,0.0,0.0
7226,7,75,6,"(7, 75, 6)",idx0:7_idx1:75_idx2:6,chd_conf_headgr,0.0,0.0
7227,7,75,7,"(7, 75, 7)",idx0:7_idx1:75_idx2:7,chd_conf_headgr,0.0,0.0
7228,7,75,8,"(7, 75, 8)",idx0:7_idx1:75_idx2:8,chd_conf_headgr,0.0,0.0
7229,7,75,9,"(7, 75, 9)",idx0:7_idx1:75_idx2:9,chd_conf_headgr,0.0,0.0
7230,7,75,10,"(7, 75, 10)",idx0:7_idx1:75_idx2:10,chd_conf_headgr,0.0,0.0
7231,7,75,11,"(7, 75, 11)",idx0:7_idx1:75_idx2:11,chd_conf_headgr,0.0,0.0
7232,7,75,12,"(7, 75, 12)",idx0:7_idx1:75_idx2:12,chd_conf_headgr,0.0,0.0
7233,7,75,13,"(7, 75, 13)",idx0:7_idx1:75_idx2:13,chd_conf_headgr,0.0,0.0
7234,7,75,14,"(7, 75, 14)",idx0:7_idx1:75_idx2:14,chd_conf_headgr,0.0,0.0
7235,7,75,15,"(7, 75, 15)",idx0:7_idx1:75_idx2:15,chd_conf_headgr,0.0,0.0
7236,7,75,16,"(7, 75, 16)",idx0:7_idx1:75_idx2:16,chd_conf_headgr,0.0,0.0
7237,7,75,17,"(7, 75, 17)",idx0:7_idx1:75_idx2:17,chd_conf_headgr,0.0,0.0
7238,7,75,18,"(7, 75, 18)",idx0:7_idx1:75_idx2:18,chd_conf_headgr,0.0,0.0
7239,7,75,19,"(7, 75, 19)",idx0:7_idx1:75_idx2:19,chd_conf_headgr,0.0,0.0
7240,7,75,20,"(7, 75, 20)",idx0:7_idx1:75_idx2:20,chd_conf_headgr,0.0,0.0
7241,7,75,21,"(7, 75, 21)",idx0:7_idx1:75_idx2:21,chd_conf_headgr,0.0,0.0
7242,7,75,22,"(7, 75, 22)",idx0:7_idx1:75_idx2:22,chd_conf_headgr,0.0,0.0
7243,7,75,23,"(7, 75, 23)",idx0:7_idx1:75_idx2:23,chd_conf_headgr,0.0,0.0
7244,7,75,24,"(7, 75, 24)",idx0:7_idx1:75_idx2:24,chd_conf_headgr,0.0,0.0
7245,7,75,25,"(7, 75, 25)",idx0:7_idx1:75_idx2:25,chd_conf_headgr,0.0,0.0
7246,7,75,26,"(7, 75, 26)",idx0:7_idx1:75_idx2:26,chd_conf_headgr,0.0,0.0
7247,7,75,27,"(7, 75, 27)",idx0:7_idx1:75_idx2:27,chd_conf_headgr,0.0,0.0
7248,7,75,28,"(7, 75, 28)",idx0:7_idx1:75_idx2:28,chd_conf_headgr,0.0,0.0
7249,7,75,29,"(7, 75, 29)",idx0:7_idx1:75_idx2:29,chd_conf_headgr,0.0,0.0
7250,7,75,30,"(7, 75, 30)",idx0:7_idx1:75_idx2:30,chd_conf_headgr,0.0,0.0
7251,7,75,31,"(7, 75, 31)",idx0:7_idx1:75_idx2:31,chd_conf_headgr,0.0,0.0
7252,7,75,32,"(7, 75, 32)",idx0:7_idx1:75_idx2:32,chd_conf_headgr,0.0,0.0
7253,7,75,33,"(7, 75, 33)",idx0:7_idx1:75_idx2:33,chd_conf_headgr,0.0,0.0
7254,7,75,34,"(7, 75, 34)",idx0:7_idx1:75_idx2:34,chd_conf_headgr,0.0,0.0
7255,7,75,35,"(7, 75, 35)",idx0:7_idx1:75_idx2:35,chd_conf_headgr,0.0,0.0
7256,7,75,36,"(7, 75, 36)",idx0:7_idx1:75_idx2:36,chd_conf_headgr,0.0,0.0
7257,7,75,37,"(7, 75, 37)",idx0:7_idx1:75_idx2:37,chd_conf_headgr,0.0,0.0
7258,7,76,2,"(7, 76, 2)",idx0:7_idx1:76_idx2:2,chd_conf_headgr,0.0,0.0
7259,7,76,3,"(7, 76, 3)",idx0:7_idx1:76_idx2:3,chd_conf_headgr,0.0,0.0
7260,7,76,4,"(7, 76, 4)",idx0:7_idx1:76_idx2:4,chd_conf_headgr,0.0,0.0
7261,7,76,5,"(7, 76, 5)",idx0:7_idx1:76_idx2:5,chd_conf_headgr,0.0,0.0
7262,7,76,6,"(7, 76, 6)",idx0:7_idx1:76_idx2:6,chd_conf_headgr,0.0,0.0
7263,7,76,7,"(7, 76, 7)",idx0:7_idx1:76_idx2:7,chd_conf_headgr,0.0,0.0
7264,7,76,8,"(7, 76, 8)",idx0:7_idx1:76_idx2:8,chd_conf_headgr,0.0,0.0
7265,7,76,9,"(7, 76, 9)",idx0:7_idx1:76_idx2:9,chd_conf_headgr,0.0,0.0
7266,7,76,10,"(7, 76, 10)",idx0:7_idx1:76_idx2:10,chd_conf_headgr,0.0,0.0
7267,7,76,11,"(7, 76, 11)",idx0:7_idx1:76_idx2:11,chd_conf_headgr,0.0,0.0
7268,7,76,12,"(7, 76, 12)",idx0:7_idx1:76_idx2:12,chd_conf_headgr,0.0,0.0
7269,7,76,13,"(7, 76, 13)",idx0:7_idx1:76_idx2:13,chd_conf_headgr,0.0,0.0
7270,7,76,14,"(7, 76, 14)",idx0:7_idx1:76_idx2:14,chd_conf_headgr,0.0,0.0
7271,7,76,15,"(7, 76, 15)",idx0:7_idx1:76_idx2:15,chd_conf_headgr,0.0,0.0
7272,7,76,16,"(7, 76, 16)",idx0:7_idx1:76_idx2:16,chd_conf_headgr,0.0,0.0
7273,7,76,17,"(7, 76, 17)",idx0:7_idx1:76_idx2:17,chd_conf_headgr,0.0,0.0
7274,7,76,18,"(7, 76, 18)",idx0:7_idx1:76_idx2:18,chd_conf_headgr,0.0,0.0
7275,7,76,19,"(7, 76, 19)",idx0:7_idx1:76_idx2:19,chd_conf_headgr,0.0,0.0
7276,7,76,20,"(7, 76, 20)",idx0:7_idx1:76_idx2:20,chd_conf_headgr,0.0,0.0
7277,7,76,21,"(7, 76, 21)",idx0:7_idx1:76_idx2:21,chd_conf_headgr,0.0,0.0
7278,7,76,22,"(7, 76, 22)",idx0:7_idx1:76_idx2:22,chd_conf_headgr,0.0,0.0
7279,7,76,23,"(7, 76, 23)",idx0:7_idx1:76_idx2:23,chd_conf_headgr,0.0,0.0
7280,7,76,24,"(7, 76, 24)",idx0:7_idx1:76_idx2:24,chd_conf_headgr,0.0,0.0
7281,7,76,25,"(7, 76, 25)",idx0:7_idx1:76_idx2:25,chd_conf_headgr,0.0,0.0
7282,7,76,26,"(7, 76, 26)",idx0:7_idx1:76_idx2:26,chd_conf_headgr,0.0,0.0
7283,7,76,27,"(7, 76, 27)",idx0:7_idx1:76_idx2:27,chd_conf_headgr,0.0,0.0
7284,7,76,28,"(7, 76, 28)",idx0:7_idx1:76_idx2:28,chd_conf_headgr,0.0,0.0
7285,7,76,29,"(7, 76, 29)",idx0:7_idx1:76_idx2:29,chd_conf_headgr,0.0,0.0
7286,7,76,30,"(7, 76, 30)",idx0:7_idx1:76_idx2:30,chd_conf_headgr,0.0,0.0
7287,7,76,31,"(7, 76, 31)",idx0:7_idx1:76_idx2:31,chd_conf_headgr,0.0,0.0
7288,7,76,32,"(7, 76, 32)",idx0:7_idx1:76_idx2:32,chd_conf_headgr,0.0,0.0
7289,7,76,33,"(7, 76, 33)",idx0:7_idx1:76_idx2:33,chd_conf_headgr,0.0,0.0
7290,7,76,34,"(7, 76, 34)",idx0:7_idx1:76_idx2:34,chd_conf_headgr,0.0,0.0
7291,7,76,35,"(7, 76, 35)",idx0:7_idx1:76_idx2:35,chd_conf_headgr,0.0,0.0
7292,7,77,2,"(7, 77, 2)",idx0:7_idx1:77_idx2:2,chd_conf_headgr,0.0,0.0
7293,7,77,3,"(7, 77, 3)",idx0:7_idx1:77_idx2:3,chd_conf_headgr,0.0,0.0
7294,7,77,4,"(7, 77, 4)",idx0:7_idx1:77_idx2:4,chd_conf_headgr,0.0,0.0
7295,7,77,5,"(7, 77, 5)",idx0:7_idx1:77_idx2:5,chd_conf_headgr,0.0,0.0
7296,7,77,6,"(7, 77, 6)",idx0:7_idx1:77_idx2:6,chd_conf_headgr,0.0,0.0
7297,7,77,7,"(7, 77, 7)",idx0:7_idx1:77_idx2:7,chd_conf_headgr,0.0,0.0
7298,7,77,8,"(7, 77, 8)",idx0:7_idx1:77_idx2:8,chd_conf_headgr,0.0,0.0
7299,7,77,9,"(7, 77, 9)",idx0:7_idx1:77_idx2:9,chd_conf_headgr,0.0,0.0
7300,7,77,10,"(7, 77, 10)",idx0:7_idx1:77_idx2:10,chd_conf_headgr,0.0,0.0
7301,7,77,11,"(7, 77, 11)",idx0:7_idx1:77_idx2:11,chd_conf_headgr,0.0,0.0
7302,7,77,12,"(7, 77, 12)",idx0:7_idx1:77_idx2:12,chd_conf_headgr,0.0,0.0
7303,7,77,13,"(7, 77, 13)",idx0:7_idx1:77_idx2:13,chd_conf_headgr,0.0,0.0
7304,7,77,14,"(7, 77, 14)",idx0:7_idx1:77_idx2:14,chd_conf_headgr,0.0,0.0
7305,7,77,15,"(7, 77, 15)",idx0:7_idx1:77_idx2:15,chd_conf_headgr,0.0,0.0
7306,7,77,16,"(7, 77, 16)",idx0:7_idx1:77_idx2:16,chd_conf_headgr,0.0,0.0
7307,7,77,17,"(7, 77, 17)",idx0:7_idx1:77_idx2:17,chd_conf_headgr,0.0,0.0
7308,7,77,18,"(7, 77, 18)",idx0:7_idx1:77_idx2:18,chd_conf_headgr,0.0,0.0
7309,7,77,19,"(7, 77, 19)",idx0:7_idx1:77_idx2:19,chd_conf_headgr,0.0,0.0
7310,7,77,20,"(7, 77, 20)",idx0:7_idx1:77_idx2:20,chd_conf_headgr,0.0,0.0
7311,7,77,21,"(7, 77, 21)",idx0:7_idx1:77_idx2:21,chd_conf_headgr,0.0,0.0
7312,7,77,22,"(7, 77, 22)",idx0:7_idx1:77_idx2:22,chd_conf_headgr,0.0,0.0
7313,7,77,23,"(7, 77, 23)",idx0:7_idx1:77_idx2:23,chd_conf_headgr,0.0,0.0
7314,7,77,24,"(7, 77, 24)",idx0:7_idx1:77_idx2:24,chd_conf_headgr,0.0,0.0
7315,7,77,25,"(7, 77, 25)",idx0:7_idx1:77_idx2:25,chd_conf_headgr,0.0,0.0
7316,7,77,26,"(7, 77, 26)",idx0:7_idx1:77_idx2:26,chd_conf_headgr,0.0,0.0
7317,7,77,27,"(7, 77, 27)",idx0:7_idx1:77_idx2:27,chd_conf_headgr,0.0,0.0
7318,7,77,28,"(7, 77, 28)",idx0:7_idx1:77_idx2:28,chd_conf_headgr,0.0,0.0
7319,7,77,29,"(7, 77, 29)",idx0:7_idx1:77_idx2:29,chd_conf_headgr,0.0,0.0
7320,7,77,30,"(7, 77, 30)",idx0:7_idx1:77_idx2:30,chd_conf_headgr,0.0,0.0
7321,7,77,31,"(7, 77, 31)",idx0:7_idx1:77_idx2:31,chd_conf_headgr,0.0,0.0
7322,7,77,32,"(7, 77, 32)",idx0:7_idx1:77_idx2:32,chd_conf_headgr,0.0,0.0
7323,7,77,33,"(7, 77, 33)",idx0:7_idx1:77_idx2:33,chd_conf_headgr,0.0,0.0
7324,7,77,34,"(7, 77, 34)",idx0:7_idx1:77_idx2:34,chd_conf_headgr,0.0,0.0
7325,7,78,2,"(7, 78, 2)",idx0:7_idx1:78_idx2:2,chd_conf_headgr,0.0,0.0
7326,7,78,3,"(7, 78, 3)",idx0:7_idx1:78_idx2:3,chd_conf_headgr,0.0,0.0
7327,7,78,4,"(7, 78, 4)",idx0:7_idx1:78_idx2:4,chd_conf_headgr,0.0,0.0
7328,7,78,5,"(7, 78, 5)",idx0:7_idx1:78_idx2:5,chd_conf_headgr,0.0,0.0
7329,7,78,6,"(7, 78, 6)",idx0:7_idx1:78_idx2:6,chd_conf_headgr,0.0,0.0
7330,7,78,7,"(7, 78, 7)",idx0:7_idx1:78_idx2:7,chd_conf_headgr,0.0,0.0
7331,7,78,8,"(7, 78, 8)",idx0:7_idx1:78_idx2:8,chd_conf_headgr,0.0,0.0
7332,7,78,9,"(7, 78, 9)",idx0:7_idx1:78_idx2:9,chd_conf_headgr,0.0,0.0
7333,7,78,10,"(7, 78, 10)",idx0:7_idx1:78_idx2:10,chd_conf_headgr,0.0,0.0
7334,7,78,11,"(7, 78, 11)",idx0:7_idx1:78_idx2:11,chd_conf_headgr,0.0,0.0
7335,7,78,12,"(7, 78, 12)",idx0:7_idx1:78_idx2:12,chd_conf_headgr,0.0,0.0
7336,7,78,13,"(7, 78, 13)",idx0:7_idx1:78_idx2:13,chd_conf_headgr,0.0,0.0
7337,7,78,14,"(7, 78, 14)",idx0:7_idx1:78_idx2:14,chd_conf_headgr,0.0,0.0
7338,7,78,15,"(7, 78, 15)",idx0:7_idx1:78_idx2:15,chd_conf_headgr,0.0,0.0
7339,7,78,16,"(7, 78, 16)",idx0:7_idx1:78_idx2:16,chd_conf_headgr,0.0,0.0
7340,7,78,17,"(7, 78, 17)",idx0:7_idx1:78_idx2:17,chd_conf_headgr,0.0,0.0
7341,7,78,18,"(7, 78, 18)",idx0:7_idx1:78_idx2:18,chd_conf_headgr,0.0,0.0
7342,7,78,19,"(7, 78, 19)",idx0:7_idx1:78_idx2:19,chd_conf_headgr,0.0,0.0
7343,7,78,20,"(7, 78, 20)",idx0:7_idx1:78_idx2:20,chd_conf_headgr,0.0,0.0
7344,7,78,21,"(7, 78, 21)",idx0:7_idx1:78_idx2:21,chd_conf_headgr,0.0,0.0
7345,7,78,22,"(7, 78, 22)",idx0:7_idx1:78_idx2:22,chd_conf_headgr,0.0,0.0
7346,7,78,23,"(7, 78, 23)",idx0:7_idx1:78_idx2:23,chd_conf_headgr,0.0,0.0
7347,7,78,24,"(7, 78, 24)",idx0:7_idx1:78_idx2:24,chd_conf_headgr,0.0,0.0
7348,7,78,25,"(7, 78, 25)",idx0:7_idx1:78_idx2:25,chd_conf_headgr,0.0,0.0
7349,7,78,26,"(7, 78, 26)",idx0:7_idx1:78_idx2:26,chd_conf_headgr,0.0,0.0
7350,7,78,27,"(7, 78, 27)",idx0:7_idx1:78_idx2:27,chd_conf_headgr,0.0,0.0
7351,7,78,28,"(7, 78, 28)",idx0:7_idx1:78_idx2:28,chd_conf_headgr,0.0,0.0
7352,7,78,29,"(7, 78, 29)",idx0:7_idx1:78_idx2:29,chd_conf_headgr,0.0,0.0
7353,7,78,30,"(7, 78, 30)",idx0:7_idx1:78_idx2:30,chd_conf_headgr,0.0,0.0
7354,7,78,31,"(7, 78, 31)",idx0:7_idx1:78_idx2:31,chd_conf_headgr,0.0,0.0
7355,7,79,1,"(7, 79, 1)",idx0:7_idx1:79_idx2:1,chd_conf_headgr,0.0,0.0
7356,7,79,2,"(7, 79, 2)",idx0:7_idx1:79_idx2:2,chd_conf_headgr,0.0,0.0
7357,7,79,3,"(7, 79, 3)",idx0:7_idx1:79_idx2:3,chd_conf_headgr,0.0,0.0
7358,7,79,4,"(7, 79, 4)",idx0:7_idx1:79_idx2:4,chd_conf_headgr,0.0,0.0
7359,7,79,5,"(7, 79, 5)",idx0:7_idx1:79_idx2:5,chd_conf_headgr,0.0,0.0
7360,7,79,6,"(7, 79, 6)",idx0:7_idx1:79_idx2:6,chd_conf_headgr,0.0,0.0
7361,7,79,7,"(7, 79, 7)",idx0:7_idx1:79_idx2:7,chd_conf_headgr,0.0,0.0
7362,7,79,8,"(7, 79, 8)",idx0:7_idx1:79_idx2:8,chd_conf_headgr,0.0,0.0
7363,7,79,9,"(7, 79, 9)",idx0:7_idx1:79_idx2:9,chd_conf_headgr,0.0,0.0
7364,7,79,10,"(7, 79, 10)",idx0:7_idx1:79_idx2:10,chd_conf_headgr,0.0,0.0
7365,7,79,11,"(7, 79, 11)",idx0:7_idx1:79_idx2:11,chd_conf_headgr,0.0,0.0
7366,7,79,12,"(7, 79, 12)",idx0:7_idx1:79_idx2:12,chd_conf_headgr,0.0,0.0
7367,7,79,13,"(7, 79, 13)",idx0:7_idx1:79_idx2:13,chd_conf_headgr,0.0,0.0
7368,7,79,14,"(7, 79, 14)",idx0:7_idx1:79_idx2:14,chd_conf_headgr,0.0,0.0
7369,7,79,15,"(7, 79, 15)",idx0:7_idx1:79_idx2:15,chd_conf_headgr,0.0,0.0
7370,7,79,16,"(7, 79, 16)",idx0:7_idx1:79_idx2:16,chd_conf_headgr,0.0,0.0
7371,7,79,17,"(7, 79, 17)",idx0:7_idx1:79_idx2:17,chd_conf_headgr,0.0,0.0
7372,7,79,18,"(7, 79, 18)",idx0:7_idx1:79_idx2:18,chd_conf_headgr,0.0,0.0
7373,7,79,19,"(7, 79, 19)",idx0:7_idx1:79_idx2:19,chd_conf_headgr,0.0,0.0
7374,7,79,20,"(7, 79, 20)",idx0:7_idx1:79_idx2:20,chd_conf_headgr,0.0,0.0
7375,7,79,21,"(7, 79, 21)",idx0:7_idx1:79_idx2:21,chd_conf_headgr,0.0,0.0
7376,7,79,22,"(7, 79, 22)",idx0:7_idx1:79_idx2:22,chd_conf_headgr,0.0,0.0
7377,7,79,23,"(7, 79, 23)",idx0:7_idx1:79_idx2:23,chd_conf_headgr,0.0,0.0
7378,7,79,24,"(7, 79, 24)",idx0:7_idx1:79_idx2:24,chd_conf_headgr,0.0,0.0
7379,7,79,25,"(7, 79, 25)",idx0:7_idx1:79_idx2:25,chd_conf_headgr,0.0,0.0
7380,7,79,26,"(7, 79, 26)",idx0:7_idx1:79_idx2:26,chd_conf_headgr,0.0,0.0
7381,7,79,27,"(7, 79, 27)",idx0:7_idx1:79_idx2:27,chd_conf_headgr,0.0,0.0
7382,7,79,28,"(7, 79, 28)",idx0:7_idx1:79_idx2:28,chd_conf_headgr,0.0,0.0
7383,7,80,1,"(7, 80, 1)",idx0:7_idx1:80_idx2:1,chd_conf_headgr,0.0,0.0
7384,7,80,2,"(7, 80, 2)",idx0:7_idx1:80_idx2:2,chd_conf_headgr,0.0,0.0
7385,7,80,3,"(7, 80, 3)",idx0:7_idx1:80_idx2:3,chd_conf_headgr,0.0,0.0
7386,7,80,4,"(7, 80, 4)",idx0:7_idx1:80_idx2:4,chd_conf_headgr,0.0,0.0
7387,7,80,5,"(7, 80, 5)",idx0:7_idx1:80_idx2:5,chd_conf_headgr,0.0,0.0
7388,7,80,6,"(7, 80, 6)",idx0:7_idx1:80_idx2:6,chd_conf_headgr,0.0,0.0
7389,7,80,7,"(7, 80, 7)",idx0:7_idx1:80_idx2:7,chd_conf_headgr,0.0,0.0
7390,7,80,8,"(7, 80, 8)",idx0:7_idx1:80_idx2:8,chd_conf_headgr,0.0,0.0
7391,7,80,9,"(7, 80, 9)",idx0:7_idx1:80_idx2:9,chd_conf_headgr,0.0,0.0
7392,7,80,10,"(7, 80, 10)",idx0:7_idx1:80_idx2:10,chd_conf_headgr,0.0,0.0
7393,7,80,11,"(7, 80, 11)",idx0:7_idx1:80_idx2:11,chd_conf_headgr,0.0,0.0
7394,7,80,12,"(7, 80, 12)",idx0:7_idx1:80_idx2:12,chd_conf_headgr,0.0,0.0
7395,7,80,13,"(7, 80, 13)",idx0:7_idx1:80_idx2:13,chd_conf_headgr,0.0,0.0
7396,7,80,14,"(7, 80, 14)",idx0:7_idx1:80_idx2:14,chd_conf_headgr,0.0,0.0
7397,7,80,15,"(7, 80, 15)",idx0:7_idx1:80_idx2:15,chd_conf_headgr,0.0,0.0
7398,7,80,16,"(7, 80, 16)",idx0:7_idx1:80_idx2:16,chd_conf_headgr,0.0,0.0
7399,7,80,17,"(7, 80, 17)",idx0:7_idx1:80_idx2:17,chd_conf_headgr,0.0,0.0
7400,7,80,18,"(7, 80, 18)",idx0:7_idx1:80_idx2:18,chd_conf_headgr,0.0,0.0
7401,7,80,19,"(7, 80, 19)",idx0:7_idx1:80_idx2:19,chd_conf_headgr,0.0,0.0
7402,7,80,20,"(7, 80, 20)",idx0:7_idx1:80_idx2:20,chd_conf_headgr,0.0,0.0
7403,7,80,21,"(7, 80, 21)",idx0:7_idx1:80_idx2:21,chd_conf_headgr,0.0,0.0
7404,7,80,22,"(7, 80, 22)",idx0:7_idx1:80_idx2:22,chd_conf_headgr,0.0,0.0
7405,7,80,23,"(7, 80, 23)",idx0:7_idx1:80_idx2:23,chd_conf_headgr,0.0,0.0
7406,7,80,24,"(7, 80, 24)",idx0:7_idx1:80_idx2:24,chd_conf_headgr,0.0,0.0
7407,7,80,25,"(7, 80, 25)",idx0:7_idx1:80_idx2:25,chd_conf_headgr,0.0,0.0
7408,7,80,26,"(7, 80, 26)",idx0:7_idx1:80_idx2:26,chd_conf_headgr,0.0,0.0
7409,7,81,1,"(7, 81, 1)",idx0:7_idx1:81_idx2:1,chd_conf_headgr,0.0,0.0
7410,7,81,2,"(7, 81, 2)",idx0:7_idx1:81_idx2:2,chd_conf_headgr,0.0,0.0
7411,7,81,3,"(7, 81, 3)",idx0:7_idx1:81_idx2:3,chd_conf_headgr,0.0,0.0
7412,7,81,4,"(7, 81, 4)",idx0:7_idx1:81_idx2:4,chd_conf_headgr,0.0,0.0
7413,7,81,5,"(7, 81, 5)",idx0:7_idx1:81_idx2:5,chd_conf_headgr,0.0,0.0
7414,7,81,6,"(7, 81, 6)",idx0:7_idx1:81_idx2:6,chd_conf_headgr,0.0,0.0
7415,7,81,7,"(7, 81, 7)",idx0:7_idx1:81_idx2:7,chd_conf_headgr,0.0,0.0
7416,7,81,8,"(7, 81, 8)",idx0:7_idx1:81_idx2:8,chd_conf_headgr,0.0,0.0
7417,7,81,9,"(7, 81, 9)",idx0:7_idx1:81_idx2:9,chd_conf_headgr,0.0,0.0
7418,7,81,10,"(7, 81, 10)",idx0:7_idx1:81_idx2:10,chd_conf_headgr,0.0,0.0
7419,7,81,11,"(7, 81, 11)",idx0:7_idx1:81_idx2:11,chd_conf_headgr,0.0,0.0
7420,7,81,12,"(7, 81, 12)",idx0:7_idx1:81_idx2:12,chd_conf_headgr,0.0,0.0
7421,7,81,13,"(7, 81, 13)",idx0:7_idx1:81_idx2:13,chd_conf_headgr,0.0,0.0
7422,7,81,14,"(7, 81, 14)",idx0:7_idx1:81_idx2:14,chd_conf_headgr,0.0,0.0
7423,7,81,15,"(7, 81, 15)",idx0:7_idx1:81_idx2:15,chd_conf_headgr,0.0,0.0
7424,7,81,16,"(7, 81, 16)",idx0:7_idx1:81_idx2:16,chd_conf_headgr,0.0,0.0
7425,7,81,17,"(7, 81, 17)",idx0:7_idx1:81_idx2:17,chd_conf_headgr,0.0,0.0
7426,7,81,18,"(7, 81, 18)",idx0:7_idx1:81_idx2:18,chd_conf_headgr,0.0,0.0
7427,7,81,19,"(7, 81, 19)",idx0:7_idx1:81_idx2:19,chd_conf_headgr,0.0,0.0
7428,7,81,20,"(7, 81, 20)",idx0:7_idx1:81_idx2:20,chd_conf_headgr,0.0,0.0
7429,7,81,21,"(7, 81, 21)",idx0:7_idx1:81_idx2:21,chd_conf_headgr,0.0,0.0
7430,7,81,22,"(7, 81, 22)",idx0:7_idx1:81_idx2:22,chd_conf_headgr,0.0,0.0
7431,7,81,23,"(7, 81, 23)",idx0:7_idx1:81_idx2:23,chd_conf_headgr,0.0,0.0
7432,7,81,24,"(7, 81, 24)",idx0:7_idx1:81_idx2:24,chd_conf_headgr,0.0,0.0
7433,7,82,1,"(7, 82, 1)",idx0:7_idx1:82_idx2:1,chd_conf_headgr,0.0,0.0
7434,7,82,2,"(7, 82, 2)",idx0:7_idx1:82_idx2:2,chd_conf_headgr,0.0,0.0
7435,7,82,3,"(7, 82, 3)",idx0:7_idx1:82_idx2:3,chd_conf_headgr,0.0,0.0
7436,7,82,4,"(7, 82, 4)",idx0:7_idx1:82_idx2:4,chd_conf_headgr,0.0,0.0
7437,7,82,5,"(7, 82, 5)",idx0:7_idx1:82_idx2:5,chd_conf_headgr,0.0,0.0
7438,7,82,6,"(7, 82, 6)",idx0:7_idx1:82_idx2:6,chd_conf_headgr,0.0,0.0
7439,7,82,7,"(7, 82, 7)",idx0:7_idx1:82_idx2:7,chd_conf_headgr,0.0,0.0
7440,7,82,8,"(7, 82, 8)",idx0:7_idx1:82_idx2:8,chd_conf_headgr,0.0,0.0
7441,7,82,9,"(7, 82, 9)",idx0:7_idx1:82_idx2:9,chd_conf_headgr,0.0,0.0
7442,7,82,10,"(7, 82, 10)",idx0:7_idx1:82_idx2:10,chd_conf_headgr,0.0,0.0
7443,7,82,11,"(7, 82, 11)",idx0:7_idx1:82_idx2:11,chd_conf_headgr,0.0,0.0
7444,7,82,12,"(7, 82, 12)",idx0:7_idx1:82_idx2:12,chd_conf_headgr,0.0,0.0
7445,7,82,13,"(7, 82, 13)",idx0:7_idx1:82_idx2:13,chd_conf_headgr,0.0,0.0
7446,7,82,14,"(7, 82, 14)",idx0:7_idx1:82_idx2:14,chd_conf_headgr,0.0,0.0
7447,7,82,15,"(7, 82, 15)",idx0:7_idx1:82_idx2:15,chd_conf_headgr,0.0,0.0
7448,7,82,16,"(7, 82, 16)",idx0:7_idx1:82_idx2:16,chd_conf_headgr,0.0,0.0
7449,7,82,17,"(7, 82, 17)",idx0:7_idx1:82_idx2:17,chd_conf_headgr,0.0,0.0
7450,7,82,18,"(7, 82, 18)",idx0:7_idx1:82_idx2:18,chd_conf_headgr,0.0,0.0
7451,7,82,19,"(7, 82, 19)",idx0:7_idx1:82_idx2:19,chd_conf_headgr,0.0,0.0
7452,7,82,20,"(7, 82, 20)",idx0:7_idx1:82_idx2:20,chd_conf_headgr,0.0,0.0
7453,7,82,21,"(7, 82, 21)",idx0:7_idx1:82_idx2:21,chd_conf_headgr,0.0,0.0
7454,7,82,22,"(7, 82, 22)",idx0:7_idx1:82_idx2:22,chd_conf_headgr,0.0,0.0
7455,7,82,23,"(7, 82, 23)",idx0:7_idx1:82_idx2:23,chd_conf_headgr,0.0,0.0
7456,7,83,1,"(7, 83, 1)",idx0:7_idx1:83_idx2:1,chd_conf_headgr,0.0,0.0
7457,7,83,2,"(7, 83, 2)",idx0:7_idx1:83_idx2:2,chd_conf_headgr,0.0,0.0
7458,7,83,3,"(7, 83, 3)",idx0:7_idx1:83_idx2:3,chd_conf_headgr,0.0,0.0
7459,7,83,4,"(7, 83, 4)",idx0:7_idx1:83_idx2:4,chd_conf_headgr,0.0,0.0
7460,7,83,5,"(7, 83, 5)",idx0:7_idx1:83_idx2:5,chd_conf_headgr,0.0,0.0
7461,7,83,6,"(7, 83, 6)",idx0:7_idx1:83_idx2:6,chd_conf_headgr,0.0,0.0
7462,7,83,7,"(7, 83, 7)",idx0:7_idx1:83_idx2:7,chd_conf_headgr,0.0,0.0
7463,7,83,8,"(7, 83, 8)",idx0:7_idx1:83_idx2:8,chd_conf_headgr,0.0,0.0
7464,7,83,9,"(7, 83, 9)",idx0:7_idx1:83_idx2:9,chd_conf_headgr,0.0,0.0
7465,7,83,10,"(7, 83, 10)",idx0:7_idx1:83_idx2:10,chd_conf_headgr,0.0,0.0
7466,7,83,11,"(7, 83, 11)",idx0:7_idx1:83_idx2:11,chd_conf_headgr,0.0,0.0
7467,7,83,12,"(7, 83, 12)",idx0:7_idx1:83_idx2:12,chd_conf_headgr,0.0,0.0
7468,7,83,13,"(7, 83, 13)",idx0:7_idx1:83_idx2:13,chd_conf_headgr,0.0,0.0
7469,7,83,14,"(7, 83, 14)",idx0:7_idx1:83_idx2:14,chd_conf_headgr,0.0,0.0
7470,7,83,15,"(7, 83, 15)",idx0:7_idx1:83_idx2:15,chd_conf_headgr,0.0,0.0
7471,7,83,16,"(7, 83, 16)",idx0:7_idx1:83_idx2:16,chd_conf_headgr,0.0,0.0
7472,7,83,17,"(7, 83, 17)",idx0:7_idx1:83_idx2:17,chd_conf_headgr,0.0,0.0
7473,7,83,18,"(7, 83, 18)",idx0:7_idx1:83_idx2:18,chd_conf_headgr,0.0,0.0
7474,7,83,19,"(7, 83, 19)",idx0:7_idx1:83_idx2:19,chd_conf_headgr,0.0,0.0
7475,7,83,20,"(7, 83, 20)",idx0:7_idx1:83_idx2:20,chd_conf_headgr,0.0,0.0
7476,7,83,21,"(7, 83, 21)",idx0:7_idx1:83_idx2:21,chd_conf_headgr,0.0,0.0
7477,7,84,1,"(7, 84, 1)",idx0:7_idx1:84_idx2:1,chd_conf_headgr,0.0,0.0
7478,7,84,2,"(7, 84, 2)",idx0:7_idx1:84_idx2:2,chd_conf_headgr,0.0,0.0
7479,7,84,3,"(7, 84, 3)",idx0:7_idx1:84_idx2:3,chd_conf_headgr,0.0,0.0
7480,7,84,4,"(7, 84, 4)",idx0:7_idx1:84_idx2:4,chd_conf_headgr,0.0,0.0
7481,7,84,5,"(7, 84, 5)",idx0:7_idx1:84_idx2:5,chd_conf_headgr,0.0,0.0
7482,7,84,6,"(7, 84, 6)",idx0:7_idx1:84_idx2:6,chd_conf_headgr,0.0,0.0
7483,7,84,7,"(7, 84, 7)",idx0:7_idx1:84_idx2:7,chd_conf_headgr,0.0,0.0
7484,7,84,8,"(7, 84, 8)",idx0:7_idx1:84_idx2:8,chd_conf_headgr,0.0,0.0
7485,7,84,9,"(7, 84, 9)",idx0:7_idx1:84_idx2:9,chd_conf_headgr,0.0,0.0
7486,7,84,10,"(7, 84, 10)",idx0:7_idx1:84_idx2:10,chd_conf_headgr,0.0,0.0
7487,7,84,11,"(7, 84, 11)",idx0:7_idx1:84_idx2:11,chd_conf_headgr,0.0,0.0
7488,7,84,12,"(7, 84, 12)",idx0:7_idx1:84_idx2:12,chd_conf_headgr,0.0,0.0
7489,7,84,13,"(7, 84, 13)",idx0:7_idx1:84_idx2:13,chd_conf_headgr,0.0,0.0
7490,7,84,14,"(7, 84, 14)",idx0:7_idx1:84_idx2:14,chd_conf_headgr,0.0,0.0
7491,7,84,15,"(7, 84, 15)",idx0:7_idx1:84_idx2:15,chd_conf_headgr,0.0,0.0
7492,7,84,16,"(7, 84, 16)",idx0:7_idx1:84_idx2:16,chd_conf_headgr,0.0,0.0
7493,7,84,17,"(7, 84, 17)",idx0:7_idx1:84_idx2:17,chd_conf_headgr,0.0,0.0
7494,7,84,18,"(7, 84, 18)",idx0:7_idx1:84_idx2:18,chd_conf_headgr,0.0,0.0
7495,7,84,19,"(7, 84, 19)",idx0:7_idx1:84_idx2:19,chd_conf_headgr,0.0,0.0
7496,7,85,1,"(7, 85, 1)",idx0:7_idx1:85_idx2:1,chd_conf_headgr,0.0,0.0
7497,7,85,2,"(7, 85, 2)",idx0:7_idx1:85_idx2:2,chd_conf_headgr,0.0,0.0
7498,7,85,3,"(7, 85, 3)",idx0:7_idx1:85_idx2:3,chd_conf_headgr,0.0,0.0
7499,7,85,4,"(7, 85, 4)",idx0:7_idx1:85_idx2:4,chd_conf_headgr,0.0,0.0
7500,7,85,5,"(7, 85, 5)",idx0:7_idx1:85_idx2:5,chd_conf_headgr,0.0,0.0
7501,7,85,6,"(7, 85, 6)",idx0:7_idx1:85_idx2:6,chd_conf_headgr,0.0,0.0
7502,7,85,7,"(7, 85, 7)",idx0:7_idx1:85_idx2:7,chd_conf_headgr,0.0,0.0
7503,7,85,8,"(7, 85, 8)",idx0:7_idx1:85_idx2:8,chd_conf_headgr,0.0,0.0
7504,7,85,9,"(7, 85, 9)",idx0:7_idx1:85_idx2:9,chd_conf_headgr,0.0,0.0
7505,7,85,10,"(7, 85, 10)",idx0:7_idx1:85_idx2:10,chd_conf_headgr,0.0,0.0
7506,7,85,11,"(7, 85, 11)",idx0:7_idx1:85_idx2:11,chd_conf_headgr,0.0,0.0
7507,7,85,12,"(7, 85, 12)",idx0:7_idx1:85_idx2:12,chd_conf_headgr,0.0,0.0
7508,7,85,13,"(7, 85, 13)",idx0:7_idx1:85_idx2:13,chd_conf_headgr,0.0,0.0
7509,7,85,14,"(7, 85, 14)",idx0:7_idx1:85_idx2:14,chd_conf_headgr,0.0,0.0
7510,7,85,15,"(7, 85, 15)",idx0:7_idx1:85_idx2:15,chd_conf_headgr,0.0,0.0
7511,7,85,16,"(7, 85, 16)",idx0:7_idx1:85_idx2:16,chd_conf_headgr,0.0,0.0
7512,7,86,1,"(7, 86, 1)",idx0:7_idx1:86_idx2:1,chd_conf_headgr,0.0,0.0
7513,7,86,2,"(7, 86, 2)",idx0:7_idx1:86_idx2:2,chd_conf_headgr,0.0,0.0
7514,7,86,3,"(7, 86, 3)",idx0:7_idx1:86_idx2:3,chd_conf_headgr,0.0,0.0
7515,7,86,4,"(7, 86, 4)",idx0:7_idx1:86_idx2:4,chd_conf_headgr,0.0,0.0
7516,7,86,5,"(7, 86, 5)",idx0:7_idx1:86_idx2:5,chd_conf_headgr,0.0,0.0
7517,7,86,6,"(7, 86, 6)",idx0:7_idx1:86_idx2:6,chd_conf_headgr,0.0,0.0
7518,7,86,7,"(7, 86, 7)",idx0:7_idx1:86_idx2:7,chd_conf_headgr,0.0,0.0
7519,7,86,8,"(7, 86, 8)",idx0:7_idx1:86_idx2:8,chd_conf_headgr,0.0,0.0
7520,7,86,9,"(7, 86, 9)",idx0:7_idx1:86_idx2:9,chd_conf_headgr,0.0,0.0
7521,7,86,10,"(7, 86, 10)",idx0:7_idx1:86_idx2:10,chd_conf_headgr,0.0,0.0
7522,7,86,11,"(7, 86, 11)",idx0:7_idx1:86_idx2:11,chd_conf_headgr,0.0,0.0
7523,7,86,12,"(7, 86, 12)",idx0:7_idx1:86_idx2:12,chd_conf_headgr,0.0,0.0
7524,7,86,13,"(7, 86, 13)",idx0:7_idx1:86_idx2:13,chd_conf_headgr,0.0,0.0
7525,7,87,1,"(7, 87, 1)",idx0:7_idx1:87_idx2:1,chd_conf_headgr,0.0,0.0
7526,7,87,2,"(7, 87, 2)",idx0:7_idx1:87_idx2:2,chd_conf_headgr,0.0,0.0
7527,7,87,3,"(7, 87, 3)",idx0:7_idx1:87_idx2:3,chd_conf_headgr,0.0,0.0
7528,7,87,4,"(7, 87, 4)",idx0:7_idx1:87_idx2:4,chd_conf_headgr,0.0,0.0
7529,7,87,5,"(7, 87, 5)",idx0:7_idx1:87_idx2:5,chd_conf_headgr,0.0,0.0
7530,7,87,6,"(7, 87, 6)",idx0:7_idx1:87_idx2:6,chd_conf_headgr,0.0,0.0
7531,7,87,7,"(7, 87, 7)",idx0:7_idx1:87_idx2:7,chd_conf_headgr,0.0,0.0
7532,7,87,8,"(7, 87, 8)",idx0:7_idx1:87_idx2:8,chd_conf_headgr,0.0,0.0
7533,7,87,9,"(7, 87, 9)",idx0:7_idx1:87_idx2:9,chd_conf_headgr,0.0,0.0
7534,7,87,10,"(7, 87, 10)",idx0:7_idx1:87_idx2:10,chd_conf_headgr,0.0,0.0
7535,7,88,1,"(7, 88, 1)",idx0:7_idx1:88_idx2:1,chd_conf_headgr,0.0,0.0
7536,7,88,2,"(7, 88, 2)",idx0:7_idx1:88_idx2:2,chd_conf_headgr,0.0,0.0
7537,7,88,3,"(7, 88, 3)",idx0:7_idx1:88_idx2:3,chd_conf_headgr,0.0,0.0
7538,7,88,4,"(7, 88, 4)",idx0:7_idx1:88_idx2:4,chd_conf_headgr,0.0,0.0
7539,7,88,5,"(7, 88, 5)",idx0:7_idx1:88_idx2:5,chd_conf_headgr,0.0,0.0
7540,7,88,6,"(7, 88, 6)",idx0:7_idx1:88_idx2:6,chd_conf_headgr,0.0,0.0
7541,7,88,7,"(7, 88, 7)",idx0:7_idx1:88_idx2:7,chd_conf_headgr,0.0,0.0
7542,7,88,8,"(7, 88, 8)",idx0:7_idx1:88_idx2:8,chd_conf_headgr,0.0,0.0
7543,7,88,9,"(7, 88, 9)",idx0:7_idx1:88_idx2:9,chd_conf_headgr,0.0,0.0
7544,7,89,1,"(7, 89, 1)",idx0:7_idx1:89_idx2:1,chd_conf_headgr,0.0,0.0
7545,7,89,2,"(7, 89, 2)",idx0:7_idx1:89_idx2:2,chd_conf_headgr,0.0,0.0
7546,7,89,3,"(7, 89, 3)",idx0:7_idx1:89_idx2:3,chd_conf_headgr,0.0,0.0
7547,7,89,4,"(7, 89, 4)",idx0:7_idx1:89_idx2:4,chd_conf_headgr,0.0,0.0
7548,7,89,5,"(7, 89, 5)",idx0:7_idx1:89_idx2:5,chd_conf_headgr,0.0,0.0
7549,7,89,6,"(7, 89, 6)",idx0:7_idx1:89_idx2:6,chd_conf_headgr,0.0,0.0
7550,7,89,7,"(7, 89, 7)",idx0:7_idx1:89_idx2:7,chd_conf_headgr,0.0,0.0
7551,7,90,1,"(7, 90, 1)",idx0:7_idx1:90_idx2:1,chd_conf_headgr,0.0,0.0
7552,7,90,2,"(7, 90, 2)",idx0:7_idx1:90_idx2:2,chd_conf_headgr,0.0,0.0
7553,7,90,3,"(7, 90, 3)",idx0:7_idx1:90_idx2:3,chd_conf_headgr,0.0,0.0
7554,7,90,4,"(7, 90, 4)",idx0:7_idx1:90_idx2:4,chd_conf_headgr,0.0,0.0
7555,7,90,5,"(7, 90, 5)",idx0:7_idx1:90_idx2:5,chd_conf_headgr,0.0,0.0
7556,7,91,1,"(7, 91, 1)",idx0:7_idx1:91_idx2:1,chd_conf_headgr,0.0,0.0
7557,7,91,2,"(7, 91, 2)",idx0:7_idx1:91_idx2:2,chd_conf_headgr,0.0,0.0
7558,7,91,3,"(7, 91, 3)",idx0:7_idx1:91_idx2:3,chd_conf_headgr,0.0,0.0
7559,7,91,4,"(7, 91, 4)",idx0:7_idx1:91_idx2:4,chd_conf_headgr,0.0,0.0
7560,7,92,1,"(7, 92, 1)",idx0:7_idx1:92_idx2:1,chd_conf_headgr,0.0,0.0
7561,7,92,2,"(7, 92, 2)",idx0:7_idx1:92_idx2:2,chd_conf_headgr,0.0,0.0
