                                   MODFLOW 6
                U.S. GEOLOGICAL SURVEY MODULAR HYDROLOGIC MODEL
                          GROUNDWATER FLOW MODEL (GWF)
                            VERSION 6.4.4 02/13/2024

   MODFLOW 6 compiled Feb 19 2024 14:19:49 with Intel(R) Fortran Intel(R) 64
   Compiler Classic for applications running on Intel(R) 64, Version 2021.7.0
                             Build 20220726_000000

This software has been approved for release by the U.S. Geological 
Survey (USGS). Although the software has been subjected to rigorous 
review, the USGS reserves the right to update the software as needed 
pursuant to further analysis and review. No warranty, expressed or 
implied, is made by the USGS or the U.S. Government as to the 
functionality of the software and related material nor shall the 
fact of release constitute any such warranty. Furthermore, the 
software is released on condition that neither the USGS nor the U.S. 
Government shall be held liable for any damages resulting from its 
authorized or unauthorized use. Also refer to the USGS Water 
Resources Software User Rights Notice for complete use, copyright, 
and distribution information.


As a work of the United States Government, this USGS product is 
in the public domain within the United States. You can copy, 
modify, distribute, and perform the work, even for commercial 
purposes, all without asking permission. Additionally, USGS 
waives copyright and related rights in the work worldwide 
through CC0 1.0 Universal Public Domain Dedication 
(https://creativecommons.org/publicdomain/zero/1.0/).

The following GNU Lesser General Public License (LGPL) libraries
are used in this USGS product:

    SPARSKIT version 2.0
      ilut, luson, and qsplit 
      (https://www-users.cse.umn.edu/~saad/software/SPARSKIT/)

    RCM - Reverse Cuthill McKee Ordering
      (https://people.math.sc.edu/Burkardt/f_src/rcm/rcm.html)

    BLAS - Basic Linear Algebra Subprograms Level 1
      (https://people.math.sc.edu/Burkardt/f_src/blas1_d/blas1_d.html)

    SPARSEKIT - Sparse Matrix Utility Package
      amux, dperm, dvperm, rperm, and cperm
      (https://people.sc.fsu.edu/~jburkardt/f77_src/sparsekit/sparsekit.html)

The following BSD-3 License libraries are used in this USGS product:

    Modern Fortran DAG Library
      Copyright (c) 2018, Jacob Williams
      All rights reserved.
      (https://github.com/jacobwilliams/daglib)

MODFLOW 6 compiler options: -Imac/obj_mf6 -O2 -no-heap-arrays -fpe0
-traceback -Qdiag-disable:7416 -Qdiag-disable:7025 -Qdiag-disable:5268 -fpp
-module mac/mod_mf6/ -c -o mac/obj_mf6/compilerversion.o

System command used to initiate simulation:
/Users/taraforstner/Documents/d_repos/rapid-gwm-build/notebooks/mf6

MODFLOW was compiled using uniform precision.

Real Variables
  KIND: 8
  TINY (smallest non-zero value):    2.225074-308
  HUGE (largest value):    1.797693+308
  PRECISION: 15
  SIZE IN BITS: 64

Integer Variables
  KIND: 4
  HUGE (largest value): 2147483647
  SIZE IN BITS: 32

Long Integer Variables
  KIND: 8
  HUGE (largest value): 9223372036854775807
  SIZE IN BITS: 64

Logical Variables
  KIND: 4
  SIZE IN BITS: 32
 
 NAMEFILE OPTIONS:
 END NAMEFILE OPTIONS:

 DIS -- STRUCTURED GRID DISCRETIZATION PACKAGE, VERSION 2 : 3/27/2014 - INPUT READ FROM MEMPATH: __INPUT__/MODEL/DIS                               


 NPF -- NODE PROPERTY FLOW PACKAGE, VERSION 1, 3/30/2015 INPUT READ FROM MEMPATH: __INPUT__/MODEL/NPF                               


 IC -- Initial Conditions Package, Version 8, 3/28/2015 input read from mempath: __INPUT__/MODEL/IC                                


 Setting Discretization Options
 End Setting Discretization Options

 Setting Discretization Dimensions
    NLAY = 10
    NROW = 1
    NCOL = 100
 End Setting Discretization Dimensions

 Setting Discretization Griddata
    DELR set from input file
    DELC set from input file
    TOP set from input file
    BOTM set from input file
    IDOMAIN set from input file
 End Setting Discretization Griddata

 Setting NPF Options
 End Setting NPF Options

 Setting NPF Griddata
    ICELLTYPE set from input file
    K set from input file
    K33 not provided.  Setting K33 = K.
    K22 not provided.  Setting K22 = K.
 End Setting NPF Griddata


 WEL   -- WEL PACKAGE, VERSION 8, 2/22/2014 INPUT READ FROM MEMPATH: __INPUT__/MODEL/WEL_0                             

 PROCESSING WEL BASE OPTIONS
 END OF WEL BASE OPTIONS

 PROCESSING WEL OPTIONS
 END OF WEL OPTIONS

 PROCESSING WEL BASE DIMENSIONS
    MAXBOUND =      10
 END OF WEL BASE DIMENSIONS

 CHD   -- CHD PACKAGE, VERSION 8, 2/22/2014 INPUT READ FROM MEMPATH: __INPUT__/MODEL/CHD_0                             

 PROCESSING CHD BASE OPTIONS
 END OF CHD BASE OPTIONS

 PROCESSING CHD BASE DIMENSIONS
    MAXBOUND =       1
 END OF CHD BASE DIMENSIONS
    STRT set from input file
    BINARY GRID INFORMATION WILL BE WRITTEN TO:
      UNIT NUMBER: 1011
      FILE NAME: model.dis.grb

 OPENED model.dis.grb
 FILE TYPE:DATA(BINARY)   UNIT 1011   STATUS:REPLACE             
 FORMAT:UNFORMATTED            ACCESS:STREAM              
 ACTION:READWRITE           

      THE LAST TIME STEP WILL BE PRINTED
      THE LAST TIME STEP WILL BE PRINTED

start timestep kper="1" kstp="1" mode="normal"

1
  HEAD IN LAYER   1 AT END OF TIME STEP   1 IN STRESS PERIOD    1
  ---------------------------------------------------------------------------

 ........................................................................................................................................................................................................................................................................................................................................................................................................................................................................................................................................................................................................................................................................................................................................................................................................................................................................................................................................................................................................................................
   1   -2.000       3.052       6.180       8.429       10.22       11.74       13.10       14.35       15.53       16.65    
        17.74       18.81       19.86       20.89       21.92       22.94       23.95       24.96       25.97       26.97    
        27.98       28.98       29.98       30.98       31.98       32.98       33.98       34.98       35.99       36.99    
        37.99       38.99       39.99       40.99       41.99       42.99       43.99       44.99       45.99       46.99    
        47.99       48.99       49.99       50.99       51.99       52.99       53.99       54.99       55.99       56.99    
        57.99       58.99       59.99       60.99       61.99       62.99       63.99       64.99       65.99       66.99    
        67.99       68.99       69.99       70.99       71.99       72.99       73.99       74.99       75.99       76.99    
        77.99       78.99       79.99       80.99       81.99       82.99       83.99       84.99       85.99       86.99    
        87.99       88.99       89.99       90.99       91.99       92.99       93.99       94.99       95.99       96.99    
        97.99       98.99       99.99       101.0       102.0       103.0       104.0       105.0       106.0       107.0    
1
  HEAD IN LAYER   2 AT END OF TIME STEP   1 IN STRESS PERIOD    1
  ---------------------------------------------------------------------------

 ........................................................................................................................................................................................................................................................................................................................................................................................................................................................................................................................................................................................................................................................................................................................................................................................................................................................................................................................................................................................................................................
   1    2.947       4.977       7.059       8.889       10.49       11.91       13.21       14.42       15.58       16.69    
        17.77       18.83       19.87       20.90       21.92       22.94       23.95       24.96       25.97       26.97    
        27.98       28.98       29.98       30.98       31.98       32.98       33.98       34.99       35.99       36.99    
        37.99       38.99       39.99       40.99       41.99       42.99       43.99       44.99       45.99       46.99    
        47.99       48.99       49.99       50.99       51.99       52.99       53.99       54.99       55.99       56.99    
        57.99       58.99       59.99       60.99       61.99       62.99       63.99       64.99       65.99       66.99    
        67.99       68.99       69.99       70.99       71.99       72.99       73.99       74.99       75.99       76.99    
        77.99       78.99       79.99       80.99       81.99       82.99       83.99       84.99       85.99       86.99    
        87.99       88.99       89.99       90.99       91.99       92.99       93.99       94.99       95.99       96.99    
        97.99       98.99       99.99       101.0       102.0       103.0       104.0       105.0       106.0       107.0    
1
  HEAD IN LAYER   3 AT END OF TIME STEP   1 IN STRESS PERIOD    1
  ---------------------------------------------------------------------------

 ........................................................................................................................................................................................................................................................................................................................................................................................................................................................................................................................................................................................................................................................................................................................................................................................................................................................................................................................................................................................................................................
   1    5.865       6.849       8.189       9.582       10.92       12.20       13.40       14.56       15.67       16.76    
        17.82       18.86       19.90       20.92       21.94       22.95       23.96       24.97       25.97       26.98    
        27.98       28.98       29.98       30.98       31.98       32.98       33.98       34.99       35.99       36.99    
        37.99       38.99       39.99       40.99       41.99       42.99       43.99       44.99       45.99       46.99    
        47.99       48.99       49.99       50.99       51.99       52.99       53.99       54.99       55.99       56.99    
        57.99       58.99       59.99       60.99       61.99       62.99       63.99       64.99       65.99       66.99    
        67.99       68.99       69.99       70.99       71.99       72.99       73.99       74.99       75.99       76.99    
        77.99       78.99       79.99       80.99       81.99       82.99       83.99       84.99       85.99       86.99    
        87.99       88.99       89.99       90.99       91.99       92.99       93.99       94.99       95.99       96.99    
        97.99       98.99       99.99       101.0       102.0       103.0       104.0       105.0       106.0       107.0    
1
  HEAD IN LAYER   4 AT END OF TIME STEP   1 IN STRESS PERIOD    1
  ---------------------------------------------------------------------------

 ........................................................................................................................................................................................................................................................................................................................................................................................................................................................................................................................................................................................................................................................................................................................................................................................................................................................................................................................................................................................................................................
   1    7.800       8.365       9.268       10.33       11.43       12.55       13.65       14.73       15.79       16.84    
        17.88       18.91       19.93       20.94       21.96       22.96       23.97       24.97       25.98       26.98    
        27.98       28.98       29.98       30.98       31.98       32.99       33.99       34.99       35.99       36.99    
        37.99       38.99       39.99       40.99       41.99       42.99       43.99       44.99       45.99       46.99    
        47.99       48.99       49.99       50.99       51.99       52.99       53.99       54.99       55.99       56.99    
        57.99       58.99       59.99       60.99       61.99       62.99       63.99       64.99       65.99       66.99    
        67.99       68.99       69.99       70.99       71.99       72.99       73.99       74.99       75.99       76.99    
        77.99       78.99       79.99       80.99       81.99       82.99       83.99       84.99       85.99       86.99    
        87.99       88.99       89.99       90.99       91.99       92.99       93.99       94.99       95.99       96.99    
        97.99       98.99       99.99       101.0       102.0       103.0       104.0       105.0       106.0       107.0    
1
  HEAD IN LAYER   5 AT END OF TIME STEP   1 IN STRESS PERIOD    1
  ---------------------------------------------------------------------------

 ........................................................................................................................................................................................................................................................................................................................................................................................................................................................................................................................................................................................................................................................................................................................................................................................................................................................................................................................................................................................................................................
   1    9.170       9.541       10.19       11.02       11.94       12.92       13.91       14.92       15.93       16.94    
        17.95       18.96       19.97       20.97       21.98       22.98       23.98       24.98       25.98       26.98    
        27.98       28.98       29.99       30.99       31.99       32.99       33.99       34.99       35.99       36.99    
        37.99       38.99       39.99       40.99       41.99       42.99       43.99       44.99       45.99       46.99    
        47.99       48.99       49.99       50.99       51.99       52.99       53.99       54.99       55.99       56.99    
        57.99       58.99       59.99       60.99       61.99       62.99       63.99       64.99       65.99       66.99    
        67.99       68.99       69.99       70.99       71.99       72.99       73.99       74.99       75.99       76.99    
        77.99       78.99       79.99       80.99       81.99       82.99       83.99       84.99       85.99       86.99    
        87.99       88.99       89.99       90.99       91.99       92.99       93.99       94.99       95.99       96.99    
        97.99       98.99       99.99       101.0       102.0       103.0       104.0       105.0       106.0       107.0    
1
  HEAD IN LAYER   6 AT END OF TIME STEP   1 IN STRESS PERIOD    1
  ---------------------------------------------------------------------------

 ........................................................................................................................................................................................................................................................................................................................................................................................................................................................................................................................................................................................................................................................................................................................................................................................................................................................................................................................................................................................................................................
   1    10.17       10.44       10.94       11.61       12.40       13.26       14.17       15.11       16.07       17.05    
        18.03       19.02       20.01       21.00       22.00       22.99       23.99       24.99       25.99       26.99    
        27.99       28.99       29.99       30.99       31.99       32.99       33.99       34.99       35.99       36.99    
        37.99       38.99       39.99       40.99       41.99       42.99       43.99       44.99       45.99       46.99    
        47.99       48.99       49.99       50.99       51.99       52.99       53.99       54.99       55.99       56.99    
        57.99       58.99       59.99       60.99       61.99       62.99       63.99       64.99       65.99       66.99    
        67.99       68.99       69.99       70.99       71.99       72.99       73.99       74.99       75.99       76.99    
        77.99       78.99       79.99       80.99       81.99       82.99       83.99       84.99       85.99       86.99    
        87.99       88.99       89.99       90.99       91.99       92.99       93.99       94.99       95.99       96.99    
        97.99       98.99       99.99       101.0       102.0       103.0       104.0       105.0       106.0       107.0    
1
  HEAD IN LAYER   7 AT END OF TIME STEP   1 IN STRESS PERIOD    1
  ---------------------------------------------------------------------------

 ........................................................................................................................................................................................................................................................................................................................................................................................................................................................................................................................................................................................................................................................................................................................................................................................................................................................................................................................................................................................................................................
   1    10.89       11.11       11.52       12.09       12.78       13.55       14.39       15.28       16.20       17.14    
        18.10       19.07       20.05       21.03       22.02       23.01       24.00       25.00       26.00       26.99    
        27.99       28.99       29.99       30.99       31.99       32.99       33.99       34.99       35.99       36.99    
        37.99       38.99       39.99       40.99       41.99       42.99       43.99       44.99       45.99       46.99    
        47.99       48.99       49.99       50.99       51.99       52.99       53.99       54.99       55.99       56.99    
        57.99       58.99       59.99       60.99       61.99       62.99       63.99       64.99       65.99       66.99    
        67.99       68.99       69.99       70.99       71.99       72.99       73.99       74.99       75.99       76.99    
        77.99       78.99       79.99       80.99       81.99       82.99       83.99       84.99       85.99       86.99    
        87.99       88.99       89.99       90.99       91.99       92.99       93.99       94.99       95.99       96.99    
        97.99       98.99       99.99       101.0       102.0       103.0       104.0       105.0       106.0       107.0    
1
  HEAD IN LAYER   8 AT END OF TIME STEP   1 IN STRESS PERIOD    1
  ---------------------------------------------------------------------------

 ........................................................................................................................................................................................................................................................................................................................................................................................................................................................................................................................................................................................................................................................................................................................................................................................................................................................................................................................................................................................................................................
   1    11.40       11.59       11.94       12.44       13.07       13.78       14.57       15.42       16.30       17.22    
        18.16       19.11       20.08       21.05       22.03       23.02       24.01       25.01       26.00       27.00    
        27.99       28.99       29.99       30.99       31.99       32.99       33.99       34.99       35.99       36.99    
        37.99       38.99       39.99       40.99       41.99       42.99       43.99       44.99       45.99       46.99    
        47.99       48.99       49.99       50.99       51.99       52.99       53.99       54.99       55.99       56.99    
        57.99       58.99       59.99       60.99       61.99       62.99       63.99       64.99       65.99       66.99    
        67.99       68.99       69.99       70.99       71.99       72.99       73.99       74.99       75.99       76.99    
        77.99       78.99       79.99       80.99       81.99       82.99       83.99       84.99       85.99       86.99    
        87.99       88.99       89.99       90.99       91.99       92.99       93.99       94.99       95.99       96.99    
        97.99       98.99       99.99       101.0       102.0       103.0       104.0       105.0       106.0       107.0    
1
  HEAD IN LAYER   9 AT END OF TIME STEP   1 IN STRESS PERIOD    1
  ---------------------------------------------------------------------------

 ........................................................................................................................................................................................................................................................................................................................................................................................................................................................................................................................................................................................................................................................................................................................................................................................................................................................................................................................................................................................................................................
   1    11.73       11.89       12.22       12.68       13.26       13.94       14.69       15.51       16.37       17.27    
        18.20       19.14       20.10       21.07       22.05       23.03       24.02       25.01       26.00       27.00    
        28.00       28.99       29.99       30.99       31.99       32.99       33.99       34.99       35.99       36.99    
        37.99       38.99       39.99       40.99       41.99       42.99       43.99       44.99       45.99       46.99    
        47.99       48.99       49.99       50.99       51.99       52.99       53.99       54.99       55.99       56.99    
        57.99       58.99       59.99       60.99       61.99       62.99       63.99       64.99       65.99       66.99    
        67.99       68.99       69.99       70.99       71.99       72.99       73.99       74.99       75.99       76.99    
        77.99       78.99       79.99       80.99       81.99       82.99       83.99       84.99       85.99       86.99    
        87.99       88.99       89.99       90.99       91.99       92.99       93.99       94.99       95.99       96.99    
        97.99       98.99       99.99       101.0       102.0       103.0       104.0       105.0       106.0       107.0    
1
  HEAD IN LAYER  10 AT END OF TIME STEP   1 IN STRESS PERIOD    1
  ---------------------------------------------------------------------------

 ........................................................................................................................................................................................................................................................................................................................................................................................................................................................................................................................................................................................................................................................................................................................................................................................................................................................................................................................................................................................................................................
   1    11.89       12.04       12.35       12.80       13.36       14.02       14.76       15.56       16.41       17.30    
        18.22       19.16       20.11       21.08       22.05       23.04       24.02       25.01       26.01       27.00    
        28.00       28.99       29.99       30.99       31.99       32.99       33.99       34.99       35.99       36.99    
        37.99       38.99       39.99       40.99       41.99       42.99       43.99       44.99       45.99       46.99    
        47.99       48.99       49.99       50.99       51.99       52.99       53.99       54.99       55.99       56.99    
        57.99       58.99       59.99       60.99       61.99       62.99       63.99       64.99       65.99       66.99    
        67.99       68.99       69.99       70.99       71.99       72.99       73.99       74.99       75.99       76.99    
        77.99       78.99       79.99       80.99       81.99       82.99       83.99       84.99       85.99       86.99    
        87.99       88.99       89.99       90.99       91.99       92.99       93.99       94.99       95.99       96.99    
        97.99       98.99       99.99       101.0       102.0       103.0       104.0       105.0       106.0       107.0    


  VOLUME BUDGET FOR ENTIRE MODEL AT END OF TIME STEP    1, STRESS PERIOD   1
  ---------------------------------------------------------------------------------------------------

     CUMULATIVE VOLUME      L**3       RATES FOR THIS TIME STEP      L**3/T          PACKAGE NAME    
     ------------------                 ------------------------                     ----------------

           IN:                                      IN:
           ---                                      ---
                 WEL =        1000.0000                   WEL =        1000.0000     WEL_0                            
                 CHD =           0.0000                   CHD =           0.0000     CHD_0                            

            TOTAL IN =        1000.0000              TOTAL IN =        1000.0000

          OUT:                                     OUT:
          ----                                     ----
                 WEL =           0.0000                   WEL =           0.0000     WEL_0                            
                 CHD =         999.9889                   CHD =         999.9889     CHD_0                            

           TOTAL OUT =         999.9889             TOTAL OUT =         999.9889

            IN - OUT =       1.1060E-02              IN - OUT =       1.1060E-02

 PERCENT DISCREPANCY =           0.00     PERCENT DISCREPANCY =           0.00




         TIME SUMMARY AT END OF TIME STEP    1 IN STRESS PERIOD    1
                          TIME STEP LENGTH =    1.00000    
                        STRESS PERIOD TIME =    1.00000    
                     TOTAL SIMULATION TIME =    1.00000    

end timestep


start timestep kper="2" kstp="1" mode="normal"

1
  HEAD IN LAYER   1 AT END OF TIME STEP   1 IN STRESS PERIOD    2
  ---------------------------------------------------------------------------

 ........................................................................................................................................................................................................................................................................................................................................................................................................................................................................................................................................................................................................................................................................................................................................................................................................................................................................................................................................................................................................................................
   1   -2.000       3.052       6.180       8.429       10.22       11.74       13.10       14.35       15.53       16.65    
        17.74       18.81       19.86       20.89       21.92       22.94       23.95       24.96       25.97       26.97    
        27.98       28.98       29.98       30.98       31.98       32.98       33.98       34.98       35.99       36.99    
        37.99       38.99       39.99       40.99       41.99       42.99       43.99       44.99       45.99       46.99    
        47.99       48.99       49.99       50.99       51.99       52.99       53.99       54.99       55.99       56.99    
        57.99       58.99       59.99       60.99       61.99       62.99       63.99       64.99       65.99       66.99    
        67.99       68.99       69.99       70.99       71.99       72.99       73.99       74.99       75.99       76.99    
        77.99       78.99       79.99       80.99       81.99       82.99       83.99       84.99       85.99       86.99    
        87.99       88.99       89.99       90.99       91.99       92.99       93.99       94.99       95.99       96.99    
        97.99       98.99       99.99       101.0       102.0       103.0       104.0       105.0       106.0       107.0    
1
  HEAD IN LAYER   2 AT END OF TIME STEP   1 IN STRESS PERIOD    2
  ---------------------------------------------------------------------------

 ........................................................................................................................................................................................................................................................................................................................................................................................................................................................................................................................................................................................................................................................................................................................................................................................................................................................................................................................................................................................................................................
   1    2.948       4.977       7.059       8.889       10.49       11.91       13.21       14.42       15.58       16.69    
        17.77       18.83       19.87       20.90       21.92       22.94       23.95       24.96       25.97       26.97    
        27.98       28.98       29.98       30.98       31.98       32.98       33.98       34.99       35.99       36.99    
        37.99       38.99       39.99       40.99       41.99       42.99       43.99       44.99       45.99       46.99    
        47.99       48.99       49.99       50.99       51.99       52.99       53.99       54.99       55.99       56.99    
        57.99       58.99       59.99       60.99       61.99       62.99       63.99       64.99       65.99       66.99    
        67.99       68.99       69.99       70.99       71.99       72.99       73.99       74.99       75.99       76.99    
        77.99       78.99       79.99       80.99       81.99       82.99       83.99       84.99       85.99       86.99    
        87.99       88.99       89.99       90.99       91.99       92.99       93.99       94.99       95.99       96.99    
        97.99       98.99       99.99       101.0       102.0       103.0       104.0       105.0       106.0       107.0    
1
  HEAD IN LAYER   3 AT END OF TIME STEP   1 IN STRESS PERIOD    2
  ---------------------------------------------------------------------------

 ........................................................................................................................................................................................................................................................................................................................................................................................................................................................................................................................................................................................................................................................................................................................................................................................................................................................................................................................................................................................................................................
   1    5.866       6.849       8.190       9.582       10.92       12.20       13.40       14.56       15.67       16.76    
        17.82       18.86       19.90       20.92       21.94       22.95       23.96       24.97       25.97       26.98    
        27.98       28.98       29.98       30.98       31.98       32.98       33.98       34.99       35.99       36.99    
        37.99       38.99       39.99       40.99       41.99       42.99       43.99       44.99       45.99       46.99    
        47.99       48.99       49.99       50.99       51.99       52.99       53.99       54.99       55.99       56.99    
        57.99       58.99       59.99       60.99       61.99       62.99       63.99       64.99       65.99       66.99    
        67.99       68.99       69.99       70.99       71.99       72.99       73.99       74.99       75.99       76.99    
        77.99       78.99       79.99       80.99       81.99       82.99       83.99       84.99       85.99       86.99    
        87.99       88.99       89.99       90.99       91.99       92.99       93.99       94.99       95.99       96.99    
        97.99       98.99       99.99       101.0       102.0       103.0       104.0       105.0       106.0       107.0    
1
  HEAD IN LAYER   4 AT END OF TIME STEP   1 IN STRESS PERIOD    2
  ---------------------------------------------------------------------------

 ........................................................................................................................................................................................................................................................................................................................................................................................................................................................................................................................................................................................................................................................................................................................................................................................................................................................................................................................................................................................................................................
   1    7.800       8.365       9.268       10.33       11.43       12.55       13.65       14.73       15.79       16.84    
        17.88       18.91       19.93       20.94       21.96       22.96       23.97       24.97       25.98       26.98    
        27.98       28.98       29.98       30.98       31.98       32.99       33.99       34.99       35.99       36.99    
        37.99       38.99       39.99       40.99       41.99       42.99       43.99       44.99       45.99       46.99    
        47.99       48.99       49.99       50.99       51.99       52.99       53.99       54.99       55.99       56.99    
        57.99       58.99       59.99       60.99       61.99       62.99       63.99       64.99       65.99       66.99    
        67.99       68.99       69.99       70.99       71.99       72.99       73.99       74.99       75.99       76.99    
        77.99       78.99       79.99       80.99       81.99       82.99       83.99       84.99       85.99       86.99    
        87.99       88.99       89.99       90.99       91.99       92.99       93.99       94.99       95.99       96.99    
        97.99       98.99       99.99       101.0       102.0       103.0       104.0       105.0       106.0       107.0    
1
  HEAD IN LAYER   5 AT END OF TIME STEP   1 IN STRESS PERIOD    2
  ---------------------------------------------------------------------------

 ........................................................................................................................................................................................................................................................................................................................................................................................................................................................................................................................................................................................................................................................................................................................................................................................................................................................................................................................................................................................................................................
   1    9.170       9.541       10.19       11.02       11.94       12.92       13.91       14.92       15.93       16.94    
        17.95       18.96       19.97       20.97       21.98       22.98       23.98       24.98       25.98       26.98    
        27.98       28.98       29.99       30.99       31.99       32.99       33.99       34.99       35.99       36.99    
        37.99       38.99       39.99       40.99       41.99       42.99       43.99       44.99       45.99       46.99    
        47.99       48.99       49.99       50.99       51.99       52.99       53.99       54.99       55.99       56.99    
        57.99       58.99       59.99       60.99       61.99       62.99       63.99       64.99       65.99       66.99    
        67.99       68.99       69.99       70.99       71.99       72.99       73.99       74.99       75.99       76.99    
        77.99       78.99       79.99       80.99       81.99       82.99       83.99       84.99       85.99       86.99    
        87.99       88.99       89.99       90.99       91.99       92.99       93.99       94.99       95.99       96.99    
        97.99       98.99       99.99       101.0       102.0       103.0       104.0       105.0       106.0       107.0    
1
  HEAD IN LAYER   6 AT END OF TIME STEP   1 IN STRESS PERIOD    2
  ---------------------------------------------------------------------------

 ........................................................................................................................................................................................................................................................................................................................................................................................................................................................................................................................................................................................................................................................................................................................................................................................................................................................................................................................................................................................................................................
   1    10.17       10.44       10.94       11.61       12.40       13.26       14.17       15.11       16.07       17.05    
        18.03       19.02       20.01       21.00       22.00       22.99       23.99       24.99       25.99       26.99    
        27.99       28.99       29.99       30.99       31.99       32.99       33.99       34.99       35.99       36.99    
        37.99       38.99       39.99       40.99       41.99       42.99       43.99       44.99       45.99       46.99    
        47.99       48.99       49.99       50.99       51.99       52.99       53.99       54.99       55.99       56.99    
        57.99       58.99       59.99       60.99       61.99       62.99       63.99       64.99       65.99       66.99    
        67.99       68.99       69.99       70.99       71.99       72.99       73.99       74.99       75.99       76.99    
        77.99       78.99       79.99       80.99       81.99       82.99       83.99       84.99       85.99       86.99    
        87.99       88.99       89.99       90.99       91.99       92.99       93.99       94.99       95.99       96.99    
        97.99       98.99       99.99       101.0       102.0       103.0       104.0       105.0       106.0       107.0    
1
  HEAD IN LAYER   7 AT END OF TIME STEP   1 IN STRESS PERIOD    2
  ---------------------------------------------------------------------------

 ........................................................................................................................................................................................................................................................................................................................................................................................................................................................................................................................................................................................................................................................................................................................................................................................................................................................................................................................................................................................................................................
   1    10.89       11.11       11.52       12.09       12.78       13.55       14.39       15.28       16.20       17.14    
        18.10       19.07       20.05       21.03       22.02       23.01       24.00       25.00       26.00       26.99    
        27.99       28.99       29.99       30.99       31.99       32.99       33.99       34.99       35.99       36.99    
        37.99       38.99       39.99       40.99       41.99       42.99       43.99       44.99       45.99       46.99    
        47.99       48.99       49.99       50.99       51.99       52.99       53.99       54.99       55.99       56.99    
        57.99       58.99       59.99       60.99       61.99       62.99       63.99       64.99       65.99       66.99    
        67.99       68.99       69.99       70.99       71.99       72.99       73.99       74.99       75.99       76.99    
        77.99       78.99       79.99       80.99       81.99       82.99       83.99       84.99       85.99       86.99    
        87.99       88.99       89.99       90.99       91.99       92.99       93.99       94.99       95.99       96.99    
        97.99       98.99       99.99       101.0       102.0       103.0       104.0       105.0       106.0       107.0    
1
  HEAD IN LAYER   8 AT END OF TIME STEP   1 IN STRESS PERIOD    2
  ---------------------------------------------------------------------------

 ........................................................................................................................................................................................................................................................................................................................................................................................................................................................................................................................................................................................................................................................................................................................................................................................................................................................................................................................................................................................................................................
   1    11.40       11.59       11.94       12.44       13.07       13.78       14.57       15.42       16.30       17.22    
        18.16       19.11       20.08       21.05       22.03       23.02       24.01       25.01       26.00       27.00    
        27.99       28.99       29.99       30.99       31.99       32.99       33.99       34.99       35.99       36.99    
        37.99       38.99       39.99       40.99       41.99       42.99       43.99       44.99       45.99       46.99    
        47.99       48.99       49.99       50.99       51.99       52.99       53.99       54.99       55.99       56.99    
        57.99       58.99       59.99       60.99       61.99       62.99       63.99       64.99       65.99       66.99    
        67.99       68.99       69.99       70.99       71.99       72.99       73.99       74.99       75.99       76.99    
        77.99       78.99       79.99       80.99       81.99       82.99       83.99       84.99       85.99       86.99    
        87.99       88.99       89.99       90.99       91.99       92.99       93.99       94.99       95.99       96.99    
        97.99       98.99       99.99       101.0       102.0       103.0       104.0       105.0       106.0       107.0    
1
  HEAD IN LAYER   9 AT END OF TIME STEP   1 IN STRESS PERIOD    2
  ---------------------------------------------------------------------------

 ........................................................................................................................................................................................................................................................................................................................................................................................................................................................................................................................................................................................................................................................................................................................................................................................................................................................................................................................................................................................................................................
   1    11.73       11.89       12.22       12.68       13.26       13.94       14.69       15.51       16.37       17.27    
        18.20       19.14       20.10       21.07       22.05       23.03       24.02       25.01       26.00       27.00    
        28.00       28.99       29.99       30.99       31.99       32.99       33.99       34.99       35.99       36.99    
        37.99       38.99       39.99       40.99       41.99       42.99       43.99       44.99       45.99       46.99    
        47.99       48.99       49.99       50.99       51.99       52.99       53.99       54.99       55.99       56.99    
        57.99       58.99       59.99       60.99       61.99       62.99       63.99       64.99       65.99       66.99    
        67.99       68.99       69.99       70.99       71.99       72.99       73.99       74.99       75.99       76.99    
        77.99       78.99       79.99       80.99       81.99       82.99       83.99       84.99       85.99       86.99    
        87.99       88.99       89.99       90.99       91.99       92.99       93.99       94.99       95.99       96.99    
        97.99       98.99       99.99       101.0       102.0       103.0       104.0       105.0       106.0       107.0    
1
  HEAD IN LAYER  10 AT END OF TIME STEP   1 IN STRESS PERIOD    2
  ---------------------------------------------------------------------------

 ........................................................................................................................................................................................................................................................................................................................................................................................................................................................................................................................................................................................................................................................................................................................................................................................................................................................................................................................................................................................................................................
   1    11.89       12.04       12.35       12.80       13.36       14.02       14.76       15.56       16.41       17.30    
        18.22       19.16       20.11       21.08       22.05       23.04       24.02       25.01       26.01       27.00    
        28.00       28.99       29.99       30.99       31.99       32.99       33.99       34.99       35.99       36.99    
        37.99       38.99       39.99       40.99       41.99       42.99       43.99       44.99       45.99       46.99    
        47.99       48.99       49.99       50.99       51.99       52.99       53.99       54.99       55.99       56.99    
        57.99       58.99       59.99       60.99       61.99       62.99       63.99       64.99       65.99       66.99    
        67.99       68.99       69.99       70.99       71.99       72.99       73.99       74.99       75.99       76.99    
        77.99       78.99       79.99       80.99       81.99       82.99       83.99       84.99       85.99       86.99    
        87.99       88.99       89.99       90.99       91.99       92.99       93.99       94.99       95.99       96.99    
        97.99       98.99       99.99       101.0       102.0       103.0       104.0       105.0       106.0       107.0    


  VOLUME BUDGET FOR ENTIRE MODEL AT END OF TIME STEP    1, STRESS PERIOD   2
  ---------------------------------------------------------------------------------------------------

     CUMULATIVE VOLUME      L**3       RATES FOR THIS TIME STEP      L**3/T          PACKAGE NAME    
     ------------------                 ------------------------                     ----------------

           IN:                                      IN:
           ---                                      ---
                 WEL =        8000.0000                   WEL =        1000.0000     WEL_0                            
                 CHD =           0.0000                   CHD =           0.0000     CHD_0                            

            TOTAL IN =        8000.0000              TOTAL IN =        1000.0000

          OUT:                                     OUT:
          ----                                     ----
                 WEL =           0.0000                   WEL =           0.0000     WEL_0                            
                 CHD =        7999.9356                   CHD =         999.9924     CHD_0                            

           TOTAL OUT =        7999.9356             TOTAL OUT =         999.9924

            IN - OUT =       6.4399E-02              IN - OUT =       7.6198E-03

 PERCENT DISCREPANCY =           0.00     PERCENT DISCREPANCY =           0.00




         TIME SUMMARY AT END OF TIME STEP    1 IN STRESS PERIOD    2
                          TIME STEP LENGTH =    7.00000    
                        STRESS PERIOD TIME =    7.00000    
                     TOTAL SIMULATION TIME =    8.00000    

end timestep


start timestep kper="3" kstp="1" mode="normal"

1
  HEAD IN LAYER   1 AT END OF TIME STEP   1 IN STRESS PERIOD    3
  ---------------------------------------------------------------------------

 ........................................................................................................................................................................................................................................................................................................................................................................................................................................................................................................................................................................................................................................................................................................................................................................................................................................................................................................................................................................................................................................
   1   -2.000       3.052       6.180       8.429       10.22       11.74       13.10       14.35       15.53       16.65    
        17.74       18.81       19.86       20.89       21.92       22.94       23.95       24.96       25.97       26.97    
        27.98       28.98       29.98       30.98       31.98       32.98       33.98       34.98       35.99       36.99    
        37.99       38.99       39.99       40.99       41.99       42.99       43.99       44.99       45.99       46.99    
        47.99       48.99       49.99       50.99       51.99       52.99       53.99       54.99       55.99       56.99    
        57.99       58.99       59.99       60.99       61.99       62.99       63.99       64.99       65.99       66.99    
        67.99       68.99       69.99       70.99       71.99       72.99       73.99       74.99       75.99       76.99    
        77.99       78.99       79.99       80.99       81.99       82.99       83.99       84.99       85.99       86.99    
        87.99       88.99       89.99       90.99       91.99       92.99       93.99       94.99       95.99       96.99    
        97.99       98.99       99.99       101.0       102.0       103.0       104.0       105.0       106.0       107.0    
1
  HEAD IN LAYER   2 AT END OF TIME STEP   1 IN STRESS PERIOD    3
  ---------------------------------------------------------------------------

 ........................................................................................................................................................................................................................................................................................................................................................................................................................................................................................................................................................................................................................................................................................................................................................................................................................................................................................................................................................................................................................................
   1    2.948       4.977       7.059       8.889       10.49       11.91       13.21       14.42       15.58       16.69    
        17.77       18.83       19.87       20.90       21.92       22.94       23.95       24.96       25.97       26.97    
        27.98       28.98       29.98       30.98       31.98       32.98       33.98       34.99       35.99       36.99    
        37.99       38.99       39.99       40.99       41.99       42.99       43.99       44.99       45.99       46.99    
        47.99       48.99       49.99       50.99       51.99       52.99       53.99       54.99       55.99       56.99    
        57.99       58.99       59.99       60.99       61.99       62.99       63.99       64.99       65.99       66.99    
        67.99       68.99       69.99       70.99       71.99       72.99       73.99       74.99       75.99       76.99    
        77.99       78.99       79.99       80.99       81.99       82.99       83.99       84.99       85.99       86.99    
        87.99       88.99       89.99       90.99       91.99       92.99       93.99       94.99       95.99       96.99    
        97.99       98.99       99.99       101.0       102.0       103.0       104.0       105.0       106.0       107.0    
1
  HEAD IN LAYER   3 AT END OF TIME STEP   1 IN STRESS PERIOD    3
  ---------------------------------------------------------------------------

 ........................................................................................................................................................................................................................................................................................................................................................................................................................................................................................................................................................................................................................................................................................................................................................................................................................................................................................................................................................................................................................................
   1    5.866       6.849       8.190       9.582       10.92       12.20       13.40       14.56       15.67       16.76    
        17.82       18.86       19.90       20.92       21.94       22.95       23.96       24.97       25.97       26.98    
        27.98       28.98       29.98       30.98       31.98       32.98       33.98       34.99       35.99       36.99    
        37.99       38.99       39.99       40.99       41.99       42.99       43.99       44.99       45.99       46.99    
        47.99       48.99       49.99       50.99       51.99       52.99       53.99       54.99       55.99       56.99    
        57.99       58.99       59.99       60.99       61.99       62.99       63.99       64.99       65.99       66.99    
        67.99       68.99       69.99       70.99       71.99       72.99       73.99       74.99       75.99       76.99    
        77.99       78.99       79.99       80.99       81.99       82.99       83.99       84.99       85.99       86.99    
        87.99       88.99       89.99       90.99       91.99       92.99       93.99       94.99       95.99       96.99    
        97.99       98.99       99.99       101.0       102.0       103.0       104.0       105.0       106.0       107.0    
1
  HEAD IN LAYER   4 AT END OF TIME STEP   1 IN STRESS PERIOD    3
  ---------------------------------------------------------------------------

 ........................................................................................................................................................................................................................................................................................................................................................................................................................................................................................................................................................................................................................................................................................................................................................................................................................................................................................................................................................................................................................................
   1    7.800       8.365       9.268       10.33       11.43       12.55       13.65       14.73       15.79       16.84    
        17.88       18.91       19.93       20.94       21.96       22.96       23.97       24.97       25.98       26.98    
        27.98       28.98       29.98       30.98       31.98       32.99       33.99       34.99       35.99       36.99    
        37.99       38.99       39.99       40.99       41.99       42.99       43.99       44.99       45.99       46.99    
        47.99       48.99       49.99       50.99       51.99       52.99       53.99       54.99       55.99       56.99    
        57.99       58.99       59.99       60.99       61.99       62.99       63.99       64.99       65.99       66.99    
        67.99       68.99       69.99       70.99       71.99       72.99       73.99       74.99       75.99       76.99    
        77.99       78.99       79.99       80.99       81.99       82.99       83.99       84.99       85.99       86.99    
        87.99       88.99       89.99       90.99       91.99       92.99       93.99       94.99       95.99       96.99    
        97.99       98.99       99.99       101.0       102.0       103.0       104.0       105.0       106.0       107.0    
1
  HEAD IN LAYER   5 AT END OF TIME STEP   1 IN STRESS PERIOD    3
  ---------------------------------------------------------------------------

 ........................................................................................................................................................................................................................................................................................................................................................................................................................................................................................................................................................................................................................................................................................................................................................................................................................................................................................................................................................................................................................................
   1    9.170       9.542       10.19       11.02       11.94       12.92       13.91       14.92       15.93       16.94    
        17.95       18.96       19.97       20.97       21.98       22.98       23.98       24.98       25.98       26.98    
        27.98       28.98       29.99       30.99       31.99       32.99       33.99       34.99       35.99       36.99    
        37.99       38.99       39.99       40.99       41.99       42.99       43.99       44.99       45.99       46.99    
        47.99       48.99       49.99       50.99       51.99       52.99       53.99       54.99       55.99       56.99    
        57.99       58.99       59.99       60.99       61.99       62.99       63.99       64.99       65.99       66.99    
        67.99       68.99       69.99       70.99       71.99       72.99       73.99       74.99       75.99       76.99    
        77.99       78.99       79.99       80.99       81.99       82.99       83.99       84.99       85.99       86.99    
        87.99       88.99       89.99       90.99       91.99       92.99       93.99       94.99       95.99       96.99    
        97.99       98.99       99.99       101.0       102.0       103.0       104.0       105.0       106.0       107.0    
1
  HEAD IN LAYER   6 AT END OF TIME STEP   1 IN STRESS PERIOD    3
  ---------------------------------------------------------------------------

 ........................................................................................................................................................................................................................................................................................................................................................................................................................................................................................................................................................................................................................................................................................................................................................................................................................................................................................................................................................................................................................................
   1    10.17       10.44       10.94       11.61       12.40       13.26       14.17       15.11       16.07       17.05    
        18.03       19.02       20.01       21.00       22.00       22.99       23.99       24.99       25.99       26.99    
        27.99       28.99       29.99       30.99       31.99       32.99       33.99       34.99       35.99       36.99    
        37.99       38.99       39.99       40.99       41.99       42.99       43.99       44.99       45.99       46.99    
        47.99       48.99       49.99       50.99       51.99       52.99       53.99       54.99       55.99       56.99    
        57.99       58.99       59.99       60.99       61.99       62.99       63.99       64.99       65.99       66.99    
        67.99       68.99       69.99       70.99       71.99       72.99       73.99       74.99       75.99       76.99    
        77.99       78.99       79.99       80.99       81.99       82.99       83.99       84.99       85.99       86.99    
        87.99       88.99       89.99       90.99       91.99       92.99       93.99       94.99       95.99       96.99    
        97.99       98.99       99.99       101.0       102.0       103.0       104.0       105.0       106.0       107.0    
1
  HEAD IN LAYER   7 AT END OF TIME STEP   1 IN STRESS PERIOD    3
  ---------------------------------------------------------------------------

 ........................................................................................................................................................................................................................................................................................................................................................................................................................................................................................................................................................................................................................................................................................................................................................................................................................................................................................................................................................................................................................................
   1    10.89       11.11       11.52       12.09       12.78       13.55       14.39       15.28       16.20       17.14    
        18.10       19.07       20.05       21.03       22.02       23.01       24.00       25.00       26.00       26.99    
        27.99       28.99       29.99       30.99       31.99       32.99       33.99       34.99       35.99       36.99    
        37.99       38.99       39.99       40.99       41.99       42.99       43.99       44.99       45.99       46.99    
        47.99       48.99       49.99       50.99       51.99       52.99       53.99       54.99       55.99       56.99    
        57.99       58.99       59.99       60.99       61.99       62.99       63.99       64.99       65.99       66.99    
        67.99       68.99       69.99       70.99       71.99       72.99       73.99       74.99       75.99       76.99    
        77.99       78.99       79.99       80.99       81.99       82.99       83.99       84.99       85.99       86.99    
        87.99       88.99       89.99       90.99       91.99       92.99       93.99       94.99       95.99       96.99    
        97.99       98.99       99.99       101.0       102.0       103.0       104.0       105.0       106.0       107.0    
1
  HEAD IN LAYER   8 AT END OF TIME STEP   1 IN STRESS PERIOD    3
  ---------------------------------------------------------------------------

 ........................................................................................................................................................................................................................................................................................................................................................................................................................................................................................................................................................................................................................................................................................................................................................................................................................................................................................................................................................................................................................................
   1    11.40       11.59       11.94       12.44       13.07       13.78       14.57       15.42       16.30       17.22    
        18.16       19.11       20.08       21.05       22.03       23.02       24.01       25.01       26.00       27.00    
        27.99       28.99       29.99       30.99       31.99       32.99       33.99       34.99       35.99       36.99    
        37.99       38.99       39.99       40.99       41.99       42.99       43.99       44.99       45.99       46.99    
        47.99       48.99       49.99       50.99       51.99       52.99       53.99       54.99       55.99       56.99    
        57.99       58.99       59.99       60.99       61.99       62.99       63.99       64.99       65.99       66.99    
        67.99       68.99       69.99       70.99       71.99       72.99       73.99       74.99       75.99       76.99    
        77.99       78.99       79.99       80.99       81.99       82.99       83.99       84.99       85.99       86.99    
        87.99       88.99       89.99       90.99       91.99       92.99       93.99       94.99       95.99       96.99    
        97.99       98.99       99.99       101.0       102.0       103.0       104.0       105.0       106.0       107.0    
1
  HEAD IN LAYER   9 AT END OF TIME STEP   1 IN STRESS PERIOD    3
  ---------------------------------------------------------------------------

 ........................................................................................................................................................................................................................................................................................................................................................................................................................................................................................................................................................................................................................................................................................................................................................................................................................................................................................................................................................................................................................................
   1    11.73       11.89       12.22       12.68       13.26       13.94       14.69       15.51       16.37       17.27    
        18.20       19.14       20.10       21.07       22.05       23.03       24.02       25.01       26.00       27.00    
        28.00       28.99       29.99       30.99       31.99       32.99       33.99       34.99       35.99       36.99    
        37.99       38.99       39.99       40.99       41.99       42.99       43.99       44.99       45.99       46.99    
        47.99       48.99       49.99       50.99       51.99       52.99       53.99       54.99       55.99       56.99    
        57.99       58.99       59.99       60.99       61.99       62.99       63.99       64.99       65.99       66.99    
        67.99       68.99       69.99       70.99       71.99       72.99       73.99       74.99       75.99       76.99    
        77.99       78.99       79.99       80.99       81.99       82.99       83.99       84.99       85.99       86.99    
        87.99       88.99       89.99       90.99       91.99       92.99       93.99       94.99       95.99       96.99    
        97.99       98.99       99.99       101.0       102.0       103.0       104.0       105.0       106.0       107.0    
1
  HEAD IN LAYER  10 AT END OF TIME STEP   1 IN STRESS PERIOD    3
  ---------------------------------------------------------------------------

 ........................................................................................................................................................................................................................................................................................................................................................................................................................................................................................................................................................................................................................................................................................................................................................................................................................................................................................................................................................................................................................................
   1    11.89       12.04       12.35       12.80       13.36       14.02       14.76       15.56       16.41       17.30    
        18.22       19.16       20.11       21.08       22.05       23.04       24.02       25.01       26.01       27.00    
        28.00       28.99       29.99       30.99       31.99       32.99       33.99       34.99       35.99       36.99    
        37.99       38.99       39.99       40.99       41.99       42.99       43.99       44.99       45.99       46.99    
        47.99       48.99       49.99       50.99       51.99       52.99       53.99       54.99       55.99       56.99    
        57.99       58.99       59.99       60.99       61.99       62.99       63.99       64.99       65.99       66.99    
        67.99       68.99       69.99       70.99       71.99       72.99       73.99       74.99       75.99       76.99    
        77.99       78.99       79.99       80.99       81.99       82.99       83.99       84.99       85.99       86.99    
        87.99       88.99       89.99       90.99       91.99       92.99       93.99       94.99       95.99       96.99    
        97.99       98.99       99.99       101.0       102.0       103.0       104.0       105.0       106.0       107.0    


  VOLUME BUDGET FOR ENTIRE MODEL AT END OF TIME STEP    1, STRESS PERIOD   3
  ---------------------------------------------------------------------------------------------------

     CUMULATIVE VOLUME      L**3       RATES FOR THIS TIME STEP      L**3/T          PACKAGE NAME    
     ------------------                 ------------------------                     ----------------

           IN:                                      IN:
           ---                                      ---
                 WEL =       58000.0000                   WEL =        1000.0000     WEL_0                            
                 CHD =           0.0000                   CHD =           0.0000     CHD_0                            

            TOTAL IN =       58000.0000              TOTAL IN =        1000.0000

          OUT:                                     OUT:
          ----                                     ----
                 WEL =           0.0000                   WEL =           0.0000     WEL_0                            
                 CHD =       57999.6453                   CHD =         999.9942     CHD_0                            

           TOTAL OUT =       57999.6453             TOTAL OUT =         999.9942

            IN - OUT =           0.3547              IN - OUT =       5.8051E-03

 PERCENT DISCREPANCY =           0.00     PERCENT DISCREPANCY =           0.00




         TIME SUMMARY AT END OF TIME STEP    1 IN STRESS PERIOD    3
                          TIME STEP LENGTH =    50.0000    
                        STRESS PERIOD TIME =    50.0000    
                     TOTAL SIMULATION TIME =    58.0000    

end timestep


start timestep kper="4" kstp="1" mode="normal"

1
  HEAD IN LAYER   1 AT END OF TIME STEP   1 IN STRESS PERIOD    4
  ---------------------------------------------------------------------------

 ........................................................................................................................................................................................................................................................................................................................................................................................................................................................................................................................................................................................................................................................................................................................................................................................................................................................................................................................................................................................................................................
   1   -2.000       3.052       6.180       8.429       10.22       11.74       13.10       14.35       15.53       16.65    
        17.74       18.81       19.86       20.89       21.92       22.94       23.95       24.96       25.97       26.97    
        27.98       28.98       29.98       30.98       31.98       32.98       33.98       34.98       35.99       36.99    
        37.99       38.99       39.99       40.99       41.99       42.99       43.99       44.99       45.99       46.99    
        47.99       48.99       49.99       50.99       51.99       52.99       53.99       54.99       55.99       56.99    
        57.99       58.99       59.99       60.99       61.99       62.99       63.99       64.99       65.99       66.99    
        67.99       68.99       69.99       70.99       71.99       72.99       73.99       74.99       75.99       76.99    
        77.99       78.99       79.99       80.99       81.99       82.99       83.99       84.99       85.99       86.99    
        87.99       88.99       89.99       90.99       91.99       92.99       93.99       94.99       95.99       96.99    
        97.99       98.99       99.99       101.0       102.0       103.0       104.0       105.0       106.0       107.0    
1
  HEAD IN LAYER   2 AT END OF TIME STEP   1 IN STRESS PERIOD    4
  ---------------------------------------------------------------------------

 ........................................................................................................................................................................................................................................................................................................................................................................................................................................................................................................................................................................................................................................................................................................................................................................................................................................................................................................................................................................................................................................
   1    2.948       4.977       7.059       8.889       10.49       11.91       13.21       14.42       15.58       16.69    
        17.77       18.83       19.87       20.90       21.92       22.94       23.95       24.96       25.97       26.97    
        27.98       28.98       29.98       30.98       31.98       32.98       33.98       34.99       35.99       36.99    
        37.99       38.99       39.99       40.99       41.99       42.99       43.99       44.99       45.99       46.99    
        47.99       48.99       49.99       50.99       51.99       52.99       53.99       54.99       55.99       56.99    
        57.99       58.99       59.99       60.99       61.99       62.99       63.99       64.99       65.99       66.99    
        67.99       68.99       69.99       70.99       71.99       72.99       73.99       74.99       75.99       76.99    
        77.99       78.99       79.99       80.99       81.99       82.99       83.99       84.99       85.99       86.99    
        87.99       88.99       89.99       90.99       91.99       92.99       93.99       94.99       95.99       96.99    
        97.99       98.99       99.99       101.0       102.0       103.0       104.0       105.0       106.0       107.0    
1
  HEAD IN LAYER   3 AT END OF TIME STEP   1 IN STRESS PERIOD    4
  ---------------------------------------------------------------------------

 ........................................................................................................................................................................................................................................................................................................................................................................................................................................................................................................................................................................................................................................................................................................................................................................................................................................................................................................................................................................................................................................
   1    5.866       6.849       8.190       9.582       10.92       12.20       13.40       14.56       15.67       16.76    
        17.82       18.86       19.90       20.92       21.94       22.95       23.96       24.97       25.97       26.98    
        27.98       28.98       29.98       30.98       31.98       32.98       33.98       34.99       35.99       36.99    
        37.99       38.99       39.99       40.99       41.99       42.99       43.99       44.99       45.99       46.99    
        47.99       48.99       49.99       50.99       51.99       52.99       53.99       54.99       55.99       56.99    
        57.99       58.99       59.99       60.99       61.99       62.99       63.99       64.99       65.99       66.99    
        67.99       68.99       69.99       70.99       71.99       72.99       73.99       74.99       75.99       76.99    
        77.99       78.99       79.99       80.99       81.99       82.99       83.99       84.99       85.99       86.99    
        87.99       88.99       89.99       90.99       91.99       92.99       93.99       94.99       95.99       96.99    
        97.99       98.99       99.99       101.0       102.0       103.0       104.0       105.0       106.0       107.0    
1
  HEAD IN LAYER   4 AT END OF TIME STEP   1 IN STRESS PERIOD    4
  ---------------------------------------------------------------------------

 ........................................................................................................................................................................................................................................................................................................................................................................................................................................................................................................................................................................................................................................................................................................................................................................................................................................................................................................................................................................................................................................
   1    7.800       8.365       9.268       10.33       11.43       12.55       13.65       14.73       15.79       16.84    
        17.88       18.91       19.93       20.94       21.96       22.96       23.97       24.97       25.98       26.98    
        27.98       28.98       29.98       30.98       31.98       32.99       33.99       34.99       35.99       36.99    
        37.99       38.99       39.99       40.99       41.99       42.99       43.99       44.99       45.99       46.99    
        47.99       48.99       49.99       50.99       51.99       52.99       53.99       54.99       55.99       56.99    
        57.99       58.99       59.99       60.99       61.99       62.99       63.99       64.99       65.99       66.99    
        67.99       68.99       69.99       70.99       71.99       72.99       73.99       74.99       75.99       76.99    
        77.99       78.99       79.99       80.99       81.99       82.99       83.99       84.99       85.99       86.99    
        87.99       88.99       89.99       90.99       91.99       92.99       93.99       94.99       95.99       96.99    
        97.99       98.99       99.99       101.0       102.0       103.0       104.0       105.0       106.0       107.0    
1
  HEAD IN LAYER   5 AT END OF TIME STEP   1 IN STRESS PERIOD    4
  ---------------------------------------------------------------------------

 ........................................................................................................................................................................................................................................................................................................................................................................................................................................................................................................................................................................................................................................................................................................................................................................................................................................................................................................................................................................................................................................
   1    9.170       9.542       10.19       11.02       11.94       12.92       13.91       14.92       15.93       16.94    
        17.95       18.96       19.97       20.97       21.98       22.98       23.98       24.98       25.98       26.98    
        27.98       28.98       29.99       30.99       31.99       32.99       33.99       34.99       35.99       36.99    
        37.99       38.99       39.99       40.99       41.99       42.99       43.99       44.99       45.99       46.99    
        47.99       48.99       49.99       50.99       51.99       52.99       53.99       54.99       55.99       56.99    
        57.99       58.99       59.99       60.99       61.99       62.99       63.99       64.99       65.99       66.99    
        67.99       68.99       69.99       70.99       71.99       72.99       73.99       74.99       75.99       76.99    
        77.99       78.99       79.99       80.99       81.99       82.99       83.99       84.99       85.99       86.99    
        87.99       88.99       89.99       90.99       91.99       92.99       93.99       94.99       95.99       96.99    
        97.99       98.99       99.99       101.0       102.0       103.0       104.0       105.0       106.0       107.0    
1
  HEAD IN LAYER   6 AT END OF TIME STEP   1 IN STRESS PERIOD    4
  ---------------------------------------------------------------------------

 ........................................................................................................................................................................................................................................................................................................................................................................................................................................................................................................................................................................................................................................................................................................................................................................................................................................................................................................................................................................................................................................
   1    10.17       10.44       10.94       11.61       12.40       13.26       14.17       15.11       16.07       17.05    
        18.03       19.02       20.01       21.00       22.00       22.99       23.99       24.99       25.99       26.99    
        27.99       28.99       29.99       30.99       31.99       32.99       33.99       34.99       35.99       36.99    
        37.99       38.99       39.99       40.99       41.99       42.99       43.99       44.99       45.99       46.99    
        47.99       48.99       49.99       50.99       51.99       52.99       53.99       54.99       55.99       56.99    
        57.99       58.99       59.99       60.99       61.99       62.99       63.99       64.99       65.99       66.99    
        67.99       68.99       69.99       70.99       71.99       72.99       73.99       74.99       75.99       76.99    
        77.99       78.99       79.99       80.99       81.99       82.99       83.99       84.99       85.99       86.99    
        87.99       88.99       89.99       90.99       91.99       92.99       93.99       94.99       95.99       96.99    
        97.99       98.99       99.99       101.0       102.0       103.0       104.0       105.0       106.0       107.0    
1
  HEAD IN LAYER   7 AT END OF TIME STEP   1 IN STRESS PERIOD    4
  ---------------------------------------------------------------------------

 ........................................................................................................................................................................................................................................................................................................................................................................................................................................................................................................................................................................................................................................................................................................................................................................................................................................................................................................................................................................................................................................
   1    10.89       11.11       11.52       12.09       12.78       13.55       14.39       15.28       16.20       17.14    
        18.10       19.07       20.05       21.03       22.02       23.01       24.00       25.00       26.00       26.99    
        27.99       28.99       29.99       30.99       31.99       32.99       33.99       34.99       35.99       36.99    
        37.99       38.99       39.99       40.99       41.99       42.99       43.99       44.99       45.99       46.99    
        47.99       48.99       49.99       50.99       51.99       52.99       53.99       54.99       55.99       56.99    
        57.99       58.99       59.99       60.99       61.99       62.99       63.99       64.99       65.99       66.99    
        67.99       68.99       69.99       70.99       71.99       72.99       73.99       74.99       75.99       76.99    
        77.99       78.99       79.99       80.99       81.99       82.99       83.99       84.99       85.99       86.99    
        87.99       88.99       89.99       90.99       91.99       92.99       93.99       94.99       95.99       96.99    
        97.99       98.99       99.99       101.0       102.0       103.0       104.0       105.0       106.0       107.0    
1
  HEAD IN LAYER   8 AT END OF TIME STEP   1 IN STRESS PERIOD    4
  ---------------------------------------------------------------------------

 ........................................................................................................................................................................................................................................................................................................................................................................................................................................................................................................................................................................................................................................................................................................................................................................................................................................................................................................................................................................................................................................
   1    11.40       11.59       11.94       12.44       13.07       13.78       14.57       15.42       16.30       17.22    
        18.16       19.11       20.08       21.05       22.03       23.02       24.01       25.01       26.00       27.00    
        27.99       28.99       29.99       30.99       31.99       32.99       33.99       34.99       35.99       36.99    
        37.99       38.99       39.99       40.99       41.99       42.99       43.99       44.99       45.99       46.99    
        47.99       48.99       49.99       50.99       51.99       52.99       53.99       54.99       55.99       56.99    
        57.99       58.99       59.99       60.99       61.99       62.99       63.99       64.99       65.99       66.99    
        67.99       68.99       69.99       70.99       71.99       72.99       73.99       74.99       75.99       76.99    
        77.99       78.99       79.99       80.99       81.99       82.99       83.99       84.99       85.99       86.99    
        87.99       88.99       89.99       90.99       91.99       92.99       93.99       94.99       95.99       96.99    
        97.99       98.99       99.99       101.0       102.0       103.0       104.0       105.0       106.0       107.0    
1
  HEAD IN LAYER   9 AT END OF TIME STEP   1 IN STRESS PERIOD    4
  ---------------------------------------------------------------------------

 ........................................................................................................................................................................................................................................................................................................................................................................................................................................................................................................................................................................................................................................................................................................................................................................................................................................................................................................................................................................................................................................
   1    11.73       11.89       12.22       12.68       13.26       13.94       14.69       15.51       16.37       17.27    
        18.20       19.14       20.10       21.07       22.05       23.03       24.02       25.01       26.00       27.00    
        28.00       28.99       29.99       30.99       31.99       32.99       33.99       34.99       35.99       36.99    
        37.99       38.99       39.99       40.99       41.99       42.99       43.99       44.99       45.99       46.99    
        47.99       48.99       49.99       50.99       51.99       52.99       53.99       54.99       55.99       56.99    
        57.99       58.99       59.99       60.99       61.99       62.99       63.99       64.99       65.99       66.99    
        67.99       68.99       69.99       70.99       71.99       72.99       73.99       74.99       75.99       76.99    
        77.99       78.99       79.99       80.99       81.99       82.99       83.99       84.99       85.99       86.99    
        87.99       88.99       89.99       90.99       91.99       92.99       93.99       94.99       95.99       96.99    
        97.99       98.99       99.99       101.0       102.0       103.0       104.0       105.0       106.0       107.0    
1
  HEAD IN LAYER  10 AT END OF TIME STEP   1 IN STRESS PERIOD    4
  ---------------------------------------------------------------------------

 ........................................................................................................................................................................................................................................................................................................................................................................................................................................................................................................................................................................................................................................................................................................................................................................................................................................................................................................................................................................................................................................
   1    11.89       12.04       12.35       12.80       13.36       14.02       14.76       15.56       16.41       17.30    
        18.22       19.16       20.11       21.08       22.05       23.04       24.02       25.01       26.01       27.00    
        28.00       28.99       29.99       30.99       31.99       32.99       33.99       34.99       35.99       36.99    
        37.99       38.99       39.99       40.99       41.99       42.99       43.99       44.99       45.99       46.99    
        47.99       48.99       49.99       50.99       51.99       52.99       53.99       54.99       55.99       56.99    
        57.99       58.99       59.99       60.99       61.99       62.99       63.99       64.99       65.99       66.99    
        67.99       68.99       69.99       70.99       71.99       72.99       73.99       74.99       75.99       76.99    
        77.99       78.99       79.99       80.99       81.99       82.99       83.99       84.99       85.99       86.99    
        87.99       88.99       89.99       90.99       91.99       92.99       93.99       94.99       95.99       96.99    
        97.99       98.99       99.99       101.0       102.0       103.0       104.0       105.0       106.0       107.0    


  VOLUME BUDGET FOR ENTIRE MODEL AT END OF TIME STEP    1, STRESS PERIOD   4
  ---------------------------------------------------------------------------------------------------

     CUMULATIVE VOLUME      L**3       RATES FOR THIS TIME STEP      L**3/T          PACKAGE NAME    
     ------------------                 ------------------------                     ----------------

           IN:                                      IN:
           ---                                      ---
                 WEL =      158000.0000                   WEL =        1000.0000     WEL_0                            
                 CHD =           0.0000                   CHD =           0.0000     CHD_0                            

            TOTAL IN =      158000.0000              TOTAL IN =        1000.0000

          OUT:                                     OUT:
          ----                                     ----
                 WEL =           0.0000                   WEL =           0.0000     WEL_0                            
                 CHD =      157999.1665                   CHD =         999.9952     CHD_0                            

           TOTAL OUT =      157999.1665             TOTAL OUT =         999.9952

            IN - OUT =           0.8335              IN - OUT =       4.7883E-03

 PERCENT DISCREPANCY =           0.00     PERCENT DISCREPANCY =           0.00




         TIME SUMMARY AT END OF TIME STEP    1 IN STRESS PERIOD    4
                          TIME STEP LENGTH =    100.000    
                        STRESS PERIOD TIME =    100.000    
                     TOTAL SIMULATION TIME =    158.000    

end timestep


start timestep kper="5" kstp="1" mode="normal"

1
  HEAD IN LAYER   1 AT END OF TIME STEP   1 IN STRESS PERIOD    5
  ---------------------------------------------------------------------------

 ........................................................................................................................................................................................................................................................................................................................................................................................................................................................................................................................................................................................................................................................................................................................................................................................................................................................................................................................................................................................................................................
   1   -2.000       3.052       6.180       8.429       10.22       11.74       13.10       14.35       15.53       16.65    
        17.74       18.81       19.86       20.89       21.92       22.94       23.95       24.96       25.97       26.97    
        27.98       28.98       29.98       30.98       31.98       32.98       33.98       34.98       35.99       36.99    
        37.99       38.99       39.99       40.99       41.99       42.99       43.99       44.99       45.99       46.99    
        47.99       48.99       49.99       50.99       51.99       52.99       53.99       54.99       55.99       56.99    
        57.99       58.99       59.99       60.99       61.99       62.99       63.99       64.99       65.99       66.99    
        67.99       68.99       69.99       70.99       71.99       72.99       73.99       74.99       75.99       76.99    
        77.99       78.99       79.99       80.99       81.99       82.99       83.99       84.99       85.99       86.99    
        87.99       88.99       89.99       90.99       91.99       92.99       93.99       94.99       95.99       96.99    
        97.99       98.99       99.99       101.0       102.0       103.0       104.0       105.0       106.0       107.0    
1
  HEAD IN LAYER   2 AT END OF TIME STEP   1 IN STRESS PERIOD    5
  ---------------------------------------------------------------------------

 ........................................................................................................................................................................................................................................................................................................................................................................................................................................................................................................................................................................................................................................................................................................................................................................................................................................................................................................................................................................................................................................
   1    2.948       4.977       7.059       8.889       10.49       11.91       13.21       14.42       15.58       16.69    
        17.77       18.83       19.87       20.90       21.92       22.94       23.95       24.96       25.97       26.97    
        27.98       28.98       29.98       30.98       31.98       32.98       33.98       34.99       35.99       36.99    
        37.99       38.99       39.99       40.99       41.99       42.99       43.99       44.99       45.99       46.99    
        47.99       48.99       49.99       50.99       51.99       52.99       53.99       54.99       55.99       56.99    
        57.99       58.99       59.99       60.99       61.99       62.99       63.99       64.99       65.99       66.99    
        67.99       68.99       69.99       70.99       71.99       72.99       73.99       74.99       75.99       76.99    
        77.99       78.99       79.99       80.99       81.99       82.99       83.99       84.99       85.99       86.99    
        87.99       88.99       89.99       90.99       91.99       92.99       93.99       94.99       95.99       96.99    
        97.99       98.99       99.99       101.0       102.0       103.0       104.0       105.0       106.0       107.0    
1
  HEAD IN LAYER   3 AT END OF TIME STEP   1 IN STRESS PERIOD    5
  ---------------------------------------------------------------------------

 ........................................................................................................................................................................................................................................................................................................................................................................................................................................................................................................................................................................................................................................................................................................................................................................................................................................................................................................................................................................................................................................
   1    5.866       6.849       8.190       9.582       10.92       12.20       13.40       14.56       15.67       16.76    
        17.82       18.86       19.90       20.92       21.94       22.95       23.96       24.97       25.97       26.98    
        27.98       28.98       29.98       30.98       31.98       32.98       33.98       34.99       35.99       36.99    
        37.99       38.99       39.99       40.99       41.99       42.99       43.99       44.99       45.99       46.99    
        47.99       48.99       49.99       50.99       51.99       52.99       53.99       54.99       55.99       56.99    
        57.99       58.99       59.99       60.99       61.99       62.99       63.99       64.99       65.99       66.99    
        67.99       68.99       69.99       70.99       71.99       72.99       73.99       74.99       75.99       76.99    
        77.99       78.99       79.99       80.99       81.99       82.99       83.99       84.99       85.99       86.99    
        87.99       88.99       89.99       90.99       91.99       92.99       93.99       94.99       95.99       96.99    
        97.99       98.99       99.99       101.0       102.0       103.0       104.0       105.0       106.0       107.0    
1
  HEAD IN LAYER   4 AT END OF TIME STEP   1 IN STRESS PERIOD    5
  ---------------------------------------------------------------------------

 ........................................................................................................................................................................................................................................................................................................................................................................................................................................................................................................................................................................................................................................................................................................................................................................................................................................................................................................................................................................................................................................
   1    7.800       8.365       9.268       10.33       11.43       12.55       13.65       14.73       15.79       16.84    
        17.88       18.91       19.93       20.94       21.96       22.96       23.97       24.97       25.98       26.98    
        27.98       28.98       29.98       30.98       31.98       32.99       33.99       34.99       35.99       36.99    
        37.99       38.99       39.99       40.99       41.99       42.99       43.99       44.99       45.99       46.99    
        47.99       48.99       49.99       50.99       51.99       52.99       53.99       54.99       55.99       56.99    
        57.99       58.99       59.99       60.99       61.99       62.99       63.99       64.99       65.99       66.99    
        67.99       68.99       69.99       70.99       71.99       72.99       73.99       74.99       75.99       76.99    
        77.99       78.99       79.99       80.99       81.99       82.99       83.99       84.99       85.99       86.99    
        87.99       88.99       89.99       90.99       91.99       92.99       93.99       94.99       95.99       96.99    
        97.99       98.99       99.99       101.0       102.0       103.0       104.0       105.0       106.0       107.0    
1
  HEAD IN LAYER   5 AT END OF TIME STEP   1 IN STRESS PERIOD    5
  ---------------------------------------------------------------------------

 ........................................................................................................................................................................................................................................................................................................................................................................................................................................................................................................................................................................................................................................................................................................................................................................................................................................................................................................................................................................................................................................
   1    9.170       9.542       10.19       11.02       11.94       12.92       13.91       14.92       15.93       16.94    
        17.95       18.96       19.97       20.97       21.98       22.98       23.98       24.98       25.98       26.98    
        27.98       28.98       29.99       30.99       31.99       32.99       33.99       34.99       35.99       36.99    
        37.99       38.99       39.99       40.99       41.99       42.99       43.99       44.99       45.99       46.99    
        47.99       48.99       49.99       50.99       51.99       52.99       53.99       54.99       55.99       56.99    
        57.99       58.99       59.99       60.99       61.99       62.99       63.99       64.99       65.99       66.99    
        67.99       68.99       69.99       70.99       71.99       72.99       73.99       74.99       75.99       76.99    
        77.99       78.99       79.99       80.99       81.99       82.99       83.99       84.99       85.99       86.99    
        87.99       88.99       89.99       90.99       91.99       92.99       93.99       94.99       95.99       96.99    
        97.99       98.99       99.99       101.0       102.0       103.0       104.0       105.0       106.0       107.0    
1
  HEAD IN LAYER   6 AT END OF TIME STEP   1 IN STRESS PERIOD    5
  ---------------------------------------------------------------------------

 ........................................................................................................................................................................................................................................................................................................................................................................................................................................................................................................................................................................................................................................................................................................................................................................................................................................................................................................................................................................................................................................
   1    10.17       10.44       10.94       11.61       12.40       13.26       14.17       15.11       16.07       17.05    
        18.03       19.02       20.01       21.00       22.00       22.99       23.99       24.99       25.99       26.99    
        27.99       28.99       29.99       30.99       31.99       32.99       33.99       34.99       35.99       36.99    
        37.99       38.99       39.99       40.99       41.99       42.99       43.99       44.99       45.99       46.99    
        47.99       48.99       49.99       50.99       51.99       52.99       53.99       54.99       55.99       56.99    
        57.99       58.99       59.99       60.99       61.99       62.99       63.99       64.99       65.99       66.99    
        67.99       68.99       69.99       70.99       71.99       72.99       73.99       74.99       75.99       76.99    
        77.99       78.99       79.99       80.99       81.99       82.99       83.99       84.99       85.99       86.99    
        87.99       88.99       89.99       90.99       91.99       92.99       93.99       94.99       95.99       96.99    
        97.99       98.99       99.99       101.0       102.0       103.0       104.0       105.0       106.0       107.0    
1
  HEAD IN LAYER   7 AT END OF TIME STEP   1 IN STRESS PERIOD    5
  ---------------------------------------------------------------------------

 ........................................................................................................................................................................................................................................................................................................................................................................................................................................................................................................................................................................................................................................................................................................................................................................................................................................................................................................................................................................................................................................
   1    10.89       11.11       11.52       12.09       12.78       13.55       14.39       15.28       16.20       17.14    
        18.10       19.07       20.05       21.03       22.02       23.01       24.00       25.00       26.00       26.99    
        27.99       28.99       29.99       30.99       31.99       32.99       33.99       34.99       35.99       36.99    
        37.99       38.99       39.99       40.99       41.99       42.99       43.99       44.99       45.99       46.99    
        47.99       48.99       49.99       50.99       51.99       52.99       53.99       54.99       55.99       56.99    
        57.99       58.99       59.99       60.99       61.99       62.99       63.99       64.99       65.99       66.99    
        67.99       68.99       69.99       70.99       71.99       72.99       73.99       74.99       75.99       76.99    
        77.99       78.99       79.99       80.99       81.99       82.99       83.99       84.99       85.99       86.99    
        87.99       88.99       89.99       90.99       91.99       92.99       93.99       94.99       95.99       96.99    
        97.99       98.99       99.99       101.0       102.0       103.0       104.0       105.0       106.0       107.0    
1
  HEAD IN LAYER   8 AT END OF TIME STEP   1 IN STRESS PERIOD    5
  ---------------------------------------------------------------------------

 ........................................................................................................................................................................................................................................................................................................................................................................................................................................................................................................................................................................................................................................................................................................................................................................................................................................................................................................................................................................................................................................
   1    11.40       11.59       11.94       12.44       13.07       13.78       14.57       15.42       16.30       17.22    
        18.16       19.11       20.08       21.05       22.03       23.02       24.01       25.01       26.00       27.00    
        27.99       28.99       29.99       30.99       31.99       32.99       33.99       34.99       35.99       36.99    
        37.99       38.99       39.99       40.99       41.99       42.99       43.99       44.99       45.99       46.99    
        47.99       48.99       49.99       50.99       51.99       52.99       53.99       54.99       55.99       56.99    
        57.99       58.99       59.99       60.99       61.99       62.99       63.99       64.99       65.99       66.99    
        67.99       68.99       69.99       70.99       71.99       72.99       73.99       74.99       75.99       76.99    
        77.99       78.99       79.99       80.99       81.99       82.99       83.99       84.99       85.99       86.99    
        87.99       88.99       89.99       90.99       91.99       92.99       93.99       94.99       95.99       96.99    
        97.99       98.99       99.99       101.0       102.0       103.0       104.0       105.0       106.0       107.0    
1
  HEAD IN LAYER   9 AT END OF TIME STEP   1 IN STRESS PERIOD    5
  ---------------------------------------------------------------------------

 ........................................................................................................................................................................................................................................................................................................................................................................................................................................................................................................................................................................................................................................................................................................................................................................................................................................................................................................................................................................................................................................
   1    11.73       11.89       12.22       12.68       13.26       13.94       14.69       15.51       16.37       17.27    
        18.20       19.14       20.10       21.07       22.05       23.03       24.02       25.01       26.00       27.00    
        28.00       28.99       29.99       30.99       31.99       32.99       33.99       34.99       35.99       36.99    
        37.99       38.99       39.99       40.99       41.99       42.99       43.99       44.99       45.99       46.99    
        47.99       48.99       49.99       50.99       51.99       52.99       53.99       54.99       55.99       56.99    
        57.99       58.99       59.99       60.99       61.99       62.99       63.99       64.99       65.99       66.99    
        67.99       68.99       69.99       70.99       71.99       72.99       73.99       74.99       75.99       76.99    
        77.99       78.99       79.99       80.99       81.99       82.99       83.99       84.99       85.99       86.99    
        87.99       88.99       89.99       90.99       91.99       92.99       93.99       94.99       95.99       96.99    
        97.99       98.99       99.99       101.0       102.0       103.0       104.0       105.0       106.0       107.0    
1
  HEAD IN LAYER  10 AT END OF TIME STEP   1 IN STRESS PERIOD    5
  ---------------------------------------------------------------------------

 ........................................................................................................................................................................................................................................................................................................................................................................................................................................................................................................................................................................................................................................................................................................................................................................................................................................................................................................................................................................................................................................
   1    11.89       12.04       12.35       12.80       13.36       14.02       14.76       15.56       16.41       17.30    
        18.22       19.16       20.11       21.08       22.05       23.04       24.02       25.01       26.01       27.00    
        28.00       28.99       29.99       30.99       31.99       32.99       33.99       34.99       35.99       36.99    
        37.99       38.99       39.99       40.99       41.99       42.99       43.99       44.99       45.99       46.99    
        47.99       48.99       49.99       50.99       51.99       52.99       53.99       54.99       55.99       56.99    
        57.99       58.99       59.99       60.99       61.99       62.99       63.99       64.99       65.99       66.99    
        67.99       68.99       69.99       70.99       71.99       72.99       73.99       74.99       75.99       76.99    
        77.99       78.99       79.99       80.99       81.99       82.99       83.99       84.99       85.99       86.99    
        87.99       88.99       89.99       90.99       91.99       92.99       93.99       94.99       95.99       96.99    
        97.99       98.99       99.99       101.0       102.0       103.0       104.0       105.0       106.0       107.0    


  VOLUME BUDGET FOR ENTIRE MODEL AT END OF TIME STEP    1, STRESS PERIOD   5
  ---------------------------------------------------------------------------------------------------

     CUMULATIVE VOLUME      L**3       RATES FOR THIS TIME STEP      L**3/T          PACKAGE NAME    
     ------------------                 ------------------------                     ----------------

           IN:                                      IN:
           ---                                      ---
                 WEL =      523000.0000                   WEL =        1000.0000     WEL_0                            
                 CHD =           0.0000                   CHD =           0.0000     CHD_0                            

            TOTAL IN =      523000.0000              TOTAL IN =        1000.0000

          OUT:                                     OUT:
          ----                                     ----
                 WEL =           0.0000                   WEL =           0.0000     WEL_0                            
                 CHD =      522997.6267                   CHD =         999.9958     CHD_0                            

           TOTAL OUT =      522997.6267             TOTAL OUT =         999.9958

            IN - OUT =           2.3733              IN - OUT =       4.2187E-03

 PERCENT DISCREPANCY =           0.00     PERCENT DISCREPANCY =           0.00




         TIME SUMMARY AT END OF TIME STEP    1 IN STRESS PERIOD    5
                          TIME STEP LENGTH =    365.000    
                        STRESS PERIOD TIME =    365.000    
                     TOTAL SIMULATION TIME =    523.000    

end timestep

