       1.55945508       1.56567669       1.57307164       1.57818174       1.57318163       1.55136506       1.51647170       1.44252666       1.45814832       1.51422167       1.58669837       1.66476663       1.69173161       1.70025174       1.69555171       1.70288006       1.74344174       1.77500502       1.80461995       1.83385340
       1.67974838       1.33144999       1.56803338       1.70502837       1.69938835       1.70942672       1.73670340       1.75175667       1.75146325       1.74931335       1.75464662       1.75636498       1.76102336       1.77482494       1.78532171       1.78148826       1.78071499       1.78618336       1.78491831       1.79110829
       1.79258506       1.78945160       1.78501336       1.78674173       1.78412835       1.78437996       1.78808339       1.79150327       1.78913498       1.78505325       1.78127337       1.78499826       1.79015334       1.79470332       1.80207825       1.80664666       1.80734332       1.80755170       1.81356668       1.82360331
       1.83327500       1.83186165       1.82759507       1.82912159       1.82368835       1.81138500       1.80673329       1.80309327       1.79971838       1.80128002       1.80690670       1.80475171       1.81331825       1.82351669       1.83026505       1.83808168       1.85976664       1.81466007       1.80868832       1.82120673
       1.82708168       1.82877827       1.83721670       1.85120662       1.81936836       1.82053836       1.87332996       1.88072840       1.86495670       1.82673327       1.80971162       1.77725999       1.76391506       1.76859172       1.78030666       1.78390503       1.74040667       1.73799674       1.72376998       1.71532996
       1.72964493       1.71883170       1.72226334       1.71530835       1.71737671       1.71359332       1.70802164       1.70108668       1.70015494       1.67038504       1.65606833       1.66095670       1.66196839       1.65981340       1.66424338       1.67466497       1.63559500       1.78854497       1.84489171       1.68921836
       1.87849840       1.82505163       1.66497660       1.67122332       1.65427828       1.65424665       1.64863507       1.64414501       1.63964828       1.63807503       1.62675174       1.63060172       1.63103994       1.63739665       1.63142665       1.63584328       1.63782994       1.70470333       1.61283334       1.59539000
       1.59108162       1.58239667       1.58249505       1.61145004       1.61742163       1.61042166       1.60901006       1.60533667       1.59252993       1.58534670       1.58203840
       1.56350994       1.56003332       1.56392829       1.56980340       1.56360674       1.54249334       1.52938334       1.51847506       1.46996673       1.45539999       1.56091007       1.63074160       1.67948834       1.69710827       1.70842838       1.70346673       1.72565826       1.76033004       1.78602839       1.81560008
       1.82120498       1.48809338       1.40686671       1.67531999       1.70034997       1.69544331       1.72107665       1.73898331       1.74669663       1.75066996       1.75352494       1.76013660       1.76633501       1.77228006       1.77743340       1.78144836       1.77962669       1.77460496       1.77551333       1.78653495
       1.78866005       1.78527006       1.78398832       1.78626506       1.78596830       1.78864336       1.78876162       1.78548495       1.77930005       1.77943659       1.78710667       1.79192336       1.78864495       1.78739993       1.78823996       1.78969336       1.79573170       1.80595827       1.81440337       1.82229996
       1.82107830       1.82311996       1.83003998       1.82687171       1.81656504       1.80717166       1.80303160       1.80360492       1.80933173       1.81318839       1.80170170       1.80440172       1.82857672       1.84554672       1.84626500       1.81819328       1.83156172       1.85343663       1.81567335       1.81784169
       1.81759834       1.82127333       1.82991505       1.80954504       1.81973330       1.82909664       1.85802492       1.86056836       1.83383671       1.82469161       1.78645992       1.78180997       1.75822830       1.75294161       1.75749334       1.76353836       1.75448497       1.72726170       1.72296667       1.71347666
       1.70662498       1.71564500       1.73809163       1.72389666       1.71040503       1.71914673       1.71721840       1.69761006       1.68364827       1.68174839       1.65503836       1.65678660       1.65775172       1.66870673       1.66429504       1.63053672       1.76022339       1.84354496       1.80016994       1.75578833
       1.90904172       1.75020663       1.65836668       1.65260331       1.64408159       1.64652507       1.64528163       1.64273993       1.62708505       1.62582159       1.63212840       1.61514664       1.61285671       1.63267660       1.62846009       1.61823161       1.62482834       1.65133333       1.62256002       1.63090165
       1.60430670       1.58047342       1.58489672       1.58779160       1.61455170       1.61205339       1.60550165       1.60554997       1.59011666       1.58623330       1.58002837
       1.56320000       1.56491995       1.56500673       1.55696503       1.54067659       1.51956828       1.51255496       1.51754506       1.51898162       1.47476832       1.45904668       1.58815670       1.65369670       1.68383169       1.69952997       1.69476334       1.70004829       1.74083169       1.76703993       1.79603831
       1.82831001       1.72853994       1.31957833       1.57072830       1.72594007       1.69444831       1.70369498       1.72149340       1.74220832       1.75697168       1.75536664       1.75720994       1.76019494       1.76615826       1.77906672       1.77690331       1.76901499       1.76643165       1.77697007       1.78227997
       1.78066667       1.78257497       1.78444163       1.78685999       1.78853830       1.78184668       1.77880001       1.77888997       1.77753162       1.78166167       1.78771003       1.78605334       1.78083992       1.77572505       1.77722168       1.78321171       1.79264164       1.80029504       1.80749162       1.81007830
       1.81343174       1.82169501       1.82391008       1.81549168       1.80933173       1.80870326       1.80747000       1.80968507       1.80755838       1.79770501       1.80086994       1.82700332       1.83347670       1.83020337       1.81227668       1.82661168       1.79844173       1.82384666       1.85368840       1.82876666
       1.82148504       1.83827829       1.82204326       1.86381674       1.86162170       1.84752830       1.86240005       1.85834837       1.82613325       1.80079508       1.76903995       1.76330996       1.76192999       1.75264327       1.74665674       1.74715662       1.74615002       1.76239999       1.71616507       1.71466827
       1.72631502       1.74784835       1.73052502       1.70788161       1.70652008       1.70751492       1.71948338       1.70445665       1.68704828       1.68357499       1.65806834       1.65611998       1.66137330       1.66467508       1.63198662       1.74094168       1.84288836       1.84100167       1.68015162       1.94313669
       1.85943158       1.66701333       1.66646671       1.63543336       1.63861831       1.64030997       1.63442659       1.62602329       1.62380505       1.62212165       1.61957661       1.59402339       1.59279664       1.61964830       1.62482166       1.61083333       1.61355162       1.60908667       1.60538165       1.62051837
       1.61718829       1.60079495       1.57484007       1.57503160       1.59905005       1.61207326       1.61387332       1.60066160       1.58716504       1.58427668       1.57314841
       1.55866337       1.55988503       1.56227493       1.55061992       1.52326171       1.50535170       1.50193326       1.50417503       1.50304826       1.51777665       1.46207841       1.52969503       1.61858336       1.65866995       1.68790340       1.69565996       1.68781837       1.71567170       1.74753332       1.77169005
       1.80368996       1.82556836       1.52744500       1.38615831       1.65636174       1.70568832       1.69986327       1.71110503       1.73742326       1.75073163       1.74834840       1.75074498       1.75426340       1.75791995       1.75499837       1.75612005       1.76462666       1.77172168       1.77705336       1.77395837
       1.77959506       1.78543997       1.78205840       1.78465160       1.78200674       1.77540159       1.77438164       1.77670829       1.78111172       1.78160000       1.77595838       1.77390162       1.77334325       1.76929998       1.77494494       1.78418827       1.78960339       1.79659494       1.80163336       1.80285501
       1.80480496       1.80988328       1.81061331       1.80700000       1.80620003       1.81344000       1.81800667       1.81429338       1.79869334       1.79795663       1.83085171       1.82683166       1.81780497       1.79253499       1.79808505       1.82436005       1.81638670       1.79603672       1.81936836       1.85721175
       1.84153001       1.86611668       1.84198999       1.86692667       1.87181664       1.86449337       1.83603827       1.81723833       1.80907504       1.78332170       1.77435335       1.76642497       1.76412169       1.76666832       1.75551494       1.74890169       1.74905507       1.74985663       1.74401840       1.71916008
       1.75638501       1.73523998       1.71963994       1.70838340       1.70592499       1.71864494       1.71837838       1.71263504       1.69173161       1.67692661       1.65764507       1.64399497       1.65017335       1.63903840       1.73691495       1.84743834       1.85134999       1.73908997       1.78111998       1.91180674
       1.78718996       1.63871670       1.65607325       1.64634005       1.64476172       1.63968341       1.63070663       1.62086503       1.61771170       1.62125492       1.60678005       1.61760505       1.58989000       1.60375500       1.61112833       1.59485674       1.59316667       1.59596332       1.60148160       1.60349003
       1.61965831       1.60408338       1.58530505       1.58021673       1.57526334       1.60834837       1.61305491       1.60112000       1.58741665       1.57978328       1.56016827
       1.56621663       1.56242673       1.56127326       1.55824502       1.54084826       1.51372830       1.49466340       1.48749336       1.48719168       1.50099834       1.52245665       1.45422665       1.58868329       1.63121668       1.67023341       1.68989007       1.69519504       1.69685666       1.71938833       1.75102838
       1.78102334       1.81263336       1.75961002       1.38219833       1.47391494       1.68083509       1.70265166       1.70817327       1.72493505       1.73807160       1.74374835       1.74813827       1.75337331       1.74671173       1.74636666       1.75534836       1.76439826       1.76780335       1.76901007       1.77519830
       1.78338496       1.77915001       1.77442837       1.77641503       1.77336661       1.77381833       1.77459494       1.77596839       1.77428834       1.77546835       1.77049160       1.76992162       1.76465336       1.76463000       1.77248335       1.78071006       1.78319661       1.78971004       1.79516506       1.79418659
       1.79255168       1.79751333       1.80107498       1.80503829       1.81110160       1.81901328       1.81611331       1.81020339       1.80227168       1.83028666       1.82222493       1.81519159       1.79807838       1.78622166       1.80901829       1.81659508       1.81201331       1.81291008       1.79700661       1.81782007
       1.85430670       1.86114502       1.88879172       1.85118834       1.86343670       1.86400668       1.81328837       1.80312506       1.79398505       1.78016996       1.76742172       1.76770163       1.76566839       1.75601673       1.76979494       1.76582670       1.76994673       1.73437166       1.72547833       1.75478840
       1.71828000       1.70624828       1.71524668       1.71871169       1.71421337       1.71642494       1.74082661       1.73677826       1.70310831       1.68015830       1.66981999       1.65590827       1.62229331       1.71983004       1.85425663       1.86086496       1.77125835       1.65204827       1.90578667       1.87535493
       1.68390671       1.65123828       1.64703671       1.64027500       1.63570340       1.65085665       1.63706001       1.62372494       1.63068835       1.61986001       1.61498340       1.61535327       1.62420670       1.59658829       1.60155169       1.59429836       1.58989159       1.59803502       1.60428508       1.60765171
       1.60933828       1.60380999       1.61102168       1.59455665       1.58300495       1.59188827       1.61391830       1.60278002       1.57496166       1.56322336       1.60009003
       1.57924000       1.57413165       1.57102998       1.56900835       1.56467326       1.55145502       1.53588835       1.51961835       1.50191339       1.49900834       1.51476494       1.46436659       1.57397668       1.61765337       1.65703996       1.68255329       1.70093664       1.70128663       1.70141999       1.72716506
       1.75952005       1.79340331       1.81557004       1.65384499       1.34436671       1.57302999       1.72724994       1.71555662       1.72264163       1.73573160       1.74322494       1.74964666       1.74395672       1.74775505       1.74749835       1.74927330       1.75890001       1.76409499       1.77055995       1.77548170
       1.76956828       1.76935498       1.76914835       1.76709000       1.76541503       1.76842674       1.77348169       1.77036492       1.76548004       1.76864338       1.77112341       1.76680994       1.76013501       1.76087666       1.76866500       1.77136326       1.77653503       1.77818664       1.77879826       1.77887170
       1.78643497       1.78808006       1.79253006       1.80028168       1.81734832       1.81989829       1.81316996       1.81595834       1.83341662       1.81544161       1.80771001       1.80039994       1.80159505       1.80079174       1.80330674       1.80018330       1.80354341       1.80194664       1.80748002       1.79687166
       1.81379668       1.85624504       1.83926328       1.83717664       1.85949341       1.82658497       1.79196501       1.79195340       1.78480339       1.76524671       1.76830832       1.78281832       1.76935832       1.78352340       1.80549335       1.80877829       1.76445500       1.73710505       1.75716829       1.72637494
       1.71586831       1.71129831       1.70345163       1.71336842       1.70838833       1.72776826       1.71654002       1.80889336       1.70600669       1.69354169       1.67352168       1.64354340       1.70401160       1.85922162       1.86955500       1.77377494       1.70250161       1.74008004       1.91248830       1.83521001
       1.68562492       1.65292168       1.65270503       1.63608996       1.62480338       1.62440999       1.63777161       1.64442174       1.62803332       1.60761833       1.61840169       1.62048499       1.63632997       1.59243329       1.60856660       1.60362164       1.59618839       1.59973160       1.59790993       1.61418660
       1.64042997       1.60771004       1.61236827       1.59087165       1.57526827       1.58108997       1.58844995       1.57065169       1.61051003       1.62768841       1.60048501
       1.58570496       1.58610328       1.58751329       1.58891169       1.58627001       1.57910999       1.56857665       1.55489508       1.53581667       1.50563335       1.46970336       1.47309160       1.57929007       1.60691341       1.63671494       1.67245499       1.69607671       1.70685005       1.69676161       1.71159506
       1.73947827       1.76478338       1.79167827       1.79624160       1.49935834       1.41226832       1.65640338       1.73535665       1.73266840       1.73412832       1.74097331       1.74523004       1.74654007       1.74877167       1.74726661       1.74832169       1.75624005       1.76168331       1.76763328       1.76708508
       1.76812331       1.76288335       1.75892496       1.75615835       1.76134841       1.76272662       1.76453336       1.76606830       1.76567507       1.76706839       1.76191839       1.76519839       1.76410659       1.76072995       1.75948334       1.76543172       1.77114169       1.76732159       1.76894331       1.77501504
       1.77588002       1.77842665       1.78725497       1.80118831       1.81229162       1.81507492       1.83278831       1.84100167       1.82534997       1.80703497       1.79808998       1.79886500       1.80323505       1.79755004       1.80278174       1.79827166       1.78718170       1.78941838       1.80112330       1.81245502
       1.79623493       1.81185325       1.85914167       1.84353669       1.83717664       1.81445328       1.79757833       1.79118665       1.77776337       1.77123165       1.80345170       1.80156994       1.79662832       1.81307840       1.81335831       1.81977002       1.77582995       1.74833330       1.73380327       1.72309828
       1.71797498       1.72035996       1.70332336       1.70066007       1.71003660       1.70343828       1.70289834       1.70584997       1.78383668       1.72026841       1.66653840       1.70227162       1.86665837       1.87967173       1.78219493       1.73218838       1.65196498       1.98822498       1.93205674       1.74184497
       1.67424329       1.64503670       1.64443175       1.63342333       1.62920507       1.62066666       1.62113174       1.62039661       1.62543170       1.61194340       1.61571836       1.62428331       1.62219000       1.62119341       1.60377995       1.60438331       1.59871833       1.59078662       1.59905831       1.61010504
       1.61392498       1.61456331       1.60503006       1.58364503       1.56570498       1.57668670       1.63258330       1.62931999       1.60298173       1.59081666       1.58096329
       1.58292166       1.58269993       1.58509493       1.58679501       1.58504168       1.58663003       1.58470662       1.57438660       1.56089497       1.53887002       1.48119831       1.44958003       1.57285659       1.59700998       1.63055833       1.66741339       1.68659004       1.70223331       1.70162662       1.70316505
       1.71994162       1.73397668       1.74790335       1.77175506       1.72995329       1.34416993       1.45883497       1.71226168       1.73045667       1.71397495       1.71950499       1.74030002       1.74833663       1.74652163       1.74893506       1.75056998       1.75127172       1.75512838       1.76438173       1.77317158
       1.77122005       1.75573333       1.75175174       1.75677331       1.75934172       1.75532500       1.75776005       1.76343664       1.76712338       1.75846004       1.75701332       1.76424170       1.76657168       1.75722329       1.75391340       1.75870498       1.75770505       1.76206001       1.76647329       1.76691659
       1.76609500       1.77692175       1.79016670       1.79451497       1.80285168       1.84156672       1.84757837       1.83263826       1.81337500       1.80642827       1.80128002       1.80488332       1.80598497       1.79825338       1.79505666       1.78638840       1.78220495       1.78946002       1.79658333       1.80580171
       1.81414159       1.79699341       1.81105328       1.85973326       1.84527334       1.83793004       1.80895837       1.80143499       1.79666662       1.79307334       1.81198835       1.81204828       1.81172339       1.81434838       1.83932161       1.79704173       1.79204496       1.77930832       1.77306493       1.73116493
       1.72897673       1.72869841       1.72976335       1.71586831       1.70710500       1.70497672       1.70085669       1.70195834       1.72089831       1.74623664       1.67153327       1.86739333       1.88911327       1.80627505       1.76671839       1.67123175       1.85232496       1.99928331       1.86128998       1.65454674
       1.64536826       1.63205338       1.63809506       1.64979998       1.61952670       1.62135839       1.62067334       1.62876495       1.61877171       1.62071006       1.63300339       1.61703507       1.62463172       1.63418007       1.60718664       1.60117006       1.58240159       1.58442831       1.59837341       1.60628494
       1.60141166       1.60056003       1.59779660       1.58019829       1.62038994       1.62821166       1.59855493       1.58033164       1.56954336       1.57152335       1.56197993
       1.58775330       1.58272839       1.58555174       1.58847507       1.58986171       1.58592494       1.58600505       1.59689665       1.58989493       1.55815665       1.50438341       1.44342836       1.58926503       1.61108160       1.63952827       1.67140834       1.69377661       1.70635494       1.71351337       1.71313667
       1.71080494       1.71243334       1.72238000       1.73614836       1.76354504       1.62394842       1.26710836       1.53107993       1.74442005       1.72545338       1.72417164       1.73387829       1.74126339       1.74474669       1.73831161       1.73565833       1.74756002       1.75746838       1.76399167       1.77154160
       1.76726659       1.75942834       1.76047993       1.76247994       1.75944996       1.75687997       1.75617663       1.76230669       1.76291831       1.76113335       1.76357667       1.75996494       1.76020336       1.75550493       1.75379499       1.74789174       1.74782340       1.75513665       1.76154661       1.76552169
       1.77187506       1.78161828       1.77987162       1.78750674       1.83188502       1.84785668       1.83156506       1.82012494       1.81634331       1.80373828       1.80219825       1.80439663       1.80457338       1.78448661       1.77941831       1.78675493       1.78923496       1.78667498       1.79171006       1.80151161
       1.79847161       1.80550671       1.80994670       1.82896503       1.85394669       1.84316667       1.82155005       1.81096506       1.84700171       1.79736662       1.81030162       1.82141670       1.78866498       1.75884835       1.80560160       1.81106329       1.77867174       1.78758160       1.76621660       1.75098674
       1.73350668       1.73688507       1.73855829       1.71543169       1.71278334       1.72331492       1.72150326       1.72124163       1.73599831       1.68756008       1.86101007       1.89984671       1.83170827       1.73742167       1.74005826       1.74325498       1.98578835       1.95228831       1.81403669       1.61597331
       1.64385001       1.63978163       1.64715672       1.69153833       1.62770494       1.63229338       1.62915325       1.62515338       1.62699159       1.62994496       1.62772830       1.61604007       1.62128337       1.61963669       1.61858002       1.61052004       1.60437171       1.58648173       1.58864164       1.60169840
       1.59333499       1.60494502       1.65123669       1.62876161       1.59018660       1.57402992       1.56398169       1.55286503       1.54534499       1.56162326       1.55718168
       1.58852164       1.58142503       1.58578173       1.59531005       1.60075506       1.59879494       1.59132338       1.57892338       1.56584660       1.56573836       1.48925670       1.43608332       1.57623339       1.60993671       1.63092661       1.63375330       1.64368169       1.60908667       1.68989166       1.73336172
       1.73323663       1.72594833       1.72678995       1.72512674       1.73029995       1.78128338       1.49531666       1.30900502       1.70439831       1.74813175       1.74201504       1.73828999       1.74217494       1.73651997       1.73116493       1.73868672       1.75479825       1.75333007       1.74795834       1.75624673
       1.76800998       1.77276659       1.77218008       1.76643833       1.75839504       1.75290998       1.75973336       1.76000834       1.76312335       1.77275674       1.75530672       1.75033506       1.75570663       1.75620000       1.75359996       1.74563169       1.74665674       1.74977160       1.75959333       1.77395662
       1.77572505       1.77415673       1.78431002       1.83427493       1.83526993       1.82141161       1.81853167       1.81351503       1.81394498       1.81013505       1.80340163       1.80105337       1.79468171       1.77277168       1.77507003       1.78571494       1.78707170       1.79022837       1.79179827       1.79528507
       1.78862667       1.79215161       1.80423832       1.80508836       1.83074331       1.84375493       1.83216159       1.81882668       1.88652833       1.81798172       1.78745667       1.78243001       1.77022664       1.75827837       1.76248662       1.85271502       1.87063328       1.81279659       1.79598840       1.77557500
       1.74753666       1.73553673       1.72310336       1.72282664       1.71776168       1.72367668       1.72263670       1.74738328       1.68638500       1.85060835       1.91240994       1.85002661       1.77974669       1.76008828       1.69407336       2.01706505       2.05986007       1.92738994       1.70506493       1.60784165
       1.61139329       1.62255669       1.63347165       1.63811493       1.64111169       1.63004001       1.63009834       1.63381497       1.63171164       1.61678330       1.61151997       1.60845168       1.60026169       1.61949507       1.62121503       1.61016496       1.60336161       1.60530996       1.59699837       1.60823329
       1.64845165       1.64689159       1.60750500       1.58766174       1.57385000       1.55374002       1.52272002       1.50029008       1.50147661       1.53291162       1.55528831
       1.58448664       1.57327000       1.57939498       1.59159168       1.59890668       1.59810003       1.58852164       1.57581838       1.55167166       1.53375006       1.52364333       1.48426167       1.51417828       1.61695004       1.57317829       1.43121338       1.45531670       1.52088165       1.66167164       1.73189497
       1.72548501       1.71965837       1.71871503       1.72348833       1.74732669       1.79397662       1.69975996       1.34340493       1.52101501       1.72865995       1.74713834       1.74950329       1.75326331       1.74571164       1.74358161       1.75173505       1.75563828       1.75170326       1.74641673       1.75545327
       1.76897001       1.77986495       1.77493159       1.76406829       1.75412830       1.75876331       1.76305660       1.76308505       1.77167336       1.77156003       1.76012675       1.75129334       1.75465997       1.75455840       1.74527995       1.74069007       1.74571498       1.74937836       1.76214170       1.76333332
       1.76313829       1.77996000       1.82193327       1.82429663       1.81526502       1.81158161       1.80652841       1.81186501       1.81580337       1.81882493       1.80659501       1.79390335       1.77706337       1.77219661       1.78795497       1.79677502       1.79963334       1.79730495       1.80245670       1.79082998
       1.78602330       1.79803832       1.79387665       1.77115663       1.78678672       1.80786673       1.83700164       1.83217001       1.83916505       1.78719838       1.78540166       1.79589494       1.80808004       1.77934996       1.78819338       1.87998343       1.92604669       1.83191665       1.80887175       1.79446173
       1.78089825       1.74874671       1.73822832       1.72459507       1.71458673       1.72895002       1.74373166       1.70468839       1.82343833       1.92423328       1.87117497       1.77325169       1.81288163       1.69970496       1.86160501       2.03774993       2.07838662       1.86726173       1.63016160       1.63133001
       1.61003002       1.59718164       1.61817662       1.62446674       1.62070497       1.61630503       1.61178827       1.61283827       1.60254335       1.60303338       1.60051505       1.60544840       1.59627008       1.61165826       1.61368672       1.61635828       1.59663502       1.61078167       1.64702829       1.64105670
       1.62432337       1.60122999       1.59182660       1.58364836       1.55575164       1.51111174       1.46906328       1.43624671       1.45393833       1.48146995       1.51543840
       1.58809837       1.58167505       1.58299828       1.59094826       1.59852330       1.59835005       1.58792671       1.57055171       1.54513327       1.51733494       1.51246007       1.51694504       1.49021006       1.47848161       1.51145840       1.44684664       1.43525664       1.50529671       1.59577004       1.69462331
       1.71203995       1.69818163       1.66292000       1.68801832       1.72891665       1.76506662       1.76534669       1.55964502       1.31608335       1.60922829       1.72679996       1.75084003       1.75379499       1.75193167       1.75725826       1.75343164       1.74926837       1.75628996       1.75855668       1.75721502
       1.76537005       1.77177334       1.77239005       1.76967160       1.76525005       1.76429001       1.76194493       1.76692168       1.77387492       1.76866166       1.76300160       1.75334660       1.75361172       1.74883159       1.74220673       1.74321334       1.75506671       1.75753005       1.74775505       1.74798171
       1.77215338       1.80941995       1.80249166       1.79742829       1.79846668       1.80670166       1.81045500       1.81042830       1.80776167       1.80922508       1.80124664       1.78354502       1.77201668       1.78748830       1.78944333       1.79775174       1.79404672       1.79235999       1.79172659       1.79089340
       1.79309829       1.79562171       1.75735505       1.77983999       1.79050668       1.79072841       1.79680999       1.82945665       1.80576007       1.80582333       1.82019663       1.81042337       1.79419168       1.78955841       1.79200840       1.81904332       1.88674672       1.84373999       1.79140170       1.83453163
       1.81569163       1.75694672       1.74219163       1.72254006       1.71569999       1.74661160       1.73293495       1.78613504       1.93108002       1.89899174       1.78707504       1.79462830       1.78902833       1.68462674       1.97296158       1.97695001       1.93269841       1.80437994       1.65072997       1.65786997
       1.64094671       1.61504332       1.60511160       1.58322334       1.57594999       1.57273499       1.57986673       1.56936502       1.55965837       1.56376664       1.58907493       1.60085503       1.60395495       1.60457007       1.60036341       1.60982164       1.63184007       1.61887836       1.61643839       1.59989166
       1.59889666       1.59015338       1.57578166       1.56254005       1.53495328       1.48550336       1.44364166       1.41568502       1.44292339       1.46074835       1.48807001
       1.58715502       1.58548339       1.59288994       1.60038662       1.60549672       1.60405000       1.59690507       1.58132331       1.56245836       1.53752995       1.51703326       1.51435836       1.52042993       1.52442328       1.45971998       1.39701494       1.42634328       1.45840836       1.51370827       1.61567005
       1.68006007       1.59508832       1.56879330       1.59591341       1.65469329       1.72305171       1.76745494       1.70558325       1.36144336       1.49621169       1.69359668       1.72944498       1.74501006       1.74987666       1.74967003       1.74916999       1.74557336       1.75184663       1.76068163       1.76063840
       1.75890334       1.76640670       1.76973168       1.76762994       1.76485507       1.76494662       1.76657502       1.76800998       1.77655506       1.77184836       1.75899331       1.75205326       1.75351826       1.74721003       1.74573501       1.75399494       1.76235008       1.75224670       1.74414333       1.77006165
       1.79555670       1.79368162       1.78296836       1.78341993       1.79548661       1.81170495       1.81309160       1.80238167       1.79874992       1.79662832       1.78680992       1.78101842       1.79196008       1.79485162       1.79035505       1.78584671       1.78900830       1.78381332       1.78550831       1.79103327
       1.79322831       1.75162331       1.76560831       1.79363839       1.83391666       1.79247506       1.79378335       1.78948832       1.82427661       1.81664006       1.82281335       1.80108500       1.80208333       1.82592169       1.78110838       1.81227160       1.82029835       1.80862840       1.80100838       1.83043337
       1.79336341       1.79555162       1.76089160       1.74555826       1.73403660       1.74980338       1.73912493       1.92953332       1.92011833       1.81002998       1.76960007       1.78164498       1.69875495       1.93171835       1.97987159       1.97348340       1.88045502       1.71194665       1.65994167       1.64324840
       1.65703170       1.64980173       1.64813328       1.62374671       1.57526668       1.57363335       1.52889331       1.52753671       1.52598000       1.51577504       1.52857669       1.57730659       1.59357993       1.59490506       1.63148832       1.61305173       1.59076993       1.60980161       1.59307496       1.56356001
       1.56331507       1.54197502       1.52157338       1.51758003       1.48272498       1.44632006       1.41777007       1.41548173       1.43590339       1.45363331       1.47897498
       1.59031995       1.58727328       1.59146659       1.59962336       1.60496171       1.60580667       1.59754006       1.58581670       1.57744328       1.56467009       1.54566828       1.53376325       1.52948999       1.53519503       1.54672003       1.54703840       1.45488660       1.39508661       1.41702493       1.47602669
       1.58097998       1.52740828       1.50309165       1.50849660       1.55373160       1.62538830       1.69429159       1.70425828       1.42074331       1.48423831       1.64376338       1.68683004       1.73206504       1.74540663       1.75147327       1.74700006       1.74828005       1.75559171       1.75882339       1.75514332
       1.76507998       1.76891168       1.76350498       1.76207002       1.75973670       1.76257833       1.76923005       1.77062003       1.77165174       1.76569335       1.75897503       1.75545994       1.75745503       1.75100835       1.75513172       1.76561340       1.76502339       1.75839170       1.78235006       1.78893995
       1.76999998       1.77495162       1.77164666       1.78718662       1.80514495       1.81495333       1.81004667       1.79879665       1.78944174       1.78072007       1.77340825       1.78909492       1.79444170       1.79311339       1.78676669       1.78556999       1.78098329       1.78486840       1.78971004       1.79091994
       1.74798663       1.75755167       1.78352499       1.78824838       1.80332168       1.79516665       1.77792168       1.76908000       1.77976004       1.81686672       1.80205663       1.79130332       1.80745331       1.80144660       1.77355830       1.79675833       1.79481840       1.78746668       1.80320660       1.82962672
       1.78044001       1.80370172       1.81825829       1.77879000       1.74901994       1.71521664       1.89621671       1.93976831       1.85895332       1.72489993       1.69433832       1.73330005       1.69636170       2.00870164       1.95987670       1.97785330       1.82170169       1.65704838       1.64376163       1.63861163
       1.64532502       1.64730326       1.64668338       1.63774506       1.63196993       1.61634159       1.61532005       1.61744165       1.61529001       1.57899507       1.54064830       1.55949163       1.62330659       1.60943667       1.60099665       1.59859673       1.56867170       1.54332002       1.50666841       1.53997835
       1.51596673       1.48286327       1.46170505       1.44367997       1.42614333       1.41932503       1.40892172       1.41144673       1.43057172       1.46131992       1.50042836
       1.59657160       1.59538507       1.59745836       1.60300159       1.60632340       1.60529168       1.59764671       1.58546829       1.57797670       1.57165162       1.56268835       1.55178499       1.53292831       1.53356330       1.53564835       1.56601826       1.61775001       1.58125337       1.46552340       1.39801168
       1.47099670       1.46983671       1.45863326       1.47439671       1.47240337       1.49879328       1.61238496       1.67763329       1.39419508       1.48844337       1.58544000       1.64418840       1.70635827       1.73658164       1.74885162       1.74038506       1.74497159       1.75851329       1.75864998       1.76169840
       1.76668501       1.75286992       1.75016673       1.76025327       1.75189161       1.75601006       1.76762835       1.75976006       1.75849660       1.75728496       1.75919835       1.75585000       1.75818173       1.76564837       1.77312994       1.77198664       1.77034998       1.79726839       1.79413493       1.76246834
       1.74777667       1.75252326       1.76307837       1.78487508       1.79661004       1.81245995       1.80251169       1.79233837       1.78107166       1.77414163       1.78428841       1.78362004       1.78280163       1.78449170       1.77940830       1.77989499       1.78922002       1.79516331       1.79934835       1.75561841
       1.74839004       1.77703667       1.79346339       1.79601161       1.80289507       1.80838331       1.77073336       1.75846004       1.76182493       1.77164173       1.80541007       1.79616006       1.81693172       1.81552839       1.77604659       1.82255173       1.80491002       1.78866498       1.81487163       1.80174335
       1.78545507       1.79598665       1.76463000       1.76278671       1.72789669       1.82352002       1.95603164       1.89566326       1.73783493       1.67232672       1.68197505       1.74694999       1.78043667       1.92377329       1.96996164       1.92265828       1.74703995       1.66280492       1.64827331       1.64739339
       1.63762172       1.64465666       1.64578994       1.65775172       1.64225499       1.63026333       1.63188330       1.63757006       1.61506335       1.59726667       1.62098328       1.59150664       1.52058172       1.54611667       1.55451838       1.55119340       1.54402828       1.51668501       1.50106001       1.51881838
       1.47896830       1.45262829       1.42636506       1.42770338       1.43590339       1.43593168       1.45957994       1.51275667       1.60707172       1.70030006       1.77178828
       1.59794505       1.59383663       1.59449005       1.60277669       1.60804160       1.60606829       1.59942341       1.58983501       1.57653840       1.56974999       1.55975326       1.54479170       1.52154001       1.52893162       1.55767997       1.60306168       1.64970827       1.65439002       1.65390825       1.58269167
       1.45918830       1.45575507       1.46518342       1.46742662       1.42507331       1.41690000       1.50645336       1.63660828       1.31962832       1.51940997       1.60561673       1.64074008       1.68447161       1.71626663       1.72296158       1.72888501       1.74062840       1.75376161       1.75310326       1.74927998
       1.74144999       1.75156498       1.76127672       1.76881504       1.75837660       1.75756502       1.75944662       1.75815169       1.75696834       1.75648499       1.75120004       1.75239007       1.76378330       1.76897828       1.76859506       1.77226830       1.80525160       1.78769493       1.76949660       1.75408332
       1.75205167       1.75237163       1.76712831       1.77982839       1.79377333       1.79575332       1.78863668       1.78828160       1.77569501       1.77908500       1.77813339       1.77101008       1.77732166       1.77854506       1.77100499       1.77754498       1.78808165       1.80794334       1.75707340       1.73879496
       1.77264166       1.78526163       1.79558833       1.79135497       1.80757173       1.80355835       1.80328163       1.76958164       1.76672331       1.74591827       1.75513172       1.79845333       1.80400499       1.83234660       1.83826335       1.81857332       1.80786498       1.81159671       1.84779994       1.82262675
       1.79006672       1.78386672       1.77273830       1.79124165       1.74326007       1.94803333       1.93765497       1.83424838       1.68383837       1.70142666       1.69688829       1.74593496       1.77197504       1.92783340       1.96945667       1.86314170       1.70590671       1.66556327       1.63824828       1.62637504
       1.62694661       1.62525670       1.63577827       1.66464170       1.63615004       1.62278334       1.60438331       1.61208995       1.63496494       1.58680328       1.50127172       1.48024670       1.50163507       1.50859340       1.53521331       1.55004501       1.53354502       1.50825993       1.54085000       1.53228172
       1.50827169       1.50538333       1.52825673       1.57817332       1.65441004       1.72047170       1.78958670       1.76210165       1.65564171       1.54216496       1.44717328
       1.59967327       1.59510994       1.60103337       1.60437504       1.60534334       1.60088332       1.59223493       1.58391333       1.57684835       1.57089170       1.55406841       1.52654171       1.51285998       1.54773172       1.59846163       1.67356173       1.67358160       1.67588170       1.68307495       1.68663661
       1.68078168       1.67856995       1.69577503       1.66102505       1.57854160       1.52187999       1.48795001       1.62179168       1.33600998       1.56507492       1.61536996       1.64435498       1.67307838       1.71019665       1.72376331       1.72336006       1.73280668       1.73748000       1.73664840       1.74162340
       1.74699004       1.75676330       1.76759497       1.78379838       1.76348337       1.75385841       1.75096162       1.75183503       1.74872001       1.74308666       1.74516328       1.75964832       1.76641162       1.76833995       1.77565161       1.80310837       1.78439999       1.78030666       1.76826334       1.76239506
       1.76291164       1.76486826       1.77396997       1.78181330       1.78832006       1.79427497       1.80022494       1.79191160       1.78807004       1.77160327       1.77153508       1.76937167       1.76993497       1.77025493       1.77891334       1.77869495       1.79572837       1.76492167       1.72564173       1.78156996
       1.77794838       1.78515832       1.78361670       1.79249334       1.80361493       1.80442174       1.77932835       1.81678836       1.80292670       1.76270167       1.74369335       1.76997995       1.79366334       1.78509665       1.80825329       1.80821164       1.78200674       1.87158330       1.86161168       1.80193504
       1.80108658       1.84559504       1.93238338       1.76413329       1.92186673       1.96792332       1.90418673       1.74039507       1.69717328       1.69779332       1.70909166       1.72920338       1.77858829       1.87811661       1.94253000       1.77020502       1.66239659       1.65081326       1.64168835       1.61990166
       1.62042173       1.63114993       1.62985007       1.62923829       1.62297169       1.62111330       1.64323171       1.59627994       1.51005665       1.45458174       1.45527999       1.47533496       1.47695827       1.50139666       1.49277830       1.51176167       1.55072339       1.59397666       1.70287164       1.77503999
       1.79878505       1.79001665       1.80518007       1.78661998       1.73447831       1.63329172       1.44325670       1.28169497       1.15959501       1.11064831       1.07540997
       1.61112674       1.60302496       1.60796674       1.61250830       1.61191670       1.60517168       1.59496832       1.58330170       1.57636340       1.56736326       1.54853503       1.51994499       1.52468840       1.57201831       1.61699168       1.73459832       1.69535828       1.69164340       1.69439173       1.69506836
       1.72389332       1.70668999       1.70288006       1.70240831       1.71337001       1.66768169       1.60488494       1.64961672       1.37774674       1.53204838       1.60714499       1.63252497       1.67269659       1.71689002       1.73334169       1.72787507       1.72431008       1.71634833       1.71739006       1.73884996
       1.75030661       1.78872999       1.80018504       1.80806335       1.76147668       1.74074507       1.74044673       1.73771175       1.73770666       1.73711507       1.75059160       1.75063340       1.76006492       1.77862994       1.79382658       1.77843507       1.77057997       1.77758328       1.76938502       1.76491340
       1.76551326       1.77576494       1.77997001       1.77749173       1.78162829       1.78934669       1.79991166       1.80075661       1.78718170       1.77001826       1.76942666       1.77063004       1.76702340       1.76774327       1.77740828       1.78355503       1.77056837       1.71656672       1.75572332       1.78368505
       1.80002165       1.75705338       1.77262831       1.79998668       1.79059998       1.79905494       1.86442661       1.84384664       1.82661835       1.75715335       1.87381506       1.85136000       1.75071669       1.78733333       1.78478161       1.78839334       1.77911663       1.79378160       1.79901997       1.85613171
       1.97442500       1.98956172       1.78595336       1.94452826       1.98207664       1.94676161       1.85157998       1.69998995       1.68991661       1.68610001       1.71513669       1.71769333       1.84264835       1.91253662       1.88041004       1.67497333       1.61680492       1.63355160       1.62203662       1.61430327
       1.64163669       1.61544498       1.62525336       1.64408493       1.64737161       1.58848667       1.49867996       1.45070505       1.43827502       1.44060659       1.46602329       1.47916333       1.47507668       1.48787165       1.51402505       1.65436999       1.83439000       1.83944496       1.69362831       1.60835171
       1.57679335       1.48399337       1.44826174       1.39978170       1.34541496       1.26449164       1.16769497       1.05709998       1.11716334       1.18305500       1.21406166
       1.61068837       1.60944494       1.61181498       1.61676995       1.61870495       1.61513662       1.60433499       1.59208997       1.58256340       1.57728497       1.56552998       1.54032008       1.53308503       1.57277664       1.63595994       1.73560667       1.71147172       1.70765670       1.70889664       1.71977663
       1.69487826       1.73948828       1.70928828       1.71197001       1.71666336       1.68479331       1.65276670       1.65540838       1.52677329       1.35135508       1.59017992       1.62878164       1.67432165       1.72193495       1.72583659       1.72316996       1.73109500       1.72099670       1.71622499       1.74148671
       1.79113833       1.79212999       1.77723837       1.77323325       1.75770330       1.73812167       1.73408000       1.72966162       1.73806175       1.75111167       1.75020663       1.75306670       1.76736005       1.76625331       1.76971340       1.76941999       1.75906165       1.77051338       1.78092496       1.77729670
       1.77562666       1.78015995       1.78543838       1.78227997       1.76855659       1.77672672       1.79091994       1.79146163       1.78705168       1.77009503       1.77039337       1.76636171       1.76573006       1.76451667       1.76888498       1.76297839       1.71023671       1.75890668       1.78014326       1.77851995
       1.77709993       1.76770496       1.77916670       1.82631667       1.78162003       1.87100506       1.87475665       1.90208673       1.83238999       1.87807496       1.85103830       1.74156841       1.72531827       1.74137497       1.79415003       1.79737171       1.79095666       1.83182160       1.90134668       1.99797503
       1.96798007       1.74730174       1.91195170       1.96772830       1.97404830       1.95412827       1.75875664       1.70854998       1.70159165       1.69568841       1.72751665       1.65698338       1.86085335       1.92994833       1.81914838       1.62447007       1.63264672       1.64053996       1.62144502       1.62720505
       1.62490495       1.62877830       1.65235329       1.57997338       1.50698169       1.45678171       1.44443830       1.44596672       1.45928335       1.48212337       1.50500170       1.50457493       1.50493002       1.62036673       1.84682004       1.88042005       1.66686328       1.38808505       1.20935170       1.05403169
       1.04329165       1.09492334       1.12075003       1.09514666       1.05309002       1.05487831       1.11287665       1.24040500       1.28650331       1.35104672       1.45515998
       1.60825507       1.60474332       1.61148008       1.61793327       1.61633174       1.61380672       1.60634168       1.59004164       1.58059327       1.58278497       1.57811832       1.55776660       1.53676335       1.56962331       1.64551163       1.71103334       1.73421828       1.74076494       1.73539495       1.74645837
       1.73748827       1.74055497       1.72590160       1.73505338       1.73163160       1.70077165       1.71096834       1.70879666       1.69362672       1.44803826       1.41214498       1.57137664       1.64796495       1.70138661       1.70283000       1.70347659       1.71670500       1.71882502       1.72545004       1.76167997
       1.76497666       1.76020670       1.79351330       1.79847670       1.80095498       1.75008837       1.73641825       1.73441998       1.75835339       1.75474326       1.74737835       1.76971833       1.76215998       1.73370997       1.73942502       1.74725326       1.75548331       1.76235501       1.77699169       1.78312508
       1.78641494       1.78271341       1.78289493       1.77323993       1.77210331       1.78016837       1.78417333       1.78372161       1.78797340       1.77518495       1.76976506       1.76030334       1.75716829       1.76497507       1.75952339       1.70539331       1.72571834       1.77026335       1.78755506       1.77782329
       1.77469333       1.78586499       1.79260667       1.80377674       1.79428339       1.84230995       1.96840827       1.93224669       1.84433826       1.78904994       1.74887832       1.75424337       1.72077163       1.72678502       1.75368659       1.81713502       1.81927665       1.79922326       1.78909000       1.80922333
       1.78171666       1.90594006       1.95833000       1.98683834       1.95911996       1.92688831       1.73053503       1.71911160       1.71360000       1.71298663       1.74290832       1.67952172       1.87919839       1.88807662       1.70176840       1.61645826       1.63789002       1.64727831       1.63531001       1.64285835
       1.65708669       1.59182326       1.52400335       1.47583167       1.48532836       1.47534005       1.47757673       1.48647499       1.49477005       1.50964499       1.52454329       1.58875163       1.78826173       1.89458672       1.72388172       1.44208495       1.25347503       1.13298504       1.16400337       1.13813337
       1.22716999       1.23486503       1.21152004       1.24892163       1.29549003       1.36935838       1.50028499       1.63543336       1.74859826       1.81821664       1.82103666
       1.61255995       1.61351665       1.61705001       1.61559995       1.61302328       1.60665496       1.59847164       1.58556493       1.57973162       1.57745330       1.57070001       1.56229003       1.54438003       1.56658999       1.64224831       1.69307661       1.73116827       1.73023160       1.73148171       1.75362333
       1.76278496       1.74107838       1.73684835       1.74116993       1.73957332       1.74507332       1.75315825       1.74273332       1.74234168       1.71127001       1.46708997       1.32626168       1.50026337       1.63857508       1.68124994       1.69061502       1.70256996       1.73444827       1.72024663       1.69884841
       1.70201826       1.76204173       1.71238661       1.73201338       1.79066006       1.78654671       1.73816840       1.74118837       1.74872160       1.74384832       1.75376336       1.75903670       1.74431674       1.73158995       1.72520161       1.73707167       1.75568501       1.76788171       1.77206659       1.77987003
       1.78098329       1.78121837       1.76990668       1.78248660       1.79039001       1.78827508       1.78376993       1.78485839       1.79193497       1.77734995       1.77226496       1.76087999       1.75432173       1.75160329       1.70189826       1.71136173       1.75443840       1.76449839       1.77899996       1.79266167
       1.79174328       1.78857168       1.80381171       1.81903505       1.80485169       1.79814005       1.79641326       1.93135659       1.77159007       1.73332834       1.73964993       1.73974498       1.71549829       1.71975660       1.72601493       1.79345163       1.84955327       1.86100006       1.89301332       1.91437340
       1.93614833       1.98058828       1.99303834       2.00883007       1.97371006       1.90498161       1.76778332       1.70907338       1.72259172       1.72211838       1.76244338       1.70584329       1.88457839       1.83610503       1.61745993       1.62263171       1.64597670       1.65646664       1.66882165       1.61125994
       1.53258499       1.50189336       1.50035493       1.49877834       1.52225828       1.53758494       1.53765837       1.52433173       1.52997828       1.55963834       1.71209002       1.87268829       1.77353334       1.49799999       1.29992668       1.12193831       1.13672837       1.31955330       1.41465839       1.52715492
       1.59790325       1.61757501       1.67153835       1.73594666       1.78267002       1.79783169       1.78327004       1.72359006       1.64609003       1.57128159       1.52310165
       1.61309830       1.61961174       1.61820332       1.61636003       1.61742671       1.60848331       1.59422827       1.59216658       1.58893840       1.58549500       1.57910665       1.56327836       1.54447333       1.55744998       1.62324492       1.70081329       1.72598505       1.72054338       1.73132165       1.74665833
       1.76222006       1.76228174       1.75599670       1.74927171       1.74398836       1.74745496       1.74707492       1.74546830       1.74415175       1.73936160       1.73106162       1.61179336       1.37236500       1.34033839       1.49875005       1.59675837       1.65528838       1.67341328       1.62922668       1.66042662
       1.71906328       1.61034171       1.49979003       1.47345161       1.68121338       1.80542167       1.75524664       1.73572159       1.73709838       1.76654339       1.75201162       1.73537334       1.72678836       1.73505163       1.73563830       1.73224004       1.74879503       1.76503658       1.76335669       1.76284997
       1.75868336       1.76028999       1.77997494       1.79670000       1.80189164       1.79308828       1.78305340       1.78812997       1.79536502       1.77974669       1.77023840       1.76326497       1.76507664       1.70321337       1.69601170       1.73062833       1.75015497       1.76304340       1.77108002       1.80034161
       1.79841661       1.79634174       1.80659008       1.80614662       1.76249329       1.78032335       1.78100173       1.75823498       1.72145160       1.72179667       1.73528004       1.71776660       1.71996339       1.73833497       1.73523506       1.74919669       1.84087833       1.90702661       1.92547003       1.96251663
       1.99995836       2.02414163       2.02750492       2.00953833       1.99415493       1.96458832       1.75319497       1.69565662       1.71503162       1.72405163       1.73144499       1.77610826       1.89442841       1.71172508       1.63429165       1.68086831       1.68806664       1.59665505       1.55496661       1.53045495
       1.51162672       1.47998842       1.49356333       1.51670663       1.54274495       1.56773663       1.59255171       1.56571007       1.63710674       1.83102671       1.81676340       1.56141170       1.32014497       1.15062332       1.14306831       1.24875164       1.41552830       1.58605496       1.67142836       1.67815002
       1.64981667       1.61702665       1.69668500       1.64826504       1.58948326       1.53828001       1.51230828       1.47837337       1.45159499       1.43985160       1.42827829
       1.61263498       1.61606328       1.61514839       1.61637831       1.61227671       1.60423326       1.59956328       1.59864330       1.59323168       1.58585993       1.58533827       1.57086833       1.55308994       1.55448500       1.60359494       1.68821828       1.71846835       1.71624502       1.73198160       1.75139999
       1.75387669       1.74921163       1.74612331       1.74770498       1.73579661       1.74375502       1.74855661       1.74580002       1.74398836       1.74089495       1.74722338       1.74589507       1.70483494       1.58968163       1.39949497       1.30584335       1.32422336       1.46025340       1.55119165       1.57063834
       1.59406996       1.57974497       1.54656665       1.48616505       1.52133497       1.67787170       1.77547995       1.75927003       1.75925493       1.75246000       1.74155839       1.71103827       1.71078332       1.72393831       1.73487663       1.73749336       1.73375829       1.73456494       1.74407673       1.74340169
       1.74789826       1.76216841       1.77965832       1.79773331       1.80119165       1.79743163       1.79384168       1.78903500       1.79660161       1.77540000       1.76746829       1.76992337       1.72200330       1.68508832       1.73343341       1.74722672       1.74931669       1.76338498       1.77617168       1.77896674
       1.79539839       1.80291160       1.81482665       1.75768836       1.74261173       1.72425000       1.75501331       1.76127831       1.73921172       1.75367832       1.73360173       1.71956666       1.72751999       1.73260339       1.73788659       1.74635331       1.76281500       1.90082502       1.97249667       1.99124670
       2.03406159       2.06650162       2.07391167       2.05150334       2.00587495       1.99664005       1.84205341       1.72160165       1.71719329       1.78603665       1.71514495       1.85596164       1.88476165       1.75998338       1.75017341       1.66615502       1.58685335       1.57736826       1.55188163       1.52201494
       1.51136494       1.49000168       1.50948334       1.55205838       1.56260665       1.57498169       1.61686834       1.77905671       1.85312160       1.63890839       1.38277499       1.24026831       1.12020334       1.25365170       1.39288330       1.54522832       1.65474161       1.62118006       1.58669170       1.57890495
       1.53659503       1.51004664       1.49655167       1.48743995       1.49923674       1.48632495       1.46823994       1.44818497       1.43194008       1.42113670       1.41552337
       1.61110830       1.62035831       1.62153991       1.61939828       1.61503665       1.60590998       1.60198164       1.60485999       1.59834830       1.59033505       1.58725166       1.56986841       1.55837170       1.54724662       1.58257659       1.65783501       1.71155993       1.73020172       1.72742160       1.73632669
       1.74226999       1.74445995       1.75046333       1.75517670       1.74627829       1.74837160       1.75239166       1.74868504       1.74561659       1.74270328       1.74226840       1.73984003       1.74509827       1.75238005       1.72115993       1.66571331       1.55389007       1.37877496       1.28737664       1.32743168
       1.44517994       1.56091499       1.62026993       1.65821330       1.62431335       1.55489667       1.74122667       1.77472162       1.75092840       1.72497670       1.70979993       1.69811328       1.69950326       1.72115326       1.73920504       1.74238666       1.73269335       1.72581673       1.72413667       1.73661502
       1.75478999       1.75571998       1.76682663       1.77946838       1.78415330       1.79989672       1.80297327       1.79007832       1.79443995       1.76976172       1.75936667       1.73889160       1.68191163       1.73755169       1.74040492       1.73603662       1.75375001       1.76725674       1.77924172       1.78000005
       1.78471168       1.80187003       1.74721495       1.74704170       1.75241995       1.73607159       1.72849671       1.73708502       1.75958840       1.78060675       1.74572674       1.74201838       1.73568328       1.73072163       1.73565499       1.73735825       1.75017325       1.80680005       1.95211999       1.99493996
       2.04727999       2.12790998       2.15297333       2.08017826       2.02361329       1.98021841       1.96557506       1.94794003       1.91654841       1.89373827       1.87611341       1.93126663       1.90326007       1.77544006       1.69935830       1.59445492       1.58675496       1.58610662       1.53765837       1.61162329
       1.55924336       1.52727509       1.54676660       1.56363169       1.58682172       1.72256502       1.87218841       1.74821504       1.45196660       1.27763502       1.15160998       1.19750333       1.36560996       1.51047007       1.66691494       1.65346003       1.59230836       1.54805660       1.51678673       1.51607164
       1.51265494       1.47825829       1.46552674       1.46810834       1.46751340       1.46233495       1.44394334       1.43423160       1.42663829       1.42113161       1.42025995
       1.60346492       1.61620172       1.62132661       1.61966832       1.61641995       1.60858329       1.60330168       1.60349337       1.59779501       1.59338506       1.59098005       1.57393503       1.56828499       1.55306673       1.56469838       1.62925831       1.69415840       1.74563996       1.73276504       1.73904498
       1.73839172       1.75005341       1.75589339       1.76065826       1.76059500       1.76679834       1.76847331       1.76785994       1.76861334       1.76781162       1.77181164       1.77183167       1.77582502       1.75690333       1.73772494       1.72937330       1.71119006       1.69580507       1.63507160       1.51951996
       1.38853502       1.30381004       1.30604831       1.40629673       1.51954667       1.56446997       1.58403174       1.64695168       1.75252501       1.74343999       1.71716833       1.70180496       1.72367160       1.74478340       1.73294163       1.73344994       1.72831504       1.72712835       1.72794660       1.73455000
       1.74573326       1.75082668       1.76216841       1.76494662       1.77345673       1.79179668       1.78865004       1.78596497       1.78608831       1.76735338       1.78091494       1.74638335       1.68647496       1.76488829       1.77502171       1.74709829       1.76577838       1.76875337       1.76421833       1.78133504
       1.81966162       1.85330168       1.79577827       1.73930661       1.73687840       1.72557831       1.72706334       1.72598171       1.74550168       1.76722670       1.75919660       1.75588830       1.73847167       1.73297501       1.72974841       1.73221668       1.74059661       1.73386828       1.88105996       1.98751672
       2.03505007       2.12649504       2.17080832       2.05648836       2.01641003       1.99298334       1.98898999       1.97383992       1.96024672       1.94114828       1.93841839       1.92589998       1.80401325       1.68492333       1.60487334       1.55491495       1.56325499       1.57861503       1.59181341       1.64072831
       1.56967831       1.56748327       1.62500493       1.74027507       1.88996331       1.84402005       1.55544996       1.30475664       1.16478499       1.16802335       1.33338499       1.54461670       1.62102159       1.63592164       1.61508338       1.57945506       1.52967501       1.52414338       1.50516828       1.50419839
       1.49738169       1.48620494       1.46199338       1.45650164       1.44582001       1.44996500       1.44256337       1.43452994       1.43178495       1.42698495       1.41874504
       1.60502497       1.61755673       1.61999496       1.61741336       1.60975663       1.60587502       1.60105340       1.60323334       1.59708341       1.58694172       1.57716338       1.56570164       1.55896171       1.55208492       1.55689669       1.61327839       1.68296830       1.74100669       1.74167999       1.74994167
       1.74977334       1.75885502       1.77099005       1.78328832       1.78155661       1.78784672       1.79498339       1.79741001       1.79513836       1.78977505       1.79655329       1.79642502       1.80941995       1.77758662       1.75481828       1.74146668       1.71412675       1.70544497       1.67902327       1.67394670
       1.67123175       1.65907001       1.61094666       1.47546339       1.30672002       1.25254496       1.31439169       1.44998503       1.57459497       1.66151667       1.70115995       1.69409339       1.69619338       1.73627996       1.72973506       1.71859169       1.72283332       1.72992992       1.74721670       1.73580170
       1.73065329       1.75090170       1.75103172       1.75891002       1.77477503       1.77328507       1.76921495       1.77152999       1.79266834       1.80265999       1.79225175       1.78325001       1.69972833       1.73463504       1.75592995       1.76543506       1.78992335       1.77065341       1.77233664       1.78129005
       1.80314827       1.82429997       1.86521832       1.79106331       1.74582672       1.72577667       1.72912995       1.71567504       1.72350995       1.74477164       1.75841173       1.75268332       1.75260496       1.74073172       1.73314174       1.72973172       1.72382339       1.72947836       1.77456172       1.96655337
       2.00448497       2.03152672       2.04069503       2.02312501       1.98770841       1.96738672       1.94996325       1.93525505       1.91288837       1.86013842       1.89583000       1.83367507       1.66785002       1.64612166       1.60654163       1.56231165       1.56317663       1.59554005       1.64327669       1.73205837
       1.82936160       1.90187168       1.92483505       1.83253336       1.58934498       1.36490329       1.21075169       1.14686497       1.28600502       1.43614165       1.58873494       1.63027000       1.58272330       1.56486003       1.55799659       1.55282164       1.52599335       1.51588329       1.51262665       1.51049169
       1.50773001       1.50203164       1.47107506       1.46151002       1.45035664       1.45150169       1.44911337       1.43867826       1.43945837       1.43097162       1.42248170
       1.60862160       1.62240171       1.62631162       1.62247006       1.61349503       1.60618162       1.60013501       1.60412327       1.59506496       1.57516336       1.55300665       1.53904994       1.53594494       1.53780667       1.55100171       1.59662994       1.67963998       1.73414501       1.74098174       1.75373332
       1.77064673       1.78320169       1.78605668       1.80139494       1.81865660       1.81311003       1.80894502       1.80980492       1.80619828       1.79485496       1.80568504       1.81071838       1.82485342       1.79586999       1.77908007       1.74959660       1.73420000       1.73478174       1.72198661       1.67366997
       1.66613833       1.69700336       1.69492499       1.70672162       1.69123332       1.63651498       1.47769674       1.30971837       1.34533993       1.40544494       1.53477669       1.57960494       1.61623001       1.71408494       1.73852507       1.72941828       1.72721831       1.74245834       1.74743334       1.72321002
       1.72716999       1.74507666       1.74816163       1.75894340       1.76480341       1.76123174       1.76633660       1.78785006       1.79262336       1.78544664       1.77802833       1.77112834       1.74613333       1.70416164       1.76057498       1.78971004       1.79007673       1.80597003       1.79772997       1.77182007
       1.80375338       1.82966661       1.82641506       1.81295840       1.76675828       1.74261999       1.72517999       1.71697172       1.71263329       1.71925497       1.74277830       1.75903495       1.77490838       1.75874503       1.74492836       1.74040000       1.72381163       1.72419500       1.73667828       1.88671001
       1.96931171       1.98613660       1.99176168       1.97606834       1.95839500       1.90650161       1.85996660       1.83677006       1.77600829       1.72016827       1.86572170       1.67953332       1.63308493       1.63154999       1.65820662       1.74070835       1.82961003       1.87863000       1.88792833       1.80982669
       1.69026995       1.54440832       1.43799671       1.35599661       1.25504335       1.13302167       1.24122834       1.38640658       1.53761832       1.59502172       1.58014997       1.56771994       1.54993327       1.54065673       1.53656340       1.54036172       1.53054508       1.51406670       1.51865164       1.51533492
       1.52086671       1.50504669       1.49318997       1.47124497       1.46086836       1.45510832       1.44923830       1.43784332       1.43823830       1.43108161       1.42620675
       1.61741161       1.62720331       1.62931665       1.62435166       1.61559502       1.61095667       1.60684331       1.60435502       1.59053500       1.56677326       1.53733667       1.52472337       1.51953332       1.52245665       1.53944174       1.58250173       1.65850830       1.69842164       1.73748334       1.75036160
       1.77206167       1.78383493       1.80008173       1.80859661       1.81819995       1.82168007       1.80969667       1.80991507       1.80451663       1.80341673       1.81947835       1.83321158       1.82182995       1.80589326       1.79485671       1.75981665       1.74120506       1.74358002       1.74187167       1.71087503
       1.71220160       1.71385829       1.70919832       1.71516673       1.72167826       1.73263995       1.72590669       1.71390327       1.60099173       1.37717168       1.30451496       1.38646841       1.55832163       1.64380328       1.75910664       1.74758832       1.73671325       1.73508326       1.73428996       1.72421503
       1.72163328       1.74396992       1.75835498       1.75308832       1.74870507       1.75494162       1.78224500       1.77710994       1.78656673       1.78058338       1.77295494       1.76802667       1.76259836       1.72590160       1.75151841       1.79032008       1.80224339       1.79337660       1.77269999       1.76539834
       1.75395505       1.80768172       1.85184495       1.82986339       1.80349493       1.76426506       1.71466494       1.71047672       1.71787500       1.71849664       1.73757331       1.74605004       1.77960825       1.77599001       1.77610159       1.75392834       1.73906326       1.73159663       1.72766336       1.78421005
       2.00578499       1.94637330       1.96947495       1.94789505       1.90560500       1.85249170       1.80928008       1.78538497       1.73980665       1.73481830       1.84115505       1.67999172       1.81661828       1.91217168       1.89690161       1.79346164       1.66652330       1.53702497       1.42099826       1.36136659
       1.28175497       1.21637996       1.18069832       1.15052835       1.21575999       1.38459508       1.49913661       1.58509827       1.56849337       1.54802831       1.55269003       1.56193336       1.55619494       1.54933008       1.54081662       1.53077841       1.52116505       1.50461499       1.51227172       1.51242495
       1.50196330       1.50204992       1.49279833       1.47298829       1.46704833       1.45839993       1.45213826       1.43711329       1.42676671       1.41907994       1.41968330
       1.59119161       1.61401828       1.60934337       1.61481174       1.62147331       1.62279002       1.61573505       1.61198505       1.60309505       1.59055996       1.56152503       1.53558175       1.53101492       1.53200499       1.53782495       1.56471666       1.62257497       1.67268833       1.73216327       1.74159336
       1.75463994       1.76400836       1.77897501       1.79695161       1.81074158       1.82131497       1.81719001       1.81499831       1.81019338       1.81105836       1.81560993       1.83459330       1.82203499       1.81460508       1.79350503       1.77599160       1.74986172       1.74596659       1.74153662       1.73071496
       1.73133167       1.71628173       1.71681341       1.71144327       1.71541993       1.74644327       1.73676173       1.74800666       1.74005826       1.71623993       1.58576504       1.41658672       1.27954332       1.42745670       1.65583674       1.74806007       1.74897671       1.72535833       1.72224665       1.72655996
       1.72422504       1.73841159       1.74030002       1.75221999       1.75499837       1.77219502       1.77037001       1.77739334       1.79087830       1.78110838       1.78445673       1.77627166       1.76588170       1.74664672       1.73911826       1.78977998       1.79223331       1.76244005       1.76064173       1.75826661
       1.76344840       1.77254502       1.80019172       1.81239001       1.80596828       1.80007505       1.81791337       1.71828826       1.71276665       1.72634840       1.73280668       1.73914830       1.75304492       1.77728160       1.77220837       1.74699831       1.73687998       1.72380336       1.72997332       1.73967663
       1.97400331       1.93252007       1.94189660       1.91780663       1.87605667       1.82692003       1.79349661       1.78992160       1.78774993       1.84572506       1.84866826       1.91605997       1.81029336       1.60854006       1.44660838       1.34874503       1.26076166       1.22729333       1.18173496       1.15117502
       1.22580004       1.29151169       1.39556662       1.45265500       1.53325669       1.59990835       1.57411671       1.55364339       1.55831162       1.56132332       1.54838165       1.55722173       1.55542994       1.54529174       1.53480498       1.52587334       1.51639493       1.50243171       1.50306495       1.50527334
       1.49920162       1.49280993       1.48630174       1.47527838       1.46079667       1.44973993       1.43930006       1.42394161       1.40920830       1.40765667       1.40721671
       1.56719160       1.58065001       1.59710836       1.60703834       1.60618337       1.59723504       1.58967670       1.58456659       1.59227339       1.60618830       1.61522166       1.60313161       1.59816329       1.59085671       1.56333828       1.55672503       1.58963998       1.63926506       1.73092000       1.72751172
       1.75061162       1.76311159       1.77332338       1.78368330       1.79631837       1.81388664       1.82749160       1.81944164       1.80942663       1.81313165       1.81573502       1.83747673       1.82060671       1.82235495       1.79358006       1.78327004       1.77086337       1.76450666       1.76596006       1.76604160
       1.75281668       1.72764333       1.73793332       1.73027007       1.71105496       1.73378325       1.72770500       1.73483165       1.74663830       1.72960170       1.71733507       1.70149167       1.55726337       1.29722166       1.30005670       1.55513159       1.68235000       1.75488838       1.73440997       1.73711332
       1.72616498       1.73221000       1.75018660       1.75611830       1.75826327       1.76143169       1.76407337       1.77629995       1.77898995       1.77437671       1.78025659       1.78306659       1.77250671       1.75536331       1.75775496       1.79351664       1.76009496       1.73808670       1.76033831       1.77009169
       1.76905330       1.77279838       1.76328993       1.78629001       1.82668002       1.82453171       1.84402498       1.80048831       1.72406006       1.72944673       1.75093826       1.76796007       1.75629505       1.75176668       1.75883166       1.74829165       1.73555660       1.72475672       1.73523506       1.76003504
       1.89309168       1.92637332       1.91687330       1.89583508       1.87173335       1.83887005       1.81163168       1.81283840       1.79723501       1.84514332       1.72260666       1.53932667       1.31184832       1.17660499       1.16437499       1.19702665       1.27239831       1.28946503       1.36698008       1.47712008
       1.56704998       1.60901006       1.63899835       1.62261168       1.58275668       1.55039326       1.54042673       1.55229664       1.55725161       1.56240495       1.55952835       1.54858001       1.53841496       1.53304164       1.52585332       1.51651827       1.50641505       1.50203832       1.49179506       1.48805507
       1.48195171       1.47282171       1.47223838       1.46628332       1.44671329       1.43542830       1.43147167       1.42192507       1.41918834       1.42723497       1.42111174
       1.58311494       1.57580169       1.57934332       1.58123334       1.57730500       1.56953669       1.57357995       1.56718000       1.56919161       1.58149004       1.59600337       1.61174997       1.59907500       1.58692328       1.57496341       1.55611006       1.58145173       1.64360666       1.71829001       1.71847502
       1.74679168       1.75920995       1.77542496       1.78800662       1.78624837       1.80045160       1.81800000       1.81217337       1.80929995       1.81150834       1.82081000       1.83722162       1.82219839       1.81551329       1.78752836       1.78484837       1.76987171       1.77698167       1.77287165       1.78692500
       1.76762660       1.73590994       1.74021832       1.73513842       1.72299830       1.73191833       1.71400499       1.71276999       1.72134336       1.72064495       1.71296835       1.70206006       1.71050994       1.68902334       1.46832673       1.30541833       1.42636506       1.60330995       1.75727002       1.76267672
       1.75218328       1.75737158       1.74783325       1.73803329       1.74798505       1.75281493       1.75953007       1.76106008       1.76587661       1.77155670       1.76977332       1.76793671       1.76928663       1.75568167       1.74872828       1.75294495       1.73027833       1.73304494       1.72881508       1.75457668
       1.76597834       1.79392831       1.79171006       1.76004998       1.80477667       1.81892999       1.82812993       1.76072836       1.74929841       1.72228336       1.74128501       1.76143837       1.75980504       1.75242996       1.74621328       1.75152000       1.74145508       1.73843495       1.74778827       1.76783339
       1.82121499       1.91527001       1.90524165       1.87541167       1.87220669       1.85963504       1.83233166       1.80472835       1.81389173       1.77899329       1.51032670       1.18688830       1.19867667       1.34939671       1.39980841       1.45885340       1.54424175       1.62273169       1.66457160       1.67928998
       1.65249840       1.61245171       1.56892331       1.53705327       1.53899670       1.53563658       1.54739507       1.54912996       1.55335665       1.55353165       1.55248499       1.54137834       1.51868836       1.50315841       1.49525007       1.48380502       1.47364505       1.47574838       1.46664333       1.46096834
       1.45016495       1.44800329       1.44710493       1.44119660       1.42327340       1.42441003       1.42428001       1.43179337       1.43689171       1.43888664       1.43436162
       1.58961662       1.58373006       1.57283831       1.57377338       1.57792664       1.57683007       1.57956839       1.57860835       1.58146826       1.57432667       1.56533162       1.55784162       1.54384168       1.53397671       1.58316835       1.66007837       1.68104331       1.68995841       1.73820337       1.73651997
       1.75627327       1.77305667       1.79310163       1.80440998       1.80622164       1.79987001       1.81357495       1.80772003       1.80548493       1.80317163       1.81378333       1.83056831       1.82549175       1.81045341       1.78313828       1.78342501       1.76504993       1.77324168       1.77104171       1.79122337
       1.77093172       1.74909671       1.73612340       1.72673670       1.73221159       1.74238507       1.73986340       1.74016666       1.73397827       1.72681999       1.71845992       1.70100673       1.70196501       1.71583335       1.73816999       1.62061501       1.33759499       1.36092329       1.54965496       1.68486659
       1.79688168       1.75731007       1.72410504       1.73047670       1.73850330       1.74997838       1.75399335       1.75214338       1.76950328       1.76502832       1.76321665       1.76298173       1.76136335       1.75803328       1.75613991       1.77031994       1.75174665       1.74200169       1.73089504       1.73438501
       1.75046508       1.76781670       1.79701662       1.76261663       1.76714993       1.80717500       1.78117164       1.72843504       1.72218672       1.72063828       1.74204334       1.73783334       1.74690994       1.76436996       1.73286994       1.74000661       1.74688339       1.75042327       1.75805171       1.74458170
       1.76096662       1.91129669       1.90489006       1.86720339       1.86179336       1.86229833       1.83961503       1.78622993       1.84153493       1.65360339       1.31585836       1.21209335       1.40113497       1.59039831       1.68825833       1.71251170       1.68032328       1.64440664       1.60621325       1.60028664
       1.58321842       1.55577660       1.53314002       1.52638499       1.53673665       1.55334330       1.55233494       1.55266666       1.55175495       1.54949506       1.53955825       1.52148326       1.50468334       1.49073998       1.47889662       1.46730169       1.45526171       1.45026000       1.44810994       1.44309505
       1.45064831       1.45884832       1.43981330       1.44283501       1.43529828       1.43194660       1.43750159       1.43370501       1.43104172       1.42861827       1.42777665
       1.58870665       1.58694665       1.57716163       1.56937838       1.57111502       1.58123668       1.58612839       1.57747825       1.57679828       1.57506498       1.56840499       1.54766496       1.54283826       1.54592005       1.62812837       1.62530994       1.64293671       1.69602664       1.77565336       1.81360833
       1.80616999       1.81190840       1.82895660       1.81608836       1.81910165       1.81924502       1.82016166       1.81136163       1.81230005       1.80788835       1.80762339       1.82766008       1.81439161       1.80114841       1.78312174       1.77272161       1.75904830       1.75926669       1.76583163       1.78175163
       1.77736505       1.76229827       1.75060161       1.71866496       1.72627004       1.74073839       1.75069825       1.75331338       1.75796159       1.74581496       1.73767837       1.71940327       1.70955340       1.70386998       1.70741494       1.73766168       1.69872173       1.44152164       1.33167164       1.58663162
       1.79311832       1.75993331       1.72057327       1.72265498       1.73629840       1.74668837       1.75147327       1.76085838       1.77194166       1.76528994       1.76406495       1.75810671       1.76546160       1.75671005       1.74317837       1.73313999       1.76959499       1.76779334       1.75285673       1.73912493
       1.76243003       1.76454496       1.75087833       1.74332174       1.76804670       1.80159839       1.73452838       1.73108339       1.71766329       1.71801837       1.70769993       1.71685330       1.73862505       1.72428497       1.71935670       1.73359172       1.75100835       1.73898506       1.70835002       1.72122828
       1.71689828       1.88993994       1.90049998       1.84372330       1.84418503       1.86108335       1.84429169       1.79693174       1.79143000       1.53526163       1.21603664       1.31253497       1.59843667       1.73163001       1.69286172       1.65233660       1.61329174       1.57687998       1.54961999       1.53929329
       1.54610666       1.54809332       1.54050827       1.53877338       1.54765002       1.54985841       1.54045502       1.54907497       1.54521831       1.54387331       1.52150997       1.49625333       1.48404996       1.47161674       1.46170330       1.45040003       1.44544665       1.44760672       1.46075503       1.46024164
       1.46131500       1.46761004       1.46392838       1.46669499       1.46143341       1.44618495       1.44528993       1.45101992       1.45867999       1.44818163       1.44621007
       1.58213997       1.58500163       1.57863331       1.56472333       1.56188504       1.56804164       1.57451661       1.57513332       1.57583507       1.57699998       1.57346503       1.55246496       1.54161167       1.55194171       1.62494326       1.70287673       1.65846332       1.72935661       1.74902503       1.74812174
       1.77502505       1.80062501       1.85686159       1.84456507       1.83425665       1.84095001       1.82892005       1.81671667       1.81209008       1.81470331       1.79991833       1.82311328       1.81366332       1.80234337       1.78219668       1.76368173       1.75830173       1.75578499       1.76308997       1.76825492
       1.77305174       1.76507839       1.75306829       1.72148498       1.71267160       1.72027175       1.73198827       1.75394328       1.76945162       1.76179838       1.75061337       1.72851006       1.71995672       1.71234830       1.71508328       1.72345829       1.73363829       1.74213664       1.50956504       1.34019502
       1.66867336       1.80937831       1.73608335       1.72320493       1.74381336       1.75492001       1.75435162       1.75846338       1.76572005       1.76096662       1.75555833       1.76274999       1.76823330       1.74719159       1.74341838       1.73281336       1.73610163       1.76943159       1.75311995       1.77137327
       1.78464333       1.75798670       1.75206995       1.73879671       1.71706835       1.74864833       1.71646500       1.73499664       1.72515663       1.72356160       1.71497997       1.70580673       1.70880826       1.71304337       1.71479003       1.73528496       1.71404330       1.68195836       1.67383671       1.67228492
       1.68085162       1.86162996       1.89748335       1.85233498       1.87039502       1.85361163       1.81973330       1.84875170       1.70891333       1.47035329       1.19747003       1.35684665       1.70854330       1.71277841       1.66223001       1.60306660       1.56536007       1.53184334       1.51384163       1.50479507
       1.51654832       1.56162834       1.55488841       1.55240329       1.55111996       1.53998836       1.53592666       1.53204171       1.51898336       1.49618832       1.48490000       1.47167174       1.45945835       1.46314160       1.45492506       1.45667839       1.46604506       1.47112830       1.47866996       1.48772335
       1.49019829       1.49190505       1.49062999       1.49215508       1.48351494       1.46876335       1.45931673       1.45570167       1.46269671       1.45839834       1.45381339
       1.57793172       1.57613007       1.57116667       1.56408993       1.55246830       1.55069335       1.55246162       1.55618493       1.56237825       1.57401005       1.57554499       1.55580171       1.53393507       1.52884674       1.59088500       1.71054506       1.68994172       1.71604172       1.77748505       1.77065833
       1.78090159       1.78776662       1.82853667       1.85280498       1.83680503       1.84326665       1.83291340       1.82135836       1.81350660       1.82178338       1.79823001       1.80890497       1.78749339       1.79834827       1.78751993       1.76532173       1.76010338       1.75578833       1.76788839       1.76511161
       1.76531998       1.75364161       1.75028165       1.73119831       1.71819003       1.71099170       1.71465492       1.74692837       1.76526165       1.76849508       1.76344331       1.74852832       1.73532995       1.73380327       1.73279667       1.72743162       1.72028160       1.71451505       1.72921832       1.53374672
       1.29618669       1.65841500       1.79947662       1.73353338       1.73585002       1.75353003       1.75856002       1.76217175       1.75885661       1.75251675       1.75376002       1.76737007       1.76174164       1.73902337       1.74316327       1.74658998       1.74822998       1.75706164       1.77974161       1.78185336
       1.73516671       1.74035835       1.75661325       1.73917341       1.76896000       1.77578004       1.70785666       1.69072835       1.71556664       1.72056500       1.71614170       1.71170664       1.69479497       1.70622174       1.71002992       1.68334834       1.67262173       1.66973003       1.66829666       1.65448840
       1.67341836       1.85187833       1.89594332       1.84586159       1.83985329       1.81554667       1.83597326       1.89036671       1.70159165       1.45577002       1.16303500       1.40889994       1.72980499       1.70459000       1.64492671       1.57356008       1.53391171       1.51034164       1.50809828       1.51564995
       1.51902994       1.55404504       1.56530174       1.54935837       1.53882329       1.52014001       1.50940673       1.49488163       1.47649829       1.48159329       1.48285834       1.46556330       1.47351662       1.49089336       1.50581169       1.50318495       1.50846163       1.51099332       1.51193825       1.51764997
       1.50523837       1.50406329       1.50575002       1.49917666       1.48842494       1.47816006       1.46320995       1.45061493       1.45627673       1.46796497       1.45849339
       1.58043496       1.57900826       1.57359997       1.56786172       1.55531327       1.54752668       1.54243994       1.54125834       1.54465501       1.55734841       1.56639163       1.55397336       1.52711836       1.51043336       1.60537497       1.70828327       1.69742330       1.72023996       1.73689000       1.75744327
       1.77484163       1.78787661       1.79833492       1.85685174       1.83198500       1.83943669       1.83179998       1.82061497       1.81233168       1.80649328       1.79025173       1.81039333       1.79276339       1.78876829       1.78069830       1.76708174       1.75600497       1.75676505       1.75589164       1.75790834
       1.75063674       1.73994160       1.74143330       1.73276329       1.72631661       1.71318165       1.70453326       1.72641325       1.74487670       1.75866334       1.76413663       1.75228008       1.74456501       1.74719334       1.74080165       1.73933999       1.73631668       1.71000338       1.68302329       1.70930004
       1.60900005       1.29307000       1.63323339       1.77156496       1.73592329       1.73887666       1.74201330       1.75089995       1.75110006       1.75320005       1.75964340       1.77369006       1.74552663       1.73919996       1.74099159       1.74260664       1.75700998       1.74575329       1.77157497       1.76045163
       1.71977329       1.72666168       1.76051505       1.75089169       1.79040670       1.75582997       1.71865002       1.70756658       1.68142001       1.68197505       1.70665995       1.69203997       1.70485004       1.69144996       1.67461840       1.65280326       1.65603669       1.65509828       1.66894833       1.65913836
       1.67687496       1.85143836       1.89115175       1.82208999       1.72359006       1.80528498       1.85066334       1.83833170       1.68370167       1.47694842       1.20710166       1.44708665       1.72342507       1.67195829       1.59470495       1.53959338       1.52251498       1.52041499       1.51372004       1.52313995
       1.52419662       1.53717327       1.57717164       1.53604174       1.51490672       1.49193827       1.48247004       1.47492997       1.47216670       1.48012829       1.49059836       1.50096337       1.50900173       1.51956669       1.53577662       1.54077498       1.53634167       1.53199498       1.52524328       1.52458493
       1.50887330       1.49348005       1.49525992       1.49705172       1.48431508       1.48192994       1.46183332       1.45728000       1.45625671       1.47305504       1.47331158
       1.59232664       1.58695173       1.57847325       1.57467175       1.57156499       1.56010167       1.54494492       1.53058338       1.52493159       1.53519328       1.54689837       1.54183499       1.52163839       1.51005999       1.58882840       1.69670328       1.73533837       1.76399835       1.74011660       1.76119328
       1.77320004       1.77652995       1.78536669       1.86168162       1.82774162       1.83202505       1.83058325       1.82202673       1.81813494       1.79862007       1.79360326       1.80497662       1.78980668       1.79623175       1.77583663       1.76753330       1.75597827       1.75856336       1.75034666       1.75386000
       1.75027164       1.73799340       1.72471666       1.71729167       1.72589334       1.71118339       1.69727500       1.70852502       1.74079164       1.75754992       1.76547337       1.76277828       1.76106501       1.75942008       1.76033163       1.75199668       1.73620669       1.71344995       1.68130000       1.67331330
       1.72774665       1.66582330       1.31989002       1.67669662       1.75751495       1.73083671       1.72432995       1.72404496       1.73226500       1.74083662       1.75779168       1.77725331       1.74615494       1.74403334       1.74885337       1.74680996       1.74892171       1.73767328       1.73844671       1.73980172
       1.74312162       1.72396835       1.73552163       1.73314492       1.80064329       1.72902330       1.70573330       1.71524000       1.70803165       1.69131327       1.69658327       1.71727006       1.68771172       1.66329829       1.65881666       1.64896170       1.63591337       1.64150667       1.65466499       1.65957340
       1.69458167       1.85101827       1.88363171       1.76667341       1.73049672       1.75224161       1.86302662       1.75887171       1.69922336       1.47407500       1.22299997       1.49334494       1.69901673       1.63668664       1.57192834       1.53769668       1.53229841       1.52868160       1.51843834       1.51356665
       1.51185671       1.54298496       1.55352831       1.52502330       1.50257667       1.49684000       1.49047836       1.48521662       1.49384832       1.51245673       1.53109837       1.54954004       1.55473169       1.55411498       1.55990505       1.55919838       1.55098836       1.54004161       1.53715007       1.53470500
       1.52587827       1.52756500       1.52100833       1.51242495       1.49722163       1.48264996       1.47514995       1.46321662       1.45316331       1.46086836       1.46975501
       1.59895992       1.59476503       1.58757337       1.58248504       1.57991330       1.55306673       1.52750333       1.50930834       1.50277170       1.51244164       1.52491665       1.52138170       1.50996161       1.51867835       1.59417661       1.65823507       1.72172006       1.74767669       1.75330162       1.77210840
       1.79289166       1.78608672       1.79564667       1.81904999       1.83744669       1.81867997       1.82734172       1.81774664       1.81410329       1.78989331       1.79569340       1.81170336       1.78634993       1.78660504       1.78135331       1.77361838       1.76229668       1.76104832       1.75494337       1.77448161
       1.82406664       1.82202673       1.80981668       1.73540831       1.72323338       1.71163336       1.69543330       1.69786660       1.72620662       1.74405162       1.75827662       1.75112168       1.75955836       1.76266829       1.76644834       1.76102336       1.74172831       1.72244501       1.67731826       1.66920328
       1.72052495       1.81024329       1.59514666       1.32886163       1.73733171       1.73333836       1.72164663       1.70882670       1.71910826       1.73250008       1.74347003       1.77477328       1.76938995       1.74726327       1.74172672       1.74447664       1.79417006       1.76433166       1.73449500       1.72961330
       1.72269503       1.71913004       1.71245162       1.71262836       1.74909004       1.73317337       1.70528841       1.69507329       1.69332997       1.71327003       1.71859503       1.68566338       1.66296832       1.66314840       1.65868171       1.64991331       1.63599507       1.61974001       1.62513494       1.63631996
       1.67947833       1.84817839       1.87483327       1.72538503       1.71232160       1.73838329       1.86943833       1.75081507       1.70161661       1.42157666       1.27083834       1.49756336       1.68761333       1.61479505       1.55352004       1.53686666       1.54339329       1.52983999       1.51834838       1.50289996
       1.50707499       1.50204166       1.52927160       1.51858330       1.51811663       1.51648998       1.52195835       1.53564008       1.53730996       1.54152330       1.54752175       1.56022994       1.57705498       1.55996339       1.55623674       1.54727507       1.54771328       1.54367669       1.55418507       1.55054665
       1.54294840       1.54123163       1.53276507       1.52838167       1.52193499       1.51023165       1.50155671       1.47927666       1.47161007       1.46619002       1.47337993
       1.59936825       1.59527000       1.58890994       1.58544827       1.57159170       1.54105663       1.50189002       1.49179331       1.49183830       1.49663830       1.50486660       1.50662661       1.51104005       1.52130000       1.57555342       1.64209827       1.69388501       1.73862664       1.78170999       1.81228828
       1.80264171       1.79048665       1.80019840       1.80233494       1.85463667       1.81950665       1.81943830       1.81448174       1.80262661       1.79524835       1.79544830       1.80282497       1.78908332       1.78574673       1.78258832       1.78467004       1.77070665       1.79420328       1.78399007       1.76758671
       1.76234341       1.76974503       1.76457834       1.71211338       1.71105671       1.71300999       1.70923837       1.70171674       1.71271674       1.73195998       1.75574160       1.75226339       1.75553338       1.75169992       1.76046006       1.75930993       1.74618165       1.72599840       1.69479831       1.67813333
       1.72367334       1.74528662       1.72897498       1.38657665       1.48608494       1.73101664       1.71478828       1.69709826       1.71536334       1.72317998       1.72655328       1.73791329       1.76270326       1.77199332       1.76859665       1.75943327       1.76603508       1.76171494       1.73042663       1.71731997
       1.70601495       1.71503671       1.70835670       1.72528664       1.74807342       1.75178830       1.70509338       1.69996993       1.71840493       1.71742996       1.69694503       1.66603661       1.66350333       1.66507339       1.65873830       1.63883003       1.67558829       1.61958170       1.52669001       1.32828665
       1.48224163       1.84417661       1.75748666       1.30138167       1.39237007       1.68968995       1.71762832       1.72984505       1.67203840       1.37306166       1.24437499       1.51131503       1.65795994       1.58667660       1.52931833       1.52711662       1.53476826       1.53180838       1.51989508       1.50969505
       1.56374836       1.58089336       1.60125160       1.60774167       1.59820493       1.59203164       1.57487663       1.55916834       1.55353673       1.54833666       1.54816326       1.54465008       1.55507660       1.54587332       1.54010328       1.54862007       1.55901670       1.56713502       1.56219498       1.55571000
       1.54810508       1.54783662       1.53867006       1.53498999       1.53046004       1.51852671       1.51710335       1.49668662       1.48785671       1.47781833       1.48744170
       1.59710662       1.59698836       1.58912675       1.58558671       1.57722505       1.54206673       1.50445668       1.49116500       1.48753325       1.48674663       1.49398502       1.50053660       1.50941340       1.52755006       1.56320159       1.60332998       1.63063494       1.68396997       1.74382671       1.77325837
       1.80423498       1.81466675       1.82774162       1.81472826       1.85248327       1.82216326       1.81902997       1.81916507       1.79946502       1.80478668       1.80300999       1.80872170       1.79902665       1.78164164       1.79375664       1.80074326       1.78053665       1.80742502       1.79609172       1.76586660
       1.76214170       1.76691993       1.75773160       1.72125165       1.72244835       1.71786165       1.74089336       1.71663507       1.70945501       1.71455669       1.74999825       1.75846163       1.74630674       1.76291498       1.76539008       1.76040332       1.75345993       1.73627837       1.71516339       1.68569835
       1.71017329       1.71773338       1.72642167       1.68845669       1.27324835       1.44745334       1.63209168       1.68689839       1.70371993       1.71038326       1.71575499       1.71774832       1.71562672       1.71321170       1.73616330       1.75801833       1.75801166       1.75398668       1.73884837       1.73879830
       1.71951167       1.72139327       1.70006673       1.71612326       1.71164672       1.72294664       1.71135998       1.72127167       1.71022161       1.69508330       1.66640997       1.65254005       1.65740999       1.65730158       1.65655327       1.64073499       1.61783663       1.47731670       1.19851001       1.34937827
       1.61401002       1.84088659       1.64880164       1.38192002       1.31750997       1.17872334       1.29519669       1.40818326       1.40518173       1.28449670       1.14243333       1.58394670       1.62554328       1.55259005       1.52166669       1.52609491       1.53136333       1.52521165       1.53919506       1.65186659
       1.63125499       1.64051326       1.82499838       1.89568837       1.81361326       1.70715173       1.66208839       1.62963994       1.60336494       1.56876167       1.55189832       1.54490503       1.53164005       1.52226671       1.52999338       1.54862992       1.55689828       1.56873496       1.57850838       1.56274494
       1.55075661       1.54489501       1.53219000       1.52568833       1.52842840       1.51643499       1.50669161       1.49397659       1.49120172       1.48627170       1.49331999
       1.59747171       1.59349998       1.59139840       1.58679167       1.58606339       1.56042671       1.53553327       1.51449331       1.49967496       1.49380334       1.48641507       1.48909998       1.50929674       1.53660504       1.56521161       1.58643834       1.60441001       1.63936663       1.68373171       1.73104827
       1.76594830       1.78222672       1.81357495       1.84386333       1.83079338       1.82200829       1.81647666       1.82577006       1.80880833       1.81054831       1.80635325       1.81700341       1.80378167       1.79144494       1.79076831       1.78566837       1.78058163       1.78286839       1.76885668       1.76063999
       1.75769329       1.77011840       1.76926661       1.75223668       1.71428506       1.70391337       1.72582006       1.70294666       1.69588995       1.67974997       1.72496494       1.75275326       1.73580170       1.74433994       1.75327826       1.75115999       1.75087500       1.76451333       1.73644670       1.71788327
       1.72708495       1.71221336       1.72013505       1.74496826       1.65483507       1.40886497       1.26267831       1.33079163       1.55630159       1.70051670       1.70514504       1.69373496       1.68608173       1.69019826       1.68977674       1.71011337       1.73485661       1.74310160       1.74736834       1.74603160
       1.73897171       1.73329496       1.70988162       1.71271165       1.70858335       1.70925172       1.71574163       1.70300341       1.69430828       1.68315506       1.66910839       1.65975332       1.66288503       1.66344674       1.66527335       1.61372169       1.43897502       1.18841831       1.46145995       1.68441502
       1.73619493       1.84016673       1.76070674       1.69798501       1.76082500       1.46947161       1.21031499       1.17545501       1.16051833       1.23979831       1.38061174       1.64939499       1.60039504       1.53119500       1.52031326       1.53292497       1.54308335       1.55275329       1.57954836       1.77049828
       1.73588832       1.86713998       2.09205834       2.29757659       2.32395506       2.22540172       2.05240504       1.86865330       1.71883996       1.65676006       1.60938660       1.58851496       1.56401825       1.53490003       1.52390671       1.52885834       1.53561004       1.55522172       1.57013496       1.56546005
       1.54281839       1.53630161       1.52911663       1.51913834       1.51913659       1.51504501       1.50956170       1.49872494       1.48510329       1.48884662       1.48901335
       1.60551993       1.60265334       1.59705830       1.58761660       1.58508507       1.57874664       1.55841494       1.54522832       1.53226995       1.52147341       1.50578165       1.49360832       1.50342337       1.53293165       1.56113831       1.57907661       1.59175332       1.61730003       1.65836668       1.70484670
       1.74984503       1.75765832       1.79396327       1.80680005       1.80668338       1.83383830       1.81058168       1.81910499       1.82019329       1.80827173       1.80588500       1.81148005       1.79913839       1.79486005       1.78381507       1.78185829       1.76826827       1.74935007       1.76123826       1.75766500
       1.75819667       1.77061001       1.76236502       1.76259836       1.73682499       1.70452658       1.72619168       1.69931825       1.70080328       1.67304341       1.69313161       1.73181836       1.73651997       1.74300496       1.79986000       1.83303499       1.76458995       1.74097999       1.74291007       1.71463172
       1.71159331       1.68529669       1.69199832       1.71357330       1.74890995       1.88093170       1.79011663       1.54842504       1.31578835       1.44689496       1.66585668       1.67033164       1.66885837       1.68688170       1.68822161       1.70349995       1.70392497       1.70014334       1.70235332       1.73110994
       1.73672835       1.73285993       1.72887341       1.72432995       1.71248833       1.70899661       1.68675327       1.67208338       1.68093999       1.67499669       1.67324162       1.66763004       1.67304166       1.68721326       1.63549503       1.38978497       1.20626330       1.41820161       1.69700336       1.69320997
       1.77765163       1.84483337       1.73545170       1.76740503       1.86743832       1.69026995       1.29432495       1.29194665       1.45451673       1.56399663       1.65845331       1.64808337       1.56655327       1.51884000       1.53000832       1.55843163       1.56331174       1.57070827       1.66487662       1.80696662
       1.93757168       2.07240502       2.26767000       2.49043671       2.64927673       2.74836667       2.73223178       2.50534328       2.14487664       1.87544664       1.70960506       1.62370507       1.58545669       1.56322336       1.54073159       1.53226662       1.53060007       1.53354836       1.53021669       1.52682495
       1.51441161       1.51587661       1.51393668       1.51368332       1.51601330       1.51347001       1.50576496       1.48961163       1.47433662       1.47935327       1.47085333
       1.60963504       1.60780334       1.60595004       1.59636164       1.58314339       1.57711331       1.56676340       1.56147003       1.55620495       1.54719337       1.53567171       1.51557827       1.50017834       1.50822496       1.53623327       1.56212997       1.57757171       1.59433667       1.63109827       1.68098338
       1.73133834       1.76272170       1.79366827       1.81698497       1.79663499       1.83814828       1.80949004       1.80892992       1.80846659       1.80655829       1.81396008       1.81179667       1.80563164       1.80083164       1.79069169       1.77956994       1.76400836       1.75466506       1.75781838       1.76033831
       1.75671339       1.77173169       1.75438007       1.75947507       1.74677165       1.70706669       1.72225173       1.70298497       1.69610659       1.67245166       1.68266503       1.68622001       1.70637671       1.73650996       1.77642663       1.78284661       1.77801832       1.76040999       1.74814494       1.72901169
       1.72335339       1.68436003       1.68981663       1.70138836       1.73601834       1.73831828       1.75168165       1.74581830       1.68308163       1.40585168       1.34410493       1.60951169       1.65862830       1.66710329       1.68878667       1.70450338       1.70711327       1.69359668       1.69276826       1.69227839
       1.70261669       1.71369330       1.72910007       1.72242498       1.71509838       1.69426330       1.68988673       1.66902494       1.65318998       1.66634496       1.67010005       1.68775002       1.68491999       1.62762674       1.34613498       1.17326331       1.42486000       1.68225495       1.71506341       1.71056000
       1.80118338       1.84430663       1.68374332       1.79545005       1.84656493       1.44540326       1.20467997       1.61241007       1.73901161       1.74837828       1.70814164       1.64569330       1.55983829       1.54979674       1.54726839       1.56730493       1.58007828       1.59640996       1.76435836       2.01163832
       2.32501332       2.41783508       2.49071836       2.68710168       2.86614672       3.03586833       3.08338165       2.99163818       2.72864660       2.36238337       1.95095174       1.73214006       1.63270839       1.58760341       1.56529999       1.56101338       1.54705826       1.52473338       1.52245506       1.51501338
       1.50666666       1.50359996       1.50472005       1.51292674       1.51526499       1.51309172       1.51139005       1.50729005       1.50214831       1.48077504       1.48402007
       1.60677163       1.60660505       1.60883172       1.60714499       1.59533501       1.57698663       1.57116826       1.56560167       1.56326008       1.55871836       1.54928335       1.53258499       1.51491833       1.50540002       1.51135159       1.53463666       1.55108992       1.56645997       1.60718664       1.66408332
       1.71387339       1.74961503       1.76399326       1.79570166       1.80323331       1.82343006       1.80488841       1.79718335       1.80141671       1.80649328       1.80938164       1.80061340       1.80944506       1.80891673       1.80097500       1.78638999       1.76764170       1.75657495       1.74593671       1.74914837
       1.74708335       1.75900841       1.75435162       1.74738995       1.74775330       1.71224833       1.71773338       1.70179494       1.69291337       1.67718506       1.68735838       1.67462333       1.67603000       1.68496831       1.72166840       1.73872169       1.74699004       1.75713507       1.75153001       1.74851672
       1.75077327       1.69462665       1.70846669       1.71335332       1.69054826       1.68957837       1.68634160       1.69530837       1.68600003       1.68865665       1.40582339       1.30299171       1.58810504       1.66608000       1.69269832       1.71997833       1.71383826       1.70403496       1.69690339       1.69858662
       1.69481325       1.69664335       1.71358506       1.72147497       1.70797507       1.68228674       1.67370335       1.66260831       1.65537834       1.65753508       1.68516000       1.67434502       1.63858334       1.31357503       1.19252165       1.45282666       1.69844166       1.72368670       1.72945833       1.73407507
       1.81062492       1.82752164       1.66137997       1.83745003       1.71797005       1.24433001       1.45502837       1.70716492       1.72609838       1.71816174       1.69014661       1.63450495       1.56622839       1.56228336       1.55907838       1.58487161       1.61097336       1.64479001       1.83768161       2.10805162
       2.59631507       2.85587819       2.86316999       2.92527994       3.10390663       3.28692659       3.37388515       3.40404002       3.25698344       2.91462008       2.44198004       2.04638338       1.82540671       1.69214169       1.62456338       1.58931001       1.57651997       1.56683509       1.54953162       1.54249334
       1.54526504       1.54442167       1.53604841       1.54554001       1.55421829       1.55458164       1.54216671       1.53804827       1.53033336       1.51475334       1.51085663
       1.60740169       1.60870504       1.60958831       1.60663493       1.60080671       1.58369827       1.58004332       1.57504336       1.56922340       1.56280502       1.55391661       1.53896666       1.52253167       1.50918341       1.50489998       1.51134841       1.51995993       1.52936172       1.57274993       1.63286829
       1.68785667       1.72735993       1.75464503       1.77940671       1.79103994       1.82061497       1.80620495       1.79107507       1.79627498       1.79319334       1.80599833       1.78741503       1.79813671       1.79142841       1.79819838       1.78388007       1.76451333       1.75458161       1.75198666       1.74008338
       1.74314340       1.74580336       1.75521835       1.73984671       1.74065161       1.71834501       1.70992835       1.71204170       1.68333832       1.67776171       1.68607664       1.66985830       1.66075675       1.65495173       1.68676329       1.70860338       1.71816667       1.73111169       1.72835668       1.71883329
       1.75954994       1.70279328       1.70259333       1.69956827       1.68524996       1.68432665       1.68090502       1.68869829       1.68448337       1.68526665       1.66587671       1.45698007       1.27762000       1.57892338       1.68429836       1.71825663       1.72636000       1.71627172       1.70082331       1.70595503
       1.69569000       1.69565503       1.70919832       1.70720339       1.69323826       1.66753165       1.64873997       1.65628672       1.66374175       1.67957004       1.65367826       1.68525505       1.36838833       1.21537836       1.50325664       1.69646994       1.71731997       1.70262003       1.75327508       1.76750326
       1.81967497       1.76711496       1.70206165       1.86572329       1.45118332       1.26064332       1.63534673       1.70195341       1.70308828       1.68965165       1.67476161       1.63695161       1.56961664       1.56807836       1.59259494       1.63578828       1.64748494       1.70451164       1.88736836       2.26315832
       2.79783503       3.14810181       3.20780659       3.23867671       3.39968332       3.55217489       3.69795322       3.76240349       3.72079659       3.44772180       2.98625819       2.47704665       2.07459831       1.84442170       1.73097674       1.65468168       1.60728661       1.59818665       1.59131829       1.57470830
       1.57204660       1.57018836       1.56938505       1.55319993       1.55516831       1.55710506       1.55364672       1.54673497       1.54163329       1.53498332       1.52143335
       1.59435161       1.59465837       1.60095167       1.61030674       1.60837507       1.59544166       1.58396165       1.57942661       1.57561000       1.57177496       1.56318998       1.53959831       1.51666005       1.50510502       1.50446161       1.51016331       1.50706005       1.50484165       1.54261669       1.60319328
       1.65645997       1.70050494       1.73472659       1.77181673       1.78125493       1.80823501       1.82099835       1.79031006       1.78836330       1.79630836       1.80017837       1.78338162       1.79027001       1.78360160       1.78810326       1.77513997       1.76142995       1.75115331       1.75612164       1.75136503
       1.74926662       1.75626500       1.75534662       1.75809336       1.75992664       1.74785328       1.72440497       1.70529000       1.68326505       1.67709001       1.67788331       1.67163833       1.66301505       1.65619500       1.67051506       1.68215005       1.69091002       1.70405165       1.70237827       1.69743331
       1.72376506       1.70073001       1.67878660       1.67633835       1.67823998       1.68136835       1.65921831       1.66550493       1.66040166       1.66863664       1.65607834       1.64856497       1.52053006       1.26218502       1.52302329       1.69230334       1.72236331       1.71932999       1.69939995       1.68713331
       1.69232670       1.69069672       1.68955167       1.69608831       1.66246001       1.66759173       1.65236998       1.65632502       1.68025160       1.67583164       1.54682827       1.25961669       1.25680168       1.54006004       1.70925331       1.70564826       1.71930997       1.69955667       1.73026339       1.78827826
       1.81889327       1.69363674       1.80458164       1.71914339       1.24143497       1.48926671       1.67472331       1.69239171       1.69108327       1.68392499       1.66797829       1.62680006       1.58153327       1.61133496       1.66292334       1.67186340       1.68173997       1.79050001       1.97296000       2.36325502
       2.92142995       3.34137503       3.47295348       3.57368819       3.71687667       3.85452016       3.99342155       4.10927486       4.14457671       3.90736167       3.51737499       3.00164159       2.49349340       2.08685335       1.86979834       1.77315172       1.70835336       1.66430505       1.63982503       1.60587835
       1.58874671       1.58509334       1.58728170       1.58008003       1.56250827       1.56722832       1.56683493       1.55655829       1.55600993       1.55115493       1.53258832
       1.59336503       1.58989668       1.59637833       1.60598501       1.61326663       1.60006507       1.59183836       1.58434661       1.58014663       1.57683007       1.56780338       1.53937499       1.51017507       1.49625667       1.49602175       1.50309674       1.50143830       1.49785837       1.52061335       1.57287836
       1.62717835       1.67228667       1.71727673       1.75174332       1.76392841       1.79757675       1.83050998       1.81435839       1.80314000       1.80580997       1.79382833       1.77706671       1.78009669       1.78117498       1.77839327       1.76480500       1.75372998       1.74500004       1.74453497       1.74949996
       1.74888992       1.75897837       1.77868160       1.77399842       1.77497339       1.75893672       1.77202336       1.73077838       1.68175507       1.67329836       1.67313671       1.67116674       1.66223160       1.66469828       1.66323503       1.66898664       1.66781505       1.68695831       1.69354502       1.69041840
       1.72298829       1.67744827       1.65386995       1.64328829       1.66013670       1.68289661       1.64613167       1.65226173       1.66052326       1.67949661       1.66416661       1.66610336       1.65470997       1.57749494       1.33067338       1.40208340       1.65050173       1.68762159       1.68426164       1.68633668
       1.68592501       1.68505494       1.63306665       1.62172667       1.64883661       1.68575493       1.66623338       1.66253662       1.69415840       1.54471000       1.21436334       1.29728500       1.55275663       1.67503834       1.70718495       1.71918662       1.72652674       1.70455662       1.73405329       1.79152997
       1.78065332       1.69475508       1.86867332       1.47095839       1.30310003       1.61628834       1.66862329       1.69157664       1.69538339       1.68786494       1.67178504       1.62155167       1.63146003       1.67555332       1.69226503       1.80975173       2.51791331       3.37322159       4.34489673       5.43998162
       6.59842847       7.73850009       8.25635993       8.38183333       8.52251498       8.63407841       8.80589498       8.97360821       9.00325514       8.78663667       8.44475339       7.95421168       6.79611498       5.08614337       3.45241340       1.99871826       1.86713664       1.80528164       1.76049995       1.66767836
       1.62285662       1.59726000       1.59209172       1.58604829       1.57312663       1.56473827       1.56951173       1.56774171       1.56649494       1.56775840       1.54341841
       1.61277660       1.60984834       1.60319662       1.60534668       1.60482995       1.60415840       1.60269340       1.59300327       1.58539995       1.58404493       1.57535664       1.55654828       1.54007673       1.52299833       1.50762161       1.50385332       1.50251834       1.50149330       1.51417669       1.55520328
       1.59845495       1.63113006       1.67592001       1.71749830       1.75239340       1.79008341       1.80460501       1.82382663       1.81535006       1.79766830       1.78097995       1.77359327       1.77887837       1.78484329       1.77618996       1.76916997       1.75516494       1.74710671       1.73594666       1.74205828
       1.73560492       1.74823507       1.74670998       1.75673167       1.76661174       1.76049836       1.77000841       1.75780169       1.72317664       1.68764003       1.67998330       1.67178170       1.66045507       1.66855828       1.66562001       1.67130836       1.67366171       1.68791008       1.69397831       1.69722493
       1.72893492       1.68555164       1.66073163       1.63844665       1.64333995       1.66820669       1.66023493       1.67127832       1.65312004       1.66658831       1.65854502       1.67659171       1.66444826       1.68856827       1.63322337       1.38938173       1.31659667       1.61853838       1.68481000       1.68327332
       1.68616327       1.63776000       1.62103494       1.63609330       1.61413161       1.62534332       1.65193669       1.66920169       1.55127494       1.19461664       1.35047007       1.60366329       1.65428829       1.69520998       1.71904675       1.73179340       1.70654837       1.69517326       1.75993665       1.79101006
       1.72000170       1.77655999       1.75476662       1.28393666       1.51088492       1.66077995       1.68385331       1.70523659       1.71108659       1.70587508       1.68406328       3.94243673       5.09375000       5.14690018       5.20394039       5.43212032       6.04409027       7.80578995      10.48626041      12.59716988
      14.94569969      16.93202839      17.75836824      18.15022678      18.52882989      18.89821161      19.31349335      19.71699340      19.98881009      20.09332657      20.04617672      19.27301979      16.42337036      14.14365005      12.14160919      10.39105034       8.80500984       7.22879028       6.05142021       5.34669971
       4.94102001       4.74820042       1.60914834       1.59392500       1.57695325       1.57399670       1.56579002       1.57541005       1.57368501       1.56764174       1.55572494
       1.61070665       1.60823329       1.60848506       1.60842498       1.60475000       1.60361163       1.60675001       1.60194667       1.59647163       1.59281826       1.58373674       1.57477331       1.57039499       1.55968841       1.54652007       1.53478670       1.52439499       1.51445834       1.52231836       1.55386337
       1.58644168       1.60734161       1.63645172       1.67098173       1.71372334       1.75727495       1.76137161       1.76635170       1.74736500       1.74143171       1.75112661       1.76293993       1.76532332       1.77105999       1.77129332       1.77637339       1.76730998       1.75923665       1.75769997       1.75056839
       1.75930500       1.74425173       1.73690001       1.74458996       1.73399003       1.74348164       1.75294161       1.75948826       1.75220172       1.72867664       1.71379169       1.66937669       1.65912326       1.66846673       1.67342170       1.68111165       1.68668826       1.70952670       1.70007992       1.70584170
       1.73777326       1.72408994       1.70146497       1.68742832       1.67340167       1.65189838       1.63845507       1.64867338       1.64586496       1.65283998       1.65789493       1.66835499       1.65243498       1.67828671       1.70592165       1.67260663       1.45544004       1.29339170       1.57971001       1.66972494
       1.64760002       1.61892160       1.60985835       1.61804326       1.61932993       1.62481674       1.63854329       1.62609164       1.25487502       1.29460835       1.60715993       1.66633495       1.74081167       1.74502993       1.74974330       1.71602837       1.66153002       1.70577335       1.77545993       1.77818330
       1.69713338       1.86596664       1.61740494       1.27366837       1.61150996       1.66741832       1.69077333       1.70661672       1.71568171       1.89188162       4.75524336       5.16322041       5.20392990       5.26278019       5.31999016       5.63399982       6.82946014       9.75527954      12.35898972      14.65678978
      16.70383072      18.61128044      19.91451073      20.91005898      21.97834969      23.11672020      24.14558029      25.04825974      25.44038963      25.10437012      23.91197014      21.95496941      19.56061935      17.50410080      15.63319016      13.91659927      12.13035011       9.68247986       7.42592049       6.16084003
       5.60074997       5.40585995       5.01264000       1.62181838       1.60440175       1.59466664       1.58637333       1.58088668       1.57444000       1.56955338       1.57933331
       1.60421006       1.60508998       1.60354996       1.60312335       1.60249837       1.60016664       1.60383495       1.60434008       1.60295502       1.59829505       1.59040340       1.58440669       1.58204492       1.57834832       1.57228502       1.55839173       1.53250329       1.50949160       1.52265835       1.56092167
       1.58604002       1.59290330       1.60082006       1.62778171       1.65663830       1.69544840       1.74040826       1.73821004       1.75639502       1.76154836       1.76830673       1.77758662       1.78187497       1.79410664       1.79534006       1.79231167       1.77696498       1.76685333       1.76280340       1.75512330
       1.74532493       1.74158335       1.74368334       1.73944664       1.72819328       1.73003340       1.73499505       1.73508326       1.76035341       1.74002997       1.72417164       1.69797341       1.67391825       1.67693837       1.69189501       1.68662993       1.69534334       1.71993669       1.70609172       1.70201667
       1.73652665       1.72679170       1.71239169       1.69867833       1.69866673       1.66046158       1.63614003       1.64394840       1.64066331       1.65214173       1.64390167       1.64541165       1.63779338       1.66561492       1.67694839       1.69737339       1.68520832       1.49508174       1.53054158       1.53217173
       1.61934837       1.62004995       1.61432171       1.62091001       1.62808673       1.63289992       1.63398170       1.42695173       1.19969503       1.51383829       1.66675997       1.70321337       1.74486494       1.77303505       1.75480668       1.71849171       1.67250331       1.74725326       1.76726993       1.70543671
       1.71462329       1.85733000       1.30064829       1.44884841       1.62434340       1.66229169       1.69156504       1.71082004       1.73250993       3.88701836       5.21197033       5.28127956       5.30478001       5.39058971       5.55150986       5.97478008       6.75586033       9.00127983      12.63055038      15.92333984
      18.44499969      20.51184082      21.61701012      22.50637054      23.66749954      24.67410088      25.55335045      26.40560913      26.98393059      26.79165077      25.85131073      24.46010017      22.53602028      20.51094055      18.72410011      16.89602089      14.70466042      12.19840050      10.39437962       9.01204014
       7.89295959       7.14811039       6.33238983       1.71748829       1.64854495       1.63469664       1.61683671       1.61706495       1.61517493       1.60484997       1.59849834
       1.60277001       1.60257498       1.59842173       1.59934171       1.59623496       1.59512170       1.59407171       1.59350999       1.59401496       1.59460497       1.58855836       1.58199501       1.58304834       1.58087174       1.57048829       1.54990498       1.52041006       1.50453170       1.52734836       1.57063659
       1.59336996       1.59542831       1.59194660       1.59859832       1.61362505       1.62360668       1.64991999       1.63595502       1.67206001       1.69504674       1.70938826       1.71510172       1.73036003       1.75633160       1.78702005       1.81089497       1.77957662       1.76792828       1.76947832       1.79243167
       1.80507326       1.80245336       1.79887835       1.75456826       1.76324161       1.75305669       1.74656169       1.74302498       1.74763664       1.72944498       1.72245995       1.71216997       1.69830831       1.68994506       1.69390663       1.68658161       1.68643506       1.69408830       1.69200500       1.69331837
       1.70015828       1.70086336       1.69667164       1.68276660       1.68251165       1.67227666       1.64101664       1.63405339       1.63059998       1.64202499       1.63434998       1.62233829       1.61855332       1.63276339       1.64642493       1.65723991       1.64098326       1.66115999       1.53152005       1.25661667
       1.49061505       1.60365327       1.62066666       1.62546508       1.62990840       1.63406006       1.63125499       1.28806671       1.28199498       1.64517339       1.69111665       1.73130496       1.75621335       1.76360671       1.75306002       1.68941005       1.68447336       1.76232004       1.74240669       1.62278493
       1.81553841       1.64042838       1.25415500       1.55446339       1.62472995       1.65790669       1.68351841       1.71832498       3.42053493       5.49829006       5.57791042       5.62590027       5.69301033       5.66921997       5.78536987       6.22220993       6.70273018       7.77962971      10.33856010      13.24411011
      16.27012062      19.76844025      22.26300049      23.40663910      24.86956978      25.95874023      26.75856972      27.71451187      28.64881897      28.83496094      28.10194016      26.70113945      25.46817017      23.21350098      21.03508949      18.82526970      16.77227020      15.05257988      13.77508926      12.51660919
      11.18206978       9.82971954       8.43976974       1.92121506       1.75031996       1.66874838       1.63445330       1.65052160       1.65894000       1.65318171       1.62523667
       1.61380164       1.60714674       1.60197496       1.59776163       1.59656000       1.59005674       1.59214671       1.58813175       1.58804003       1.58611997       1.58237839       1.57653332       1.57882500       1.57584826       1.56361834       1.53883664       1.50478999       1.49846665       1.52410173       1.56019004
       1.57951673       1.58376662       1.58246168       1.58074331       1.57425674       1.60345840       1.61441994       1.59539334       1.60795673       1.62895997       1.64441999       1.66000001       1.67746830       1.70272493       1.72372007       1.77244329       1.77299166       1.76621993       1.76570829       1.77932660
       1.78181998       1.78718996       1.79824162       1.76708508       1.75782506       1.74978161       1.74472507       1.75123994       1.76755667       1.75358836       1.71623993       1.71135171       1.70548169       1.69168329       1.67706331       1.67074664       1.68218168       1.69639508       1.69522174       1.69261837
       1.70392338       1.69061168       1.67846664       1.68148502       1.68595839       1.67415158       1.66457160       1.65990003       1.65643501       1.65911992       1.64502001       1.62921667       1.62154500       1.61589162       1.61863995       1.61889998       1.65199502       1.63128328       1.57071829       1.44905504
       1.22244000       1.31193670       1.46352498       1.59680335       1.62336667       1.62605333       1.53784498       1.20127837       1.38237000       1.66369502       1.70613496       1.73718007       1.76111666       1.77183835       1.73532995       1.66259162       1.72430833       1.74723498       1.68611495       1.65803671
       1.83355665       1.36666663       1.36407661       1.59517670       1.64415836       1.67408832       1.70117331       3.31979663       5.65578162       5.88475037       5.95695972       6.03682995       6.08638000       6.06665993       6.07831955       6.53164005       7.27632046       7.99110985       9.40583038      11.16320992
      13.37503052      16.09308052      18.87347031      21.31735992      24.04924965      26.17878914      27.50331879      28.92646027      30.31002045      30.80638123      30.29616165      28.54444122      27.20341873      24.88087082      22.26684952      20.40214920      19.22145081      17.95606995      16.47723961      15.42779922
      14.49920082      13.00260925      10.04740664       2.36880493       2.07627503       1.79170338       1.66400162       1.64746507       1.65234836       1.64636834       1.59187333
       1.61899662       1.61156670       1.60759004       1.60582829       1.60123332       1.59848674       1.59474834       1.59246667       1.58839496       1.58832836       1.58265495       1.57792330       1.57588005       1.57515160       1.56972329       1.54738172       1.51548672       1.49641673       1.50195169       1.52145338
       1.53701003       1.54138168       1.54902172       1.54787493       1.52981170       1.55787834       1.59563001       1.58748341       1.58511337       1.58913326       1.60040506       1.61583503       1.62142007       1.64510838       1.67206494       1.72391828       1.75500997       1.78271834       1.77217340       1.77880669
       1.79206006       1.80251503       1.78357331       1.76794497       1.75348504       1.74672000       1.74111001       1.76845996       1.76942666       1.75898504       1.71661838       1.70501995       1.69603507       1.69136508       1.68245506       1.66754166       1.66837502       1.67672332       1.68055503       1.67908335
       1.70322831       1.66587496       1.67643166       1.68661674       1.70993328       1.71217664       1.69468498       1.68613164       1.65715837       1.67459504       1.66475169       1.65200663       1.63094330       1.62844992       1.62481165       1.66585827       1.64305162       1.58756336       1.57753992       1.58372498
       1.53433164       1.40816005       1.28856500       1.23572834       1.36827660       1.47153330       1.32360331       1.14259998       1.42688831       1.66888332       1.69394334       1.72374837       1.74425173       1.75402164       1.68420172       1.66286341       1.74699672       1.72349993       1.60878992       1.78699827
       1.69146840       1.25912666       1.52202495       1.62188164       1.66307831       1.68290663       3.59722331       5.76932666       5.96862984       6.22883987       6.78800964       7.25298977       7.22204971       6.91086006       7.08166027       8.42469978       9.94925022      10.96895981      11.24814987      11.79129982
      13.24806976      14.64946938      16.81936073      19.66859055      23.26094055      26.54962921      28.61832809      30.45785141      31.83174896      32.40232849      32.04571152      30.36853027      28.57910919      26.10293007      23.55467987      22.29516029      21.66604996      20.09531021      18.38532066      17.48381996
      16.80814934      15.66736984      11.55317173       2.82598178       2.48068825       2.09059175       1.79265165       1.67022832       1.65230163       1.63384008       1.55674505
       1.62627840       1.62455670       1.62413168       1.60643339       1.59809669       1.60028664       1.59888665       1.59739161       1.59605503       1.59617662       1.59139840       1.58575503       1.58419673       1.57976007       1.57588339       1.56405830       1.54294332       1.52099005       1.50450993       1.49876499
       1.49941826       1.50689173       1.51793830       1.53002501       1.52290328       1.52416499       1.58855502       1.59463326       1.60054000       1.59812164       1.59612338       1.59923999       1.60064665       1.61003828       1.64116001       1.66809670       1.70323006       1.75089661       1.76241493       1.77305333
       1.77738492       1.79138168       1.77618329       1.76362165       1.74380493       1.74181334       1.75507005       1.79209995       1.78161494       1.75891336       1.74009164       1.71365166       1.69707171       1.69373163       1.69666831       1.69049168       1.68273163       1.67042335       1.65937996       1.66634337
       1.68616835       1.67334334       1.68375826       1.68698168       1.71263663       1.70592340       1.69448662       1.68676837       1.66895501       1.68979994       1.69818004       1.68806171       1.68306494       1.67723672       1.66913335       1.65905507       1.61019500       1.58671999       1.57745838       1.58309174
       1.57317495       1.54514170       1.54029163       1.49037997       1.40570831       1.29760504       1.36060667       1.33953174       1.42989000       1.64377673       1.66747665       1.72353506       1.76806005       1.75612164       1.63727999       1.69523176       1.74309333       1.68179496       1.61361504       1.87625996
       1.48016834       1.29950166       1.61072667       1.65118504       2.35863495       4.30507507       5.82509041       6.14605045       6.62660980       7.61013031       8.73610020       9.56363964       9.67150974       9.01395035       9.01043034      10.91816998      13.16732025      14.65369034      14.99039078      14.86421967
      15.31580925      16.10749054      17.86741066      19.68112946      23.01407051      27.17319107      30.57418060      32.49647903      33.58887863      33.91136932      33.43291855      31.96876907      30.21448898      27.94372177      25.50540924      24.42334938      23.21825981      21.29303932      19.95413017      19.14732933
      18.67958069      17.58021927      12.90351175       3.71314990       2.70283159       2.31926998       1.93903001       1.72731670       1.68230327       1.63042164       1.49412505
       1.63254833       1.63034169       1.62838840       1.61806504       1.60840336       1.60393492       1.59954659       1.59971841       1.59988499       1.59768168       1.59483163       1.59087340       1.58900833       1.58929841       1.58492661       1.57706340       1.56735500       1.55633005       1.54388332       1.53457832
       1.53377326       1.53997342       1.54755831       1.56354173       1.55337667       1.54277833       1.57609828       1.59955661       1.61291997       1.59867668       1.59948667       1.59098164       1.58834998       1.59149170       1.62120342       1.62944174       1.65777175       1.70178668       1.74855661       1.78464667
       1.78413995       1.79952335       1.76610502       1.75797002       1.74716663       1.76238664       1.76623170       1.79395167       1.76278003       1.74233007       1.73723507       1.71888669       1.71176497       1.71321328       1.71909507       1.71968826       1.70600828       1.68571170       1.66975498       1.67206001
       1.67712005       1.67273998       1.67036835       1.67516502       1.69152832       1.67785835       1.67682664       1.66864332       1.67474826       1.68154494       1.69641161       1.68237162       1.66727161       1.66112328       1.67825667       1.63631662       1.61885166       1.59394328       1.60341326       1.60206668
       1.57010333       1.59812005       1.56809839       1.54672496       1.58917665       1.59771506       1.62841002       1.50487328       1.29826498       1.60584339       1.68000841       1.72628164       1.74027173       1.70369005       1.62552834       1.72739665       1.72042672       1.60969830       1.73544327       1.91492001
       1.31190832       1.48880339       1.91806835       3.67283341       5.46692673       6.29963970       6.63640022       7.11651039       8.41858006       9.84914017      11.19368935      12.20713997      12.51140976      11.89896011      11.62406921      13.56458092      16.55536079      18.76827049      19.03829002      18.71896935
      18.64789963      19.51899910      20.46701050      21.24758911      23.56631088      27.25672913      31.82759857      34.61705017      35.50598145      35.72296143      35.26544952      33.91159058      32.17887115      30.11671829      27.93181992      26.23181915      24.19894028      22.34589958      21.18613052      20.18358994
      19.36660004      17.98218918      13.93440679       4.83628330       2.68078677       2.40921497       2.11310164       1.85875670       1.75945997       1.62279336       1.44802332
       1.63088163       1.63150501       1.62613328       1.61441676       1.60563993       1.60265493       1.59938494       1.60155662       1.60270007       1.60235500       1.60167329       1.59729163       1.59422827       1.59468667       1.59249338       1.58828497       1.58172162       1.57747841       1.57166497       1.57054996
       1.57199669       1.57788833       1.59030994       1.60319169       1.61469332       1.60889832       1.58008162       1.60704835       1.60245164       1.59904830       1.59683339       1.56252162       1.56589826       1.58091672       1.61491998       1.65223662       1.67467006       1.66360998       1.72611841       1.76496506
       1.76708333       1.77079662       1.74519173       1.74475670       1.74612840       1.75822004       1.76321665       1.77757502       1.76077000       1.73747508       1.73383331       1.72578335       1.72775841       1.72676833       1.72833665       1.73058494       1.72351662       1.69991493       1.67853673       1.68864997
       1.69144996       1.68845002       1.67689006       1.69625839       1.68109830       1.67109172       1.66625659       1.66062498       1.67061996       1.68936507       1.66901493       1.66474835       1.65454006       1.65188169       1.66437499       1.66507673       1.68091329       1.62903992       1.57561159       1.56581163
       1.55517673       1.64603504       1.61216338       1.61499834       1.62667831       1.63548994       1.63825830       1.55894502       1.25514166       1.60018174       1.71557999       1.78297838       1.75274674       1.67320506       1.65434663       1.74010674       1.68914000       1.58579159       1.85656659       1.65318171
       2.13389834       3.84128507       5.25568008       6.08102989       7.33885956       8.72597980       9.34383011       9.90653992      11.16346931      12.69491959      14.17067909      15.12258911      15.40464020      14.64772034      14.18481064      15.94860077      19.13088989      21.99721909      22.73387909      22.74546051
      23.36759949      24.30352974      24.03347015      24.00536919      25.43869019      28.37694931      32.54317856      36.33032990      37.37139893      37.56512070      37.07233810      35.57678986      34.17187119      32.17565155      30.46525192      28.25067902      25.76605034      23.75608063      22.39398003      21.11129951
      19.73485947      17.87528992      14.87215169       5.91249657       2.62391837       2.36500327       2.12278668       1.90728505       1.79607503       1.61254327       1.44644499
       1.64683660       1.63640006       1.62598165       1.62054666       1.60881503       1.59946330       1.59676329       1.59711504       1.60082165       1.60184002       1.60441669       1.60296996       1.59765498       1.59652662       1.59527826       1.59233999       1.58810663       1.58107328       1.57964659       1.58244165
       1.58061838       1.58979495       1.60172160       1.61355337       1.63080661       1.64031998       1.59099674       1.59773000       1.58510335       1.58000008       1.56836669       1.50568660       1.50378831       1.53085327       1.58202998       1.67430337       1.71057336       1.67333508       1.71482833       1.75409826
       1.74939171       1.74308332       1.73293002       1.72435999       1.72739998       1.73291175       1.74894333       1.73767328       1.72488165       1.72470506       1.72775507       1.72823493       1.73464998       1.73090998       1.72664992       1.72624000       1.71994162       1.70431662       1.68957663       1.70004670
       1.70912504       1.70328172       1.68383328       1.69669326       1.67518330       1.66237005       1.67791669       1.66434495       1.67450333       1.68121497       1.63771502       1.63665660       1.66392501       1.68098164       1.65406338       1.67812665       1.61654504       1.59636497       1.55002832       1.54219166
       1.58281326       1.61375999       1.66746505       1.62033828       1.61963669       1.62992827       1.50213671       1.27967501       1.38880332       1.64757506       1.73841333       1.74609836       1.74671332       1.64427996       1.69545666       1.72628498       1.63867172       1.65441163       2.59792503       3.44785976
       3.27260017       5.29162979       6.55603981       8.33716965      10.53429985      12.70191956      13.81916046      14.27975082      14.95467949      16.14291954      17.54006958      18.31543922      18.16793060      17.17600060      16.49271011      18.03755951      20.98069000      23.96434975      25.61360931      26.35590935
      27.63058090      29.14923859      29.21480942      28.39160156      28.86846161      30.35268021      33.82099915      37.70671082      38.95269012      39.01309967      38.54391861      37.21826172      35.99570847      34.19322968      32.50690842      30.48524857      28.03255844      25.59210014      23.71213913      21.88245010
      19.72514915      17.30188942      14.71235085       7.04269511       2.62602663       2.30546506       2.01659838       1.85315005       1.76922337       1.58261665       1.45849673
       1.65140835       1.63946168       1.63338168       1.62931506       1.61941338       1.61447493       1.61228339       1.60949326       1.60426331       1.60723495       1.60449998       1.59899839       1.59534327       1.59652170       1.59692828       1.59316842       1.59012000       1.58594497       1.58478340       1.58675337
       1.58539995       1.59000492       1.59884993       1.60327005       1.60980161       1.62198830       1.59320005       1.58420165       1.58234008       1.57215341       1.55655162       1.52087673       1.48995002       1.49607833       1.53810167       1.58902327       1.63225826       1.63211838       1.68460337       1.73910999
       1.73742326       1.73776992       1.73546505       1.73588673       1.74153837       1.73314333       1.75176827       1.72681665       1.71636327       1.70960172       1.71101665       1.70731672       1.70513503       1.70291503       1.70641994       1.70699326       1.69920826       1.69028838       1.68876839       1.71229664
       1.72201999       1.72213332       1.70436494       1.70619504       1.69016838       1.67602173       1.68721167       1.67637841       1.70148834       1.68871164       1.63816659       1.64483166       1.65404161       1.68608999       1.65187327       1.64679003       1.63604673       1.56808662       1.57581997       1.60126670
       1.60829337       1.60762167       1.61130826       1.60985502       1.58580669       1.41323996       1.25269834       1.49341838       1.61636337       1.68651835       1.76565329       1.74114498       1.71371667       1.63789161       1.72085492       1.69737339       1.58355331       3.26459662       5.18440167       2.75602007
       4.38574028       6.80613995       9.18966007      11.71873093      13.97183990      16.30233002      17.60713959      18.33155060      18.75366020      19.60062027      20.50412941      20.83538055      20.39226913      19.27688980      18.61638069      19.72347069      22.33266068      25.56217957      27.98720932      29.54513168
      30.92766190      32.50759888      33.62488174      33.42374039      32.85437012      33.23220062      35.63970184      39.03725815      40.43098068      40.51007843      39.93373108      38.91461945      37.63991165      35.91992188      34.23785019      32.43225098      30.24760056      27.77993011      25.26549911      22.96326065
      20.26481056      17.45895004      15.02968025       8.23022505       2.69078159       2.36555338       2.04320335       1.84137996       1.76032337       1.55147171       1.47346830
       1.65068499       1.64132992       1.64787165       1.64403327       1.62266334       1.61277994       1.60719506       1.61700662       1.61695162       1.61543004       1.62266827       1.61874660       1.60887162       1.60667833       1.60986328       1.60190662       1.59593169       1.59253168       1.58723497       1.58863672
       1.59327841       1.59864505       1.59605503       1.59991837       1.60587994       1.59019995       1.58253495       1.58100001       1.59091171       1.59737174       1.58429162       1.56944497       1.55056667       1.52414831       1.51045163       1.56854836       1.59073003       1.60082499       1.64722999       1.71187337
       1.72868665       1.72637669       1.74124002       1.73472675       1.72904666       1.72688993       1.74680328       1.72634331       1.72140503       1.70377827       1.69423660       1.68575493       1.68551826       1.68665504       1.68647496       1.68670495       1.68574667       1.68148836       1.68342002       1.69443337
       1.69130166       1.68435828       1.68469826       1.68767993       1.69405158       1.68287166       1.67695665       1.67998171       1.66782840       1.66652997       1.65616004       1.63917828       1.63294506       1.66542673       1.63752000       1.62525670       1.65553172       1.59492668       1.60100826       1.57938830
       1.56768672       1.59452995       1.60276333       1.54688327       1.30856164       1.29910501       1.59123500       1.63336992       1.65346162       1.70185836       1.75232840       1.74644168       1.68605328       1.65579335       1.73485661       1.66042169       1.98547163       4.14592498       5.58302975       2.91212988
       6.32518005       9.08010006      12.71721077      14.85429001      17.05521997      18.44142329      19.70044015      20.95053507      22.06418037      22.95166969      23.51926041      23.34333038      22.63957024      21.16045952      20.42342949      21.31135941      23.83629036      27.54404068      30.05355835      32.15369034
      34.22238922      35.97737885      36.76826096      36.94939041      36.50732040      36.59410095      37.52389145      39.60374069      41.09751892      41.48168945      41.14820099      40.28330994      38.84532928      37.31018066      35.69353867      34.20901108      32.12141037      29.89393997      27.46704865      24.91654968
      21.72176933      18.74485970      15.85843086       8.72002824       2.65354172       2.33448664       2.04571660       1.85615667       1.77475325       1.54181004       1.47892507
       1.64771668       1.63392671       1.64652999       1.64731328       1.62822835       1.62386338       1.61359994       1.61765003       1.62174670       1.61674833       1.62332328       1.62685839       1.62147840       1.61607663       1.61909835       1.62241507       1.61876504       1.61105839       1.60394828       1.60421340
       1.60207828       1.60811838       1.59393501       1.60481660       1.61419996       1.59834671       1.57628504       1.56872670       1.57640664       1.58524005       1.58113670       1.57790502       1.56004000       1.53628667       1.51454496       1.57022508       1.58178663       1.59098164       1.61803500       1.68114503
       1.72999827       1.71365992       1.74616162       1.74605831       1.74763997       1.74847825       1.75601339       1.72966671       1.71768999       1.71017663       1.70144335       1.69317834       1.69335334       1.69519997       1.69780668       1.69978666       1.70183992       1.70127662       1.70317666       1.69900672
       1.69193840       1.68304507       1.67360497       1.66656494       1.67141994       1.67489672       1.67139165       1.65979163       1.64758666       1.65292327       1.65590827       1.63770835       1.61853997       1.63707002       1.64073165       1.67150831       1.73411338       1.61959998       1.58425999       1.56439336
       1.59528160       1.66362333       1.60629161       1.33977826       1.41936493       1.61732674       1.65047836       1.65675004       1.68217341       1.71263838       1.74325339       1.73940166       1.66105827       1.66582998       1.72891506       1.62236675       1.66111660       3.36256994       4.56404018       3.97294998
       8.26537991      10.54248320      12.49600169      14.04609178      15.60208829      17.10041008      18.56571821      20.03881181      21.51839326      22.89754486      24.18360990      25.39856517      24.37482071      22.78738022      22.05415916      22.98617935      26.10386086      29.23920059      33.54008102      36.61669922
      38.50825882      39.70804977      40.79534149      41.18088150      40.01314163      38.84589005      39.03205109      40.01591110      41.18360901      42.03884888      42.15652847      41.30569077      39.82749939      38.41508102      37.17621994      35.99898148      34.43262863      31.87488937      29.30612183      26.59929085
      23.34540939      20.34693909      17.11643028       8.55624167       2.61296670       2.20956341       1.92110666       1.83374166       1.72827164       1.52123833       1.48903497
       1.64648660       1.63380671       1.64871836       1.64068000       1.62676493       1.62557173       1.61781661       1.61789163       1.62048499       1.61667840       1.61369165       1.62466828       1.62214327       1.61740669       1.60991828       1.61592340       1.61803834       1.61969328       1.62594668       1.62825664
       1.62327162       1.61847003       1.61057663       1.60511827       1.61142174       1.59471830       1.58091672       1.57493830       1.57378165       1.57071670       1.56599998       1.56470172       1.54886166       1.52336995       1.51507839       1.57570998       1.55454826       1.57022667       1.60294167       1.65972662
       1.72479836       1.72329839       1.76094166       1.75734504       1.76468007       1.76563994       1.75905673       1.73153162       1.71986167       1.71044334       1.69939168       1.69878165       1.70203495       1.70145671       1.70658827       1.71181838       1.71317164       1.72075669       1.72978163       1.72364664
       1.70752668       1.69147333       1.67630831       1.67304325       1.67056672       1.66961829       1.67047501       1.66314507       1.65035661       1.64487664       1.64661996       1.65200170       1.63963159       1.63808171       1.64183331       1.63056993       1.64711507       1.62227503       1.57245668       1.67642673
       1.62036165       1.61064672       1.54823494       1.28487500       1.60100667       1.62534841       1.64329497       1.66161998       1.67638000       1.71041838       1.74167172       1.72100830       1.65681998       1.69016329       1.71253332       1.59063832       1.84523328       2.57364829       3.53289668       5.18525998
       7.12448994       8.76619339      10.49217510      12.20552667      13.91493670      15.55778662      17.21951167      18.86389319      20.49000009      22.03897158      23.52826182      24.88371340      24.73282051      23.55541992      23.05603027      24.62991905      27.48675156      32.40859985      37.24185181      39.88668633
      41.76044146      43.09416962      43.67412949      43.66831970      42.55807114      41.28540802      40.65018845      40.74707031      41.62176895      42.49300003      42.71393967      42.06253052      40.79600143      39.36581039      38.14743042      36.82131831      34.69806353      32.36502012      29.96133486      27.50125694
      25.03161494      22.21768951      17.11207326       8.57249165       2.72842153       2.18990660       1.89316336       1.79287338       1.60964998       1.49464162       1.49515994
       1.64978997       1.64154339       1.65010007       1.63703505       1.62727833       1.62844165       1.62232828       1.62139336       1.62313000       1.62075663       1.62004328       1.63781993       1.62554836       1.61958838       1.61197170       1.61332337       1.62145662       1.62405507       1.63399665       1.65815337
       1.65600999       1.66347504       1.63561996       1.61830997       1.60263666       1.57920504       1.58929173       1.59188668       1.58725993       1.57133166       1.56271172       1.56446664       1.54915492       1.52715000       1.48678001       1.53965839       1.53583002       1.55263170       1.59118827       1.63578828
       1.70533498       1.71943331       1.76634836       1.75608174       1.74711831       1.74568669       1.72633998       1.71217171       1.70678329       1.71102667       1.70790497       1.70407995       1.69633341       1.69117006       1.69354995       1.70042499       1.70254834       1.70713997       1.71082671       1.70731163
       1.69698668       1.68209171       1.67576329       1.67903328       1.67864498       1.67356841       1.67053827       1.66707166       1.65816498       1.65100336       1.63764668       1.63289833       1.62423499       1.58620501       1.60627508       1.62009494       1.62861840       1.61126661       1.59933996       1.67100668
       1.62735669       1.55495501       1.53197670       1.33607992       1.57855670       1.64515336       1.64967505       1.65755335       1.66958666       1.71616999       1.72746007       1.72456662       1.66645002       1.71142499       1.69488827       1.59301837       1.90568495       1.91662502       2.39807504       4.18672673
       5.71965669       6.98574174       8.57683996      10.37675343      12.19164658      13.97454332      15.75593834      17.55422166      19.32838847      21.02864488      22.64730651      24.19798323      24.48435974      23.73397064      23.91575050      25.59790039      29.45705032      34.07508087      38.71290843      41.03773689
      42.99100304      44.68103027      44.95555878      45.06549072      44.75825119      43.90303040      42.81412888      42.48820877      43.01351166      43.38042831      43.33158875      42.58288956      41.55567169      40.26232147      38.90513992      36.76064860      34.56080666      32.26110675      29.84688327      27.36314138
      24.89163990      22.39906158      16.95899836       8.56752841       2.95673339       2.32603661       1.92716837       1.77294827       1.57518673       1.47453833       1.48091507
       1.64433161       1.64323839       1.64724159       1.63341506       1.63381163       1.63322337       1.62585163       1.62106339       1.62379169       1.63038667       1.63621839       1.65123002       1.63100831       1.61888504       1.61384662       1.61204004       1.61829329       1.62635326       1.63783662       1.66337331
       1.66366673       1.68425004       1.67623838       1.67946164       1.65130997       1.59038003       1.58954159       1.59427341       1.59494336       1.57852507       1.57538001       1.57657162       1.56483841       1.54267327       1.48077997       1.49098174       1.51944002       1.53593000       1.57705005       1.61099831
       1.67913500       1.71751006       1.71662505       1.71472661       1.71944173       1.72008165       1.70488342       1.70785332       1.70423174       1.71081495       1.70970996       1.70782836       1.70392164       1.69655498       1.68860499       1.68611670       1.68490505       1.68571329       1.69337670       1.69670661
       1.68940496       1.67794164       1.67618497       1.68404833       1.68439007       1.67626492       1.67237504       1.66079330       1.65388838       1.65760835       1.64885171       1.63407834       1.59855668       1.54440832       1.53699334       1.63665326       1.62776836       1.61136166       1.63263337       1.61706003
       1.58201663       1.56118504       1.55863333       1.36183993       1.55635659       1.65563997       1.65960836       1.65253830       1.69465335       1.71766996       1.73329004       1.74313498       1.66039165       1.72098494       1.68103170       1.62263997       1.93260002       1.90173340       1.46989171       3.08115005
       4.16264674       5.11603826       6.57984676       8.50626329      10.41703987      12.32072493      14.22959162      16.14735006      18.05549005      19.90776825      21.70749327      23.45557493      23.96290970      23.39211082      23.76552963      26.49786949      30.55865097      35.37707901      39.44991302      41.87282689
      44.00520007      45.52103043      45.90718079      46.14519882      46.30992889      45.92702866      45.03773880      44.71120071      45.23995972      45.18741989      44.12585831      42.94396973      41.78398895      40.62934113      38.89012337      36.60844142      34.34689344      32.01127675      29.58182487      27.08401171
      24.57915026      21.99853179      16.63760821       8.46937656       3.16141828       2.55988503       2.04299672       1.75649007       1.53054174       1.47806327       1.56241163
       1.63970661       1.64405664       1.64593840       1.62798325       1.63300339       1.63302501       1.62103160       1.61850659       1.62356329       1.63351838       1.64717833       1.65496174       1.63553667       1.62576167       1.61867332       1.61021503       1.61490170       1.62390327       1.64494340       1.65551329
       1.65632661       1.66946665       1.66898998       1.67642673       1.65686003       1.61143668       1.59666506       1.59021505       1.59208997       1.58043830       1.58667835       1.58718173       1.58204826       1.57220840       1.53772004       1.48264329       1.49764840       1.52529669       1.56080341       1.58828338
       1.67203172       1.71344503       1.70917161       1.71026007       1.71330992       1.71819003       1.69910494       1.69441001       1.70449336       1.70925999       1.70639006       1.70168161       1.69845327       1.69119501       1.68982172       1.69303004       1.69541168       1.69757668       1.70225334       1.70229499
       1.68768326       1.67593336       1.67395337       1.67213837       1.67487160       1.67495998       1.66497326       1.65216335       1.65033166       1.64754661       1.64141003       1.63439496       1.59642665       1.53717327       1.51260328       1.60179996       1.63135672       1.60877673       1.62497838       1.61294492
       1.59627501       1.58334335       1.67785835       1.34663328       1.64635007       1.66831001       1.67356173       1.69320663       1.71360668       1.71456003       1.71881501       1.74714994       1.65375662       1.72498004       1.67236996       1.67384672       1.94476000       1.89756997       1.51641003       2.39686998
       2.49693664       3.06191657       4.46053848       6.51110344       8.55696487      10.59422989      12.63298168      14.67113679      16.73599987      18.80319341      20.82459501      22.76507161      22.98316002      22.07641983      24.07859039      27.55403137      31.80577087      36.73062134      40.11827151      42.65145493
      44.95085017      45.94916916      46.63182831      47.08911133      47.18444061      46.93095016      46.54544830      46.36594009      46.29651349      45.94018809      44.84751129      43.36161041      41.95692062      40.56087875      38.78250694      36.47328529      34.15656331      31.82337138      29.38783493      26.89528974
      24.24488983      21.51895669      16.10827510       8.19508680       3.21950181       2.67981180       2.08887672       1.69740836       1.48802662       1.57454840       1.62569841
       1.64236498       1.64604839       1.64881833       1.63613828       1.63624493       1.63260508       1.62054507       1.61800830       1.62018998       1.63055674       1.64300664       1.64453173       1.63172340       1.63322163       1.62923161       1.61959839       1.61611668       1.62881168       1.64241838       1.64185826
       1.64777501       1.65375328       1.64984337       1.65993166       1.63352172       1.61493333       1.60868661       1.59936158       1.59100167       1.57842000       1.58563662       1.58601840       1.58508666       1.59012667       1.55958827       1.52909994       1.46498664       1.49332333       1.55121168       1.58327500
       1.65948502       1.71381172       1.70010169       1.72032674       1.71785339       1.71816667       1.69985008       1.69871839       1.70051161       1.70435333       1.70370340       1.70115995       1.70149501       1.70184835       1.70536661       1.71026834       1.70998160       1.71380504       1.72034995       1.70884164
       1.68710327       1.67884000       1.67396832       1.66383998       1.66268174       1.66258494       1.65134827       1.64759159       1.65159337       1.64984830       1.64295006       1.62327830       1.57758331       1.52952496       1.51157173       1.54805660       1.64489333       1.63208326       1.63189999       1.61659002
       1.59477170       1.60266495       1.69260327       1.40295506       1.60547670       1.65842326       1.69106674       1.71798658       1.74351501       1.74657329       1.73774831       1.71737337       1.67282995       1.72643328       1.66810671       1.72204002       1.96630669       1.93952163       1.70595662       2.13572661
       2.20277659       2.41925335       2.69138336       4.59349511       6.78523986       8.93986823      11.02849153      13.12556820      15.34610500      17.66283162      19.87685992      21.85141945      20.92828941      21.21694946      24.63747978      28.59146118      33.48469925      38.04840469      40.91263135      43.47815196
      45.42417145      46.47399902      47.43957138      48.01271820      48.20362854      47.99819946      47.71654129      47.32185834      46.77154160      46.13063049      44.93170929      43.42382812      41.79198837      40.30310059      38.62152163      36.29695651      33.99961815      31.65747172      29.24983139      26.66643016
      23.78962148      20.79416332      15.43105507       7.70421823       3.05239010       2.53728167       1.95106999       1.58478832       1.50515175       1.61176666       1.64110835
       1.63898007       1.64814997       1.64611499       1.64236164       1.64393330       1.63359165       1.62428999       1.62328498       1.62366327       1.63462162       1.64242665       1.64352671       1.63246997       1.63790830       1.63854663       1.63032834       1.61792994       1.62734159       1.63603497       1.62562831
       1.62805669       1.64144007       1.63863166       1.65241671       1.62233496       1.61253341       1.61217674       1.61529827       1.60476494       1.58519506       1.58160337       1.58302832       1.58911006       1.59303331       1.56575664       1.54225159       1.49508826       1.46070004       1.52967167       1.59012826
       1.66181342       1.70887995       1.71223005       1.71762005       1.70746994       1.70758994       1.69555839       1.68635670       1.68851328       1.69704994       1.69763501       1.70193164       1.70783329       1.70908006       1.70842838       1.70483335       1.70338329       1.70745007       1.70940669       1.69685507
       1.68212334       1.68228833       1.67705170       1.66794507       1.66695166       1.66121006       1.65070836       1.65180175       1.66032839       1.65706333       1.63784329       1.60371161       1.55563498       1.52718163       1.52344338       1.54482508       1.62299999       1.64965995       1.62357330       1.59984334
       1.59496164       1.68608665       1.38533672       1.58990335       1.58955495       1.63602670       1.69086329       1.71481673       1.74147495       1.76691008       1.71754662       1.66153828       1.66957331       1.73425007       1.66919502       1.78705502       1.99691502       1.97537502       1.81801160       1.93097162
       2.00115506       2.21073659       2.60649506       2.86511517       5.07276503       7.31844838       9.37339656      11.50869179      13.87753836      16.31134510      18.31718063      18.65928078      18.56538010      21.60920906      25.54425049      30.63240814      35.62409655      38.80134646      41.70149167      44.40044340
      46.42802048      47.46445847      48.28453827      48.79468918      49.02429962      48.96371078      48.61088181      47.96488825      47.19305038      46.14178848      45.00114059      43.37134171      41.63558960      40.18896103      38.43863169      36.02251816      33.61453501      31.22514852      28.70950317      25.90468470
      22.90697002      19.93069490      14.62914181       7.07424672       2.69793987       2.23562670       1.76004664       1.51471663       1.53791666       1.61947171       1.64353005
       1.63853502       1.64986833       1.64576340       1.64843829       1.65043497       1.63616006       1.62628826       1.62667497       1.63034662       1.63863007       1.64677334       1.64863507       1.64434671       1.65147829       1.65404336       1.63601669       1.62559334       1.62907839       1.62949673       1.61903334
       1.61700662       1.62568506       1.63221169       1.65048838       1.61265659       1.61229340       1.61672004       1.61926492       1.62512827       1.60743332       1.59592326       1.58844169       1.59079329       1.59180339       1.57979997       1.54715665       1.52534167       1.49147002       1.50944837       1.59052340
       1.65984503       1.69014168       1.70718161       1.71095006       1.70119333       1.70007340       1.69343328       1.68263340       1.68442837       1.68701506       1.69184001       1.70158831       1.70508830       1.70648495       1.70595837       1.69760164       1.69476827       1.70111338       1.69847663       1.68814166
       1.68147167       1.68237336       1.67442830       1.67061996       1.67665497       1.67893505       1.67560498       1.67424838       1.67159669       1.65962331       1.63482666       1.59568326       1.55044333       1.52631998       1.53035339       1.54896005       1.59911172       1.66107162       1.63304329       1.58459330
       1.58470503       1.36480665       1.48247337       1.61399841       1.60913674       1.64249166       1.63933166       1.66568502       1.67660332       1.73894008       1.74023326       1.66542832       1.64980507       1.74721162       1.67669837       1.81101672       1.99628337       1.93027337       1.65549326       1.91457494
       1.96477000       2.04952828       2.32902670       2.50694497       3.11811002       5.40884501       7.49643164       9.74076831      11.59803009      12.97911072      14.17605972      15.82280922      17.98027039      22.42251968      27.59049988      32.32545090      36.09376335      39.36494827      42.40100670      45.34200350
      47.77219009      48.55739975      49.23176956      49.53752899      49.64754868      49.57321930      49.18584061      48.33649826      47.45729828      46.38331985      44.97378922      43.32141113      41.48826981      39.84029007      38.24401347      35.59985148      32.90285149      30.27303022      27.58768984      24.76066494
      21.51847076      17.64435959      13.79376348       6.42932987       2.31052001       1.93288660       1.60377502       1.51078335       1.56153504       1.61400159       1.62696171
       1.63830837       1.65130170       1.64412165       1.65142171       1.64883661       1.64109166       1.62643830       1.63171673       1.63678169       1.64028327       1.65114673       1.64821672       1.65390507       1.66129669       1.66199001       1.65726169       1.64939006       1.64241838       1.63769658       1.62157329
       1.61173995       1.61138662       1.62360160       1.62953663       1.60475667       1.60608498       1.61412001       1.62573004       1.62550338       1.61949507       1.61216672       1.60869169       1.59069173       1.57725827       1.57512331       1.54425001       1.50962671       1.52051004       1.50661167       1.59908835
       1.63260841       1.66285006       1.69536002       1.70055993       1.71073008       1.69432004       1.68429836       1.68216165       1.68575001       1.68299500       1.68736998       1.69861333       1.70138995       1.70370007       1.70626831       1.70151997       1.70008326       1.71011496       1.71212006       1.70467663
       1.70161661       1.69784339       1.68694830       1.68301996       1.68718163       1.69321664       1.69136667       1.68243837       1.66326507       1.64800835       1.63731162       1.61043008       1.57117669       1.54491170       1.54781008       1.56425333       1.58633502       1.63585170       1.66433493       1.57173665
       1.30480170       1.22022335       1.58570830       1.60500828       1.63769166       1.63855664       1.60812505       1.62044160       1.67004999       1.73153337       1.76621834       1.69372829       1.63898341       1.75301838       1.68621492       1.82656495       2.02299500       1.97332827       1.55655670       1.87699159
       1.95195834       1.97275003       1.98641841       2.06451495       2.19926834       3.29915838       5.63513336       7.29183960       7.96712971       9.42646027      11.65859032      15.04479027      18.85289001      24.43029976      29.62112808      33.14805985      36.50882022      39.82823181      43.05055682      46.20365016
      48.41933060      49.41754913      49.94371033      50.13259125      50.06887054      49.78152084      49.18569946      48.36505890      47.52753830      46.38245010      44.85543823      42.92166901      40.42049026      38.18698883      36.46981812      34.38932037      30.82923126      26.83189011      23.75692940      20.84997940
      17.67443085      14.40353966      11.37070084       5.79876169       1.99333668       1.71854162       1.54761998       1.51834997       1.57881006       1.61553335       1.61501996
       1.64072339       1.65564505       1.64825837       1.65012836       1.64621671       1.64103508       1.63146003       1.62517166       1.63522673       1.64156500       1.65071662       1.64054171       1.65457328       1.66880163       1.67897002       1.67667659       1.68197838       1.67876005       1.67041667       1.64861170
       1.63672002       1.63044500       1.64056826       1.63026333       1.60239331       1.60303005       1.61058505       1.61908340       1.61902332       1.61849833       1.61686675       1.61788162       1.60453828       1.56411664       1.56220007       1.54113340       1.51121330       1.52725665       1.51503166       1.59216340
       1.61109002       1.62117163       1.67675002       1.69654497       1.70334164       1.69650491       1.69814666       1.69226329       1.68508339       1.68003496       1.68714507       1.69484170       1.69675493       1.70251830       1.70744006       1.71265666       1.72205003       1.73221334       1.72925329       1.72470665
       1.71872330       1.71259165       1.70639674       1.70095666       1.70132335       1.70240831       1.70174662       1.69209337       1.66633336       1.64606508       1.63098669       1.60226838       1.57188495       1.56704839       1.58085505       1.59410175       1.61815993       1.64226834       1.62101507       1.45922995
       1.24624332       1.26897335       1.50015672       1.57442840       1.59814994       1.60835330       1.50011667       1.39884837       1.41675329       1.61477327       1.74473159       1.64188830       1.59523328       1.75411002       1.69858996       1.80798833       2.03732173       1.93516334       1.54896005       1.82445335
       1.92569669       1.95336660       1.95904493       1.96201340       1.96630828       1.97820997       4.42385165       6.69009972       6.94429016       7.80881023      11.58999062      14.95253944      20.02123070      25.30995668      28.99441655      32.45356801      35.72630857      38.90777804      42.12057317      45.21085167
      48.19468486      49.35911179      49.83596039      50.03776169      49.90341187      49.62044144      48.88134664      47.96485812      47.02787323      45.91762924      44.42010117      41.21508026      37.83309174      34.96390915      33.13259888      31.58940887      28.34022903      24.04232025      20.32262993      17.09329987
      14.10794067      11.35577965       8.93393040       3.19339994       1.75417837       1.62213675       1.53516674       1.54790497       1.62630161       1.61910995       1.61616166
       1.64146503       1.65391493       1.64714495       1.65786505       1.64790169       1.64558665       1.64021826       1.62958161       1.63420995       1.64046669       1.64812835       1.63863341       1.65193335       1.67686494       1.68880494       1.69357506       1.72106330       1.73680496       1.72942670       1.70039002
       1.70345672       1.68782330       1.67770338       1.64571174       1.62451172       1.61901172       1.61968994       1.62111839       1.61380672       1.61872498       1.62141339       1.62242333       1.62770494       1.59307830       1.58221674       1.56434329       1.54394833       1.52697992       1.52049160       1.58975840
       1.58425999       1.57907327       1.65233835       1.69126336       1.70232662       1.69510333       1.69317834       1.69306326       1.68730005       1.68241501       1.69151163       1.69766998       1.70240164       1.71102174       1.71451171       1.72488499       1.73437007       1.73857339       1.73421335       1.73461835
       1.72664833       1.71778504       1.71787500       1.72515504       1.71443001       1.71348492       1.71218840       1.69107993       1.65467167       1.62857993       1.61495829       1.59524838       1.57701000       1.58241161       1.61179670       1.57410494       1.45367829       1.28798167       1.48570506       1.66361841
       1.64663998       1.46866496       1.36747837       1.54515505       1.53896507       1.49764172       1.34948333       1.48726336       1.42820168       1.34285498       1.52825340       1.64903498       1.64984830       1.75207170       1.71290493       1.68938828       1.92003171       1.87569173       1.53843005       1.78271166
       1.88368162       1.91459338       1.93413671       1.93797334       1.93212334       1.91906675       3.51182826       5.89614662       6.63741016       7.50525951      11.55529976      15.70070076      20.28145485      23.79487330      27.22178650      30.54264158      33.63891144      36.56648839      39.50337639      42.40296364
      45.17351685      47.89089317      48.89430987      48.24948336      47.56435649      46.83652980      46.06113192      45.26727473      44.39755974      43.45318858      42.21033096      38.50712967      34.41403961      30.97946167      28.40213013      26.45148087      24.22677040      21.20645905      17.54540062      14.31815910
      11.51285934       9.10988998       4.70372998       1.77933327       1.66348330       1.57123502       1.55922333       1.65305662       1.66366498       1.63261668       1.61974001
       1.64264329       1.65238333       1.64288330       1.66011175       1.65503836       1.65105168       1.64614995       1.63045327       1.62927500       1.63770994       1.64600166       1.64075836       1.65197992       1.67034499       1.68752829       1.70680507       1.73630826       1.75682338       1.75330830       1.74585327
       1.76124668       1.76156664       1.75627836       1.69594495       1.67046833       1.66255840       1.64814329       1.63831329       1.62577995       1.62667338       1.62810326       1.62744331       1.63711659       1.60055669       1.60377502       1.58373165       1.57831160       1.54355828       1.53159173       1.59701173
       1.56874673       1.55303160       1.62060340       1.67972660       1.69723336       1.69020828       1.69006173       1.69584163       1.69189326       1.68404992       1.68672832       1.69605494       1.70175664       1.70722008       1.71214326       1.72524166       1.73329163       1.73081827       1.72553825       1.72859001
       1.73017168       1.71604172       1.72079166       1.72298829       1.72123830       1.71690003       1.70498339       1.67724673       1.63649162       1.61746502       1.61130667       1.57738670       1.56243674       1.48647340       1.33101336       1.26437998       1.35691992       1.52147500       1.61134831       1.64535999
       1.65212838       1.64711507       1.41775831       1.34562826       1.36377160       1.38676500       1.53451840       1.58985504       1.61819331       1.45361328       1.45386839       1.75355673       1.69600169       1.75193834       1.73000495       1.64947494       1.87147172       1.88285160       1.56584167       1.73514668
       1.85262330       1.88928827       1.91067505       1.90160004       1.89602836       1.88771502       2.61332162       4.91028341       6.38803005       7.49654961      11.15222931      15.65871843      18.79651833      22.08751837      25.30246353      28.42456500      31.37596512      34.13833809      36.79883830      39.43653170
      42.04208501      44.59688695      45.52223142      44.95048841      44.40141805      43.82098516      43.17633692      42.47434171      41.69624011      40.82158534      39.68836975      35.66598129      31.25825882      27.42121124      24.38747025      22.24559021      20.73166084      18.23891989      14.64581013      11.06534831
       7.51358159       4.06574996       1.84336662       1.67075841       1.60862494       1.55030330       1.66077328       1.68331337       1.66344659       1.63592672       1.63037507
       1.65044339       1.64727163       1.64734840       1.66277504       1.65922499       1.65965160       1.65585995       1.63443327       1.62316672       1.63221169       1.63640340       1.63618501       1.64981159       1.66323837       1.67914168       1.70867840       1.73606507       1.75383504       1.75578499       1.77505159
       1.80071831       1.78190327       1.78308996       1.72845507       1.71088171       1.69902674       1.68412002       1.67082326       1.65866836       1.65302340       1.64673996       1.64468336       1.63579830       1.61530495       1.60045497       1.58829165       1.58811839       1.58046500       1.57041327       1.59234333
       1.54417006       1.52522659       1.56388998       1.63968341       1.68364493       1.68028339       1.68979836       1.68921661       1.69181665       1.69459502       1.69631497       1.69441001       1.69823837       1.69955826       1.70311673       1.71102826       1.71291669       1.71472502       1.71536493       1.71949832
       1.72345495       1.71137174       1.70610507       1.71226168       1.71680832       1.71061166       1.68941164       1.65633996       1.63216670       1.64799674       1.54641835       1.37010336       1.26545000       1.29215837       1.48283005       1.59108829       1.63454501       1.61376492       1.61520672       1.62475173
       1.64200672       1.67112494       1.66273499       1.62155167       1.55794493       1.51037995       1.54145002       1.59500996       1.64157661       1.51569001       1.43534835       1.77799336       1.75427008       1.73911667       1.74620326       1.64466333       1.83077161       1.91683674       1.63103835       1.67751328
       1.85771338       1.85969671       1.86397998       1.85686334       1.85636171       1.85096169       1.84593169       3.90678994       6.10529041       7.20954037      10.56457996      14.27699820      17.24409663      20.26349665      23.18989690      26.04897855      28.81043510      31.44105644      33.86761691      36.22109032
      38.64999809      41.04206162      41.89343974      41.41343346      41.08076859      40.65228170      40.15862325      39.56556651      38.90543149      38.13659859      37.08981349      33.40977859      28.86207962      24.53115082      21.10277939      18.81842995      17.57369995      14.06123823      10.34145177       6.45586840
       2.57631496       1.92023341       1.71109660       1.60373338       1.55603838       1.58054161       1.69431162       1.68885994       1.66824341       1.64220826       1.63682000
       1.65132332       1.64759000       1.65274668       1.65816673       1.65983661       1.65827338       1.65387837       1.63372660       1.62175830       1.63078674       1.63227669       1.63998667       1.65091340       1.66902335       1.68219837       1.70237494       1.73542992       1.75684834       1.76066828       1.76894665
       1.78548336       1.81059329       1.78180329       1.74550168       1.73828665       1.73707501       1.72549327       1.70920674       1.70519336       1.68820333       1.67464828       1.66533836       1.65820328       1.64575831       1.63712327       1.61442995       1.59833829       1.57751004       1.57446003       1.58516502
       1.55422831       1.51873493       1.51305834       1.55106163       1.62859503       1.65217002       1.66962337       1.66895326       1.67834171       1.69132837       1.69432338       1.68629996       1.68642171       1.68822161       1.68980837       1.69108502       1.68995174       1.68572664       1.68827995       1.69482327
       1.69101000       1.69019000       1.68900172       1.69441160       1.69715500       1.68621492       1.63031673       1.59328826       1.51849826       1.37247499       1.28842497       1.37172333       1.51653830       1.63801495       1.64998007       1.65282663       1.64058669       1.63827006       1.62914340       1.62450329
       1.63078340       1.63748328       1.60641829       1.56400331       1.57428996       1.55465333       1.56630993       1.59756327       1.66772159       1.61233664       1.40622997       1.75585826       1.73958667       1.72340997       1.76081673       1.64612325       1.79151837       1.93253326       1.58752839       1.60753663
       1.85544999       1.82727830       1.82177162       1.80370839       1.80230840       1.79807663       1.79465167       2.88932832       5.04657841       6.75596046       9.67218018      12.80955664      15.65334994      18.38914318      21.03955523      23.56013184      25.96866824      28.35523516      30.64116974      32.85530027
      35.11999143      37.29036675      38.07784170      37.72195320      37.47359657      37.21771990      36.89774996      36.48151805      35.92039502      35.27604802      34.37137845      31.40616989      26.44562912      22.01958084      18.40393066      16.06337929      13.67386004       9.94027157       6.10816663       2.65008163
       2.12512334       1.79203494       1.60493835       1.58271837       1.54030339       1.59651502       1.67364327       1.67458502       1.65427335       1.64505831       1.64235497
       1.65917667       1.65080341       1.65852340       1.65399837       1.65518173       1.65707668       1.65182336       1.63953161       1.62308995       1.62921667       1.62248659       1.62412659       1.64179993       1.66272338       1.67699337       1.69145997       1.73258336       1.75522661       1.76255337       1.76555332
       1.76638826       1.79783996       1.78448502       1.74773836       1.73818000       1.73397827       1.73391835       1.73155832       1.71860329       1.71572495       1.70218007       1.69446166       1.68802659       1.65804338       1.64873505       1.63203494       1.61970663       1.60280673       1.59430329       1.57482831
       1.55600659       1.54493666       1.53664494       1.49348672       1.55077171       1.62179502       1.64469163       1.64180168       1.64523665       1.65960836       1.65640672       1.65194337       1.64512507       1.63593658       1.61929162       1.65417337       1.63831997       1.59988006       1.63847160       1.65287495
       1.64651505       1.64712159       1.65521336       1.65747007       1.60019000       1.55074501       1.37736670       1.29974000       1.33295997       1.48453999       1.63924662       1.64845498       1.64727004       1.66520007       1.65862672       1.68227673       1.67351166       1.67514499       1.63544830       1.61714172
       1.60544999       1.62972164       1.60272503       1.57113997       1.60338004       1.60042667       1.60776504       1.60947498       1.67310826       1.64555661       1.40756003       1.77025668       1.75238005       1.71657340       1.77683338       1.66940991       1.72615671       1.88697338       1.61147992       1.52590005
       1.82023001       1.78849332       1.77041006       1.73740339       1.73930502       1.75332673       1.75277996       1.88086494       3.95640008       6.08625507       8.45201015      11.31485494      13.98414160      16.44245001      18.75830841      20.97528985      23.07272822      25.20726674      27.33560321      29.45014000
      31.54017817      33.42989324      34.14722481      33.89897970      33.78309631      33.64149996      33.51077805      33.25199865      32.86890653      32.33942159      31.43749822      28.58607101      24.06106949      19.68976974      16.06049919      13.65282059       9.72302170       5.71735490       2.91094653       2.57531675
       2.05334330       1.71432829       1.58518171       1.55162160       1.54486005       1.61165826       1.67819834       1.66491826       1.65594498       1.64914338       1.64371999
       1.66663504       1.66127841       1.66369168       1.65068340       1.64824327       1.65472841       1.64953502       1.64048497       1.63633998       1.63437494       1.61698993       1.61654997       1.63669173       1.65204668       1.66049004       1.67032003       1.70312834       1.73494005       1.74840005       1.73767169
       1.72443835       1.78816493       1.76671505       1.74642499       1.74360339       1.73300997       1.73812008       1.73298502       1.72772328       1.73493671       1.71456162       1.72599665       1.68918832       1.66684993       1.65536833       1.64325825       1.62705342       1.61737998       1.62060992       1.59480333
       1.56526995       1.54706494       1.56319332       1.55457671       1.53410339       1.56288671       1.62407827       1.63106839       1.63348500       1.61497339       1.58819167       1.57271830       1.56470839       1.51544666       1.53428666       1.54049508       1.49173673       1.52113167       1.49816163       1.52586842
       1.59103998       1.59764496       1.56156158       1.43721835       1.30217830       1.31176337       1.42956829       1.60100508       1.68825165       1.66545661       1.61909326       1.56397994       1.65292327       1.72191000       1.68378496       1.72491503       1.73544168       1.67995342       1.65395339       1.62591330
       1.60802666       1.61908499       1.62840160       1.59600496       1.62615506       1.63271999       1.63055833       1.69494168       1.62260993       1.51925834       1.38451497       1.75306002       1.74133841       1.70782502       1.78968000       1.70657333       1.62327671       1.87196827       1.63631503       1.40931161
       1.52120829       1.55604172       1.64097325       1.63321336       1.63878171       1.65952333       1.63656505       1.59925334       2.77083158       4.75397491       6.70468998       9.70590846      12.17206332      14.35081170      16.41991329      18.28128014      20.13796666      22.02305330      23.96973171      26.09798813
      28.00668996      29.53081690      30.20668653      30.03014526      30.08747355      30.11067365      30.11568845      30.07232653      29.77201996      29.29109510      28.53735644      25.70140076      21.51106071      17.33050919      13.85051918      10.29273173       5.74906502       2.35975170       2.37632497       2.31244500
       1.92123159       1.64858166       1.55889336       1.54663992       1.59190003       1.65783167       1.67401663       1.66544835       1.65809997       1.66189003       1.64336665
       1.66351000       1.66798162       1.66396666       1.64667336       1.64495675       1.65122000       1.64380836       1.64159664       1.64983829       1.64051994       1.61702998       1.61688836       1.62760671       1.63738998       1.65993341       1.66825326       1.68128332       1.72108666       1.75480000       1.74997505
       1.73732837       1.78681008       1.75843334       1.75011492       1.74634504       1.73608335       1.74260171       1.73095830       1.73266665       1.72697496       1.70981836       1.72828499       1.67680168       1.67168840       1.66602993       1.66170835       1.64353832       1.63755163       1.64028835       1.62730996
       1.59528335       1.55823326       1.55206839       1.54454501       1.48457670       1.49703503       1.50531499       1.53952328       1.64101839       1.59272496       1.54268662       1.53835662       1.54339997       1.53541327       1.56757005       1.60050503       1.57055171       1.54795329       1.50980838       1.43445492
       1.47114166       1.37153006       1.30218999       1.38272508       1.57493830       1.68917497       1.69605827       1.65234168       1.62362162       1.57566166       1.56543175       1.57370996       1.66248496       1.68450499       1.70700661       1.79357497       1.71403170       1.71667671       1.70693334       1.68905163
       1.65341330       1.60574992       1.62562831       1.64825169       1.68129508       1.66349506       1.65660826       1.57187668       1.35711002       1.39455160       1.38876994       1.65836668       1.69521666       1.67509000       1.79900662       1.74262826       1.57351828       1.82962163       1.71770493       1.36850166
       1.46489827       1.44815826       1.44913673       1.40053670       1.38110828       1.48678493       1.46975994       1.40448173       1.50903829       3.43264834       5.48635006       7.90246836      10.28639158      12.13759995      13.85542838      15.50981172      17.23281829      19.01726659      20.81366507      22.71962166
      24.36441326      25.71129322      25.44404984      25.87445068      26.45296351      26.62207349      26.77642695      26.81959025      26.65548515      26.27109337      25.68373489      22.38306999      18.71644974      14.85495949      11.45486069       6.68255663       2.02747663       1.91268174       1.87661664       1.81779830
       1.66710329       1.57356008       1.62109168       1.65521002       1.67933671       1.67949661       1.67634662       1.65889168       1.66337999       1.65729507       1.64326827
       1.66679001       1.66300996       1.65582164       1.64302174       1.63941828       1.64244668       1.63832172       1.63920005       1.65277338       1.63262828       1.61516174       1.61170499       1.61438831       1.62380330       1.64250501       1.66518497       1.67727327       1.70519495       1.75458002       1.74887832
       1.75821002       1.78680340       1.75759506       1.74877659       1.74220832       1.73348331       1.74068499       1.73756997       1.73309994       1.71859169       1.72485002       1.73459005       1.67627494       1.67209498       1.66817506       1.65922832       1.64455827       1.65857840       1.65012836       1.64539830
       1.60670328       1.57124837       1.57581663       1.64454667       1.62776836       1.61139170       1.56867838       1.52679332       1.51354170       1.44512669       1.39242506       1.38350328       1.36354160       1.34668827       1.33694506       1.32480502       1.32700165       1.31889502       1.31271831       1.28777003
       1.52732499       1.82683325       2.00026836       1.95555166       1.81813828       1.65890500       1.62557999       1.60157506       1.58997997       1.57922840       1.58407831       1.58105659       1.65057500       1.68836673       1.75172504       1.75750494       1.73221493       1.79040670       1.77081998       1.77318494
       1.71516673       1.67319171       1.64660660       1.64939340       1.68027671       1.65800492       1.65911007       1.42141660       1.45911996       1.43045171       1.42459838       1.46258672       1.47120508       1.60257673       1.80202007       1.77221330       1.60631339       1.76918507       1.78205665       1.39826504
       1.56718826       1.60329835       1.59713173       1.54788001       1.49824826       1.48551830       1.47771168       1.53808339       1.52277501       2.33396673       4.25429837       5.26525021       8.19218162       9.84462493      11.31904348      12.82027156      14.35496152      16.02144674      17.70457516      19.27186839
      20.64160671      21.58876038      20.60005951      21.12659073      22.78301493      23.07245820      23.34021651      23.50809015      23.49703986      23.24626319      22.59427071      19.34592056      15.85272026      12.29476929       8.39350335       3.13091997       1.75145658       1.65912994       1.60783005       1.59570837
       1.62905661       1.66383330       1.67586994       1.69075839       1.68349997       1.67809502       1.67214664       1.66334995       1.66206662       1.65013997       1.65474161
       1.65967004       1.66148663       1.65469837       1.64248006       1.63686339       1.63834667       1.63908672       1.63342508       1.64460166       1.63236332       1.61806504       1.61576160       1.61120160       1.61167336       1.63283507       1.66130829       1.67766174       1.69633341       1.74556335       1.73738670
       1.76635838       1.78060341       1.76858997       1.76202838       1.75461499       1.73704497       1.74452829       1.74258661       1.73059003       1.72196674       1.74245167       1.71205997       1.67735497       1.67406003       1.66767995       1.66696994       1.66786162       1.66581662       1.65369161       1.63688326
       1.65562836       1.56390826       1.42270994       1.37753328       1.33010666       1.32249331       1.33468835       1.35171159       1.37982003       1.42654498       1.50512330       1.61118507       1.64986340       1.66463502       1.69586500       1.87808673       2.04486497       2.20144335       2.36318827       2.53282674
       2.71467670       2.87350003       2.84137993       2.65526508       2.48248005       2.32726504       2.17069502       2.01677160       1.85944993       1.70498164       1.58420340       1.57018661       1.64038340       1.70333163       1.71352673       1.74989160       1.77039337       1.79395326       1.78799836       1.80873171
       1.76661174       1.74724833       1.74062840       1.65238333       1.68046665       1.65803003       1.65520493       1.38009993       1.48591169       1.61396837       1.76932001       1.82333994       1.67934004       1.62787835       1.80269496       1.79692507       1.64755996       1.73323838       1.82418839       1.47863499
       1.52948332       1.61704000       1.60276333       1.59672165       1.58709494       1.58519506       1.58744494       1.58676497       1.57793840       1.55598005       2.98589834       4.03229046       4.88449955       6.33955002       7.66537952       9.22035980      11.16991997      13.09812679      14.54221999      15.80641683
      16.87697983      16.72007942      15.81741905      16.37509918      18.32341003      19.53794181      19.89923992      20.20288652      20.34297161      20.28855832      19.64596939      16.74048996      13.14493942       9.81746006       5.13656171       1.68669828       1.57492336       1.67339166       1.70907831       1.69923004
       1.70141999       1.69346825       1.68135007       1.67717330       1.67492660       1.66895008       1.66613007       1.67863337       1.66277663       1.65935342       1.64999994
       1.64990330       1.65527503       1.64443159       1.63965829       1.63354158       1.63692331       1.63617833       1.63462162       1.64637661       1.63917160       1.62685331       1.62670501       1.61384662       1.61127663       1.62920666       1.65430339       1.67222007       1.67250172       1.72023503       1.75809161
       1.77785158       1.77610000       1.76366170       1.75521994       1.75499837       1.74065669       1.75059827       1.74307330       1.72889837       1.73136504       1.74286000       1.69314830       1.66964340       1.66502508       1.66204500       1.65747166       1.65977669       1.65513166       1.67198833       1.65766335
       1.41355006       1.32740498       1.50166829       1.61569659       1.65646998       1.66840172       1.68703334       1.70994329       1.71067333       1.69632339       1.69195668       2.18534168       2.52277330       2.70662667       2.90117168       3.08057998       3.27372500       3.45003672       3.63255161       3.81593339
       3.99284496       4.16985000       4.20819664       4.12828159       4.04815340       3.96483167       3.88085492       3.80096165       3.71272834       3.62495661       3.53666337       3.44834836       3.23887672       2.88446493       2.44369666       2.04881840       1.78872999       1.79524835       1.77284495       1.79699659
       1.80833340       1.76906665       1.82368835       1.71943506       1.70518160       1.68057505       1.50469001       1.42550834       1.66855669       1.85569334       1.86310005       1.80917501       1.70059999       1.65907001       1.80287663       1.81690327       1.67994165       1.65974665       1.84967502       1.59846497
       1.44565169       1.62646008       1.60826667       1.59419171       1.59053167       1.58769337       1.58176168       1.58345000       1.58236663       1.58031336       1.58448664       2.74345992       3.59348011       3.81087971       4.94176960       6.22093010       7.93904018       9.64355507      10.78909829      11.78372320
      12.32464981      12.30677032      12.08742905      12.86569023      14.17588043      15.24129658      15.66087176      16.02225501      16.24267152      16.25744502      16.10149015      14.37595940      10.85653019       7.05285168       1.73926163       1.55832672       1.67169666       1.72318331       1.69677162       1.70104663
       1.69543505       1.68588161       1.67683172       1.67909161       1.67119328       1.66927830       1.68027163       1.66970666       1.66879161       1.63968341       1.59991995
       1.63449160       1.64744997       1.63934660       1.63460159       1.63313500       1.63731003       1.63780165       1.63772837       1.64767838       1.64235830       1.63229831       1.61962668       1.61269999       1.61151663       1.62583001       1.64144834       1.65566158       1.66319338       1.69731506       1.75051165
       1.77519337       1.77126328       1.76239173       1.75322008       1.75201003       1.73845339       1.73334837       1.71878831       1.72827832       1.71630494       1.74169159       1.69115337       1.67253160       1.66263994       1.65501992       1.65261173       1.66376336       1.69858837       1.59495831       1.34396664
       1.39317497       1.60528835       1.67630831       1.68143495       1.67268674       1.63778162       1.61297496       1.60957670       2.10280005       2.59269842       3.09550826       3.59117174       3.96102327       4.20120999       4.42668994       4.43381023       4.46837044       4.45746040       4.51482010       4.51568985
       4.51688957       4.51404953       4.51774025       4.52915955       4.50667000       4.52320957       4.54668999       4.54074001       4.49794960       4.48241997       4.46568012       4.45454025       4.73857975       5.28184032       5.38545036       4.88517338       4.22846330       3.54745328       2.84530665       2.17340326
       1.82359664       1.84124327       2.01773008       1.95756165       1.65400998       1.68449831       1.42508507       1.57326667       1.88093662       1.90718826       1.87269338       1.80516672       1.74002838       1.69535160       1.79983330       1.83511337       1.71973340       1.62045002       1.82813660       1.74849161
       1.42718999       1.62862841       1.62535667       1.59032504       1.59121339       1.58670171       1.57992840       1.57802836       1.57660834       1.57709662       1.57602660       1.57007170       1.54032342       1.92279332       2.70592674       3.69920165       4.54818659       5.53392668       6.47247006       7.28124666
       8.11970669       8.58983040       8.97235012       9.14492035       9.78722159      10.16413345      10.59718177      10.97104505      11.18178679      11.19610500      11.03255501      10.60729993       7.76557493       2.72206004       1.57923667       1.63375998       1.71760162       1.69931173       1.70057503       1.69719172
       1.68922838       1.68920326       1.67984502       1.69748004       1.68279664       1.67421659       1.67470503       1.65588840       1.63534832       1.60099665       1.58714167
       1.61976337       1.63775667       1.63347006       1.62969494       1.63905160       1.63729668       1.63919163       1.64225006       1.65008831       1.64148664       1.63401000       1.62709665       1.61585840       1.61223841       1.62470007       1.63902998       1.64893834       1.65508493       1.68497833       1.70284669
       1.75309499       1.74519332       1.74344667       1.74646664       1.74374167       1.72212998       1.71209828       1.71456337       1.71540833       1.70288006       1.71305831       1.67534669       1.67033005       1.65605164       1.65937837       1.66269668       1.68456999       1.53215837       1.32633503       1.44590998
       1.56003666       1.60345173       1.61226495       1.61121162       1.60987171       2.11685832       2.61684338       3.10844835       3.60809501       4.10011339       4.60508506       4.58699989       4.56711006       4.53785038       4.50568008       4.46586037       4.48219967       4.47754002       4.50924015       4.55152988
       4.58718014       4.61452961       4.61662006       4.58930016       4.58660030       4.60540962       4.70893002       4.66007042       4.61528015       4.59037971       4.58617973       4.62850952       4.74833965       4.90915012       5.12817001       5.29413033       5.41851997       5.26239014       4.91166496       3.99850162
       3.15038172       2.19620164       1.72369162       1.72271840       1.68952004       1.73800008       1.62656498       1.69348001       1.88373502       1.92068672       1.90180826       1.81611665       1.80702670       1.72112163       1.79647493       1.85019334       1.76044162       1.63022995       1.75461674       1.75414499
       1.41715002       1.58707507       1.63995838       1.59595331       1.61289994       1.60067495       1.57659340       1.57046827       1.55791505       1.55744171       1.55886173       1.56530174       1.56527996       1.55509837       1.47178507       1.43845336       1.53090668       1.68602165       2.36481508       3.08118327
       3.82805173       4.55527830       4.90264336       4.91265504       4.98842160       5.28854338       5.71197669       6.07752482       6.24031321       6.18167178       5.94592349       5.49578842       2.91213163       1.66837994       1.59677839       1.72049840       1.71263838       1.70133495       1.69668166       1.69801505
       1.67897336       1.68583171       1.70120335       1.68517828       1.68132830       1.66398668       1.64669005       1.61541669       1.58827829       1.57891496       1.56075493
       1.61720339       1.62435341       1.62990999       1.62693675       1.63286002       1.62624995       1.62794495       1.63873005       1.64624166       1.64239995       1.63384660       1.62592506       1.61931499       1.61665837       1.62507168       1.63834826       1.65163660       1.66095161       1.68342829       1.67741330
       1.70979500       1.70849832       1.71145328       1.71691831       1.71098836       1.69402329       1.69832166       1.68583330       1.68599002       1.67374166       1.68537505       1.66025829       1.64601501       1.63188998       1.64148998       1.63516998       1.42935165       1.33957831       1.48482005       1.54341173
       1.59384998       1.67151175       2.12322664       2.63695828       3.17453337       3.67905998       4.17587837       4.67064174       4.99193001       4.96033955       4.88465977       4.79757023       4.74956989       4.73645020       4.70666027       4.69468975       4.80241013       4.97552967       5.08687019       5.05533981
       5.08279037       5.09381008       5.04913998       5.01599026       4.99036980       5.02791023       5.13922977       5.15318012       4.91693020       4.80862999       4.82273960       4.94645023       4.96072960       5.21434021       5.37712002       4.99063015       4.98169994       5.16666031       5.11287975       5.09533978
       4.74742168       3.61428836       2.45227502       1.74171829       1.74756670       1.72456169       1.71980174       1.70847162       1.84810670       1.87457832       1.86110497       1.86229833       1.84796667       1.75744502       1.78783003       1.86075338       1.79703331       1.67427174       1.67402331       1.81672160
       1.45570834       1.49569003       1.66195170       1.63986492       1.63808664       1.62923829       1.57024336       1.56037664       1.54373995       1.54234664       1.53879007       1.53509839       1.53401836       1.53662999       1.52809334       1.46116670       1.43100007       1.42664496       1.48835166       1.57851998
       1.63727172       1.71848663       1.80083338       1.85732174       1.89630493       2.09060335       2.55516164       2.91421668       3.00291506       2.92664655       2.68945662       2.31414827       1.83036327       1.58173498       1.69470660       1.71936671       1.70848672       1.69485998       1.68686994       1.68630838
       1.68225495       1.69264174       1.69170173       1.64714670       1.62271341       1.59821828       1.58004665       1.56846507       1.56153997       1.56006495       1.56631994
       1.63134495       1.62470500       1.62329006       1.62231493       1.63217497       1.62697331       1.62400341       1.63707495       1.63904333       1.63538504       1.63448334       1.63196993       1.62053506       1.60947498       1.62079159       1.63462671       1.64268668       1.66601340       1.67039506       1.66515493
       1.69629002       1.68404659       1.68893830       1.68643506       1.66469161       1.67410167       1.66920503       1.65651162       1.66781171       1.65360339       1.65374660       1.65516170       1.63756005       1.62812503       1.56923008       1.34786336       1.39161666       1.66947330       2.07105834       2.45679172
       2.83427169       3.21455164       3.70166175       4.22119172       4.73970826       5.27907499       5.82224337       5.76597023       5.68754005       5.47739029       5.38459969       5.41258049       5.30095005       5.35445976       5.20911026       5.21356010       5.75798035       6.83553028       7.31985950       7.12077999
       6.20209980       5.81054020       5.70471001       5.66788960       5.65291023       5.72467995       5.95917034       6.05799961       5.77849007       5.68432045       6.17695999       7.08672047       8.02696037       9.34274960       9.29734039       7.69639015       6.58553982       6.06620026       5.83928967       5.87543964
       6.15871048       5.23317836       3.85421336       2.44478995       1.90129169       1.85934671       1.72171164       1.72329664       1.81013505       1.84526332       1.88346497       1.89550670       1.89408668       1.81545671       1.77336995       1.86908658       1.82657830       1.70195500       1.67625999       1.84553671
       1.55609830       1.52316173       1.68118493       1.67466831       1.66766342       1.67410660       1.61402003       1.58886003       1.57863839       1.57818174       1.56146002       1.56313674       1.55831496       1.55377674       1.52544673       1.52088992       1.53375165       1.59452168       1.50002829       1.42504660
       1.47883828       1.54513836       1.60940663       1.68614674       1.77864329       1.95149835       2.36911662       2.58063507       2.62767331       2.56326326       2.34016164       1.97381337       1.62972832       1.61605835       1.71262328       1.71882661       1.70297337       1.69357999       1.68230661       1.67935340
       1.68957837       1.69641002       1.65192175       1.60814667       1.58696000       1.59211334       1.58876832       1.58897829       1.58166663       1.58084663       1.59787496
       1.63855171       1.63254833       1.62896840       1.62544171       1.62679831       1.62243668       1.62188164       1.63768339       1.62881994       1.62856992       1.63842996       1.63546673       1.61631997       1.61346674       1.62754329       1.62694836       1.62846168       1.64074167       1.64728498       1.65094169
       1.68032328       1.66535505       1.66826328       1.65623331       1.65588506       1.66130336       1.64800501       1.64051167       1.64464331       1.63066673       1.64892499       1.63577493       1.86470671       2.00434837       2.17586501       2.64109840       3.01644831       3.34099662       3.71806504       4.07883835
       4.48273331       4.84345496       5.26844835       5.86436160       6.41521327       6.40985012       6.36332035       6.15176964       6.08016968       5.97148037       5.93400002       6.06114960       6.14064980       6.21984005       6.25516033       6.90524006       8.53512001      10.30543041      10.48810005       9.82750988
       7.67228985       6.61997986       6.47381020       6.40608025       6.34121990       6.39929962       6.85264969       7.46105003       8.03470993       9.38006020      10.92943001      12.17794991      13.23859978      13.32461929       9.76996040       8.25030994       7.18846989       6.58633041       6.38156986       6.32048988
       6.50026035       6.57184982       5.12619165       3.52963330       1.94727166       1.94083500       1.79432170       1.73552004       1.77359168       1.84766006       1.86522341       1.90696160       1.92476161       1.85405000       1.77772999       1.87559160       1.84792503       1.71315002       1.73586003       1.85514498
       1.68938335       1.48548174       1.69514672       1.69494327       1.71066332       1.72182496       1.68913333       1.67767159       1.68988164       1.68565337       1.67256339       1.67192507       1.65008005       1.61979167       1.60537163       1.57314173       1.55786498       1.56015507       1.55226835       1.53031667
       1.42036994       1.48104827       1.59887330       1.67202838       1.70956500       1.80923494       1.93603166       2.07749828       2.14562496       2.03654337       1.83922338       1.63375505       1.60013660       1.62281005       1.71287505       1.72441498       1.69860665       1.68519497       1.69435008       1.68336662
       1.67931334       1.65745004       1.60789998       1.58053335       1.60753838       1.61708832       1.60283995       1.59621668       1.59371169       1.60233339       1.62091001
       1.64030663       1.63649670       1.63370498       1.62553326       1.61723328       1.60074997       1.60539341       1.63034328       1.62273995       1.62163496       1.64258003       1.65050666       1.62435834       1.62014167       1.61860498       1.61958996       1.62148174       1.63218005       1.64100838       1.67209832
       1.66167339       1.64059830       1.63724327       1.64803839       1.66740497       1.64568329       1.63622840       1.62970829       1.63551505       1.63610506       2.00513172       3.02863661       3.37662983       2.96445990       4.00899029       4.09587955       4.28289032       4.88556004       5.51583001       5.75772953
       5.81427956       5.86056042       5.88895988       6.15536976       6.95320988       6.95932961       6.95925999       6.93877983       6.71774006       6.45143032       6.27408028       6.48054028       6.92549038       7.28932953       7.97327995       9.47101021      11.71039009      13.28918076      13.22583961      11.89942932
       9.65876961       8.86143970       9.83392048      10.35793018      10.22177029      10.10859966      10.35688019      10.69361019      12.49917030      13.86445045      16.17708015      18.11845016      19.86661911      20.22664070      14.85153961       8.41884995       7.24936962       6.80463028       6.61833000       6.63551998
       6.69760990       6.74271011       6.39983171       4.60849663       2.81872829       1.96351671       1.84471003       1.73906660       1.75239674       1.83129660       1.85631005       1.90208499       1.95020167       1.89935493       1.78752661       1.88110828       1.86755498       1.73193836       1.78203662       1.84425338
       1.78570493       1.44284169       1.70247332       1.70513662       1.72870334       1.74272839       1.73714828       1.73440504       1.74442498       1.73440838       1.72414335       1.71260500       1.69820499       1.68442663       1.68585173       1.68595997       1.65218337       1.61068503       1.59376335       1.57625500
       1.54912504       1.51281007       1.42277829       1.47684828       1.56105661       1.58861160       1.53798167       1.64723841       1.68559170       1.66783508       1.62325827       1.57772668       1.63993502       1.62213326       1.72368828       1.72576841       1.69485331       1.68225002       1.68390830       1.68541670
       1.67650493       1.60525338       1.60472997       1.61889839       1.62469673       1.61222331       1.61505667       1.62788328       1.60994339       1.61867332       1.65016667
       1.65211169       1.64409669       1.63805501       1.63547993       1.63064496       1.60674334       1.59718005       1.60470835       1.61301661       1.61941004       1.64142497       1.63913997       1.62780333       1.61648496       1.61278836       1.62038994       1.61882162       1.62995338       1.63059505       1.66009506
       1.63721164       1.62761672       1.70871337       1.87052663       1.68228006       1.66020664       1.65359497       1.62145837       1.62742837       2.62073660       3.66611497       3.08864975       3.41127014       4.02851009       4.12326050       4.40153980       5.26632023       5.88786983       6.58051014       6.90402031
       6.44983959       5.83841991       5.61997032       5.82419014       6.80784988       7.09860992       7.15511990       7.18354988       7.09025955       6.91154003       6.70508957       7.68142986       9.15762997       9.87310028      10.50930023      11.92514992      14.36215019      15.88484001      15.74892998      13.92745972
      11.79174042      12.14359093      13.90925026      15.26837921      15.96348953      16.15653992      15.90191078      15.48983002      17.14521980      19.63932991      21.70058060      23.61841011      25.57329941      26.46608925      22.01608086       9.95423031       7.33823013       7.10956001       6.85258961       6.85521984
       6.94163036       6.95154953       7.05183029       5.69866832       3.70421998       1.97187662       1.86765162       1.75620667       1.75135660       1.77707338       1.83493328       1.89268160       1.95250829       1.92828496       1.79617500       1.88247506       1.88609664       1.75716829       1.77765497       1.81291660
       1.82035160       1.47343667       1.69084994       1.71360668       1.71769333       1.74694999       1.75046508       1.74101671       1.75274674       1.74317837       1.73969507       1.73291667       1.72231674       1.70440833       1.70276833       1.69813172       1.69273837       1.67395163       1.63855505       1.61188841
       1.59389830       1.57949162       1.50296164       1.49666166       1.42307329       1.45248334       1.45359659       1.42927663       1.45027335       1.54445505       1.49547164       1.57998498       1.63078499       1.64383332       1.71022336       1.71298997       1.68585507       1.68802834       1.66338841       1.65428495
       1.61036666       1.59959666       1.61525170       1.62669341       1.64873330       1.63052829       1.62959671       1.62400675       1.65252670       1.68778992       1.70026334
       1.65891997       1.64733330       1.64220826       1.64412832       1.64025497       1.62869660       1.61582661       1.59454330       1.59838994       1.63821665       1.63825162       1.63456329       1.62639666       1.61898168       1.61700169       1.61719831       1.61525663       1.61724170       1.61511501       1.66359170
       1.62176498       1.60808007       1.61707830       1.63626496       1.61932834       1.66368500       1.66456000       1.77992662       3.00212828       4.10675001       3.14371014       3.96708965       4.44659042       4.77785969       5.26346970       5.63346004       5.86233044       7.50979042       8.37584019       8.80671978
       8.06064034       6.42982006       5.74145031       5.73367977       6.12395954       6.67113018       7.17352009       7.30692005       7.18157005       7.18358994       7.89449024       9.75695992      11.69743919      12.57987022      12.92524910      14.84411049      17.67856026      18.38089943      17.79314995      15.75363922
      14.21830940      15.44120026      18.02820015      20.52470970      20.94253922      20.79290962      20.75001907      20.56677055      23.25991058      24.73045921      26.98282051      28.67631912      30.67406082      31.99982834      26.72089958      11.70235062       7.39210987       7.28689003       7.24400043       7.19680977
       7.14140034       7.11001015       7.29298019       6.76699673       4.59649674       2.27219833       1.82883994       1.76348495       1.73232333       1.76420005       1.81811841       1.88385836       1.92051665       1.92547162       1.81604163       1.87973166       1.90271839       1.78949165       1.78404840       1.79610332
       1.85130835       1.53433498       1.63375505       1.72772662       1.72334671       1.74428336       1.75688998       1.74239508       1.74178998       1.74412330       1.74632168       1.73553340       1.72210995       1.71794494       1.72487497       1.72079500       1.70192830       1.70019007       1.67924500       1.65065829
       1.62519836       1.61668507       1.60064999       1.57945331       1.54803673       1.55078173       1.55992174       1.52904828       1.49605497       1.46540674       1.45007833       1.48101171       1.58668168       1.64668004       1.68252834       1.67176835       1.66507165       1.65389665       1.62647835       1.60607831
       1.59510835       1.61798159       1.64303493       1.64686330       1.64566167       1.63884672       1.63061841       1.66482004       1.70330667       1.70807664       1.71092828
       1.66158501       1.65278673       1.64740340       1.64668338       1.63657506       1.62926006       1.62636328       1.59949493       1.57885838       1.62084500       1.64239502       1.63051001       1.64230998       1.64182329       1.62892167       1.63321829       1.62207667       1.62026501       1.62517993       1.66223494
       1.61801004       1.61217833       1.60715993       1.60768334       1.61536837       1.66275326       1.97049173       3.26126496       3.83800030       3.27700996       4.17319012       4.63959980       5.52501011       5.86157036       6.06593037       6.07273960       6.38535023       8.22008991      10.07145023      10.38088989
       9.76574039       7.49378014       6.03606987       5.85711956       6.00271034       6.20331955       6.61102009       7.18904972       7.34197998       7.62450027       9.56268024      11.98974037      14.01266098      15.10087967      16.63324928      18.26725006      19.33408928      19.44565010      19.10747910      17.50008965
      16.97595024      18.45615959      21.80429077      23.75041008      25.46599960      26.44824982      27.08263016      27.35380173      29.28279877      30.53948975      32.70838928      34.98379135      36.42794037      36.99996185      31.54312897      13.98850060       7.58143044       7.46488953       7.53125000       7.42098045
       7.49868011       7.50432014       7.66475010       7.77422047       5.48976660       2.91139835       1.81866328       1.78046163       1.73475997       1.74925995       1.78546492       1.85498174       1.89004326       1.89069335       1.82185332       1.87442334       1.91753499       1.82821496       1.77386999       1.77519671
       1.90478992       1.62496996       1.59462166       1.74341170       1.72849162       1.75061830       1.76259836       1.75074164       1.74866835       1.75872342       1.74954669       1.74245167       1.74643326       1.74017159       1.73455826       1.74448172       1.73882008       1.72883161       1.71684329       1.70414337
       1.68709834       1.64594666       1.63079325       1.62316163       1.61019341       1.58692996       1.55432669       1.53430669       1.53698333       1.53526004       1.52821668       1.52119335       1.46400499       1.53444163       1.60664161       1.62289492       1.61647495       1.60518662       1.60816669       1.60966667
       1.62402836       1.64166339       1.63340839       1.63917160       1.63498338       1.64124171       1.66993999       1.70808840       1.72093995       1.71885506       1.70791340
       1.67182334       1.66224003       1.64979998       1.63899167       1.63185994       1.62628841       1.62835503       1.60593828       1.57908169       1.58647998       1.61386665       1.63632504       1.64426661       1.64538829       1.64769999       1.66486502       1.61639341       1.62182331       1.61934837       1.63990498
       1.59986162       1.60310507       1.62198830       1.60626173       1.60482995       2.10031659       3.41878506       3.55233002       3.56394958       4.63852024       4.94845009       5.85591030       6.67168999       7.04615021       6.83355999       7.19225025       8.04652023       9.54069042      11.31024933      11.75746918
      11.15427017       8.50804996       6.48612022       6.15837002       6.31320000       6.44209957       6.83084011       7.26974964       7.56175995       8.35151958      10.96010017      13.98613930      16.04690933      17.03339958      18.09008026      19.44784927      20.92584991      21.08023071      20.69660950      19.48955917
      19.29997063      21.55389023      24.43313980      27.02096939      28.74147034      30.16559982      31.70745850      33.12960815      34.60694122      36.17538834      37.62815094      39.64307022      40.91062927      40.71156820      36.06301117      17.23628998       7.90567017       7.74557972       7.81519985       7.76189995
       7.90450954       7.91110992       8.09389019       8.69468021       6.82346662       4.11080338       1.83263159       1.79197327       1.76099173       1.73979664       1.77135007       1.81101163       1.87848997       1.88787174       1.82380660       1.86627340       1.92890167       1.86321497       1.77321005       1.76812506
       1.89095338       1.65437333       1.59461006       1.76047500       1.73285834       1.74864340       1.75842667       1.75733836       1.75000827       1.75802167       1.75997670       1.76104832       1.74238841       1.73168166       1.73135328       1.74034341       1.74032005       1.73969841       1.73956998       1.74128501
       1.73543835       1.72294664       1.66687838       1.64077330       1.64201339       1.63049666       1.61381674       1.57539002       1.55448341       1.54685672       1.54286496       1.53518502       1.47704665       1.43566163       1.47638830       1.56849337       1.60910495       1.61618837       1.62847169       1.62722333
       1.64515003       1.63779497       1.64005168       1.64156659       1.66508166       1.68919007       1.70729160       1.71084833       1.72491995       1.72296000       1.71314494
       1.67544174       1.66453997       1.64659166       1.63641326       1.62609164       1.62796831       1.62378168       1.59637833       1.57183997       1.57072163       1.53632005       1.57917658       1.60885493       1.63607327       1.64116828       1.61820666       1.60964171       1.60429335       1.61347659       1.61475341
       1.57815504       1.58771674       1.61831999       1.61163505       2.36326504       3.60690994       3.29555035       4.16207027       4.90318966       5.09333992       5.72163010       8.03740025       9.78750038       8.87627983       8.04413033       9.22327042       9.89066029      10.71452045      12.43969917      12.90347099
      11.83041000       9.02171993       6.93257046       6.51644993       6.67663002       7.00920010       7.42716980       7.76914024       8.02552032       8.98336983      11.52770996      15.28614044      17.90467072      18.46413994      18.84675026      19.62675095      22.98834038      23.44325066      22.74492073      21.42309952
      21.57316971      24.32555008      26.84367943      29.39368820      31.31042099      33.33370972      35.54655838      37.42267990      39.17795944      40.73611069      41.99444962      43.44131851      44.39328512      41.90790304      38.67266337      21.17707062       8.29026985       7.99761009       8.12913036       8.07170963
       8.26385975       8.65079021       9.26222038      10.19528961       8.58172162       5.86172832       3.36758496       1.80104001       1.77855333       1.77708673       1.75998004       1.77795998       1.86874660       1.90167173       1.80799659       1.85295995       1.94061661       1.89440997       1.76812998       1.76567332
       1.87640174       1.64880498       1.55515830       1.75741498       1.74988174       1.74387169       1.74080674       1.75496674       1.74725326       1.74264161       1.75472005       1.75288169       1.74547831       1.73490826       1.73266999       1.73237165       1.74004173       1.74373341       1.73964167       1.73977168
       1.74528996       1.74742508       1.74121507       1.68708992       1.65384499       1.65321334       1.64710172       1.63032993       1.59622002       1.56494331       1.55683661       1.54064496       1.52741003       1.49614493       1.46460168       1.49576330       1.56278340       1.60178661       1.63941669       1.63671335
       1.64485502       1.64518499       1.66101662       1.67638826       1.68574174       1.70296669       1.71492831       1.72397168       1.72008673       1.72731829       1.71810007
       1.65423330       1.64367501       1.62914006       1.61824497       1.61589162       1.61248000       1.60826333       1.57468494       1.56248999       1.57071829       1.47641500       1.49768337       1.55843496       1.60011673       1.61882830       1.62038660       1.59566339       1.59365161       1.62580999       1.60245673
       1.57135502       1.60219161       1.63498672       2.71331008       3.82152335       3.29790020       4.64377975       4.96177959       5.05574989       5.43900013       7.65964031      10.16104984      11.31794930      10.78952026       9.82898998      10.78211975      10.94649029      12.19857979      13.50065994      13.22591972
      11.39411926       9.08108044       7.65081978       7.20987034       7.31855965       7.73355007       8.18750954       8.46201038       8.76375961       9.77375031      12.38591003      16.24264908      19.19128036      20.02733994      20.61742973      22.02329063      24.06982040      25.16473961      24.66695023      23.52750015
      24.02132034      26.35399055      29.23598862      31.66254044      33.88917160      36.22219086      38.76264954      40.32644844      41.78827159      43.17640813      44.56248156      45.94376691      45.38936806      42.95659828      40.06963348      25.86138916       9.18474007       8.35772991       8.40036011       8.52274036
       9.15528965       9.83656025      10.75409031      11.58563995      10.19526005       7.51879978       5.25338507       3.01225328       1.80227995       1.76870330       1.74199327       1.77717002       1.78829495       1.83062665       1.80204662       1.83500163       1.95097494       1.92343839       1.77136326       1.77067661
       1.85016330       1.73224672       1.55070829       1.75742165       1.74534337       1.73150333       1.75342496       1.74961662       1.75286674       1.75834831       1.74155664       1.73888826       1.73882675       1.73036003       1.72899834       1.72729333       1.73357836       1.73703829       1.73870993       1.73666668
       1.74481328       1.74910673       1.74676673       1.74639495       1.70300007       1.65992006       1.65979338       1.65623506       1.64409335       1.61794170       1.58114831       1.54767672       1.54596663       1.53872999       1.51808675       1.51272662       1.55843671       1.58428828       1.60405493       1.63062000
       1.66131337       1.66336838       1.66934840       1.67585834       1.72490835       1.72517172       1.72376839       1.73505338       1.72992166       1.71781000       1.71780841
       1.61119159       1.61339998       1.60734669       1.59778833       1.60715993       1.61164331       1.60026836       1.58175993       1.55862665       1.52899996       1.48254331       1.49210835       1.52277501       1.59622002       1.61688169       1.60917505       1.59824006       1.59686661       1.62700335       1.64262501
       1.62700001       2.18411668       3.07023500       3.47408962       3.62841034       4.89503956       4.89735985       4.96290016       5.18383026       6.87075996       9.47949028      11.65946960      12.83008003      12.55726051      11.57780075      12.13850975      12.03362083      13.79018021      14.37573051      13.42664909
      11.43894005       9.78038979       8.83428955       8.41598988       8.40567017       8.63305950       9.06462002       9.19534016       9.70928001      11.08123016      13.88161087      17.67226028      20.52705002      21.42561913      22.36627960      23.44647026      25.54195976      26.55291939      26.23542976      25.66643906
      26.21368027      28.39833832      31.25085831      33.72777939      36.39746094      38.96784973      40.54799690      41.97373988      43.27265689      44.50107320      45.70262642      46.84522858      46.21190325      43.87996991      41.26931190      31.39382935      11.20354080       8.96166992       9.01430988       9.58831978
      10.45269012      11.55032921      12.60143089      12.99578094      11.16235924       7.65579033       6.26521969       4.99568996       2.87781665       1.76766173       1.75544675       1.76231003       1.77255170       1.76331997       1.79020675       1.82427661       1.95894829       1.94986661       1.80276505       1.80472994
       1.86019500       1.76784341       1.55457671       1.81924995       1.84007835       1.84489330       1.84384998       1.79783169       1.75588497       1.76772499       1.74948994       1.73611832       1.74127992       1.73758841       1.73141336       1.72609838       1.72777828       1.73388004       1.74247837       1.74406338
       1.74399328       1.75029500       1.75350666       1.75692161       1.75160837       1.70921167       1.66847499       1.66707341       1.66104174       1.65340837       1.63197835       1.60025994       1.57110008       1.56002331       1.56860669       1.55873998       1.61529668       1.61964162       1.62969669       1.62105338
       1.63306506       1.66773160       1.68784507       1.70620505       1.73228836       1.73736334       1.72859669       1.72994661       1.73541005       1.72349501       1.71766996
       1.59303331       1.60150496       1.59779326       1.58999507       1.59750001       1.59219996       1.59502840       1.57307339       1.56987174       1.53985167       1.48932330       1.48169994       1.47531335       1.55239169       1.59378338       1.61084827       1.59322166       1.58459504       1.62236341       2.37213659
       3.09592660       3.73318164       3.21767998       4.05523968       4.94377041       4.83232021       4.90159988       4.93616009       5.69876957       8.51451969      11.54190063      13.26143074      14.21953964      14.23632050      13.16222954      13.13377953      13.03161049      14.74927902      15.38047981      14.29018974
      12.54985046      11.19389915      10.59350014      10.56285000      10.39068985      10.10416985      10.16331005      10.27143002      11.19490051      13.22563934      16.17576027      19.87557983      22.40612030      23.24785995      24.05077934      25.57345009      27.51520920      28.61750031      28.33501816      27.98072052
      28.52901840      30.25923920      33.10184860      36.12509155      38.90110016      40.89527804      42.30154813      43.54916814      44.67507006      45.70426496      46.67864138      47.61703822      46.90199025      44.59774844      42.22561010      35.93265152      14.21726990      10.03975964      10.15289021      11.23085976
      12.31860924      13.52695084      14.63278961      15.50861931      11.24472046       7.18657017       6.11758995       5.99479008       4.96999337       2.96476332       1.76558161       1.76415173       1.79751333       1.76704502       1.77672831       1.85329501       1.96375004       1.96969334       1.87681834       1.81137832
       1.90255658       1.90839163       1.80166165       1.88360993       1.83509334       1.78990507       1.79203161       1.82331832       1.77823003       1.76343664       1.74240494       1.72892841       1.73365672       1.73124663       1.72926505       1.73319340       1.72424332       1.72986333       1.73393838       1.73942661
       1.74747165       1.75231838       1.75401004       1.75736173       1.75971492       1.75659672       1.71218840       1.67084503       1.67473507       1.66761494       1.64907503       1.63691505       1.60845995       1.59909995       1.60179663       1.61709166       1.59763495       1.57233667       1.56905826       1.59012159
       1.63147831       1.67770163       1.69934162       1.71885840       1.73675330       1.74935007       1.73840173       1.73565674       1.73276329       1.72313166       1.71844339
       1.59842173       1.60819832       1.59228675       1.57692337       1.56813669       1.56406339       1.56852166       1.55026658       1.56313006       1.54685163       1.50250832       1.53079669       1.49345334       1.48450661       1.57879162       1.59307162       1.55811008       2.15846841       2.98736668       3.83278672
       3.90392971       3.13358974       4.36285973       4.85391998       4.75792980       4.89713955       4.91948032       5.35081959       7.36491966      10.80128002      13.67107010      14.89702988      15.54557037      15.68153954      14.44566917      13.95354080      13.85675049      15.80620956      16.57777977      15.83452034
      14.35812950      13.35009003      13.06859970      13.06399918      12.67839050      11.93405914      11.43520927      11.93958092      13.74710083      16.28344917      19.30089951      22.55911064      24.45862007      25.41799927      26.60022926      28.20998001      29.90861130      30.73299026      30.76321030      30.59225082
      31.00780869      32.33900833      35.31578064      38.46474075      41.46120326      42.76835848      44.02626025      45.05380516      45.98578364      46.79357020      47.52532476      48.22802022      47.45871862      45.21055667      42.94123014      37.98107147      17.11673927      11.67745972      11.81583023      12.97954941
      14.31027985      15.58128929      16.51708984      15.28099060      10.12057972       7.67317009       6.52972984       6.11641979       6.01908016       5.17419163       3.29341660       1.75985670       1.79161660       1.83413839       1.83693663       1.89901161       1.96407000       1.98456160       1.96665668       1.96660328
       1.95919005       1.91675329       1.67620325       1.79899327       1.75838995       1.73808495       1.72772169       1.73047336       1.78261836       1.76651827       1.74257660       1.73133167       1.72305997       1.72379160       1.72767003       1.73272673       1.72359673       1.72717174       1.72925329       1.73780330
       1.74218496       1.74966669       1.75169007       1.75152826       1.76197004       1.76255004       1.75850169       1.69589837       1.68092171       1.68729337       1.66901827       1.65498670       1.65077670       1.62795003       1.59538333       1.56694841       1.55010335       1.54010995       1.55283674       1.56331174
       1.59253327       1.64273834       1.68722995       1.72917159       1.75020504       1.75264168       1.74098333       1.73998833       1.73830160       1.73545996       1.72745005
       1.62582159       1.63894669       1.63883336       1.62521331       1.61028830       1.59836674       1.58957163       1.57726336       1.56232993       1.55487506       1.55373001       1.56924327       1.54004669       1.48406665       1.56225506       1.73154497       2.60194333       3.50297165       4.39498997       3.55854988
       3.49682999       4.76653957       4.84953976       4.84099960       5.05751991       5.20398998       5.44851017       6.56877041       9.71854019      13.41393089      15.91276932      16.91951942      17.24400902      16.97875977      15.53170013      14.81023979      14.60489082      16.76711082      17.39485931      17.26333046
      16.33695984      15.82848930      15.79036903      15.96668053      15.32492065      13.99950027      12.89888954      14.17489052      16.85433006      19.82905006      22.95673943      25.58493996      27.10530853      28.06425858      29.20352936      30.59297943      31.65874100      32.24496078      32.75942993      33.06151962
      33.40145111      34.67456055      37.29813004      40.59949112      43.36868985      44.59070663      45.66752014      46.48093516      47.18308500      47.78180186      48.28398336      48.72545141      47.81254005      45.52254359      43.15335846      37.63996124      19.38463020      13.63736916      13.78289986      14.86070061
      16.22529984      17.51853943      17.78553009      13.15527916      10.15464973       8.43715000       7.00349045       6.34109974       6.06381989       5.82680035       5.67336667       3.94099340       1.81308333       1.84583171       1.88115168       1.91977835       1.96822007       1.99576330       1.97489007       1.94302670
       1.90054337       1.77916161       1.46927993       1.75146659       1.75346502       1.73575338       1.73355834       1.72078339       1.71568998       1.77141333       1.75040340       1.73484166       1.72510497       1.71919171       1.72124338       1.72562504       1.72452497       1.73177163       1.73236831       1.73621496
       1.74279499       1.74748659       1.74784168       1.75279172       1.76034339       1.77734995       1.77409506       1.73812834       1.72178173       1.71014007       1.68997002       1.66683674       1.64473168       1.64301999       1.60260328       1.58510160       1.56590160       1.54577669       1.53314495       1.56453991
       1.58132998       1.59926669       1.67008336       1.72798999       1.75439835       1.75767008       1.74532493       1.73930836       1.73756329       1.73409494       1.72927173
       1.38194497       1.37752326       1.41016165       1.44823996       1.48279333       1.54126167       1.58654165       1.61092329       1.62115335       1.64320993       1.65955003       1.65950839       1.61144002       1.57157167       1.89710840       2.88391161       3.88432837       4.48243999       3.23746967       4.01506042
       4.97694016       4.85867023       4.97824955       5.25800037       5.66565037       5.93638992       6.59418011       8.48517990      12.25052071      16.06336021      18.21365929      18.80707932      18.56282043      17.95747948      16.45589066      15.44573975      15.15356064      16.79512024      17.64233017      17.86804008
      18.05621910      18.11660957      18.51449013      18.68113899      17.98558044      16.03339005      14.34988022      15.89734077      19.15048027      22.94272995      26.27279091      28.37218094      29.51692963      30.33692932      31.10688019      31.98614120      32.80575943      33.67126846      34.57833862      35.30564117
      35.44609070      36.86801147      39.20619965      42.51834106      45.22756831      46.30902990      47.14581680      47.76405334      48.26506805      48.65928968      48.92774010      48.24776077      46.07326126      44.14588928      42.37142181      37.20689011      21.08984947      15.57559967      15.83152008      16.81365967
      17.92090988      19.26078987      18.83633041      13.61399078      10.93914986       9.09568977       7.86528969       6.81589031       6.37255001       6.10223007       5.84504986       5.94472980       4.14169327       1.82420333       1.85567999       1.90170829       1.97208993       2.00577831       1.98708502       1.89646498
       1.88358339       1.71475331       1.44173829       1.73098326       1.76200167       1.74217161       1.71426169       1.70023171       1.69314162       1.71532996       1.76219161       1.74020497       1.72436825       1.72076495       1.72051827       1.71871662       1.71743170       1.72263336       1.73101997       1.73511839
       1.73881674       1.74043496       1.74632502       1.77239339       1.75828664       1.74211502       1.74126164       1.74275668       1.73167340       1.72189331       1.70320002       1.69045162       1.67227999       1.62844499       1.61163998       1.61129332       1.58172496       1.56076829       1.53153340       1.55940501
       1.59217660       1.58323002       1.62680165       1.71691672       1.75210826       1.75732660       1.73925829       1.72757832       1.71721665       1.71535492       1.71907330
       1.68891493       1.66203165       1.63074334       1.59689665       1.54385503       1.47706827       1.40907001       1.37541835       1.35917664       1.36536328       1.39776500       1.46644497       1.52921995       1.87304338       2.96486998       4.03115829       4.12473965       3.25253963       4.20705032       5.12003994
       5.11900997       5.20343018       5.83434963       6.84488964       7.37742996       7.68980026       8.62465000      10.98491001      14.71421051      18.23494911      20.27368927      20.55117035      19.96335030      18.95037079      17.28471947      16.19750023      15.88435936      16.82646942      17.96740913      18.82691956
      19.81506920      20.28704071      20.57053947      20.30687904      19.21066093      17.34659958      15.79820061      17.34613037      21.14705086      25.55565071      28.96097946      30.28710938      30.85842133      31.27178955      31.91386032      32.73321915      33.94580841      35.39609909      36.56795883      37.21012115
      37.86357117      39.02481842      41.22993088      44.52394867      47.04615148      47.94597168      48.54861806      48.96010361      49.29270821      49.46422513      49.28673935      46.42163849      43.80720139      41.38961029      38.97410965      34.93708801      25.84600067      19.42157936      18.16250038      18.81830978
      20.42073059      20.35386086      17.53178024      14.54987907      12.54734993      10.60807037       9.13591003       7.93021011       7.32384014       6.74199009       6.02274036       5.90746975       5.78069019       3.25677996       1.84296672       1.88238160       1.95957327       2.01413838       1.98921172       1.89004167
       1.88526328       1.71751658       1.44664001       1.72124672       1.75647004       1.71645832       1.70711660       1.72137833       1.71844832       1.72055499       1.70809507       1.72621330       1.71495501       1.72371674       1.71994336       1.71913671       1.71984673       1.71907997       1.72627004       1.73545329
       1.74798997       1.74347496       1.74512498       1.74529171       1.76032337       1.75959667       1.74809996       1.75832335       1.76632659       1.75446494       1.73040994       1.69176006       1.66792170       1.66333993       1.64933173       1.62052329       1.64750338       1.66538159       1.63837671       1.52733660
       1.57247337       1.59324503       1.61433840       1.67036661       1.69329834       1.69389661       1.69836998       1.68633827       1.69325336       1.70501995       1.71253332
       1.54009326       1.50736666       1.52842999       1.55394332       1.60985994       1.66811673       1.70698500       1.70452166       1.70111163       1.69186163       1.64549001       1.57697503       1.63652833       2.69998995       3.37187958       3.29825974       3.48443031       4.80004025       5.28524971       5.36415005
       5.54267979       7.30539989       8.99108028      10.36487961      11.01605034      11.18761063      11.80616951      13.54721069      16.63003922      19.86619949      21.64295959      21.88209915      21.12155914      19.89156914      18.14888000      16.90707970      16.76461029      17.30168915      18.66274071      20.56986046
      21.57336998      22.12854958      22.07514954      21.20862007      19.82043076      18.49711990      18.21566010      19.18848991      22.30134010      26.79894066      29.78231049      30.62841034      31.22434998      31.82001114      32.50275040      33.51562119      34.96947098      36.61851120      38.02640152      38.88982010
      39.78733826      40.94308090      43.02177811      46.42671204      48.81993993      49.48939679      49.86976636      50.09447021      50.20410309      50.14804967      48.41299820      45.55329895      42.98326874      40.08584976      37.10464096      34.19908142      30.86130142      28.11890030      25.87290001      24.87639046
      23.10819054      21.11763954      19.18239975      17.18073082      15.36459923      13.82732010      12.52337074      11.03326988       9.74067020       8.65725040       7.28981972       6.56153965       6.16926003       5.31801170       1.86598667       1.87641335       1.94219001       2.02024333       2.00494337       1.86472670
       1.87949832       1.72888168       1.43429168       1.68769328       1.75389338       1.74726836       1.73834006       1.73077170       1.72000170       1.69518836       1.66589673       1.65490500       1.72313166       1.71659501       1.71926673       1.71892993       1.72680505       1.72998333       1.73200003       1.73105160
       1.73835341       1.75797669       1.76469501       1.77037001       1.77857494       1.79181830       1.79008834       1.77431170       1.77508005       1.76613331       1.75749334       1.73715003       1.68974495       1.65863498       1.65488497       1.63741493       1.67534335       1.66554165       1.66842175       1.57415835
       1.56035503       1.59465329       1.61293507       1.62021335       1.62728834       1.65116501       1.67578999       1.67446327       1.68595171       1.69657501       1.69620339
       1.50808827       1.44684664       1.49369494       1.49005334       1.54512660       1.59996494       1.61880827       1.61820332       1.61114661       1.61098337       1.61362998       1.94522661       2.80735327       3.98422333       4.46809959       4.52593040       4.80663013       5.09558010       5.64011955       5.84661007
       6.35354042       8.12191010      12.07930946      14.45963097      15.25292969      15.31962013      15.30648994      16.42363930      18.62898064      21.24143028      22.92210960      22.92922020      22.05200958      20.70434952      19.05261040      18.12025070      17.87302971      18.58439064      20.20649910      22.02016068
      23.18944931      23.66345024      23.41114044      22.12791061      20.93334007      20.72738075      21.40107918      22.36845970      23.95034981      27.11371994      29.77262115      31.02336884      31.87448120      32.67007065      33.55728149      34.70309830      36.15008926      37.61428833      39.06608963      40.19145966
      41.41151810      42.88862991      44.96149063      48.05165100      50.71033859      51.54615339      51.90371005      52.04225477      52.08735530      50.68037033      48.34806061      45.85578918      43.71736908      41.51861954      39.16767120      36.66009903      34.34674835      32.34035110      30.56462097      28.82316971
      27.10836029      25.04937935      22.90858078      21.03614998      19.27371025      17.81308937      16.42848015      14.77339935      13.07891083      11.12809944       9.36273003       8.31577015       7.24855042       6.78462982       3.08631674       1.87337828       1.93999163       2.02300326       2.02173662       1.89744329
       1.87873332       1.73722665       1.45742496       1.66834497       1.74616003       1.74689341       1.74626160       1.73538828       1.69482835       1.70036999       1.69653161       1.69187832       1.66843335       1.76146825       1.73809497       1.72683160       1.73289839       1.73163827       1.75151841       1.76037995
       1.76206334       1.76957830       1.77700504       1.78005505       1.79443328       1.78568999       1.79674164       1.78527006       1.77882830       1.77313836       1.77578004       1.78125827       1.78916661       1.69280831       1.66027673       1.65881999       1.67004840       1.67377329       1.64561160       1.60492992
       1.57774337       1.57221667       1.59551668       1.60682329       1.60911338       1.62787326       1.65337340       1.66518339       1.67544667       1.68792995       1.69286505
       1.50045665       1.49002838       1.58444500       1.60761833       1.63008340       1.63357004       1.63308668       1.62177499       1.61593994       2.05316671       2.57736165       3.09632839       3.98386173       4.56620026       4.57721043       4.49376011       5.05206013       5.37827969       5.93111992       6.53715038
       7.83316040       8.10799026       8.57666969      16.59483910      19.26465988      19.64719963      19.41955948      19.82131958      21.18350029      22.62488937      23.20071983      23.17621994      22.60260963      21.35387993      19.93568993      19.36453056      19.28499985      20.50576019      22.32666016      23.73719978
      24.57551003      25.20219040      24.70421982      23.27198029      22.71858025      23.61705971      25.19255066      26.50820923      27.54779816      29.10203171      30.80596924      31.99256897      33.00524139      34.06351852      35.22629929      36.40800095      37.82535934      38.98477173      40.23223877      41.68025970
      43.11077881      44.79396057      46.71752167      49.04701996      51.84975052      53.99332809      54.36169052      53.79811096      52.73165894      51.45006943      49.85340881      48.02381897      46.19879913      44.45875931      42.47397995      40.33073044      38.27761841      36.59437943      34.97290039      33.32931137
      31.64859009      29.77655792      27.49396896      25.45763016      23.67498970      21.91706085      20.19264030      18.28565979      16.45779991      14.71084976      12.75715065      11.05688095       8.68191051       6.85914040       3.93949827       1.89364497       1.93257332       2.02235667       2.03650173       1.90534830
       1.87266493       1.73697837       1.45888170       1.62960831       1.74046993       1.73741341       1.73758666       1.73047161       1.72323338       1.72194004       1.70989498       1.71095006       1.67886162       1.70786667       1.77677663       1.77111006       1.76469326       1.76667341       1.76313829       1.76963838
       1.76531839       1.76735163       1.77167670       1.77663835       1.77984333       1.79514837       1.80607160       1.79594342       1.77031994       1.77040497       1.76970339       1.78731505       1.80952501       1.79419327       1.67364995       1.67347336       1.66471497       1.64472834       1.63397837       1.61582168
       1.59858163       1.58174165       1.57492161       1.58547672       1.59426832       1.60296996       1.63347006       1.65249173       1.65599839       1.67165661       1.68732500
       1.49425507       1.59809001       1.64712826       1.64783001       1.64874999       1.65086667       1.65074174       2.10922670       2.63878838       3.19357840       3.71348826       4.26980495       4.82853031       4.83532047       4.95263004       4.64710999       5.57267952       5.98015022       6.52221012       7.42232990
       8.37456989      10.48822975      13.29056931      17.34902954      21.43232918      23.08521080      23.31440926      23.60263062      24.37619972      24.51065063      23.91386986      23.57584000      23.13858986      22.07529068      20.83724022      20.63857079      21.28255081      22.89727020      24.52124023      25.61277008
      26.48155975      26.83054924      26.21121979      24.83576012      25.00613022      26.68955040      28.45796967      29.80973053      30.70999146      31.65869141      32.92343140      34.33105850      35.53778076      36.57492065      37.56478119      38.50722885      39.60100937      40.83686829      42.26345062      43.76752090
      45.60023117      47.23744202      48.80131149      51.17758179      53.72702026      55.38457870      55.54745865      55.16500854      54.36111069      53.48020935      52.30696869      51.16611862      49.70988083      47.91802979      46.10112000      44.32033157      42.58206940      41.09403992      39.64918900      37.96208191
      36.02067947      33.84650040      31.57371902      29.58736038      27.78984070      25.76646042      23.76390076      21.89974022      20.00515938      18.21136093      16.40827942      14.83930969      10.24983025       7.70448971       4.80773163       1.99370670       1.90947326       2.01842833       2.05036831       1.92391666
       1.86016337       1.73641173       1.50366338       1.59883992       1.73484500       1.75803661       1.75890001       1.74458996       1.72719002       1.71549670       1.71741660       1.70415831       1.69723161       1.62849172       1.67581669       1.75492668       1.75099675       1.75312662       1.76065334       1.76222165
       1.75270001       1.74419498       1.74898005       1.75898504       1.77567005       1.79221169       1.79952828       1.79778004       1.77455171       1.77727667       1.76919826       1.78394159       1.80541499       1.78480005       1.71342166       1.69305166       1.68736331       1.66293160       1.64841334       1.62205998
       1.61167669       1.59341160       1.58034499       1.57400004       1.58731492       1.58418671       1.60901340       1.63226000       1.63631328       1.65031830       1.67589998
       1.57009840       1.64377499       1.63898675       1.63974826       1.63774665       2.09358161       2.66049833       3.19757999       3.75654672       4.32555326       4.79327965       4.71473980       4.68245983       4.98155975       4.63043976       5.35328960       6.28318024       7.07357979       8.96940994      10.09832954
      10.75603962      11.04793930      12.68616104      16.02622986      19.75804901      23.43363953      25.79565048      26.99877930      27.68788147      27.49132919      26.47697067      25.11866951      24.00465012      23.01054955      22.12960052      22.69030952      23.77771950      25.55065918      27.05437088      28.08309937
      28.76536179      28.88599014      27.93046951      26.80443954      27.72132111      29.56637955      30.84770966      31.99282837      33.32641983      34.51042938      35.86233139      37.34519958      39.03467178      39.78910828      40.37181854      41.24222183      42.59357071      43.69229126      45.13188171      46.82828140
      48.63621140      50.06473160      51.66249847      53.70433044      56.31459045      57.75997925      57.87022018      57.45156097      56.88785934      56.22869110      55.56869888      54.73033142      53.72085953      52.20188141      50.50098038      48.75308990      47.80218887      47.11003113      44.55144119      42.05973053
      39.75897980      37.58617020      35.21171188      32.91151047      30.98786926      29.07920837      27.19150925      25.31052017      23.41382027      21.77926064      19.96759033      17.52578926      10.11592960       8.82194042       5.74290339       1.99482997       1.89966504       2.01018826       2.05890004       1.91891162
       1.83870840       1.73729499       1.56941668       1.55933507       1.76515166       1.76459503       1.74810505       1.72188997       1.72431660       1.72175996       1.71937831       1.71215995       1.71566836       1.71384827       1.73127174       1.76609500       1.74415493       1.74227667       1.73525667       1.73918168
       1.73254506       1.73038006       1.74058342       1.75331163       1.76781670       1.78306834       1.79008993       1.78517660       1.78922669       1.76959991       1.78162336       1.78244670       1.78436327       1.76897160       1.73632828       1.70438830       1.68829330       1.67395830       1.65335671       1.64013004
       1.61918338       1.60612329       1.59800339       1.57822005       1.57605664       1.57960002       1.59117826       1.60156329       1.61358007       1.63248825       1.65998332
       1.65030003       1.64963992       1.67428001       2.01297995       2.59350173       3.17727664       3.77995338       4.32195673       4.89166670       5.02392006       5.00047970       4.80461025       4.69130993       4.76093006       5.42467976       6.43428040       7.35249043      10.78289032      13.24761009      14.70471001
      15.25842094      15.10317039      14.35112953      14.99371910      17.80389023      21.70211983      25.67015076      28.81335831      28.98860931      28.96662903      28.66798019      27.24869919      25.45330048      24.27182961      24.00978088      24.74678993      26.26482964      28.45893097      30.21804810      30.88552856
      31.14939880      31.31858063      30.24158096      28.96110916      30.27368927      32.08118057      33.27600098      34.65625000      36.08670044      37.30274963      38.71229935      40.08184052      42.21138000      42.73833084      43.32514954      44.07149124      45.23849106      46.50825119      48.21995926      50.17520142
      52.10364914      53.46382141      54.78432846      56.70529175      59.31159210      60.82286835      61.25226593      60.68943787      60.05056000      59.41040802      58.99193954      58.55047226      57.51239014      56.27164078      55.01427841      53.58998108      52.52883148      52.46818924      50.32498169      46.94100952
      43.99573898      41.08541870      38.76977158      36.34358978      34.21376038      32.23345184      30.31961060      28.52947998      26.58989906      24.51057847      22.24100990      17.93144989      10.73565006      10.05733967       6.76266162       2.33114672       1.90051508       2.00139999       2.06572326       1.96906503
       1.81615003       1.73564339       1.63105663       1.49929174       1.77568833       1.76570495       1.73764006       1.71211831       1.72203159       1.73000495       1.74803670       1.76087173       1.74802335       1.74149338       1.74826829       1.75397507       1.73434671       1.72682174       1.72388172       1.73981158
       1.74446996       1.73786672       1.74251493       1.75004164       1.76156664       1.77011172       1.76970832       1.77777831       1.77694670       1.78149668       1.77247334       1.78303337       1.79391336       1.78353500       1.74721829       1.71510331       1.70471334       1.68169673       1.66520007       1.64532169
       1.62876829       1.62104670       1.61073001       1.58537499       1.57294496       1.57903671       1.58221658       1.59079997       1.60135667       1.60858838       1.63294172
       1.93363174       2.10786835       2.47749160       3.08832331       3.68114169       4.25819330       4.82998826       4.82409000       4.95631027       4.95499992       4.83323956       4.95837975       5.06190968       5.39239979       5.93280983       6.81124973       9.68682957      14.09722900      17.54291916      19.63488960
      20.28764915      19.96582985      18.75190926      17.52227020      17.35932922      19.82254028      24.08602905      28.69329071      29.13722992      29.15528870      29.16411972      28.89583969      27.39619827      25.77033997      25.67141914      26.68911934      28.64097977      31.24929047      33.25056839      34.01185989
      34.01358032      33.81911850      32.89743042      31.36278915      32.83063126      34.72853851      36.30566025      38.06629181      39.50584030      40.47032166      41.47898865      42.64886856      43.92127991      44.90206146      45.79901123      46.74039078      48.18288040      49.19715881      50.97272873      53.20232010
      55.39778900      56.76742935      58.25271988      60.33679199      62.62352753      64.10163116      64.64418030      64.31250763      63.66364288      62.99622345      62.42774200      61.84966278      61.14243317      60.47045898      59.39936066      57.63782883      53.07770157      52.88146973      52.79967880      51.78245163
      48.78926086      45.54001999      42.56813812      40.06082916      37.84941864      35.46411133      33.10379028      30.99977112      28.72949142      26.24045690      23.77808679      16.90180016      11.93588066      11.51862907       7.77581660       3.04207659       1.91678667       1.98787498       2.06571007       2.00570997
       1.81034327       1.73277664       1.66259495       1.48425674       1.77271001       1.75015831       1.73775339       1.74144332       1.74925661       1.75252835       1.75964340       1.75585334       1.75754499       1.75728830       1.75516669       1.74991163       1.73138841       1.73045667       1.73089504       1.73769331
       1.76712004       1.76335828       1.74851672       1.74565331       1.76428159       1.77396329       1.76776838       1.76974503       1.76928171       1.75739161       1.75913000       1.76623837       1.79500659       1.77942340       1.76411327       1.74358670       1.72618834       1.69591173       1.68138504       1.66337506
       1.64590502       1.63405832       1.62203995       1.60277669       1.58337831       1.58375502       1.58295663       1.58827337       1.59511836       1.59500504       1.60522334
       2.97920497       3.14796829       3.52046827       4.10904497       4.72067833       5.02910995       4.88129044       4.74921989       4.85029984       5.02756977       5.26733017       5.18688965       5.26194000       5.33277988       6.25321960       8.05004978      11.78150940      16.54677010      20.62287903      23.14649963
      24.44105911      24.44827080      23.34402084      21.68989944      19.97068024      19.77103043      22.78626060      27.94150162      29.42214966      29.18424988      29.23543167      29.15184021      28.64125824      27.33209991      27.28042984      28.34638977      30.70175934      33.80934143      36.34806061      37.14279938
      36.92393112      36.24127960      35.11828995      33.73659897      34.87957001      36.95616150      39.30707932      41.25349045      42.63389969      43.63114929      44.24755859      45.12144852      46.10049820      47.51089859      48.11019135      49.16466904      50.56248856      51.71823120      53.38105011      55.63574982
      58.19789124      60.03446960      61.69544983      63.78357697      65.34230042      66.81826019      67.64089203      67.68624115      67.33808136      66.71775818      66.41735077      65.84506989      65.52677917      64.93977356      64.10060120      62.80133057      59.83889771      54.72056961      52.88616943      52.62068939
      52.26945114      49.92237358      46.48223114      43.16334915      40.78355026      38.28874969      35.40153122      32.95059204      30.51059176      27.84640694      25.06394679      16.61101913      13.50415993      13.07748985       8.76532841       3.75210174       1.94433498       1.97050492       2.06045993       2.00632175
       1.85620673       1.75136169       1.63284159       1.49820662       1.76083994       1.76567841       1.77754339       1.78660663       1.76893504       1.76407830       1.77137995       1.76489337       1.75271002       1.74752998       1.74294170       1.75111341       1.73919328       1.73142672       1.74385993       1.74640830
       1.77078501       1.77063004       1.76647504       1.74076001       1.75915162       1.78764995       1.77577162       1.76469342       1.76703326       1.75194502       1.75613674       1.76910003       1.78456831       1.77456840       1.76640670       1.76961168       1.74460665       1.71675507       1.69719998       1.67924833
       1.66600831       1.64310328       1.63725169       1.62875668       1.61126661       1.59246333       1.58193000       1.59414005       1.59640996       1.60288827       1.59336329
       3.97793166       4.15652339       4.53655497       5.14106830       5.06188965       4.91897011       5.07800961       5.26513958       5.29588032       5.14074993       5.21957970       5.43150997       5.80587959       6.94956017       8.33953953      10.58615017      13.72672081      18.22436905      22.69531059      25.40819931
      26.87515068      27.73870087      27.24000931      25.75992966      23.11067963      21.34300995      23.04120064      26.94503021      29.71992874      29.84634018      29.29690170      29.67800140      29.53187943      28.64593124      28.70204163      29.91334152      32.53807068      35.78689957      38.52450943      39.41970825
      39.30500031      38.52930069      37.25210953      35.93143082      36.67647171      38.87985992      41.53139877      43.87509155      45.78165054      46.63459015      46.99869919      47.32619858      48.08177948      49.76609039      50.23928070      51.58338165      52.85937881      54.02893829      55.60857010      58.23138809
      61.04116821      63.08235168      64.66503143      66.41856384      67.83927155      69.70311737      70.73552704      71.16834259      70.94120789      70.91123962      70.82907867      70.44127655      70.29689026      69.93994141      69.05188751      67.44360352      65.41526794      63.13619995      57.66534042      53.10998154
      52.52429199      51.89445877      49.40951920      45.39242935      42.43978119      39.96179962      36.74607849      33.86922073      31.28686905      28.94807053      26.10683060      17.40574074      15.17793083      14.42234993       9.77916845       4.46317005       1.92492835       1.96083673       2.05394506       2.00911999
       1.86235841       1.76393493       1.61225669       1.52611828       1.76210006       1.77666171       1.77554496       1.78638172       1.78261995       1.76683664       1.75500663       1.74803495       1.74832169       1.74819501       1.74274000       1.74160830       1.73368994       1.74096839       1.75754007       1.76234833
       1.76244831       1.77091662       1.77181005       1.75349172       1.75883500       1.78928169       1.78855006       1.78044335       1.76280499       1.74673160       1.74849494       1.75320164       1.76797835       1.78125493       1.76894665       1.76726325       1.75286833       1.74149497       1.71641668       1.70726999
       1.68293826       1.66101503       1.65408341       1.64404837       1.64862506       1.62951326       1.61097670       1.60309505       1.58425840       1.59498501       1.59094493
       4.99563837       5.13035997       5.00282001       4.80251026       5.04553986       5.38891029       5.29246998       5.22620010       5.22140980       5.39013958       5.64216995       5.87353039       7.33606052       9.75456047      11.59206009      13.27087021      15.82604980      19.66772079      23.84996033      26.83346939
      28.46059036      29.68558884      30.04999161      29.01839828      25.78727913      23.45594978      25.48760986      27.60461044      30.12223816      30.54861832      30.69766998      31.65856171      31.03282166      30.11645126      30.19075012      31.48955154      34.06388092      37.61671829      39.88671112      40.85573196
      41.00086975      40.11109924      39.02233124      37.92391968      38.49805069      40.45869827      43.20508194      45.88951874      48.15365982      49.11217117      49.11109161      49.42171860      50.24943924      51.82725906      52.32801056      53.48157883      54.49493027      55.74185944      58.05001831      60.81529999
      63.64298248      65.56294250      67.18395233      68.83318329      70.29493713      71.89611053      73.64753723      74.52799225      74.95160675      75.12069702      74.86332703      74.85537720      74.86891937      74.58891296      73.94632721      72.42397308      70.02129364      67.24664307      63.95567322      59.22241974
      53.88222122      51.76385880      49.45238113      46.46540070      43.48289108      40.32532120      37.06679916      33.97565842      31.07308960      28.66204071      26.11012077      18.89679909      17.08902931      15.57155832      10.82888349       5.19400835       1.87523508       1.94702673       2.04434331       2.00258001
       1.85151498       1.78017839       1.56841326       1.54167827       1.78364166       1.79472001       1.79119174       1.78002993       1.77531672       1.75746997       1.75419664       1.75394837       1.75981331       1.75917339       1.75065502       1.73869673       1.73043839       1.73644670       1.75740830       1.76829004
       1.76752663       1.77671496       1.77961175       1.76035500       1.75242996       1.77995666       1.79259507       1.78719997       1.77103329       1.75795507       1.74648666       1.75137329       1.75267839       1.77545500       1.76693662       1.76586167       1.75603501       1.75578165       1.73992999       1.73576164
       1.70546500       1.68586334       1.67683506       1.66467841       1.65256008       1.64626996       1.63450670       1.61472336       1.59060828       1.58055003       1.58086507
       4.84047031       4.89062023       5.22068977       5.36380005       5.40530014       5.27873039       5.34436035       5.45429039       5.66510010       5.84438038       5.95011997       7.03090000       9.72723961      12.57212067      14.41172981      15.92231941      18.28100014      21.60253906      25.23188019      28.08065033
      29.73218918      30.88776016      31.29344177      30.38919830      27.21332932      25.96450043      28.55017853      30.03340912      30.79803085      31.35707092      32.22042847      32.82316971      32.18724823      31.44079971      31.69546127      33.02930832      35.43762970      38.56716156      40.76980972      42.07210922
      42.46804810      41.67498016      40.49705887      39.82714844      40.34086990      42.34862137      44.89051056      47.38756943      49.80212021      51.17927170      51.38718033      51.59899139      52.29663849      53.29833984      54.11658859      54.94913101      56.00265884      58.25500107      60.82050323      63.34822845
      65.90647125      68.16747284      70.04740906      71.55213928      72.81661224      74.33384705      76.26618958      77.90219879      78.75363922      78.87843323      79.01934052      79.08940887      79.31604004      79.45484924      79.26757812      76.82719599      73.91446152      70.85523631      67.11260986      63.38072205
      58.99789047      54.51401138      48.81975174      46.44731140      43.43127060      39.94316864      36.54618835      33.10709000      29.98682022      27.38948059      25.08614922      20.11364937      17.16291046      16.45812670      11.68745836       5.96488667       1.87204997       1.93549840       2.03169664       1.99173164
       1.86533340       1.76055336       1.54695670       1.62322330       1.78992160       1.78713830       1.78429000       1.77743673       1.77916829       1.76745669       1.75940164       1.75838995       1.76513831       1.76215506       1.75225004       1.74685160       1.73262167       1.72857841       1.73932330       1.75353003
       1.75733169       1.76949501       1.77244329       1.76492008       1.75180674       1.77399667       1.79052162       1.78285837       1.78296661       1.76129993       1.74022007       1.74777826       1.74882666       1.76939837       1.77299500       1.76745335       1.76517995       1.75787338       1.75154495       1.74953492
       1.73534664       1.71884505       1.69899336       1.68554672       1.66831827       1.65563329       1.63966831       1.63322671       1.61355495       1.59099007       1.58138339
       5.29792023       5.52519989       5.44408989       5.52884007       5.73985958       5.75158024       5.75543976       6.00444984       6.12010956       6.13311958       6.71893024       8.81525040      12.20141029      15.04084015      17.23492050      18.80658913      20.77803993      23.97266006      27.14236832      29.69939041
      31.04993057      31.83177948      31.97623062      30.93785858      28.20510864      28.54542160      31.11845016      32.15969849      32.57546997      33.18302917      33.99505997      34.39870071      33.67797089      32.91054153      33.20441818      34.73968124      37.13871002      39.88796997      41.92348099      43.16867065
      43.71744919      43.09999847      41.95483017      41.55118179      42.21749115      44.31597900      46.77923965      48.99794006      51.05390167      52.68679810      53.10739136      53.54481888      54.41276169      55.18301010      55.80677032      56.71403885      58.64078903      60.62544250      63.45307922      65.74994659
      68.33950043      70.95532227      72.90133667      74.15524292      75.29469299      76.79087830      78.97332764      81.05947113      82.27793121      82.82238007      82.94624329      83.22498322      83.47572327      83.49929810      82.23628616      79.44018860      76.36126811      73.10631841      69.08860016      64.89137268
      60.18289948      55.31309128      49.30126953      45.74655914      42.54978943      38.90121841      35.19203186      31.71931839      28.52944183      25.98492050      23.48748016      20.68041992      17.08333015      15.91650963      11.85636330       6.33043006       1.88360167       1.92876673       2.01745160       1.97363838
       1.84006675       1.73318497       1.46578328       1.67108663       1.78518327       1.78654671       1.78041506       1.77579339       1.77676662       1.77451166       1.75984828       1.75899506       1.75719833       1.75762002       1.75075833       1.74977160       1.73289172       1.73566834       1.75119003       1.74345160
       1.74610329       1.74439335       1.75457335       1.75894340       1.74843502       1.75556835       1.76390330       1.76155996       1.77298164       1.76690833       1.74493329       1.74858332       1.75697009       1.75770505       1.77447494       1.76744334       1.76443164       1.75368500       1.75733995       1.75334501
       1.76326831       1.75401338       1.73188162       1.70176506       1.68150663       1.66885996       1.65175835       1.64142497       1.62797674       1.61273162       1.59216658
       6.07378960       6.12197018       5.95355034       5.92887974       6.11297989       6.36371040       6.37226963       6.48754025       6.59259033       6.77536964       7.90894985      11.02930069      14.43909073      17.43445015      19.72141075      21.33558083      23.61544037      26.58452988      29.77359009      31.86901093
      32.67137146      32.78778076      32.50434875      31.33501816      29.81964874      30.69211197      32.67654800      33.80820084      34.52236176      35.22024155      36.04473114      36.51198959      35.77851105      34.69379807      35.06813049      37.15887070      39.60535812      41.64949036      43.33501053      44.63434982
      45.22201157      44.94282913      44.06188965      43.76612854      44.43423080      46.53929901      49.21678925      51.54130936      52.79946136      53.78218079      54.56119156      55.17607880      56.12017059      57.01153946      58.07178879      58.97584152      60.84599304      63.37299347      65.94689178      68.36557770
      70.98206329      73.76660919      75.78646088      77.21650696      78.44129944      79.91857910      81.83885956      84.08718872      85.84620667      86.44991302      86.79157257      87.25923157      87.43991089      86.71120555      83.88504791      80.92139842      77.68871485      74.21658656      70.15837097      65.18856812
      60.30232239      55.29095840      49.91732025      44.93667984      41.65628052      37.85313034      33.98894119      30.36447144      27.29988861      24.54235077      21.88846970      19.36739922      16.65934944      13.79525948      11.26748848       6.23388666       1.90105661       1.91847499       2.00347328       1.94529661
       1.78352499       1.60635662       1.47357670       1.75404326       1.79101833       1.78599167       1.77675502       1.76882172       1.77575827       1.77206993       1.76336670       1.75731341       1.75397507       1.75061496       1.74835841       1.74151166       1.72696336       1.73538001       1.75504335       1.76424503
       1.75640996       1.74695826       1.74538008       1.74585660       1.73578993       1.74653006       1.75114997       1.75622336       1.75709661       1.76129341       1.74873829       1.75211827       1.76573340       1.74609661       1.77139839       1.76392508       1.75903161       1.75682004       1.75990327       1.76597834
       1.78459326       1.77745835       1.75572507       1.71833007       1.69879500       1.68139998       1.66013161       1.64987501       1.64081160       1.62929328       1.61088339
       7.03952026       6.85457039       6.55945015       6.47309017       6.63605022       6.80889988       6.99998951       6.89599037       6.95254993       7.46837997       9.15550041      12.83760071      16.50637054      19.50056076      21.81114006      23.77109909      26.27356911      29.31203079      32.37633896      34.13750076
      34.62049866      34.21976089      33.37360001      32.39764023      31.70700836      32.52510834      33.99798965      35.19747162      36.31291962      37.26736069      38.23735046      38.87773895      38.44363022      37.31143951      37.21014023      39.48326111      42.06061935      43.79219055      45.25584030      46.25798035
      46.95272827      46.90956879      46.53844833      46.34920883      46.93540955      48.78435135      51.58897018      54.33554077      55.53919983      55.86188889      56.34991074      57.09535980      57.93965149      59.09633636      61.25662231      62.02616119      64.13620758      66.52748108      69.11203766      71.55758667
      74.15534973      76.65662384      78.61509705      80.34152222      81.97441864      83.27172089      84.92189789      87.47529602      89.36302185      90.08519745      90.61495972      91.23152924      91.36986160      88.46029154      85.46229172      82.30540848      78.90530014      75.18163300      70.46224976      65.11657715
      59.96556854      54.83518982      49.64825058      44.15106964      41.42081833      36.89736176      33.20182037      29.60995865      26.34049988      23.35928917      20.55760002      17.73963928      15.09501076      11.93556023       9.39970970       6.06196165       1.93102662       1.92037503       1.98804839       1.90630833
       1.72356002       1.49345160       1.65103165       1.76957671       1.78604841       1.78704341       1.78195667       1.77784506       1.76719840       1.76738834       1.76944494       1.75656160       1.75128174       1.74582831       1.73726829       1.74239000       1.72668171       1.72281663       1.74669838       1.76330662
       1.76232338       1.75193501       1.74447330       1.74112002       1.73687665       1.74424998       1.74918000       1.75913668       1.74951665       1.75519005       1.74872001       1.75023492       1.75178337       1.73544836       1.75307163       1.76949501       1.76022673       1.75191498       1.76278496       1.77567005
       1.78879166       1.79155000       1.76279497       1.73694833       1.71751833       1.69826174       1.68153667       1.66555007       1.65479660       1.65074174       1.64702495
       9.40174961       8.72424984       8.13440990       7.45314026       7.16489029       7.16786003       7.30241013       7.78565025       7.88829041       8.35054016      10.02787971      13.80143929      17.80438042      21.26256943      24.08929062      26.24739075      28.61862946      31.39979515      33.89211985      36.13943481
      36.58544922      35.85169983      34.77910995      33.92721176      33.66051102      34.23933029      35.45706177      36.63206863      37.87984085      39.08230972      40.23102951      41.29005051      41.34365845      39.94913864      39.33224106      41.38827896      44.04618835      45.99422073      47.09608841      48.04917908
      48.80186844      49.13275146      49.11436844      49.11236954      49.73073959      51.25614166      53.82415009      57.02920151      58.45967102      58.30606079      58.43500900      59.04316711      60.17894745      61.52633667      63.22261047      64.81974030      67.00113678      69.72371674      72.51860046      75.26812744
      77.85975647      80.04298401      82.08242798      84.05436707      85.60389709      86.74461365      88.45674133      90.98251343      92.45901438      93.10741043      93.74701106      94.37223790      93.22062225      90.23353221      87.00266774      83.63140335      79.93638178      75.99074351      70.61280823      64.94316101
      59.71251678      54.31774902      49.10998917      44.19499969      40.63623047      36.70138168      32.77767181      29.07410049      25.49677086      22.32500076      19.34211922      16.47513962      13.51678085      10.71893978       8.55261993       5.92120495       1.95006673       1.92433659       1.97068326       1.88016335
       1.66249832       1.51301829       1.74400838       1.76734829       1.76800172       1.77549505       1.78346666       1.77674166       1.77023665       1.75929991       1.76277494       1.75563161       1.75337839       1.74475002       1.73599164       1.73942661       1.72401667       1.70970837       1.74150340       1.75658003
       1.76127672       1.75287167       1.74015331       1.73513174       1.73778836       1.74408499       1.74131838       1.74577665       1.75445827       1.75002162       1.75248496       1.75141827       1.74758339       1.74096330       1.73985004       1.77346500       1.75662168       1.74060329       1.74833504       1.77681001
       1.80045668       1.79619996       1.77289502       1.75571171       1.73245827       1.71938006       1.70626831       1.70300325       1.69862827       1.68105666       1.65762663
      12.92296028      12.17094994      11.06600952       9.52297974       8.11866951       7.92166042       7.82304001       8.30010986       8.86118031       9.44758987      10.72620964      14.14677048      18.49256897      22.74114037      25.55239836      27.93412819      30.31589521      32.82185860      35.29851176      37.53072993
      38.24705124      37.34059143      36.29954910      35.63890839      35.47154999      36.06855011      37.03371048      38.14503098      39.45330048      40.81106186      42.03628159      43.34910965      43.94847870      42.51673126      41.59983063      43.15859985      45.81507874      47.73588181      48.70104980      49.60311890
      50.26797104      50.81996155      51.20756912      51.69918823      52.62958908      53.94760132      56.01779938      58.75373077      60.52722168      60.39222717      60.53418732      61.25681305      62.46295166      63.95092773      65.46904755      67.60404205      70.48419189      73.69346619      76.67385864      79.23578644
      81.63027191      83.92263794      85.85585785      87.47093964      88.60182190      89.91271210      91.76087189      94.06377462      94.75742620      95.37698364      96.05215937      96.64602483      95.25684458      91.87542775      88.46127319      84.77556814      80.77545191      76.77745031      70.96607971      64.98941803
      59.43920898      54.03596115      49.06081009      44.70993042      39.59920883      36.80001068      32.19831085      28.61008072      24.78474045      21.38701057      18.48156929      15.41391945      12.39262009       9.94536018       8.48462009       5.83367996       1.97032499       1.92326832       1.95771170       1.83344825
       1.55202341       1.62404331       1.76276827       1.75695674       1.75085672       1.76760674       1.78596338       1.77594328       1.76298173       1.75538667       1.75692002       1.75384506       1.75082159       1.74701834       1.73842827       1.73224672       1.72359498       1.71255000       1.73805841       1.75507164
       1.76319170       1.75021839       1.73220507       1.72992675       1.74232006       1.74751329       1.74331331       1.74967162       1.75363159       1.75637341       1.76363007       1.75520500       1.74967162       1.74598662       1.73596160       1.76400836       1.76217667       1.74058167       1.74230671       1.76659664
       1.79705826       1.79242833       1.77765004       1.76852163       1.75519339       1.75879494       1.75013336       1.72262828       1.69374498       1.66907167       1.65119839
      16.71884918      15.69186974      14.40122986      12.09198952       9.34780979       8.63848019       8.82369041       9.55169010      10.07843018      10.59961987      11.61544037      14.67280960      19.02387047      23.63924026      26.74073474      29.21389160      31.65564334      34.22069308      36.64850845      38.86304665
      39.64315033      38.77471924      37.83110809      37.24991989      37.29759979      37.83520126      38.77912140      39.83876038      41.15251923      42.46331024      43.80018997      45.10052109      45.76821136      44.84645844      43.84164047      44.91386032      47.45103073      49.23146820      50.34664917      51.08422089
      51.78509903      52.64632034      53.48683929      54.44208908      55.57315063      57.01358032      58.28445816      60.29062653      61.94107819      62.18559265      62.43270111      63.32785797      64.78607941      66.70648193      68.39633942      71.00652313      74.06803894      77.26405334      80.56040955      83.37515259
      85.63262177      87.96559143      89.66941833      90.68302155      91.74018097      93.26970673      95.28176117      96.57483114      97.15440343      97.71464157      98.31713003      98.60536626      97.02870967      93.42758001      89.74284871      85.79330622      81.68303528      77.23663330      71.31787109      65.15547180
      59.41497040      54.28947830      49.56016922      44.92449951      39.83488083      36.17161942      31.93611145      27.89807892      24.48880959      20.87128067      17.73355103      14.60548973      11.45037079       9.54839039       8.36559963       5.73647836       1.96462170       1.91822831       1.95192337       1.80821339
       1.51995834       1.70716000       1.75270669       1.75646671       1.76019669       1.75864506       1.78050168       1.77549330       1.75925493       1.75546503       1.75284497       1.75088501       1.74861828       1.74810505       1.74302832       1.73289172       1.72251161       1.70868174       1.73604997       1.75545994
       1.76412328       1.73853334       1.73181995       1.72651164       1.73838504       1.74749327       1.75102170       1.74587504       1.75019836       1.74984996       1.75191164       1.75541671       1.74703169       1.73530499       1.73683834       1.75591326       1.76353502       1.74373833       1.74570338       1.75769504
       1.78430335       1.78565995       1.77964830       1.79513327       1.79474831       1.76415841       1.73852841       1.71868499       1.69496504       1.68380006       1.66517671
      19.32527676      18.86946659      17.38892937      14.12532997      10.69365025       9.74242020      10.72459030      11.66938972      11.76366997      11.98954964      12.87237930      15.25419044      19.52795029      24.39579010      27.86016019      30.41656189      32.91641197      35.48303324      37.95127856      40.14719327
      40.81343079      40.12464905      39.27719116      38.92987823      39.32735062      40.17430878      41.08784103      41.98027039      43.03464890      44.23884964      45.60541916      46.78348160      47.45357132      46.90200043      46.05609894      46.89490891      49.08401108      50.66659164      51.75532913      52.63499832
      53.71181870      54.88628006      56.08995056      57.03380966      58.46963120      60.24807739      61.11206055      62.25940704      63.16945648      63.70066833      64.53430939      66.00788116      67.80204773      69.55979156      71.86917877      74.56539154      77.65431976      81.15326691      84.38494110      87.06983185
      89.08759308      91.23963165      92.90207672      93.76236725      95.16452026      97.23319244      98.64717890      99.10699310      99.55397975      99.97217941     100.20761693     100.16902186      98.28849360      94.74457016      90.91851298      86.79272105      82.64889450      77.74476624      71.35630798      65.52295685
      60.17857361      55.15008163      50.20392990      45.38574982      40.64812088      35.08023071      32.01766968      27.57854843      24.01409912      20.97150040      17.72093964      14.48978996      11.30200958       9.30498028       8.16005039       5.64275497       1.96359507       1.90956672       1.94571670       1.80256160
       1.53067493       1.72150167       1.75292667       1.75725826       1.76505661       1.76229159       1.76867326       1.77848498       1.76558669       1.75475661       1.74803336       1.74900007       1.74329329       1.74476337       1.74475670       1.74395672       1.73250167       1.71024005       1.72597504       1.75225496
       1.75512171       1.72789160       1.72816833       1.73449659       1.73477507       1.74505663       1.75163666       1.75107161       1.73869340       1.74725660       1.75061337       1.74857330       1.75003672       1.73893499       1.73760668       1.75834163       1.77607505       1.75564162       1.75276995       1.75637992
       1.78173002       1.78571494       1.77327840       1.77982664       1.79076672       1.76758337       1.74814828       1.72887007       1.70891666       1.69561338       1.68403498
      20.64401054      19.32788086      17.70291901      14.44754982      11.45421028      11.45219040      13.17033005      14.34618950      13.78475952      13.42239952      14.22723961      15.74461937      19.43676949      24.61973000      28.78241158      31.40273158      33.95724360      36.52393659      39.02284177      41.32857323
      41.72134018      41.35873032      40.90298080      40.87860870      41.53512192      42.68307114      43.71997070      44.41386032      45.26892090      46.52087021      47.69659042      48.86595917      49.57107925      48.90528870      48.48567963      49.11561966      50.76533890      52.33943176      53.73723984      55.11650085
      56.73315048      58.43531036      59.43553925      60.35108948      61.68900299      62.78791809      63.26200104      63.71498871      64.43374634      65.28253937      66.64920044      68.87816620      71.08831024      73.15445709      75.34156799      78.24603271      81.65373230      85.05052185      87.91078949      90.43083954
      92.39225769      94.32623291      95.53578186      96.83213043      99.12702942     101.05590439     101.36734009     101.62651571     101.88365936     102.04605611     101.95374298     101.60639826      99.51174164      95.82124837      92.18656540      88.12080638      83.78025691      78.63313293      72.01074982      65.70258331
      60.80931854      55.84915924      50.71004105      45.62844086      40.69433975      35.67961884      31.57588959      27.90711975      24.18354988      20.73978043      17.82444954      14.61841011      11.46048927       9.18136024       7.94219971       5.56778669       1.97295332       1.90963507       1.93955326       1.77441994
       1.52328666       1.72663673       1.73636993       1.75201829       1.76097171       1.76586008       1.76719840       1.77273003       1.76538340       1.76339165       1.75009998       1.74899832       1.75103505       1.74721003       1.74009498       1.74136003       1.73721329       1.72747008       1.72282330       1.74209992
       1.74052493       1.72386662       1.72879171       1.73023494       1.73111661       1.73850171       1.74740998       1.75392326       1.73649168       1.75056330       1.75404835       1.75843000       1.74929508       1.74088160       1.74468835       1.75538667       1.77627659       1.77238496       1.76566998       1.77022664
       1.77274497       1.77252674       1.77344004       1.77828836       1.78200165       1.75808827       1.74991671       1.73786672       1.71722492       1.70230007       1.69956001
      18.95960999      17.54995918      15.64267921      13.60367012      12.79208946      13.75927925      16.12459946      17.31896019      16.49876976      15.43856049      15.47970963      16.60700989      18.92539024      23.04877090      27.35747147      30.37042999      33.31782913      36.55516052      39.55966187      41.67686844
      42.59477997      42.70592117      42.61671829      42.79254913      43.39886093      44.60023117      45.93677139      46.96250153      47.98738861      49.08958817      50.26607132      51.45175934      52.05559921      51.61338043      51.00350952      51.46928024      52.85530853      54.63484192      56.31734848      58.25815201
      60.65862274      62.47791290      63.56562805      64.12246704      65.08341217      65.29342651      65.27586365      65.64853668      66.41287994      67.63571930      69.55106354      72.35864258      74.91696167      77.15048981      78.98123932      81.75891876      85.19036102      88.31700897      91.02046204      93.37435913
      95.14644623      97.00475311      98.30558777     100.39830017     102.81488800     103.85800476     104.01048635     104.02919286     103.96849136     103.72731527     103.33833491     102.81206233     100.59711634      96.82613653      93.23110708      89.46555303      84.95007273      80.14035034      73.28176880      67.23002625
      61.82721710      56.49816895      51.27027893      46.26195145      41.28739929      36.49539185      31.77656937      28.32176208      24.66078949      21.20148087      18.00283051      14.66778946      11.76217079       9.29971981       8.04932976       5.48519999       1.99417830       1.91373666       1.93936666       1.75192006
       1.52581501       1.73812326       1.74211661       1.74680996       1.75611162       1.76615826       1.75959667       1.77520498       1.77254661       1.76638174       1.75434669       1.74339167       1.74185673       1.74415159       1.74132506       1.73488506       1.74033833       1.73142497       1.72422504       1.74072329
       1.73027007       1.72265498       1.72594674       1.72734499       1.72732830       1.73798498       1.74183162       1.75287835       1.75751162       1.75817839       1.76656008       1.77999338       1.75524839       1.74345001       1.75143496       1.76383829       1.75646830       1.77562173       1.75977834       1.76064332
       1.76318995       1.77119827       1.77916002       1.78087664       1.77643172       1.75876665       1.74786170       1.73465331       1.70853170       1.70682494       1.71907330
      19.01469994      17.74995041      16.54128075      15.42441940      15.25897980      16.06069946      18.58083916      20.37924004      19.70574951      18.23827934      17.25370979      17.60975075      18.83366966      21.01921082      24.17749023      27.28036880      30.69255829      34.61481857      38.66992950      41.69451904
      43.90053177      44.55002975      44.65113068      44.82371902      45.42525864      46.41104889      47.73371887      49.08512878      50.28726959      51.61885834      53.08808136      54.19686127      54.81188965      54.51087952      53.95557022      54.05002975      55.23672867      57.07141113      59.37738037      62.21649170
      64.67433929      66.61102295      67.07118988      67.30818939      67.55954742      67.72071838      67.91811371      68.49317169      69.43656158      70.86155701      73.04579926      76.21681976      78.77141571      80.58099365      82.28343201      84.98487091      88.25849915      91.11166382      94.15355682      96.31739807
      98.07643127      99.91236877     101.34007263     103.50636292     105.79418945     106.51296717     106.51544393     106.28390554     105.79249598     105.16769791     103.72162628     101.26194000      98.98374176      97.15483856      94.25182724      90.49040680      85.99961497      80.97718811      74.61113739      68.58969879
      63.03188324      57.43669128      52.12435150      47.13071823      42.30105972      37.61162949      33.24866867      28.52598953      25.59281921      22.07674980      18.60688019      15.24258995      12.13628006       9.79214001       8.52910042       5.40019827       1.99160163       1.91836500       1.94656674       1.70245504
       1.53801664       1.75659498       1.74493329       1.74640004       1.75760333       1.76417828       1.75610669       1.75965675       1.76557159       1.75612338       1.75393836       1.74774329       1.73875666       1.73587338       1.74303166       1.74228668       1.74242830       1.73275836       1.71864494       1.72799333
       1.71555662       1.71453174       1.72014332       1.72607327       1.72647826       1.72906001       1.73684502       1.75778500       1.76483170       1.76434167       1.76921002       1.77707497       1.77326504       1.77654171       1.75892337       1.74623839       1.74097331       1.76156505       1.78886000       1.76607005
       1.76485332       1.77272828       1.78373496       1.78323666       1.77642997       1.77389495       1.75516335       1.73376830       1.71370840       1.71600660       1.73019171
      20.99238014      20.89855957      19.82832909      18.59270096      18.07958984      18.82263947      21.26889038      23.47443008      23.40126991      21.80060005      20.15694046      19.49139977      19.86190987      21.02795029      22.66840935      25.17439079      28.82759094      33.51160049      38.16526031      41.76794815
      44.98770905      46.58856201      47.13549042      47.61988831      48.06890869      48.78031158      49.76797867      51.02627182      52.34349060      53.98217010      55.62144852      56.69274139      57.46939087      57.54064178      56.94905090      56.83335876      57.67856979      59.62760925      62.74063873      66.05258942
      68.62030792      69.84664917      70.35839081      70.65058136      70.63027954      70.53002930      70.82950592      71.69383240      72.76693726      74.33470154      76.96333313      80.11087799      82.53254700      84.11663818      85.88266754      88.21101379      91.11637115      94.14257812      97.36646271      99.57041931
     101.63326263     103.44380188     104.74474335     106.27084351     108.16311646     108.20908330     108.07793121     107.57926356     106.69303157     104.52671051     101.47586060      99.30464935      97.76985931      97.01351929      94.76964442      91.09244359      86.62317556      82.10877965      76.29802704      69.97712708
      64.36515045      58.53828049      53.34659958      48.38307953      43.38864136      38.74776077      34.58414841      30.51906967      25.82258034      23.10751915      19.39839935      16.17678070      13.16510010      11.00925064       9.17883968       5.67966169       1.99843327       1.92833328       1.95549838       1.65359672
       1.51997662       1.75665665       1.74257835       1.74182494       1.74628671       1.75933838       1.75720994       1.75514666       1.75532166       1.74882507       1.75175826       1.75017993       1.74739504       1.73928006       1.74504503       1.74014505       1.74034659       1.73375495       1.72243166       1.72219499
       1.70543337       1.71234671       1.71896331       1.72586997       1.72150008       1.72802003       1.74134000       1.75694338       1.76063506       1.76929506       1.78111664       1.76917505       1.74371338       1.73434162       1.73323838       1.73639329       1.74774837       1.74757830       1.77695831       1.77533992
       1.77677997       1.77918673       1.79100339       1.78587834       1.77711169       1.77502998       1.76251841       1.74430005       1.72033008       1.70696672       1.72875341
      23.92431068      24.29468918      23.58571053      22.65299988      21.47580910      21.86029053      24.36277962      26.96545029      27.63108063      26.24828911      24.45087051      23.07752037      22.31040955      22.51943970      23.62899971      25.07386971      27.91651154      32.44400024      37.13425064      41.50148010
      45.34115982      47.93645859      49.42913055      50.39154816      51.16870117      51.95827866      52.59363174      53.26424026      54.31148911      56.13024139      57.95212173      59.24284363      60.35400391      60.71089935      60.56009674      60.35944366      60.82083893      62.48075867      65.79679108      69.12583923
      70.96507263      72.17017365      73.03717041      73.63197327      73.44885254      73.46437836      74.00431061      74.98227692      76.30034637      78.16951752      80.72702789      83.73159027      86.06762695      87.98052979      89.67189026      91.76513672      94.40872192      97.38983154     100.55930328     102.75981903
     104.77644348     106.12393951     107.22125244     108.81419373     109.20192210     108.90487340     108.46368637     107.65471166     106.58362020     103.01043701     100.00282288      98.65979004      97.98690796      97.20932770      94.72043228      91.23708191      87.04815369      82.68371124      78.29118118      72.17089081
      66.12484741      60.35420990      54.90821075      49.87878036      44.84053040      40.52722931      36.42082977      32.00893021      27.58742905      23.16787910      20.63067055      17.59836960      14.41856003      12.32308960       9.45656013       6.40574007       2.32598171       1.93958171       1.95565669       1.61728160
       1.55257003       1.74928665       1.76665497       1.73597336       1.73954328       1.75227165       1.75534169       1.74822172       1.74740330       1.74725835       1.75086164       1.75147994       1.74986839       1.73876333       1.73323663       1.73628330       1.72989162       1.72714504       1.73151000       1.72595326
       1.70257998       1.71066332       1.71469339       1.72034502       1.71760337       1.72645839       1.74371338       1.76163165       1.77393341       1.76268339       1.73562161       1.73457003       1.73590994       1.73130337       1.72824001       1.72258997       1.73368168       1.74053335       1.75904163       1.77527173
       1.78485505       1.78328005       1.78509998       1.78096326       1.77723169       1.76559162       1.76807006       1.74496174       1.71906996       1.71188672       1.72446839
      27.08926010      27.45851898      27.43526840      26.96438980      25.50148010      25.07670975      27.85306931      30.47999954      31.69654083      31.21812820      29.55335999      28.09143066      26.74663925      25.84939003      25.72381973      26.45904922      27.89286041      31.27486038      35.79114914      40.66920090
      45.32312012      48.89812851      51.17314911      52.66252899      53.80113983      54.83385086      55.58747864      56.11457825      56.93984985      58.29077911      59.81921387      61.35028076      62.76471710      63.82348633      64.29579926      64.35910797      64.48870087      65.77171326      68.46675110      71.05242157
      72.51940918      73.70178223      75.01058960      75.79808044      75.92350006      76.44207001      77.26360321      78.61504364      80.23519135      82.09676361      84.42549133      87.28795624      89.95848846      91.94146729      93.57180786      95.67125702      98.40145874     100.76149750     103.07241821     105.33167267
     107.20101166     107.90384674     108.86406708     110.40470123     109.90008036     109.33374023     108.57959112     107.53898366     104.85314178     101.68109894      99.72110748      98.92378235      98.23724365      97.31062317      94.65250778      91.34391530      87.60748545      83.36828868      79.01039886      74.57916260
      68.73497009      62.83354187      57.02698898      51.88628006      46.97269821      42.11420059      37.51319122      33.33275986      29.17927933      25.21714020      20.80795097      18.22554016      15.65455055      13.71677017      10.29356003       7.14798339       2.92831834       1.94986995       1.94777330       1.61718496
       1.52847830       1.74375661       1.76900673       1.73425166       1.73447673       1.74321667       1.75081333       1.74522670       1.75104173       1.74938170       1.74233659       1.74394004       1.74330505       1.73873329       1.72641659       1.72618326       1.72685496       1.72729333       1.73206663       1.73599339
       1.69532172       1.70094665       1.70632505       1.71820005       1.73187828       1.74167506       1.75221173       1.73600165       1.72620837       1.72541332       1.72397995       1.73049164       1.74126498       1.72956340       1.72561169       1.72486496       1.73528496       1.74080674       1.74411170       1.76603667
       1.77748330       1.77890666       1.77647670       1.77597173       1.77177334       1.75504001       1.76084836       1.73818159       1.71668832       1.72140837       1.71360334
