       7.79727538       7.82838345       7.86535819       7.89090872       7.86590815       7.75682529       7.58235852       7.21263329       7.29074160       7.57110834       7.93349187       8.32383315       8.45865806       8.50125869       8.47775857       8.51440032       8.71720870       8.87502511       9.02309974       9.16926702
       8.39874188       6.65724993       7.84016689       8.52514187       8.49694173       8.54713360       8.68351698       8.75878334       8.75731627       8.74656677       8.77323310       8.78182491       8.80511681       8.87412469       8.92660856       8.90744130       8.90357494       8.93091679       8.92459154       8.95554145
       8.96292528       8.94725800       8.92506679       8.93370867       8.92064174       8.92189980       8.94041697       8.95751635       8.94567490       8.92526627       8.90636683       8.92499129       8.95076672       8.97351662       9.01039124       9.03323332       9.03671662       9.03775851       9.06783342       9.11801656
       9.16637500       9.15930827       9.13797537       9.14560795       9.11844174       9.05692498       9.03366645       9.01546637       8.99859190       9.00640011       9.03453350       9.02375857       9.06659126       9.11758343       9.15132523       9.19040839       9.29883321       9.07330036       9.04344161       9.10603364
       9.13540840       9.14389133       9.18608348       9.25603310       9.09684181       9.10269181       9.36664979       9.40364202       9.32478348       9.13366636       9.04855808       8.88629993       8.81957531       8.84295861       8.90153329       8.91952515       8.70203336       8.68998369       8.61884991       8.57664982
       8.64822467       8.59415849       8.61131668       8.57654174       8.58688354       8.56796662       8.54010820       8.50543340       8.50077470       8.35192521       8.28034163       8.30478350       8.30984195       8.29906702       8.32121690       8.37332487       8.17797502       8.94272486       9.22445854       8.44609181
       9.39249198       9.12525813       8.32488298       8.35611661       8.27139139       8.27123324       8.24317535       8.22072506       8.19824139       8.19037517       8.13375870       8.15300862       8.15519969       8.18698327       8.15713326       8.17921638       8.18914970       8.52351665       8.06416670       7.97695001
       7.95540810       7.91198333       7.91247527       8.05725018       8.08710814       8.05210829       8.04505030       8.02668333       7.96264966       7.92673349       7.91019201
       7.81754971       7.80016661       7.81964143       7.84901698       7.81803370       7.71246672       7.64691671       7.59237528       7.34983365       7.27699995       7.80455033       8.15370798       8.39744171       8.48554134       8.54214191       8.51733367       8.62829129       8.80165021       8.93014193       9.07800039
       9.10602490       7.44046688       7.03433355       8.37659995       8.50174983       8.47721656       8.60538324       8.69491657       8.73348316       8.75334978       8.76762470       8.80068302       8.83167505       8.86140029       8.88716698       8.90724182       8.89813344       8.87302478       8.87756666       8.93267473
       8.94330025       8.92635028       8.91994158       8.93132528       8.92984152       8.94321680       8.94380808       8.92742475       8.89650027       8.89718294       8.93553336       8.95961682       8.94322475       8.93699964       8.94119978       8.94846678       8.97865852       9.02979136       9.07201687       9.11149979
       9.10539150       9.11559979       9.15019989       9.13435857       9.08282518       9.03585831       9.01515802       9.01802460       9.04665867       9.06594197       9.00850852       9.02200858       9.14288362       9.22773361       9.23132499       9.09096638       9.15780862       9.26718314       9.07836676       9.08920844
       9.08799171       9.10636663       9.14957523       9.04772520       9.09866651       9.14548318       9.29012458       9.30284182       9.16918357       9.12345807       8.93229961       8.90904983       8.79114151       8.76470804       8.78746668       8.81769180       8.77242486       8.63630851       8.61483335       8.56738329
       8.53312492       8.57822498       8.69045814       8.61948331       8.55202516       8.59573364       8.58609200       8.48805030       8.41824134       8.40874195       8.27519178       8.28393300       8.28875860       8.34353367       8.32147519       8.15268358       8.80111694       9.21772480       9.00084972       8.77894163
       9.54520861       8.75103315       8.29183340       8.26301654       8.22040796       8.23262533       8.22640816       8.21369966       8.13542525       8.12910795       8.16064199       8.07573318       8.06428353       8.16338301       8.14230045       8.09115807       8.12414169       8.25666666       8.11280012       8.15450827
       8.02153349       7.90236712       7.92448362       7.93895801       8.07275852       8.06026697       8.02750826       8.02774986       7.95058330       7.93116649       7.90014187
       7.81599998       7.82459974       7.82503366       7.78482517       7.70338297       7.59784142       7.56277482       7.58772532       7.59490808       7.37384160       7.29523341       7.94078350       8.26848348       8.41915846       8.49764983       8.47381671       8.50024144       8.70415847       8.83519967       8.98019155
       9.14155006       8.64269972       6.59789165       7.85364151       8.62970034       8.47224156       8.51847490       8.60746702       8.71104161       8.78485839       8.77683322       8.78604968       8.80097469       8.83079131       8.89533361       8.88451656       8.84507497       8.83215825       8.88485034       8.91139984
       8.90333335       8.91287486       8.92220815       8.93429995       8.94269149       8.90923341       8.89400005       8.89444987       8.88765812       8.90830835       8.93855015       8.93026670       8.90419960       8.87862523       8.88610840       8.91605854       8.96320820       9.00147518       9.03745810       9.05039152
       9.06715870       9.10847505       9.11955039       9.07745838       9.04665867       9.04351632       9.03735002       9.04842536       9.03779189       8.98852507       9.00434971       9.13501660       9.16738351       9.15101687       9.06138341       9.13305839       8.99220864       9.11923329       9.26844199       9.14383332
       9.10742521       9.19139147       9.11021630       9.31908369       9.30810849       9.23764149       9.31200027       9.29174185       9.13066626       9.00397539       8.84519974       8.81654978       8.80964994       8.76321634       8.73328368       8.73578310       8.73075008       8.81199996       8.58082533       8.57334137
       8.63157511       8.73924176       8.65262508       8.53940805       8.53260040       8.53757461       8.59741688       8.52228324       8.43524138       8.41787497       8.29034170       8.28059991       8.30686649       8.32337538       8.15993309       8.70470842       9.21444178       9.20500835       8.40075811       9.71568346
       9.29715792       8.33506664       8.33233356       8.17716678       8.19309155       8.20154985       8.17213297       8.13011646       8.11902523       8.11060826       8.09788307       7.97011693       7.96398322       8.09824149       8.12410831       8.05416663       8.06775808       8.04543336       8.02690824       8.10259183
       8.08594147       8.00397476       7.87420034       7.87515799       7.99525023       8.06036631       8.06936661       8.00330798       7.93582519       7.92138338       7.86574205
       7.79331684       7.79942513       7.81137466       7.75309960       7.61630853       7.52675851       7.50966628       7.52087514       7.51524131       7.58888324       7.31039206       7.64847517       8.09291681       8.29334974       8.43951702       8.47829978       8.43909184       8.57835849       8.73766661       8.85845025
       9.01844978       9.12784179       7.63722499       6.93079154       8.28180869       8.52844159       8.49931637       8.55552514       8.68711631       8.75365814       8.74174198       8.75372489       8.77131701       8.78959974       8.77499183       8.78060023       8.82313331       8.85860840       8.88526678       8.86979183
       8.89797529       8.92719984       8.91029199       8.92325799       8.91003370       8.87700796       8.87190819       8.88354143       8.90555859       8.90799999       8.87979190       8.86950811       8.86671623       8.84649992       8.87472471       8.92094135       8.94801696       8.98297469       9.00816679       9.01427507
       9.02402480       9.04941638       9.05306657       9.03500001       9.03100014       9.06720002       9.09003337       9.07146692       8.99346670       8.98978313       9.15425857       9.13415829       9.08902486       8.96267494       8.99042527       9.12180026       9.08193350       8.98018360       9.09684181       9.28605874
       9.20765003       9.33058341       9.20994997       9.33463335       9.35908318       9.32246685       9.18019136       9.08619165       9.04537519       8.91660849       8.87176673       8.83212487       8.82060846       8.83334160       8.77757470       8.74450843       8.74527534       8.74928315       8.72009198       8.59580040
       8.78192504       8.67619991       8.59819969       8.54191701       8.52962494       8.59322468       8.59189192       8.56317520       8.45865806       8.38463306       8.28822533       8.21997484       8.25086673       8.19519202       8.68457476       9.23719168       9.25674995       8.69544983       8.90559991       9.55903371
       8.93594980       8.19358349       8.28036626       8.23170026       8.22380861       8.19841703       8.15353314       8.10432514       8.08855851       8.10627460       8.03390026       8.08802525       7.94945002       8.01877499       8.05564165       7.97428370       7.96583335       7.97981660       8.00740798       8.01745017
       8.09829156       8.02041690       7.92652527       7.90108363       7.87631671       8.04174185       8.06527456       8.00559998       7.93708324       7.89891640       7.80084133
       7.83108314       7.81213363       7.80636628       7.79122512       7.70424128       7.56864150       7.47331699       7.43746678       7.43595839       7.50499169       7.61228323       7.27113326       7.94341644       8.15608342       8.35116704       8.44945033       8.47597520       8.48428329       8.59694163       8.75514189
       8.90511672       9.06316678       8.79805009       6.91099167       7.36957471       8.40417544       8.51325830       8.54086637       8.62467527       8.69035800       8.71874173       8.74069134       8.76686653       8.73355865       8.73183330       8.77674182       8.82199128       8.83901676       8.84505033       8.87599150
       8.91692479       8.89575005       8.87214184       8.88207515       8.86683305       8.86909167       8.87297471       8.87984196       8.87144168       8.87734175       8.85245800       8.84960810       8.82326682       8.82315000       8.86241674       8.90355031       8.91598304       8.94855022       8.97582531       8.97093296
       8.96275838       8.98756663       9.00537491       9.02519147       9.05550798       9.09506639       9.08056657       9.05101697       9.01135842       9.15143331       9.11112467       9.07595793       8.99039189       8.93110832       9.04509147       9.08297539       9.06006654       9.06455040       8.98503304       9.08910036
       9.27153349       9.30572510       9.44395860       9.25594171       9.31718349       9.32003339       9.06644185       9.01562532       8.96992524       8.90084982       8.83710861       8.83850813       8.82834196       8.78008366       8.84897470       8.82913351       8.84973367       8.67185831       8.62739166       8.77394199
       8.59139999       8.53124142       8.57623339       8.59355847       8.57106686       8.58212471       8.70413303       8.68389130       8.51554155       8.40079149       8.34909995       8.27954133       8.11146657       8.59915018       9.27128315       9.30432479       8.85629177       8.26024135       9.52893337       9.37677463
       8.41953357       8.25619141       8.23518356       8.20137501       8.17851702       8.25428327       8.18530003       8.11862469       8.15344175       8.09930007       8.07491700       8.07676633       8.12103351       7.98294147       8.00775846       7.97149181       7.94945796       7.99017509       8.02142541       8.03825855
       8.04669142       8.01904996       8.05510839       7.97278325       7.91502476       7.95944134       8.06959152       8.01390012       7.87480831       7.81611681       8.00045013
       7.89620002       7.87065824       7.85514990       7.84504175       7.82336632       7.75727510       7.67944177       7.59809176       7.50956694       7.49504169       7.57382472       7.32183297       7.86988338       8.08826685       8.28519980       8.41276646       8.50468318       8.50643317       8.50709995       8.63582532
       8.79760027       8.96701654       9.07785018       8.26922496       6.72183355       7.86514997       8.63624970       8.57778311       8.61320813       8.67865801       8.71612469       8.74823332       8.71978362       8.73877525       8.73749177       8.74636650       8.79450003       8.82047494       8.85279973       8.87740850
       8.84784142       8.84677490       8.84574175       8.83545001       8.82707516       8.84213368       8.86740843       8.85182460       8.82740021       8.84321690       8.85561705       8.83404970       8.80067507       8.80438328       8.84332498       8.85681629       8.88267517       8.89093320       8.89399131       8.89435848
       8.93217484       8.94040028       8.96265030       9.00140842       9.08674161       9.09949144       9.06584978       9.07979170       9.16708310       9.07720804       9.03855006       9.00199970       9.00797526       9.00395870       9.01653369       9.00091648       9.01771704       9.00973320       9.03740009       8.98435831
       9.06898340       9.28122520       9.19631640       9.18588320       9.29746707       9.13292487       8.95982504       8.95976702       8.92401695       8.82623355       8.84154161       8.91409159       8.84679159       8.91761700       9.02746677       9.04389143       8.82227500       8.68552526       8.78584146       8.63187472
       8.57934157       8.55649153       8.51725817       8.56684208       8.54194164       8.63884131       8.58270009       9.04446681       8.53003343       8.46770843       8.36760839       8.21771701       8.52005800       9.29610809       9.34777498       8.86887471       8.51250807       8.70040019       9.56244151       9.17605003
       8.42812459       8.26460838       8.26352517       8.18044980       8.12401692       8.12204997       8.18885803       8.22210868       8.14016660       8.03809166       8.09200843       8.10242494       8.18164984       7.96216647       8.04283301       8.01810821       7.98094193       7.99865802       7.98954964       8.07093302
       8.20214987       8.03855022       8.06184133       7.95435826       7.87634134       7.90544987       7.94224977       7.85325845       8.05255016       8.13844204       8.00242503
       7.92852481       7.93051640       7.93756644       7.94455846       7.93135007       7.89554993       7.84288327       7.77447542       7.67908335       7.52816677       7.34851678       7.36545801       7.89645036       8.03456704       8.18357468       8.36227496       8.48038356       8.53425026       8.48380804       8.55797529
       8.69739135       8.82391691       8.95839135       8.98120801       7.49679168       7.06134160       8.28201691       8.67678324       8.66334200       8.67064158       8.70486657       8.72615019       8.73270035       8.74385834       8.73633305       8.74160846       8.78120025       8.80841653       8.83816640       8.83542538
       8.84061654       8.81441673       8.79462481       8.78079176       8.80674203       8.81363312       8.82266680       8.83034150       8.82837534       8.83534193       8.80959193       8.82599195       8.82053296       8.80364974       8.79741669       8.82715861       8.85570844       8.83660793       8.84471655       8.87507518
       8.87940009       8.89213324       8.93627485       9.00594155       9.06145811       9.07537460       9.16394154       9.20500835       9.12674983       9.03517485       8.99044991       8.99432500       9.01617527       8.98775021       9.01390870       8.99135828       8.93590848       8.94709190       9.00561651       9.06227509
       8.98117463       9.05926625       9.29570834       9.21768347       9.18588320       9.07226642       8.98789167       8.95593325       8.88881683       8.85615826       9.01725849       9.00784969       8.98314158       9.06539202       9.06679153       9.09885009       8.87914975       8.74166648       8.66901636       8.61549139
       8.58987490       8.60179981       8.51661682       8.50330035       8.55018298       8.51719141       8.51449172       8.52924983       8.91918341       8.60134204       8.33269199       8.51135810       9.33329185       9.39835866       8.91097466       8.66094192       8.25982491       9.94112492       9.66028372       8.70922486
       8.37121646       8.22518349       8.22215875       8.16711664       8.14602534       8.10333331       8.10565869       8.10198307       8.12715848       8.05971702       8.07859182       8.12141657       8.11094999       8.10596704       8.01889976       8.02191655       7.99359163       7.95393308       7.99529155       8.05052519
       8.06962490       8.07281653       8.02515030       7.91822513       7.82852491       7.88343350       8.16291650       8.14659993       8.01490863       7.95408328       7.90481647
       7.91460832       7.91349967       7.92547464       7.93397506       7.92520841       7.93315013       7.92353312       7.87193298       7.80447483       7.69435008       7.40599155       7.24790017       7.86428293       7.98504988       8.15279166       8.33706697       8.43295018       8.51116657       8.50813309       8.51582527
       8.59970808       8.66988341       8.73951674       8.85877530       8.64976645       6.72084967       7.29417483       8.56130838       8.65228335       8.56987476       8.59752496       8.70150010       8.74168317       8.73260816       8.74467532       8.75284990       8.75635862       8.77564192       8.82190863       8.86585792
       8.85610024       8.77866666       8.75875870       8.78386656       8.79670858       8.77662500       8.78880024       8.81718318       8.83561691       8.79230022       8.78506660       8.82120848       8.83285840       8.78611644       8.76956701       8.79352490       8.78852526       8.81030003       8.83236647       8.83458296
       8.83047501       8.88460875       8.95083348       8.97257487       9.01425838       9.20783361       9.23789183       9.16319132       9.06687498       9.03214137       9.00640011       9.02441661       9.02992487       8.99126689       8.97528330       8.93194199       8.91102473       8.94730012       8.98291667       9.02900855
       9.07070796       8.98496707       9.05526638       9.29866632       9.22636668       9.18965022       9.04479186       9.00717497       8.98333311       8.96536668       9.05994177       9.06024138       9.05861696       9.07174190       9.19660807       8.98520867       8.96022479       8.89654160       8.86532466       8.65582466
       8.64488363       8.64349206       8.64881674       8.57934157       8.53552500       8.52488359       8.50428343       8.50979169       8.60449155       8.73118321       8.35766633       9.33696667       9.44556634       9.03137525       8.83359194       8.35615873       9.26162481       9.99641657       9.30644989       8.27273369
       8.22684129       8.16026688       8.19047530       8.24899991       8.09763352       8.10679197       8.10336669       8.14382474       8.09385856       8.10355028       8.16501697       8.08517536       8.12315861       8.17090034       8.03593318       8.00585032       7.91200797       7.92214155       7.99186707       8.03142468
       8.00705830       8.00280015       7.98898300       7.90099144       8.10194969       8.14105829       7.99277465       7.90165822       7.84771681       7.85761674       7.80989965
       7.93876648       7.91364193       7.92775869       7.94237534       7.94930855       7.92962472       7.93002526       7.98448324       7.94947465       7.79078325       7.52191703       7.21714179       7.94632514       8.05540800       8.19764137       8.35704168       8.46888304       8.53177468       8.56756687       8.56568336
       8.55402470       8.56216669       8.61190001       8.68074179       8.81772518       8.11974208       6.33554180       7.65539964       8.72210026       8.62726688       8.62085819       8.66939147       8.70631695       8.72373343       8.69155804       8.67829164       8.73780012       8.78734191       8.81995837       8.85770798
       8.83633296       8.79714171       8.80239964       8.81239971       8.79724979       8.78439983       8.78088315       8.81153345       8.81459157       8.80566676       8.81788333       8.79982471       8.80101681       8.77752463       8.76897494       8.73945872       8.73911699       8.77568324       8.80773306       8.82760843
       8.85937532       8.90809139       8.89935811       8.93753370       9.15942510       9.23928340       9.15782531       9.10062472       9.08171654       9.01869138       9.01099126       9.02198315       9.02286688       8.92243306       8.89709155       8.93377463       8.94617478       8.93337488       8.95855029       9.00755803
       8.99235805       9.02753353       9.04973348       9.14482514       9.26973343       9.21583335       9.10775026       9.05482531       9.23500856       8.98683310       9.05150811       9.10708348       8.94332488       8.79424175       9.02800798       9.05531645       8.89335871       8.93790801       8.83108298       8.75493368
       8.66753340       8.68442535       8.69279146       8.57715845       8.56391668       8.61657461       8.60751629       8.60620817       8.67999156       8.43780041       9.30505037       9.49923356       9.15854136       8.68710836       8.70029132       8.71627490       9.92894173       9.76144155       9.07018344       8.07986657
       8.21925004       8.19890817       8.23578358       8.45769167       8.13852469       8.16146692       8.14576626       8.12576691       8.13495795       8.14972480       8.13864152       8.08020035       8.10641686       8.09818347       8.09290012       8.05260022       8.02185853       7.93240865       7.94320822       8.00849199
       7.96667496       8.02472512       8.25618347       8.14380805       7.95093298       7.87014961       7.81990846       7.76432514       7.72672494       7.80811628       7.78590838
       7.94260820       7.90712516       7.92890867       7.97655026       8.00377528       7.99397469       7.95661688       7.89461692       7.82923301       7.82869180       7.44628350       7.18041658       7.88116693       8.04968357       8.15463305       8.16876650       8.21840843       8.04543336       8.44945828       8.66680861
       8.66618315       8.62974167       8.63394976       8.62563372       8.65149975       8.90641689       7.47658332       6.54502511       8.52199157       8.74065876       8.71007522       8.69144996       8.71087472       8.68259986       8.65582466       8.69343360       8.77399127       8.76665036       8.73979171       8.78123363
       8.84004990       8.86383295       8.86090040       8.83219163       8.79197518       8.76454989       8.79866680       8.80004168       8.81561677       8.86378368       8.77653360       8.75167529       8.77853314       8.78099998       8.76799981       8.72815847       8.73328368       8.74885798       8.79796664       8.86978308
       8.87862523       8.87078365       8.92155011       9.17137464       9.17634964       9.10705805       9.09265836       9.06757514       9.06972488       9.05067523       9.01700815       9.00526683       8.97340854       8.86385838       8.87535016       8.92857472       8.93535852       8.95114183       8.95899137       8.97642533
       8.94313335       8.96075805       9.02119160       9.02544181       9.15371656       9.21877464       9.16080793       9.09413338       9.43264167       9.08990860       8.93728336       8.91215007       8.85113319       8.79139185       8.81243308       9.26357508       9.35316642       9.06398296       8.97994200       8.87787501
       8.73768330       8.67768367       8.61551682       8.61413320       8.58880838       8.61838341       8.61318350       8.73691638       8.43192498       9.25304174       9.56204971       9.25013304       8.89873346       8.80044142       8.47036680      10.08532524      10.29930035       9.63694970       8.52532466       8.03920825
       8.05696646       8.11278343       8.16735824       8.19057465       8.20555846       8.15020005       8.15049171       8.16907485       8.15855821       8.08391651       8.05759986       8.04225842       8.00130844       8.09747537       8.10607513       8.05082480       8.01680803       8.02654982       7.98499187       8.04116646
       8.24225823       8.23445797       8.03752502       7.93830872       7.86924998       7.76870012       7.61360010       7.50145038       7.50738303       7.66455809       7.77644157
       7.92243322       7.86635002       7.89697488       7.95795838       7.99453338       7.99050013       7.94260820       7.87909190       7.75835832       7.66875029       7.61821667       7.42130836       7.57089138       8.08475018       7.86589146       7.15606689       7.27658351       7.60440826       8.30835819       8.65947485
       8.62742503       8.59829187       8.59357516       8.61744165       8.73663346       8.96988312       8.49879980       6.71702464       7.60507504       8.64329974       8.73569171       8.74751647       8.76631657       8.72855822       8.71790806       8.75867526       8.77819141       8.75851631       8.73208364       8.77726634
       8.84485006       8.89932474       8.87465795       8.82034143       8.77064149       8.79381657       8.81528298       8.81542524       8.85836681       8.85780017       8.80063375       8.75646671       8.77329985       8.77279202       8.72639974       8.70345036       8.72857491       8.74689182       8.81070852       8.81666660
       8.81569147       8.89979998       9.10966635       9.12148317       9.07632510       9.05790806       9.03264205       9.05932506       9.07901684       9.09412464       9.03297504       8.96951675       8.88531685       8.86098305       8.93977483       8.98387512       8.99816672       8.98652474       9.01228348       8.95414988
       8.93011649       8.99019162       8.96938324       8.85578314       8.93393358       9.03933366       9.18500821       9.16085005       9.19582526       8.93599192       8.92700831       8.97947470       9.04040019       8.89674981       8.94096692       9.39991713       9.63023345       9.15958325       9.04435873       8.97230864
       8.90449127       8.74373357       8.69114161       8.62297535       8.57293367       8.64475012       8.71865829       8.52344195       9.11719163       9.62116639       9.35587486       8.86625846       9.06440814       8.49852482       9.30802504      10.18874963      10.39193312       9.33630864       8.15080802       8.15665007
       8.05015008       7.98590819       8.09088310       8.12233369       8.10352484       8.08152517       8.05894136       8.06419134       8.01271677       8.01516692       8.00257524       8.02724202       7.98135042       8.05829128       8.06843360       8.08179140       7.98317512       8.05390835       8.23514144       8.20528348
       8.12161684       8.00614993       7.95913299       7.91824182       7.77875821       7.55555868       7.34531641       7.18123357       7.26969163       7.40734975       7.57719199
       7.94049184       7.90837526       7.91499138       7.95474132       7.99261649       7.99175024       7.93963353       7.85275857       7.72566636       7.58667469       7.56230036       7.58472522       7.45105028       7.39240805       7.55729198       7.23423322       7.17628320       7.52648354       7.97885021       8.47311656
       8.56019974       8.49090815       8.31459999       8.44009161       8.64458323       8.82533312       8.82673343       7.79822508       6.58041676       8.04614147       8.63399982       8.75420014       8.76897494       8.75965834       8.78629128       8.76715819       8.74634186       8.78144979       8.79278342       8.78607512
       8.82685026       8.85886669       8.86195024       8.84835800       8.82625024       8.82145007       8.80972465       8.83460840       8.86937459       8.84330829       8.81500800       8.76673301       8.76805862       8.74415795       8.71103366       8.71606668       8.77533356       8.78765027       8.73877525       8.73990854
       8.86076689       9.04709975       9.01245832       8.98714145       8.99233341       9.03350830       9.05227502       9.05214151       9.03880835       9.04612541       9.00623322       8.91772509       8.86008342       8.93744151       8.94721667       8.98875872       8.97023360       8.96179994       8.95863295       8.95446698
       8.96549145       8.97810857       8.78677527       8.89919996       8.95253340       8.95364205       8.98404996       9.14728324       9.02880033       9.02911663       9.10098314       9.05211687       8.97095839       8.94779205       8.96004200       9.09521659       9.43373362       9.21869993       8.95700852       9.17265813
       9.07845815       8.78473361       8.71095816       8.61270030       8.57849995       8.73305798       8.66467476       8.93067519       9.65540012       9.49495872       8.93537521       8.97314151       8.94514163       8.42313369       9.86480792       9.88475005       9.66349204       9.02189970       8.25364987       8.28934987
       8.20473353       8.07521661       8.02555799       7.91611671       7.87974993       7.86367496       7.89933364       7.84682512       7.79829184       7.81883319       7.94537465       8.00427516       8.01977475       8.02285035       8.00181707       8.04910819       8.15920035       8.09439182       8.08219194       7.99945831
       7.99448331       7.95076688       7.87890832       7.81270027       7.67476638       7.42751678       7.21820831       7.07842509       7.21461693       7.30374177       7.44035006
       7.93577512       7.92741696       7.96444972       8.00193310       8.02748362       8.02025000       7.98452536       7.90661653       7.81229178       7.68764973       7.58516630       7.57179181       7.60214965       7.62211641       7.29859988       6.98507468       7.13171641       7.29204178       7.56854137       8.07835023
       8.40030034       7.97544161       7.84396648       7.97956705       8.27346643       8.61525853       8.83727471       8.52791627       6.80721680       7.48105844       8.46798340       8.64722490       8.72505029       8.74938329       8.74835014       8.74584993       8.72786681       8.75923316       8.80340815       8.80319198
       8.79451672       8.83203348       8.84865840       8.83814971       8.82427533       8.82473310       8.83287509       8.84004990       8.88277531       8.85924180       8.79496654       8.76026630       8.76759132       8.73605013       8.72867505       8.76997471       8.81175041       8.76123349       8.72071664       8.85030826
       8.97778352       8.96840811       8.91484181       8.91709963       8.97743305       9.05852477       9.06545798       9.01190837       8.99374962       8.98314158       8.93404961       8.90509208       8.95980040       8.97425810       8.95177523       8.92923355       8.94504150       8.91906659       8.92754157       8.95516634
       8.96614154       8.75811656       8.82804155       8.96819194       9.16958332       8.96237532       8.96891673       8.94744158       9.12138303       9.08320030       9.11406676       9.00542498       9.01041667       9.12960847       8.90554190       9.06135798       9.10149177       9.04314200       9.00504192       9.15216684
       8.96681706       8.97775809       8.80445798       8.72779131       8.67018302       8.74901692       8.69562467       9.64766661       9.60059166       9.05014992       8.84800037       8.90822490       8.49377473       9.65859175       9.89935795       9.86741702       9.40227509       8.55973323       8.29970837       8.21624200
       8.28515848       8.24900866       8.24066639       8.11873357       7.87633340       7.86816676       7.64446656       7.63768355       7.62989998       7.57887522       7.64288346       7.88653294       7.96789964       7.97452529       8.15744162       8.06525866       7.95384963       8.04900805       7.96537479       7.81780005
       7.81657537       7.70987511       7.60786692       7.58790016       7.41362492       7.23160028       7.08885034       7.07740863       7.17951695       7.26816654       7.39487489
       7.95159976       7.93636640       7.95733293       7.99811681       8.02480857       8.02903334       7.98770030       7.92908351       7.88721641       7.82335043       7.72834142       7.66881625       7.64744997       7.67597516       7.73360014       7.73519198       7.27443298       6.97543303       7.08512465       7.38013347
       7.90489992       7.63704141       7.51545827       7.54248301       7.76865800       8.12694152       8.47145796       8.52129141       7.10371653       7.42119153       8.21881692       8.43415022       8.66032521       8.72703314       8.75736634       8.73500029       8.74140024       8.77795855       8.79411697       8.77571662
       8.82539988       8.84455840       8.81752491       8.81035010       8.79868348       8.81289164       8.84615024       8.85310014       8.85825872       8.82846673       8.79487514       8.77729972       8.78727516       8.75504176       8.77565861       8.82806698       8.82511695       8.79195849       8.91175032       8.94469976
       8.84999990       8.87475808       8.85823329       8.93593311       9.02572473       9.07476664       9.05023336       8.99398327       8.94720872       8.90360037       8.86704127       8.94547462       8.97220850       8.96556695       8.93383344       8.92784993       8.90491645       8.92434200       8.94855022       8.95459970
       8.73993317       8.78775835       8.91762495       8.94124190       9.01660840       8.97583326       8.88960838       8.84540002       8.89880021       9.08433358       9.01028315       8.95651658       9.03726657       9.00723298       8.86779149       8.98379167       8.97409201       8.93733342       9.01603301       9.14813360
       8.90220006       9.01850859       9.09129143       8.89394999       8.74509970       8.57608318       9.48108355       9.69884157       9.29476659       8.62449964       8.47169161       8.66650025       8.48180850      10.04350821       9.79938348       9.88926649       9.10850843       8.28524192       8.21880817       8.19305817
       8.22662512       8.23651632       8.23341688       8.18872531       8.15984964       8.08170795       8.07660023       8.08720827       8.07645003       7.89497534       7.70324151       7.79745817       8.11653296       8.04718335       8.00498327       7.99298366       7.84335852       7.71660010       7.53334204       7.69989173
       7.57983367       7.41431634       7.30852524       7.21839984       7.13071664       7.09662517       7.04460859       7.05723365       7.15285858       7.30659962       7.50214179
       7.98285802       7.97692537       7.98729181       8.01500797       8.03161701       8.02645842       7.98823357       7.92734146       7.88988352       7.85825809       7.81344175       7.75892496       7.66464154       7.66781648       7.67824173       7.83009132       8.08875004       7.90626685       7.32761701       6.99005842
       7.35498349       7.34918356       7.29316632       7.37198353       7.36201684       7.49396642       8.06192478       8.38816643       6.97097540       7.44221687       7.92720000       8.22094202       8.53179137       8.68290822       8.74425809       8.70192528       8.72485797       8.79256646       8.79324992       8.80849202
       8.83342505       8.76434962       8.75083367       8.80126635       8.75945807       8.78005028       8.83814176       8.79880031       8.79248301       8.78642480       8.79599174       8.77924999       8.79090865       8.82824183       8.86564970       8.85993322       8.85174990       8.98634195       8.97067467       8.81234169
       8.73888334       8.76261632       8.81539186       8.92437538       8.98305019       9.06229973       9.01255846       8.96169186       8.90535831       8.87070815       8.92144203       8.91810020       8.91400814       8.92245849       8.89704148       8.89947494       8.94610008       8.97581657       8.99674177       8.77809207
       8.74195019       8.88518333       8.96731695       8.98005803       9.01447535       9.04191653       8.85366678       8.79230022       8.80912463       8.85820866       9.02705034       8.98080031       9.08465862       9.07764196       8.88023297       9.11275864       9.02455012       8.94332488       9.07435815       9.00871674
       8.92727534       8.97993326       8.82315000       8.81393353       8.63948345       9.11760012       9.78015820       9.47831631       8.68917465       8.36163362       8.40987523       8.73474995       8.90218337       9.61886644       9.84980822       9.61329142       8.73519977       8.31402461       8.24136655       8.23696693
       8.18810860       8.22328329       8.22894971       8.28875860       8.21127494       8.15131664       8.15941652       8.18785032       8.07531675       7.98633337       8.10491641       7.95753320       7.60290861       7.73058335       7.77259191       7.75596698       7.72014141       7.58342505       7.50530005       7.59409189
       7.39484151       7.26314147       7.13182529       7.13851690       7.17951695       7.17965841       7.29789972       7.56378333       8.03535859       8.50150029       8.85894140
       7.98972527       7.96918313       7.97245026       8.01388343       8.04020802       8.03034147       7.99711704       7.94917504       7.88269202       7.84874996       7.79876630       7.72395849       7.60770003       7.64465809       7.78839986       8.01530838       8.24854136       8.27195009       8.26954126       7.91345835
       7.29594151       7.27877537       7.32591709       7.33713309       7.12536653       7.08449999       7.53226678       8.18304141       6.59814159       7.59704987       8.02808364       8.20370038       8.42235804       8.58133316       8.61480792       8.64442507       8.70314201       8.76880805       8.76551628       8.74639988
       8.70724996       8.75782490       8.80638361       8.84407520       8.79188299       8.78782511       8.79723310       8.79075845       8.78484170       8.78242493       8.75600020       8.76195033       8.81891648       8.84489139       8.84297530       8.86134148       9.02625799       8.93847466       8.84748300       8.77041658
       8.76025836       8.76185815       8.83564154       8.89914195       8.96886667       8.97876660       8.94318342       8.94140800       8.87847503       8.89542500       8.89066696       8.85505040       8.88660828       8.89272531       8.85502497       8.88772488       8.94040823       9.03971672       8.78536701       8.69397481
       8.86320829       8.92630816       8.97794167       8.95677487       9.03785865       9.01779175       9.01640813       8.84790818       8.83361657       8.72959137       8.77565861       8.99226665       9.02002494       9.16173299       9.19131676       9.09286658       9.03932492       9.05798356       9.23899968       9.11313375
       8.95033360       8.91933362       8.86369149       8.95620823       8.71630033       9.74016666       9.68827486       9.17124192       8.41919184       8.50713332       8.48444144       8.72967482       8.85987520       9.63916699       9.84728336       9.31570848       8.52953355       8.32781633       8.19124142       8.13187520
       8.13473304       8.12628349       8.17889134       8.32320849       8.18075021       8.11391671       8.02191655       8.06044976       8.17482471       7.93401639       7.50635862       7.40123351       7.50817537       7.54296700       7.67606656       7.75022507       7.66772509       7.54129966       7.70425002       7.66140858
       7.54135847       7.52691666       7.64128367       7.89086660       8.27205022       8.60235850       8.94793351       8.81050825       8.27820857       7.71082481       7.23586639
       7.99836636       7.97554970       8.00516685       8.02187522       8.02671671       8.00441662       7.96117465       7.91956663       7.88424174       7.85445849       7.77034203       7.63270855       7.56429990       7.73865859       7.99230814       8.36780866       8.36790800       8.37940852       8.41537476       8.43318303
       8.40390841       8.39284976       8.47887516       8.30512524       7.89270798       7.60939995       7.43975004       8.10895840       6.68004990       7.82537460       8.07684978       8.22177490       8.36539189       8.55098327       8.61881653       8.61680031       8.66403341       8.68740002       8.68324200       8.70811701
       8.73495022       8.78381650       8.83797487       8.91899188       8.81741683       8.76929204       8.75480811       8.75917514       8.74360005       8.71543328       8.72581641       8.79824162       8.83205811       8.84169976       8.87825807       9.01554187       8.92199993       8.90153329       8.84131670       8.81197532
       8.81455819       8.82434130       8.86984984       8.90906652       8.94160032       8.97137483       9.00112470       8.95955801       8.94035021       8.85801633       8.85767539       8.84685834       8.84967486       8.85127465       8.89456669       8.89347474       8.97864183       8.82460833       8.62820864       8.90784979
       8.88974190       8.92579158       8.91808351       8.96246672       9.01807467       9.02210871       8.89664173       9.08394178       9.01463350       8.81350835       8.71846676       8.84989977       8.96831671       8.92548323       9.04126644       9.04105822       8.91003370       9.35791651       9.30805842       9.00967518
       9.00543292       9.22797521       9.66191689       8.82066647       9.60933367       9.83961662       9.52093363       8.70197535       8.48586639       8.48896662       8.54545832       8.64601692       8.89294147       9.39058304       9.71264998       8.85102510       8.31198295       8.25406631       8.20844173       8.09950829
       8.10210864       8.15574964       8.14925035       8.14619144       8.11485847       8.10556650       8.21615855       7.98139970       7.55028327       7.27290869       7.27639993       7.37667481       7.38479137       7.50698328       7.46389151       7.55880833       7.75361697       7.96988328       8.51435820       8.87519995
       8.99392525       8.95008326       9.02590036       8.93309991       8.67239157       8.16645861       7.21628348       6.40847484       5.79797506       5.55324157       5.37704984
       8.05563370       8.01512480       8.03983370       8.06254148       8.05958350       8.02585840       7.97484159       7.91650852       7.88181702       7.83681631       7.74267515       7.59972493       7.62344201       7.86009153       8.08495839       8.67299159       8.47679138       8.45821699       8.47195864       8.47534180
       8.61946662       8.53344997       8.51440032       8.51204157       8.56685003       8.33840847       8.02442471       8.24808359       6.88873370       7.66024192       8.03572496       8.16262484       8.36348295       8.58445009       8.66670847       8.63937537       8.62155040       8.58174165       8.58695030       8.69424979
       8.75153303       8.94364993       9.00092522       9.04031674       8.80738338       8.70372534       8.70223363       8.68855874       8.68853331       8.68557533       8.75295798       8.75316699       8.80032460       8.89314969       8.96913290       8.89217536       8.85289987       8.88791641       8.84692510       8.82456700
       8.82756631       8.87882471       8.89985005       8.88745864       8.90814145       8.94673347       8.99955829       9.00378307       8.93590848       8.85009130       8.84713332       8.85315021       8.83511702       8.83871635       8.88704141       8.91777515       8.85284185       8.58283361       8.77861659       8.91842524
       9.00010824       8.78526688       8.86314154       8.99993340       8.95299991       8.99527470       9.32213306       9.21923319       9.13309177       8.78576676       9.36907530       9.25680002       8.75358343       8.93666665       8.92390807       8.94196669       8.89558315       8.96890799       8.99509986       9.28065856
       9.87212499       9.94780858       8.92976681       9.72264131       9.91038322       9.73380804       9.25789992       8.49994977       8.44958305       8.43050003       8.57568343       8.58846664       9.21324174       9.56268311       9.40205018       8.37486664       8.08402459       8.16775799       8.11018308       8.07151635
       8.20818345       8.07722489       8.12626680       8.22042465       8.23685805       7.94243336       7.49339978       7.25352526       7.19137510       7.20303297       7.33011643       7.39581664       7.37538338       7.43935823       7.57012526       8.27184995       9.17195002       9.19722478       8.46814156       8.04175854
       7.88396676       7.41996686       7.24130869       6.99890852       6.72707478       6.32245819       5.83847483       5.28549989       5.58581670       5.91527502       6.07030829
       8.05344184       8.04722468       8.05907488       8.08384975       8.09352477       8.07568312       8.02167495       7.96044985       7.91281700       7.88642486       7.82764991       7.70160039       7.66542514       7.86388318       8.17979972       8.67803335       8.55735858       8.53828351       8.54448318       8.59888315
       8.47439130       8.69744142       8.54644140       8.55985006       8.58331680       8.42396657       8.26383352       8.27704191       7.63386647       6.75677538       7.95089960       8.14390818       8.37160826       8.60967477       8.62918297       8.61584981       8.65547498       8.60498349       8.58112494       8.70743354
       8.95569166       8.96064997       8.88619184       8.86616627       8.78851652       8.69060834       8.67039998       8.64830812       8.69030873       8.75555833       8.75103315       8.76533349       8.83680026       8.83126656       8.84856701       8.84709994       8.79530827       8.85256688       8.90462478       8.88648351
       8.87813330       8.90079975       8.92719189       8.91139984       8.84278297       8.88363361       8.95459970       8.95730813       8.93525839       8.85047515       8.85196686       8.83180857       8.82865032       8.82258336       8.84442488       8.81489197       8.55118354       8.79453341       8.90071630       8.89259974
       8.88549964       8.83852482       8.89583349       9.13158337       8.90810013       9.35502529       9.37378327       9.51043367       9.16194995       9.39037482       9.25519149       8.70784203       8.62659136       8.70687485       8.97075017       8.98685853       8.95478328       9.15910800       9.50673342       9.98987516
       9.83990033       8.73650869       9.55975850       9.83864148       9.87024148       9.77064133       8.79378319       8.54274988       8.50795825       8.47844203       8.63758326       8.28491688       9.30426677       9.64974165       9.09574191       8.12235037       8.16323360       8.20269982       8.10722510       8.13602527
       8.12452475       8.14389149       8.26176643       7.89986690       7.53490845       7.28390853       7.22219149       7.22983360       7.29641676       7.41061687       7.52500852       7.52287467       7.52465010       8.10183366       9.23410018       9.40210025       8.33431641       6.94042524       6.04675849       5.27015845
       5.21645824       5.47461669       5.60375015       5.47573328       5.26545008       5.27439157       5.56438327       6.20202502       6.43251657       6.75523361       7.27579991
       8.04127534       8.02371661       8.05740039       8.08966637       8.08165868       8.06903362       8.03170840       7.95020819       7.90296634       7.91392485       7.89059162       7.78883298       7.68381675       7.84811656       8.22755814       8.55516672       8.67109140       8.70382468       8.67697477       8.73229186
       8.68744135       8.70277484       8.62950802       8.67526690       8.65815798       8.50385825       8.55484168       8.54398330       8.46813361       7.24019130       7.06072489       7.85688321       8.23982477       8.50693305       8.51414998       8.51738294       8.58352502       8.59412511       8.62725019       8.80839984
       8.82488330       8.80103350       8.96756649       8.99238348       9.00477489       8.75044187       8.68209124       8.67209991       8.79176696       8.77371629       8.73689175       8.84859165       8.81079992       8.66854986       8.69712512       8.73626630       8.77741655       8.81177505       8.88495843       8.91562541
       8.93207471       8.91356707       8.91447465       8.86619965       8.86051655       8.90084187       8.92086665       8.91860803       8.93986702       8.87592475       8.84882530       8.80151669       8.78584146       8.82487535       8.79761696       8.52696657       8.62859170       8.85131677       8.93777529       8.88911645
       8.87346665       8.92932494       8.96303336       9.01888371       8.97141695       9.21154976       9.84204133       9.66123343       9.22169129       8.94524972       8.74439160       8.77121687       8.60385815       8.63392512       8.76843294       9.08567508       9.09638325       8.99611632       8.94544999       9.04611667
       8.90858332       9.52970028       9.79164998       9.93419170       9.79559978       9.63444153       8.65267515       8.59555801       8.56800000       8.56493314       8.71454159       8.39760860       9.39599196       9.44038312       8.50884199       8.08229129       8.18945011       8.23639154       8.17655007       8.21429173
       8.28543345       7.95911630       7.62001673       7.37915834       7.42664178       7.37670024       7.38788366       7.43237495       7.47385025       7.54822493       7.62271643       7.94375817       8.94130866       9.47293361       8.61940861       7.21042474       6.26737515       5.66492518       5.82001686       5.69066683
       6.13584995       6.17432515       6.05760018       6.24460816       6.47745013       6.84679190       7.50142495       8.17716678       8.74299129       9.09108321       9.10518328
       8.06279977       8.06758324       8.08525006       8.07799975       8.06511641       8.03327481       7.99235821       7.92782466       7.89865812       7.88726648       7.85350005       7.81145016       7.72190015       7.83294996       8.21124156       8.46538305       8.65584135       8.65115801       8.65740856       8.76811663
       8.81392479       8.70539188       8.68424177       8.70584965       8.69786660       8.72536659       8.76579126       8.71366660       8.71170839       8.55635007       7.33544985       6.63130840       7.50131687       8.19287539       8.40624968       8.45307509       8.51284981       8.67224137       8.60123316       8.49424203
       8.51009130       8.81020864       8.56193304       8.66006692       8.95330032       8.93273354       8.69084199       8.70594184       8.74360800       8.71924162       8.76881679       8.79518350       8.72158368       8.65794977       8.62600803       8.68535837       8.77842506       8.83940856       8.86033297       8.89935017
       8.90491645       8.90609185       8.84953340       8.91243299       8.95195007       8.94137541       8.91884963       8.92429193       8.95967484       8.88674974       8.86132479       8.80439997       8.77160867       8.75801643       8.50949128       8.55680863       8.77219200       8.82249196       8.89499982       8.96330833
       8.95871639       8.94285838       9.01905855       9.09517527       9.02425845       8.99070024       8.98206631       9.65678294       8.85795037       8.66664171       8.69824966       8.69872491       8.57749144       8.59878302       8.63007466       8.96725814       9.24776634       9.30500031       9.46506659       9.57186699
       9.68074163       9.90294139       9.96519168      10.04415035       9.86855030       9.52490807       8.83891662       8.54536692       8.61295859       8.61059189       8.81221692       8.52921645       9.42289193       9.18052514       8.08729966       8.11315854       8.22988351       8.28233322       8.34410826       8.05629969
       7.66292493       7.50946681       7.50177463       7.49389172       7.61129141       7.68792470       7.68829187       7.62165864       7.64989138       7.79819171       8.56045008       9.36344147       8.86766672       7.48999993       6.49963339       5.60969154       5.68364183       6.59776648       7.07329194       7.63577461
       7.98951626       8.08787505       8.35769176       8.67973328       8.91335011       8.98915847       8.91635021       8.61795028       8.23045015       7.85640796       7.61550824
       8.06549152       8.09805870       8.09101661       8.08180014       8.08713357       8.04241657       7.97114134       7.96083291       7.94469198       7.92747498       7.89553324       7.81639179       7.72236665       7.78724988       8.11622461       8.50406647       8.62992525       8.60271692       8.65660826       8.73329163
       8.81110032       8.81140868       8.77998352       8.74635855       8.71994178       8.73727481       8.73537461       8.72734149       8.72075876       8.69680802       8.65530809       8.05896680       6.86182499       6.70169195       7.49375025       7.98379183       8.27644189       8.36706638       8.14613342       8.30213308
       8.59531641       8.05170854       7.49895016       7.36725807       8.40606689       9.02710835       8.77623320       8.67860794       8.68549188       8.83271694       8.76005809       8.67686669       8.63394181       8.67525816       8.67819150       8.66120021       8.74397516       8.82518291       8.81678343       8.81424983
       8.79341682       8.80144993       8.89987469       8.98350000       9.00945822       8.96544139       8.91526699       8.94064983       8.97682508       8.89873346       8.85119200       8.81632487       8.82538319       8.51606687       8.48005851       8.65314166       8.75077486       8.81521702       8.85540009       9.00170803
       8.99208307       8.98170869       9.03295040       9.03073311       8.81246646       8.90161673       8.90500863       8.79117489       8.60725800       8.60898336       8.67640018       8.58883301       8.59981696       8.69167487       8.67617528       8.74598344       9.20439164       9.53513304       9.62735017       9.81258313
       9.99979178      10.12070815      10.13752460      10.04769166       9.97077465       9.82294162       8.76597484       8.47828309       8.57515812       8.62025817       8.65722497       8.88054132       9.47214206       8.55862538       8.17145824       8.40434154       8.44033321       7.98327525       7.77483304       7.65227477
       7.55813360       7.39994208       7.46781667       7.58353313       7.71372477       7.83868313       7.96275854       7.82855034       8.18553368       9.15513357       9.08381701       7.80705849       6.60072486       5.75311661       5.71534157       6.24375820       7.07764149       7.93027480       8.35714181       8.39075009
       8.24908336       8.08513323       8.48342498       8.24132522       7.94741631       7.69140005       7.56154140       7.39186684       7.25797494       7.19925801       7.14139144
       8.06317488       8.08031638       8.07574193       8.08189154       8.06138357       8.02116632       7.99781640       7.99321651       7.96615839       7.92929967       7.92669137       7.85434167       7.76544968       7.77242502       8.01797469       8.44109138       8.59234174       8.58122508       8.65990798       8.75699997
       8.76938343       8.74605815       8.73061657       8.73852491       8.67898305       8.71877511       8.74278307       8.72900009       8.71994178       8.70447477       8.73611689       8.72947534       8.52417469       7.94840813       6.99747483       6.52921677       6.62111680       7.30126699       7.75595824       7.85319169
       7.97034979       7.89872487       7.73283323       7.43082523       7.60667483       8.38935852       8.87739976       8.79635016       8.79627466       8.76230001       8.70779196       8.55519136       8.55391661       8.61969153       8.67438316       8.68746678       8.66879145       8.67282470       8.72038364       8.71700843
       8.73949130       8.81084204       8.89829159       8.98866653       9.00595824       8.98715814       8.96920840       8.94517501       8.98300807       8.87700001       8.83734147       8.84961685       8.61001650       8.42544158       8.66716703       8.73613358       8.74658346       8.81692489       8.88085842       8.89483372
       8.97699197       9.01455800       9.07413324       8.78844182       8.71305863       8.62124999       8.77506653       8.80639156       8.69605859       8.76839161       8.66800865       8.59783332       8.63759995       8.66301696       8.68943294       8.73176654       8.81407499       9.50412512       9.86248334       9.95623350
      10.17030795      10.33250809      10.36955833      10.25751670      10.02937476       9.98320023       9.21026707       8.60800823       8.58596643       8.93018325       8.57572476       9.27980820       9.42380826       8.79991690       8.75086705       8.33077510       7.93426673       7.88684130       7.75940816       7.61007468
       7.55682468       7.45000839       7.54741669       7.76029189       7.81303326       7.87490845       8.08434168       8.89528354       9.26560799       8.19454193       6.91387494       6.20134155       5.60101668       6.26825849       6.96441650       7.72614161       8.27370803       8.10590029       7.93345849       7.89452473
       7.68297513       7.55023321       7.48275836       7.43719975       7.49618371       7.43162473       7.34119972       7.24092484       7.15970039       7.10568349       7.07761685
       8.05554152       8.10179154       8.10769955       8.09699138       8.07518323       8.02954992       8.00990820       8.02429994       7.99174150       7.95167526       7.93625832       7.84934203       7.79185851       7.73623308       7.91288296       8.28917503       8.55779966       8.65100861       8.63710801       8.68163347
       8.71134996       8.72229973       8.75231663       8.77588352       8.73139143       8.74185801       8.76195828       8.74342521       8.72808297       8.71351639       8.71134202       8.69920015       8.72549136       8.76190027       8.60579967       8.32856655       7.76945035       6.89387480       6.43688321       6.63715839
       7.22589970       7.80457497       8.10134967       8.29106649       8.12156677       7.77448336       8.70613337       8.87360811       8.75464201       8.62488349       8.54899963       8.49056641       8.49751631       8.60576630       8.69602521       8.71193329       8.66346677       8.62908363       8.62068335       8.68307511
       8.77394994       8.77859990       8.83413315       8.89734189       8.92076651       8.99948359       9.01486635       8.95039161       8.97219976       8.84880861       8.79683336       8.69445801       8.40955814       8.68775845       8.70202462       8.68018309       8.76875003       8.83628368       8.89620860       8.90000025
       8.92355839       9.00935014       8.73607477       8.73520851       8.76209974       8.68035793       8.64248355       8.68542512       8.79794200       8.90303373       8.72863372       8.71009191       8.67841641       8.65360816       8.67827495       8.68679126       8.75086625       9.03400024       9.76059993       9.97469982
      10.23639997      10.63954989      10.76486667      10.40089130      10.11806647       9.90109205       9.82787530       9.73970016       9.58274206       9.46869135       9.38056707       9.65633313       9.51630036       8.87720029       8.49679152       7.97227462       7.93377479       7.93053309       7.68829187       8.05811644
       7.79621681       7.63637543       7.73383300       7.81815847       7.93410858       8.61282508       9.36094205       8.74107520       7.25983302       6.38817509       5.75804989       5.98751664       6.82804982       7.55235036       8.33457470       8.26730013       7.96154181       7.74028301       7.58393367       7.58035819
       7.56327470       7.39129146       7.32763370       7.34054168       7.33756701       7.31167475       7.21971671       7.17115800       7.13319143       7.10565805       7.10129976
       8.01732461       8.08100859       8.10663303       8.09834162       8.08209976       8.04291646       8.01650842       8.01746686       7.98897505       7.96692530       7.95490026       7.86967516       7.84142494       7.76533365       7.82349189       8.14629157       8.47079198       8.72819980       8.66382519       8.69522492
       8.69195859       8.75026703       8.77946695       8.80329132       8.80297502       8.83399169       8.84236654       8.83929968       8.84306669       8.83905808       8.85905822       8.85915836       8.87912512       8.78451665       8.68862470       8.64686648       8.55595032       8.47902536       8.17535798       7.59759982
       6.94267511       6.51905020       6.53024157       7.03148365       7.59773334       7.82234987       7.92015870       8.23475838       8.76262506       8.71719996       8.58584166       8.50902478       8.61835798       8.72391701       8.66470814       8.66724968       8.64157518       8.63564173       8.63973300       8.67275000
       8.72866631       8.75413338       8.81084204       8.82473310       8.86728366       8.95898342       8.94325018       8.92982483       8.93044154       8.83676688       8.90457471       8.73191675       8.43237480       8.82444143       8.87510856       8.73549143       8.82889191       8.84376685       8.82109165       8.90667518
       9.09830809       9.26650842       8.97889137       8.69653304       8.68439198       8.62789154       8.63531669       8.62990856       8.72750839       8.83613348       8.79598300       8.77944152       8.69235833       8.66487503       8.64874204       8.66108338       8.70298306       8.66934141       9.40529982       9.93758361
      10.17525037      10.63247522      10.85404158      10.28244178      10.08205016       9.96491671       9.94494994       9.86919959       9.80123361       9.70574141       9.69209194       9.62949991       9.02006626       8.42461665       8.02436670       7.77457476       7.81627496       7.89307515       7.95906703       8.20364157
       7.84839153       7.83741633       8.12502464       8.70137533       9.44981654       9.22010024       7.77724981       6.52378321       5.82392494       5.84011674       6.66692495       7.72308350       8.10510794       8.17960819       8.07541688       7.89727529       7.64837503       7.62071689       7.52584140       7.52099196
       7.48690844       7.43102471       7.30996688       7.28250821       7.22910007       7.24982500       7.21281687       7.17264970       7.15892474       7.13492473       7.09372520
       8.02512487       8.08778365       8.09997479       8.08706681       8.04878314       8.02937508       8.00526698       8.01616669       7.98541705       7.93470860       7.88581689       7.82850822       7.79480855       7.76042461       7.78448343       8.06639194       8.41484149       8.70503346       8.70839993       8.74970833
       8.74886672       8.79427512       8.85495027       8.91644160       8.90778303       8.93923362       8.97491693       8.98705006       8.97569180       8.94887527       8.98276647       8.98212512       9.04709975       8.88793310       8.77409140       8.70733341       8.57063373       8.52722486       8.39511633       8.36973349
       8.35615873       8.29535007       8.05473328       7.37731695       6.53360009       6.26272480       6.57195846       7.24992514       7.87297487       8.30758333       8.50579977       8.47046693       8.48096689       8.68139982       8.64867528       8.59295845       8.61416658       8.64964962       8.73608351       8.67900848
       8.65326643       8.75450850       8.75515858       8.79455010       8.87387514       8.86642536       8.84607474       8.85764996       8.96334171       9.01329994       8.96125873       8.91625007       8.49864165       8.67317518       8.77964973       8.82717530       8.94961675       8.85326703       8.86168321       8.90645027
       9.01574135       9.12149986       9.32609161       8.95531654       8.72913361       8.62888336       8.64564975       8.57837518       8.61754974       8.72385820       8.79205863       8.76341661       8.76302481       8.70365858       8.66570870       8.64865859       8.61911694       8.64739180       8.87280862       9.83276685
      10.02242486      10.15763362      10.20347516      10.11562506       9.93854205       9.83693361       9.74981626       9.67627525       9.56444184       9.30069208       9.47914998       9.16837533       8.33925009       8.23060830       8.03270817       7.81155825       7.81588316       7.97770023       8.21638346       8.66029183
       9.14680799       9.50935841       9.62417523       9.16266680       7.94672489       6.82451646       6.05375846       5.73432485       6.43002510       7.18070825       7.94367472       8.15135002       7.91361650       7.82430013       7.78998295       7.76410818       7.62996674       7.57941643       7.56313324       7.55245845
       7.53865004       7.51015822       7.35537529       7.30755011       7.25178321       7.25750844       7.24556684       7.19339132       7.19729185       7.15485811       7.11240848
       8.04310799       8.11200857       8.13155810       8.11235030       8.06747516       8.03090811       8.00067504       8.02061637       7.97532479       7.87581682       7.76503325       7.69524972       7.67972469       7.68903335       7.75500854       7.98314969       8.39819988       8.67072503       8.70490869       8.76866659
       8.85323366       8.91600847       8.93028339       9.00697470       9.09328302       9.06555017       9.04472510       9.04902458       9.03099140       8.97427479       9.02842522       9.05359189       9.12426710       8.97934993       8.89540037       8.74798298       8.67100000       8.67390871       8.60993306       8.36834987
       8.33069166       8.48501682       8.47462495       8.53360812       8.45616659       8.18257491       7.38848368       6.54859185       6.72669967       7.02722470       7.67388344       7.89802472       8.08115005       8.57042472       8.69262536       8.64709139       8.63609155       8.71229172       8.73716672       8.61605008
       8.63584995       8.72538328       8.74080817       8.79471699       8.82401705       8.80615870       8.83168300       8.93925031       8.96311680       8.92723322       8.89014165       8.85564168       8.73066664       8.52080822       8.80287488       8.94855022       8.95038366       9.02985017       8.98864985       8.85910034
       9.01876688       9.14833307       9.13207531       9.06479200       8.83379141       8.71309996       8.62589995       8.58485858       8.56316646       8.59627485       8.71389151       8.79517476       8.87454192       8.79372517       8.72464180       8.70199998       8.61905813       8.62097502       8.68339141       9.43355004
       9.84655857       9.93068298       9.95880842       9.88034169       9.79197502       9.53250806       9.29983298       9.18385029       8.88004144       8.60084136       9.32860851       8.39766661       8.16542466       8.15774997       8.29103311       8.70354176       9.14805015       9.39315001       9.43964163       9.04913346
       8.45134974       7.72204161       7.18998353       6.77998304       6.27521674       5.66510836       6.20614171       6.93203290       7.68809160       7.97510862       7.90074984       7.83859968       7.74966637       7.70328363       7.68281698       7.70180861       7.65272538       7.57033348       7.59325822       7.57667462
       7.60433356       7.52523343       7.46594985       7.35622485       7.30434179       7.27554162       7.24619150       7.18921661       7.19119151       7.15540806       7.13103374
       8.08705807       8.13601653       8.14658324       8.12175830       8.07797511       8.05478334       8.03421656       8.02177509       7.95267502       7.83386628       7.68668334       7.62361685       7.59766658       7.61228323       7.69720872       7.91250865       8.29254150       8.49210819       8.68741671       8.75180801
       8.86030833       8.91917467       9.00040865       9.04298306       9.09099976       9.10840034       9.04848337       9.04957533       9.02258317       9.01708364       9.09739176       9.16605790       9.10914977       9.02946631       8.97428354       8.79908323       8.70602528       8.71790012       8.70935837       8.55437517
       8.56100798       8.56929143       8.54599158       8.57583364       8.60839128       8.66319974       8.62953345       8.56951634       8.00495863       6.88585838       6.52257482       6.93234205       7.79160817       8.21901639       8.79553318       8.73794158       8.68356625       8.67541631       8.67144982       8.62107515
       8.60816638       8.71984959       8.79177491       8.76544158       8.74352535       8.77470811       8.91122500       8.88554970       8.93283367       8.90291691       8.86477470       8.84013335       8.81299178       8.62950802       8.75759204       8.95160039       9.01121696       8.96688302       8.86349996       8.82699172
       8.76977523       9.03840860       9.25922473       9.14931695       9.01747465       8.82132530       8.57332468       8.55238358       8.58937502       8.59248320       8.68786653       8.73025020       8.89804125       8.87995005       8.88050795       8.76964172       8.69531631       8.65798314       8.63831679       8.92105023
      10.02892494       9.73186652       9.84737476       9.73947525       9.52802499       9.26245848       9.04640039       8.92692486       8.69903326       8.67409150       9.20577526       8.39995861       9.08309142       9.56085841       9.48450804       8.96730820       8.33261649       7.68512487       7.10499128       6.80683295
       6.40877485       6.08189980       5.90349158       5.75264176       6.07879996       6.92297538       7.49568303       7.92549133       7.84246683       7.74014155       7.76345015       7.80966679       7.78097471       7.74665038       7.70408312       7.65389204       7.60582527       7.52307494       7.56135861       7.56212473
       7.50981649       7.51024961       7.46399164       7.36494144       7.33524164       7.29199966       7.26069132       7.18556643       7.13383357       7.09539970       7.09841649
       7.95595805       8.07009141       8.04671685       8.07405869       8.10736656       8.11395009       8.07867527       8.05992524       8.01547527       7.95279980       7.80762513       7.67790874       7.65507460       7.66002496       7.68912474       7.82358329       8.11287483       8.36344163       8.66081635       8.70796680
       8.77319972       8.82004182       8.89487505       8.98475806       9.05370792       9.10657485       9.08595006       9.07499154       9.05096690       9.05529181       9.07804966       9.17296648       9.11017497       9.07302539       8.96752516       8.87995799       8.74930859       8.72983297       8.70768309       8.65357478
       8.65665833       8.58140866       8.58406703       8.55721633       8.57709964       8.73221636       8.68380864       8.74003331       8.70029132       8.58119965       7.92882522       7.08293358       6.39771660       7.13728348       8.27918371       8.74030034       8.74488354       8.62679164       8.61123323       8.63279978
       8.62112522       8.69205793       8.70150010       8.76109997       8.77499183       8.86097511       8.85185003       8.88696671       8.95439148       8.90554190       8.92228365       8.88135831       8.82940849       8.73323361       8.69559129       8.94889990       8.96116654       8.81220023       8.80320867       8.79133304
       8.81724199       8.86272510       9.00095860       9.06195005       9.02984142       9.00037527       9.08956687       8.59144131       8.56383324       8.63174200       8.66403341       8.69574149       8.76522462       8.88640801       8.86104186       8.73499155       8.68439992       8.61901681       8.64986658       8.69838317
       9.87001657       9.66260036       9.70948299       9.58903313       9.38028336       9.13460016       8.96748304       8.94960801       8.93874963       9.22862530       9.24334129       9.58029985       9.05146678       8.04270029       7.23304192       6.74372514       6.30380829       6.13646666       5.90867480       5.75587511
       6.12900019       6.45755847       6.97783311       7.26327499       7.66628345       7.99954176       7.87058353       7.76821693       7.79155811       7.80661662       7.74190823       7.78610865       7.77714968       7.72645871       7.67402490       7.62936672       7.58197467       7.51215855       7.51532475       7.52636671
       7.49600808       7.46404966       7.43150870       7.37639189       7.30398337       7.24869967       7.19650030       7.11970806       7.04604149       7.03828335       7.03608354
       7.83595800       7.90325006       7.98554182       8.03519169       8.03091685       7.98617522       7.94838349       7.92283297       7.96136697       8.03094149       8.07610830       8.01565806       7.99081643       7.95428356       7.81669140       7.78362513       7.94819991       8.19632530       8.65459998       8.63755862
       8.75305812       8.81555796       8.86661688       8.91841650       8.98159186       9.06943321       9.13745801       9.09720818       9.04713313       9.06565825       9.07867511       9.18738365       9.10303354       9.11177476       8.96790028       8.91635021       8.85431687       8.82253329       8.82980029       8.83020798
       8.76408339       8.63821665       8.68966659       8.65135034       8.55527480       8.66891623       8.63852501       8.67415826       8.73319149       8.64800851       8.58667533       8.50745837       7.78631687       6.48610830       6.50028348       7.77565797       8.41175000       8.77444188       8.67204984       8.68556658
       8.63082488       8.66105000       8.75093301       8.78059149       8.79131635       8.80715847       8.82036686       8.88149977       8.89494975       8.87188355       8.90128295       8.91533295       8.86253357       8.77681653       8.78877481       8.96758318       8.80047480       8.69043350       8.80169153       8.85045846
       8.84526650       8.86399190       8.81644964       8.93145005       9.13340012       9.12265857       9.22012488       9.00244157       8.62030029       8.64723365       8.75469128       8.83980036       8.78147523       8.75883341       8.79415830       8.74145826       8.67778301       8.62378359       8.67617528       8.80017519
       9.46545839       9.63186661       9.58436648       9.47917541       9.35866674       9.19435024       9.05815840       9.06419198       8.98617506       9.22571659       8.61303329       7.69663334       6.55924161       5.88302493       5.82187494       5.98513325       6.36199156       6.44732515       6.83490038       7.38560041
       7.83524990       8.04505030       8.19499175       8.11305841       7.91378339       7.75196632       7.70213366       7.76148319       7.78625806       7.81202475       7.79764175       7.74290005       7.69207478       7.66520818       7.62926658       7.58259137       7.53207525       7.51019160       7.45897532       7.44027535
       7.40975857       7.36410856       7.36119191       7.33141661       7.23356644       7.17714151       7.15735833       7.10962534       7.09594170       7.13617484       7.10555871
       7.91557471       7.87900845       7.89671659       7.90616671       7.88652500       7.84768343       7.86789974       7.83589999       7.84595807       7.90745020       7.98001687       8.05874983       7.99537500       7.93461641       7.87481705       7.78055032       7.90725867       8.21803331       8.59145006       8.59237512
       8.73395840       8.79604975       8.87712479       8.94003312       8.93124183       9.00225798       9.08999999       9.06086683       9.04649973       9.05754169       9.10405000       9.18610811       9.11099195       9.07756646       8.93764178       8.92424186       8.84935856       8.88490836       8.86435827       8.93462499
       8.83813302       8.67954969       8.70109161       8.67569208       8.61499151       8.65959167       8.57002497       8.56384993       8.60671679       8.60322475       8.56484175       8.51030032       8.55254968       8.44511668       7.34163364       6.52709166       7.13182529       8.01654975       8.78635009       8.81338358
       8.76091639       8.78685792       8.73916626       8.69016647       8.73992523       8.76407464       8.79765034       8.80530039       8.82938306       8.85778348       8.84886662       8.83968353       8.84643316       8.77840837       8.74364138       8.76472473       8.65139167       8.66522471       8.64407539       8.77288342
       8.82989168       8.96964153       8.95855029       8.80024989       9.02388334       9.09464995       9.14064964       8.80364180       8.74649207       8.61141682       8.70642503       8.80719185       8.79902522       8.76214981       8.73106639       8.75759999       8.70727539       8.69217475       8.73894135       8.83916696
       9.10607497       9.57635005       9.52620824       9.37705835       9.36103344       9.29817518       9.16165829       9.02364175       9.06945864       8.89496644       7.55163352       5.93444149       5.99338333       6.74698353       6.99904203       7.29426702       7.72120873       8.11365843       8.32285802       8.39644988
       8.26249202       8.06225856       7.84461657       7.68526634       7.69498348       7.67818292       7.73697535       7.74564981       7.76678324       7.76765823       7.76242495       7.70689170       7.59344180       7.51579205       7.47625033       7.41902510       7.36822526       7.37874190       7.33321667       7.30484168
       7.25082477       7.24001646       7.23552465       7.20598300       7.11636702       7.12205013       7.12140004       7.15896686       7.18445857       7.19443321       7.17180808
       7.94808308       7.91865031       7.86419153       7.86886692       7.88963318       7.88415035       7.89784193       7.89304177       7.90734132       7.87163337       7.82665809       7.78920809       7.71920840       7.66988357       7.91584174       8.30039183       8.40521653       8.44979207       8.69101683       8.68259986
       8.78136635       8.86528333       8.96550814       9.02204990       9.03110822       8.99935007       9.06787475       9.03860013       9.02742465       9.01585817       9.06891664       9.15284157       9.12745873       9.05226707       8.91569138       8.91712507       8.82524967       8.86620839       8.85520856       8.95611684
       8.85465860       8.74548356       8.68061701       8.63368352       8.66105795       8.71192535       8.69931698       8.70083332       8.66989136       8.63409996       8.59229962       8.50503365       8.50982507       8.57916673       8.69084994       8.10307503       6.68797493       6.80461645       7.74827480       8.42433294
       8.98440838       8.78655036       8.62052520       8.65238349       8.69251649       8.74989192       8.76996676       8.76071692       8.84751638       8.82514159       8.81608327       8.81490866       8.80681674       8.79016638       8.78069957       8.85159969       8.75873327       8.71000846       8.65447521       8.67192507
       8.75232538       8.83908351       8.98508310       8.81308317       8.83574963       9.03587500       8.90585820       8.64217520       8.61093362       8.60319138       8.71021668       8.68916670       8.73454968       8.82184982       8.66434971       8.70003303       8.73441696       8.75211636       8.79025857       8.72290850
       8.80483309       9.55648343       9.52445030       9.33601697       9.30896680       9.31149165       9.19807514       8.93114964       9.20767466       8.26801697       6.57929182       6.06046677       7.00567484       7.95199156       8.44129165       8.56255849       8.40161641       8.22203318       8.03106626       8.00143321
       7.91609208       7.77888298       7.66570012       7.63192495       7.68368324       7.76671648       7.76167472       7.76333332       7.75877476       7.74747531       7.69779126       7.60741631       7.52341668       7.45369991       7.39448309       7.33650843       7.27630854       7.25130002       7.24054972       7.21547524
       7.25324154       7.29424159       7.19906648       7.21417507       7.17649142       7.15973298       7.18750795       7.16852506       7.15520859       7.14309136       7.13888327
       7.94353326       7.93473323       7.88580815       7.84689188       7.85557508       7.90618340       7.93064197       7.88739125       7.88399140       7.87532489       7.84202496       7.73832480       7.71419128       7.72960027       8.14064185       8.12654972       8.21468353       8.48013322       8.87826681       9.06804164
       9.03084993       9.05954202       9.14478302       9.08044179       9.09550826       9.09622510       9.10080830       9.05680815       9.06150023       9.03944174       9.03811693       9.13830042       9.07195807       9.00574207       8.91560872       8.86360804       8.79524151       8.79633347       8.82915815       8.90875816
       8.88682524       8.81149133       8.75300805       8.59332482       8.63135020       8.70369196       8.75349124       8.76656691       8.78980796       8.72907480       8.68839184       8.59701633       8.54776700       8.51934989       8.53707472       8.68830840       8.49360863       7.20760822       6.65835818       7.93315808
       8.96559159       8.79966656       8.60286633       8.61327489       8.68149201       8.73344183       8.75736634       8.80429188       8.85970831       8.82644971       8.82032474       8.79053354       8.82730802       8.78355026       8.71589184       8.66569996       8.84797494       8.83896669       8.76428366       8.69562467
       8.81215016       8.82272482       8.75439167       8.71660868       8.84023348       9.00799195       8.67264191       8.65541697       8.58831644       8.59009186       8.53849967       8.58426650       8.69312525       8.62142483       8.59678348       8.66795858       8.75504176       8.69492531       8.54175011       8.60614141
       8.58449141       9.44969972       9.50249990       9.21861649       9.22092517       9.30541674       9.22145844       8.98465872       8.95714998       7.67630816       6.08018319       6.56267484       7.99218337       8.65815004       8.46430858       8.26168299       8.06645870       7.88439989       7.74809996       7.69646645
       7.73053328       7.74046659       7.70254135       7.69386689       7.73825010       7.74929206       7.70227512       7.74537484       7.72609154       7.71936655       7.60754983       7.48126666       7.42024978       7.35808372       7.30851650       7.25200017       7.22723325       7.23803361       7.30377515       7.30120818
       7.30657498       7.33805021       7.31964191       7.33347495       7.30716705       7.23092477       7.22644965       7.25509961       7.29339997       7.24090815       7.23105033
       7.91069984       7.92500814       7.89316654       7.82361666       7.80942520       7.84020821       7.87258307       7.87566662       7.87917535       7.88499991       7.86732515       7.76232481       7.70805836       7.75970856       8.12471628       8.51438363       8.29231660       8.64678303       8.74512513       8.74060869
       8.87512525       9.00312503       9.28430796       9.22282537       9.17128325       9.20475006       9.14460023       9.08358335       9.06045039       9.07351653       8.99959167       9.11556641       9.06831662       9.01171684       8.91098340       8.81840865       8.79150867       8.77892494       8.81544987       8.84127458
       8.86525869       8.82539193       8.76534144       8.60742489       8.56335799       8.60135873       8.65994136       8.76971642       8.84725809       8.80899191       8.75306686       8.64255031       8.59978358       8.56174151       8.57541641       8.61729145       8.66819143       8.71068319       7.54782518       6.70097510
       8.34336678       9.04689153       8.68041674       8.61602465       8.71906678       8.77460003       8.77175808       8.79231691       8.82860025       8.80483309       8.77779166       8.81374995       8.84116650       8.73595794       8.71709188       8.66406679       8.68050814       8.84715796       8.76559973       8.85686636
       8.92321666       8.78993352       8.76034975       8.69398355       8.58534177       8.74324163       8.58232498       8.67498318       8.62578313       8.61780802       8.57489983       8.52903366       8.54404132       8.56521686       8.57395013       8.67642482       8.57021650       8.40979179       8.36918354       8.36142461
       8.40425809       9.30814981       9.48741674       9.26167488       9.35197512       9.26805814       9.09866651       9.24375852       8.54456663       7.35176643       5.98735015       6.78423325       8.54271650       8.56389205       8.31115007       8.01533302       7.82680035       7.65921672       7.56920815       7.52397537
       7.58274158       7.80814171       7.77444204       7.76201646       7.75559982       7.69994179       7.67963330       7.66020854       7.59491682       7.48094161       7.42449999       7.35835870       7.29729176       7.31570800       7.27462530       7.28339195       7.33022531       7.35564152       7.39334981       7.43861675
       7.45099147       7.45952527       7.45314995       7.46077538       7.41757472       7.34381676       7.29658365       7.27850835       7.31348356       7.29199171       7.26906697
       7.88965861       7.88065036       7.85583337       7.82044967       7.76234150       7.75346677       7.76230812       7.78092464       7.81189124       7.87005027       7.87772497       7.77900855       7.66967535       7.64423370       7.95442502       8.55272532       8.44970862       8.58020862       8.88742526       8.85329167
       8.90450795       8.93883308       9.14268335       9.26402489       9.18402513       9.21633323       9.16456699       9.10679181       9.06753302       9.10891692       8.99115006       9.04452483       8.93746694       8.99174134       8.93759966       8.82660866       8.80051692       8.77894163       8.83944194       8.82555803
       8.82659992       8.76820803       8.75140826       8.65599155       8.59095017       8.55495850       8.57327461       8.73464187       8.82630825       8.84247541       8.81721656       8.74264161       8.67664973       8.66901636       8.66398335       8.63715808       8.60140800       8.57257525       8.64609162       7.66873360
       6.48093343       8.29207500       8.99738312       8.66766691       8.67925008       8.76765013       8.79280011       8.81085873       8.79428307       8.76258373       8.76880010       8.83685033       8.80870819       8.69511684       8.71581634       8.73294989       8.74114990       8.78530820       8.89870803       8.90926679
       8.67583354       8.70179176       8.78306627       8.69586706       8.84480000       8.87890021       8.53928328       8.45364173       8.57783318       8.60282501       8.58070850       8.55853319       8.47397486       8.53110870       8.55014960       8.41674169       8.36310863       8.34865014       8.34148328       8.27244202
       8.36709181       9.25939163       9.47971662       9.22930797       9.19926643       9.07773336       9.17986631       9.45183357       8.50795825       7.27885008       5.81517498       7.04449972       8.64902496       8.52295001       8.22463353       7.86780039       7.66955853       7.55170822       7.54049142       7.57824977
       7.59514968       7.77022521       7.82650868       7.74679184       7.69411643       7.60070006       7.54703363       7.47440815       7.38249143       7.40796645       7.41429170       7.32781649       7.36758312       7.45446682       7.52905846       7.51592477       7.54230817       7.55496661       7.55969127       7.58824984
       7.52619187       7.52031644       7.52875010       7.49588331       7.44212468       7.39080032       7.31604973       7.25307465       7.28138367       7.33982484       7.29246696
       7.90217479       7.89504131       7.86799987       7.83930858       7.77656635       7.73763339       7.71219969       7.70629168       7.72327503       7.78674205       7.83195813       7.76986678       7.63559182       7.55216678       8.02687486       8.54141633       8.48711650       8.60119979       8.68444999       8.78721635
       8.87420813       8.93938303       8.99167458       9.28425868       9.15992498       9.19718345       9.15899992       9.10307487       9.06165838       9.03246641       8.95125866       9.05196667       8.96381696       8.94384146       8.90349150       8.83540869       8.78002485       8.78382524       8.77945820       8.78954172
       8.75318368       8.69970798       8.70716651       8.66381645       8.63158305       8.56590827       8.52266630       8.63206625       8.72438351       8.79331668       8.82068316       8.76140038       8.72282505       8.73596668       8.70400826       8.69669994       8.68158340       8.55001688       8.41511647       8.54650021
       8.04500024       6.46534999       8.16616694       8.85782480       8.67961645       8.69438330       8.71006648       8.75449975       8.75550032       8.76600027       8.79821698       8.86845032       8.72763316       8.69599978       8.70495796       8.71303320       8.78504992       8.72876644       8.85787487       8.80225817
       8.59886646       8.63330841       8.80257527       8.75445843       8.95203352       8.77914985       8.59325012       8.53783290       8.40710004       8.40987523       8.53329976       8.46019983       8.52425019       8.45724980       8.37309202       8.26401631       8.28018347       8.27549140       8.34474166       8.29569181
       8.38437478       9.25719182       9.45575873       9.11044995       8.61795028       9.02642488       9.25331672       9.19165850       8.41850837       7.38474210       6.03550831       7.23543326       8.61712535       8.35979144       7.97352473       7.69796689       7.61257490       7.60207494       7.56860018       7.61569977
       7.62098312       7.68586636       7.88585822       7.68020868       7.57453362       7.45969137       7.41235018       7.37464984       7.36083349       7.40064144       7.45299180       7.50481685       7.54500866       7.59783347       7.67888308       7.70387491       7.68170834       7.65997489       7.62621641       7.62292465
       7.54436652       7.46740023       7.47629960       7.48525858       7.42157539       7.40964969       7.30916659       7.28640000       7.28128354       7.36527522       7.36655792
       7.96163321       7.93475866       7.89236625       7.87335873       7.85782496       7.80050834       7.72472461       7.65291691       7.62465795       7.67596642       7.73449183       7.70917495       7.60819197       7.55029996       7.94414202       8.48351638       8.67669185       8.81999175       8.70058298       8.80596638
       8.86600018       8.88264974       8.92683347       9.30840810       9.13870811       9.16012526       9.15291627       9.11013365       9.09067472       8.99310033       8.96801631       9.02488311       8.94903342       8.98115873       8.87918313       8.83766651       8.77989133       8.79281680       8.75173330       8.76929998
       8.75135819       8.68996700       8.62358332       8.58645837       8.62946669       8.55591695       8.48637501       8.54262511       8.70395819       8.78774961       8.82736683       8.81389141       8.80532503       8.79710039       8.80165815       8.75998338       8.68103345       8.56724977       8.40650002       8.36656650
       8.63873323       8.32911650       6.59945011       8.38348309       8.78757477       8.65418355       8.62164974       8.62022479       8.66132498       8.70418310       8.78895839       8.88626655       8.73077472       8.72016668       8.74426683       8.73404980       8.74460856       8.68836641       8.69223356       8.69900862
       8.71560812       8.61984173       8.67760817       8.66572460       9.00321643       8.64511649       8.52866650       8.57620001       8.54015827       8.45656633       8.48291636       8.58635028       8.43855858       8.31649144       8.29408328       8.24480851       8.17956686       8.20753336       8.27332497       8.29786698
       8.47290834       9.25509135       9.41815853       8.83336703       8.65248362       8.76120806       9.31513309       8.79435857       8.49611680       7.37037500       6.11499985       7.46672471       8.49508365       8.18343321       7.85964171       7.68848340       7.66149203       7.64340798       7.59219170       7.56783326
       7.55928357       7.71492481       7.76764154       7.62511651       7.51288335       7.48420000       7.45239178       7.42608309       7.46924162       7.56228367       7.65549183       7.74770021       7.77365843       7.77057489       7.79952526       7.79599190       7.75494178       7.70020803       7.68575033       7.67352502
       7.62939135       7.63782501       7.60504166       7.56212473       7.48610814       7.41324981       7.37574975       7.31608311       7.26581653       7.30434179       7.34877507
       7.99479961       7.97382514       7.93786685       7.91242520       7.89956649       7.76533365       7.63751666       7.54654169       7.51385848       7.56220818       7.62458324       7.60690848       7.54980803       7.59339174       7.97088305       8.29117537       8.60860030       8.73838345       8.76650810       8.86054198
       8.96445831       8.93043359       8.97823334       9.09524997       9.18723345       9.09339984       9.13670858       9.08873320       9.07051643       8.94946655       8.97846699       9.05851682       8.93174966       8.93302520       8.90676657       8.86809190       8.81148338       8.80524158       8.77471685       8.87240807
       9.12033319       9.11013365       9.04908339       8.67704153       8.61616691       8.55816682       8.47716649       8.48933299       8.63103310       8.72025808       8.79138311       8.75560840       8.79779180       8.81334146       8.83224169       8.80511681       8.70864153       8.61222506       8.38659128       8.34601641
       8.60262473       9.05121644       7.97573328       6.64430817       8.68665854       8.66669178       8.60823313       8.54413350       8.59554132       8.66250038       8.71735017       8.87386640       8.84694974       8.73631636       8.70863358       8.72238318       8.97085031       8.82165829       8.67247502       8.64806652
       8.61347516       8.59565020       8.56225808       8.56314182       8.74545018       8.66586685       8.52644205       8.47536643       8.46664985       8.56635014       8.59297514       8.42831691       8.31484159       8.31574202       8.29340855       8.24956656       8.17997535       8.09870005       8.12567472       8.18159978
       8.39739164       9.24089193       9.37416633       8.62692515       8.56160800       8.69191647       9.34719165       8.75407537       8.50808303       7.10788329       6.35419170       7.48781681       8.43806664       8.07397525       7.76760022       7.68433332       7.71696647       7.64919996       7.59174188       7.51449982
       7.53537496       7.51020829       7.64635801       7.59291649       7.59058317       7.58244991       7.60979176       7.67820040       7.68654982       7.70761649       7.73760875       7.80114969       7.88527489       7.79981693       7.78118372       7.73637533       7.73856640       7.71838347       7.77092536       7.75273323
       7.71474202       7.70615816       7.66382535       7.64190833       7.60967493       7.55115827       7.50778357       7.39638329       7.35805035       7.33095010       7.36689965
       7.99684127       7.97634999       7.94454972       7.92724133       7.85795848       7.70528316       7.50945012       7.45896657       7.45919148       7.48319149       7.52433300       7.53313303       7.55520026       7.60649999       7.87776709       8.21049134       8.46942504       8.69313320       8.90854994       9.06144142
       9.01320855       8.95243327       9.00099198       9.01167472       9.27318335       9.09753323       9.09719149       9.07240868       9.01313305       8.97624175       8.97724152       9.01412487       8.94541661       8.92873367       8.91294161       8.92335018       8.85353327       8.97101641       8.91995033       8.83793354
       8.81171703       8.84872516       8.82289171       8.56056690       8.55528355       8.56504997       8.54619185       8.50858370       8.56358369       8.65979989       8.77870798       8.76131694       8.77766689       8.75849962       8.80230029       8.79654964       8.73090823       8.62999201       8.47399155       8.39066664
       8.61836672       8.72643312       8.64487489       6.93288326       7.43042469       8.65508318       8.57394139       8.48549128       8.57681672       8.61589988       8.63276641       8.68956645       8.81351630       8.85996660       8.84298325       8.79716635       8.83017540       8.80857468       8.65213315       8.58659983
       8.53007476       8.57518355       8.54178349       8.62643321       8.74036709       8.75894149       8.52546692       8.49984964       8.59202464       8.58714978       8.48472516       8.33018303       8.31751664       8.32536697       8.29369148       8.19415013       8.37794145       8.09790850       7.63345003       6.64143324
       7.41120815       9.22088305       8.78743331       6.50690834       6.96185033       8.44844977       8.58814160       8.64922523       8.36019198       6.86530828       6.22187495       7.55657514       8.28979969       7.93338299       7.64659166       7.63558308       7.67384132       7.65904188       7.59947538       7.54847527
       7.81874180       7.90446679       8.00625801       8.03870837       7.99102465       7.96015819       7.87438313       7.79584169       7.76768366       7.74168332       7.74081628       7.72325039       7.77538300       7.72936662       7.70051638       7.74310033       7.79508352       7.83567508       7.81097492       7.77854999
       7.74052540       7.73918311       7.69335032       7.67494996       7.65230020       7.59263357       7.58551677       7.48343309       7.43928353       7.38909165       7.43720849
       7.98553308       7.98494180       7.94563373       7.92793353       7.88612525       7.71033367       7.52228340       7.45582501       7.43766626       7.43373315       7.46992509       7.50268300       7.54706701       7.63775031       7.81600793       8.01664988       8.15317472       8.41984987       8.71913354       8.86629184
       9.02117491       9.07333374       9.13870811       9.07364130       9.26241636       9.11081632       9.09514983       9.09582535       8.99732510       9.02393341       9.01504993       9.04360851       8.99513324       8.90820821       8.96878322       9.00371631       8.90268326       9.03712511       8.98045858       8.82933299
       8.81070852       8.83459965       8.78865798       8.60625823       8.61224174       8.58930826       8.70446682       8.58317534       8.54727507       8.57278347       8.74999126       8.79230817       8.73153369       8.81457488       8.82695039       8.80201658       8.76729965       8.68139187       8.57581695       8.42849175
       8.55086644       8.58866692       8.63210837       8.44228347       6.36624177       7.23726670       8.16045841       8.43449195       8.51859967       8.55191628       8.57877493       8.58874162       8.57813358       8.56605848       8.68081649       8.79009167       8.79005829       8.76993338       8.69424184       8.69399150
       8.59755834       8.60696634       8.50033363       8.58061632       8.55823358       8.61473322       8.55679989       8.60635837       8.55110804       8.47541650       8.33204985       8.26270024       8.28704993       8.28650792       8.28276634       8.20367495       8.08918317       7.38658349       5.99255006       6.74689134
       8.07005008       9.20443296       8.24400822       6.90960010       6.58754985       5.89361668       6.47598346       7.04091628       7.02590863       6.42248352       5.71216663       7.91973352       8.12771638       7.76295026       7.60833343       7.63047457       7.65681664       7.62605826       7.69597530       8.25933297
       8.15627495       8.20256631       9.12499189       9.47844187       9.06806628       8.53575865       8.31044197       8.14819972       8.01682472       7.84380833       7.75949160       7.72452513       7.65820026       7.61133353       7.64996688       7.74314960       7.78449138       7.84367482       7.89254189       7.81372468
       7.75378307       7.72447507       7.66095002       7.62844165       7.64214198       7.58217494       7.53345807       7.46988297       7.45600859       7.43135850       7.46659994
       7.98735857       7.96749989       7.95699199       7.93395837       7.93031693       7.80213356       7.67766635       7.57246653       7.49837478       7.46901671       7.43207534       7.44549990       7.54648368       7.68302520       7.82605807       7.93219169       8.02205006       8.19683313       8.41865857       8.65524133
       8.82974148       8.91113361       9.06787475       9.21931664       9.15396690       9.11004146       9.08238331       9.12885030       9.04404163       9.05274153       9.03176626       9.08501705       9.01890834       8.95722469       8.95384153       8.92834187       8.90290817       8.91434193       8.84428342       8.80319993
       8.78846645       8.85059198       8.84633303       8.76118342       8.57142528       8.51956685       8.62910032       8.51473331       8.47944975       8.39874983       8.62482468       8.76376629       8.67900848       8.72169971       8.76639128       8.75579993       8.75437498       8.82256667       8.68223349       8.58941634
       8.63542477       8.56106679       8.60067526       8.72484128       8.27417533       7.04432487       6.31339153       6.65395816       7.78150797       8.50258350       8.52572521       8.46867482       8.43040864       8.45099131       8.44888369       8.55056683       8.67428303       8.71550798       8.73684168       8.73015801
       8.69485855       8.66647482       8.54940812       8.56355826       8.54291677       8.54625861       8.57870817       8.51501703       8.47154140       8.41577530       8.34554195       8.29876661       8.31442515       8.31723372       8.32636674       8.06860844       7.19487508       5.94209154       7.30729977       8.42207511
       8.68097464       9.20083364       8.80353371       8.48992507       8.80412499       7.34735807       6.05157495       5.87727507       5.80259164       6.19899154       6.90305869       8.24697495       8.00197522       7.65597502       7.60156631       7.66462485       7.71541675       7.76376645       7.89774179       8.85249138
       8.67944161       9.33569988      10.46029170      11.48788293      11.61977530      11.12700860      10.26202520       9.34326649       8.59419982       8.28380028       8.04693302       7.94257482       7.82009125       7.67450015       7.61953354       7.64429172       7.67805020       7.77610858       7.85067479       7.82730023
       7.71409194       7.68150806       7.64558315       7.59569168       7.59568294       7.57522504       7.54780849       7.49362469       7.42551645       7.44423310       7.44506677
       8.02759965       8.01326672       7.98529148       7.93808301       7.92542537       7.89373318       7.79207468       7.72614161       7.66134977       7.60736704       7.52890825       7.46804158       7.51711686       7.66465823       7.80569156       7.89538304       7.95876662       8.08650017       8.29183340       8.52423350
       8.74922514       8.78829161       8.96981637       9.03400024       9.03341691       9.16919152       9.05290842       9.09552495       9.10096645       9.04135863       9.02942499       9.05740023       8.99569194       8.97430023       8.91907533       8.90929143       8.84134134       8.74675035       8.80619129       8.78832499
       8.79098336       8.85305007       8.81182512       8.81299178       8.68412495       8.52263292       8.63095840       8.49659125       8.50401640       8.36521705       8.46565803       8.65909179       8.68259986       8.71502479       8.99930000       9.16517496       8.82294973       8.70489995       8.71455034       8.57315858
       8.55796655       8.42648347       8.45999161       8.56786648       8.74454975       9.40465848       8.95058314       7.74212519       6.57894174       7.23447482       8.32928340       8.35165819       8.34429185       8.43440851       8.44110807       8.51749976       8.51962487       8.50071669       8.51176659       8.65554969
       8.68364175       8.66429965       8.64436706       8.62164974       8.56244167       8.54498307       8.43376637       8.36041689       8.40469996       8.37498347       8.36620808       8.33815018       8.36520831       8.43606631       8.17747513       6.94892486       6.03131652       7.09100803       8.48501682       8.46604983
       8.88825814       9.22416687       8.67725849       8.83702517       9.33719158       8.45134974       6.47162477       6.45973325       7.27258364       7.81998316       8.29226653       8.24041684       7.83276637       7.59419998       7.65004158       7.79215813       7.81655868       7.85354137       8.32438310       9.03483311
       9.68785842      10.36202510      11.33834998      12.45218356      13.24638367      13.74183337      13.66115888      12.52671639      10.72438320       9.37723319       8.54802529       8.11852535       7.92728345       7.81611681       7.70365794       7.66133308       7.65300035       7.66774178       7.65108347       7.63412476
       7.57205804       7.57938306       7.56968339       7.56841660       7.58006652       7.56735007       7.52882481       7.44805813       7.37168312       7.39676634       7.35426664
       8.04817518       8.03901672       8.02975019       7.98180819       7.91571697       7.88556655       7.83381701       7.80735016       7.78102477       7.73596684       7.67835855       7.57789135       7.50089169       7.54112482       7.68116633       7.81064987       7.88785855       7.97168334       8.15549135       8.40491692
       8.65669171       8.81360849       8.96834135       9.08492486       8.98317496       9.19074138       9.04745022       9.04464960       9.04233297       9.03279146       9.06980038       9.05898333       9.02815819       9.00415818       8.95345847       8.89784972       8.82004182       8.77332528       8.78909190       8.80169153
       8.78356695       8.85865847       8.77190034       8.79737536       8.73385827       8.53533347       8.61125867       8.51492484       8.48053296       8.36225828       8.41332515       8.43110005       8.53188356       8.68254979       8.88213317       8.91423305       8.89009158       8.80204995       8.74072472       8.64505847
       8.61676693       8.42180014       8.44908317       8.50694180       8.68009170       8.69159142       8.75840823       8.72909149       8.41540813       7.02925841       6.72052463       8.04755847       8.29314152       8.33551645       8.44393333       8.52251689       8.53556633       8.46798340       8.46384128       8.46139193
       8.51308346       8.56846650       8.64550034       8.61212492       8.57549191       8.47131650       8.44943364       8.34512472       8.26594989       8.33172480       8.35050027       8.43875011       8.42459997       8.13813368       6.73067490       5.86631656       7.12430000       8.41127475       8.57531706       8.55280002
       9.00591691       9.22153314       8.41871659       8.97725026       9.23282464       7.22701629       6.02339983       8.06205034       8.69505803       8.74189138       8.54070822       8.22846651       7.79919147       7.74898370       7.73634195       7.83652465       7.90039142       7.98204978       8.82179181      10.05819162
      11.62506660      12.08917538      12.45359182      13.43550841      14.33073362      15.17934163      15.41690826      14.95819092      13.64323298      11.81191683       9.75475868       8.66070032       8.16354195       7.93801705       7.82649994       7.80506690       7.73529132       7.62366692       7.61227528       7.57506688
       7.53333330       7.51799981       7.52360026       7.56463369       7.57632494       7.56545862       7.55695025       7.53645023       7.51074155       7.40387519       7.42010037
       8.03385814       8.03302526       8.04415862       8.03572496       7.97667503       7.88493315       7.85584132       7.82800833       7.81630039       7.79359182       7.74641673       7.66292493       7.57459164       7.52700011       7.55675793       7.67318328       7.75544961       7.83229987       8.03593318       8.32041661
       8.56936693       8.74807517       8.81996632       8.97850831       9.01616653       9.11715031       9.02444204       8.98591677       9.00708357       9.03246641       9.04690822       9.00306702       9.04722532       9.04458364       9.00487502       8.93194993       8.83820852       8.78287474       8.72968356       8.74574184
       8.73541673       8.79504204       8.77175808       8.73694976       8.73876651       8.56124163       8.58866692       8.50897471       8.46456687       8.38592529       8.43679190       8.37311665       8.38015000       8.42484156       8.60834201       8.69360844       8.73495022       8.78567537       8.75765006       8.74258359
       8.75386635       8.47313325       8.54233344       8.56676658       8.45274131       8.44789187       8.43170802       8.47654184       8.43000015       8.44328324       7.02911695       6.51495854       7.94052521       8.33039999       8.46349160       8.59989166       8.56919130       8.52017482       8.48451694       8.49293311
       8.47406626       8.48321676       8.56792529       8.60737483       8.53987535       8.41143370       8.36851676       8.31304153       8.27689171       8.28767538       8.42580001       8.37172508       8.19291671       6.56787515       5.96260826       7.26413329       8.49220832       8.61843348       8.64729166       8.67037535
       9.05312459       9.13760821       8.30689987       9.18725014       8.58985027       6.22165004       7.27514187       8.53582462       8.63049189       8.59080871       8.45073303       8.17252477       7.83114195       7.81141678       7.79539188       7.92435805       8.05486679       8.22395007       9.18840806      10.54025809
      12.98157533      14.27939097      14.31584994      14.62639968      15.51953316      16.43463294      16.86942577      17.02020009      16.28491720      14.57310041      12.20990022      10.23191690       9.12703355       8.46070846       8.12281688       7.94655005       7.88259983       7.83417543       7.74765809       7.71246672
       7.72632519       7.72210836       7.68024206       7.72770007       7.77109146       7.77290821       7.71083355       7.69024134       7.65166680       7.57376671       7.55428314
       8.03700844       8.04352522       8.04794153       8.03317467       8.00403357       7.91849136       7.90021658       7.87521680       7.84611702       7.81402508       7.76958307       7.69483328       7.61265834       7.54591703       7.52449989       7.55674203       7.59979963       7.64680862       7.86374966       8.16434145
       8.43928337       8.63679965       8.77322515       8.89703353       8.95519972       9.10307487       9.03102477       8.95537535       8.98137490       8.96596670       9.02999163       8.93707514       8.99068356       8.95714204       8.99099191       8.91940037       8.82256667       8.77290805       8.75993331       8.70041688
       8.71571700       8.72901678       8.77609173       8.69923353       8.70325804       8.59172503       8.54964177       8.56020848       8.41669162       8.38880857       8.43038321       8.34929148       8.30378373       8.27475866       8.43381643       8.54301691       8.59083335       8.65555843       8.64178340       8.59416644
       8.79774968       8.51396640       8.51296663       8.49784136       8.42624982       8.42163324       8.40452512       8.44349146       8.42241685       8.42633327       8.32938353       7.28490035       6.38809999       7.89461692       8.42149178       8.59128316       8.63180002       8.58135859       8.50411654       8.52977514
       8.47844998       8.47827514       8.54599158       8.53601694       8.46619129       8.33765825       8.24369987       8.28143358       8.31870874       8.39785020       8.26839129       8.42627525       6.84194167       6.07689182       7.51628319       8.48234971       8.58659983       8.51310015       8.76637538       8.83751631
       9.09837484       8.83557479       8.51030827       9.32861646       7.25591660       6.30321662       8.17673365       8.50976706       8.51544142       8.44825824       8.37380807       8.18475803       7.84808318       7.84039179       7.96297471       8.17894141       8.23742469       8.52255821       9.43684181      11.31579161
      13.98917516      15.74050903      16.03903294      16.19338353      16.99841658      17.76087443      18.48976612      18.81201744      18.60398293      17.23860900      14.93129094      12.38523324      10.37299156       9.22210852       8.65488370       8.27340841       8.03643306       7.99093326       7.95659145       7.87354151
       7.86023299       7.85094182       7.84692526       7.76599964       7.77584155       7.78552532       7.76823362       7.73367484       7.70816644       7.67491659       7.60716677
       7.97175805       7.97329187       8.00475836       8.05153370       8.04187536       7.97720830       7.91980823       7.89713303       7.87805001       7.85887480       7.81594992       7.69799153       7.58330027       7.52552509       7.52230803       7.55081654       7.53530025       7.52420823       7.71308343       8.01596642
       8.28229984       8.50252469       8.67363294       8.85908365       8.90627464       9.04117505       9.10499175       8.95155032       8.94181649       8.98154179       9.00089184       8.91690811       8.95135005       8.91800801       8.94051631       8.87569984       8.80714973       8.75576655       8.78060818       8.75682513
       8.74633312       8.78132502       8.77673308       8.79046679       8.79963319       8.73926640       8.62202485       8.52645000       8.41632525       8.38545005       8.38941654       8.35819165       8.31507524       8.28097502       8.35257530       8.41075023       8.45455011       8.52025827       8.51189137       8.48716656
       8.61882528       8.50365003       8.39393298       8.38169177       8.39119991       8.40684175       8.29609156       8.32752466       8.30200831       8.34318320       8.28039169       8.24282487       7.60265032       6.31092509       7.61511644       8.46151670       8.61181657       8.59664996       8.49699974       8.43566656
       8.46163352       8.45348358       8.44775836       8.48044157       8.31230005       8.33795865       8.26184988       8.28162511       8.40125799       8.37915818       7.73414135       6.29808346       6.28400842       7.70030022       8.54626656       8.52824132       8.59654983       8.49778334       8.65131696       8.94139131
       9.09446637       8.46818368       9.02290821       8.59571695       6.20717486       7.44633357       8.37361654       8.46195857       8.45541636       8.41962496       8.33989143       8.13400030       7.90766637       8.05667480       8.31461668       8.35931698       8.40869983       8.95250003       9.86479998      11.81627512
      14.60714976      16.70687517      17.36476739      17.86844095      18.58438333      19.27260081      19.96710777      20.54637432      20.72288354      19.53680833      17.58687496      15.00820796      12.46746699      10.43426673       9.34899171       8.86575858       8.54176680       8.32152526       8.19912513       8.02939177
       7.94373353       7.92546670       7.93640852       7.90040016       7.81254133       7.83614159       7.83417463       7.78279146       7.78004964       7.75577466       7.66294161
       7.96682517       7.94948339       7.98189163       8.02992503       8.06633313       8.00032536       7.95919180       7.92173306       7.90073315       7.88415035       7.83901691       7.69687494       7.55087535       7.48128335       7.48010874       7.51548370       7.50719150       7.48929183       7.60306676       7.86439180
       8.13589176       8.36143335       8.58638366       8.75871658       8.81964207       8.98788373       9.15254990       9.07179197       9.01570002       9.02904987       8.96914164       8.88533354       8.90048345       8.90587489       8.89196634       8.82402500       8.76864990       8.72500022       8.72267485       8.74749978
       8.74444962       8.79489183       8.89340798       8.86999210       8.87486696       8.79468362       8.86011680       8.65389188       8.40877533       8.36649179       8.36568356       8.35583369       8.31115802       8.32349141       8.31617514       8.34493319       8.33907525       8.43479156       8.46772512       8.45209201
       8.61494144       8.38724136       8.26934973       8.21644147       8.30068350       8.41448307       8.23065837       8.26130867       8.30261628       8.39748303       8.32083305       8.33051682       8.27354987       7.88747470       6.65336688       7.01041698       8.25250864       8.43810797       8.42130820       8.43168338
       8.42962503       8.42527469       8.16533327       8.10863336       8.24418306       8.42877467       8.33116690       8.31268311       8.47079198       7.72355000       6.07181668       6.48642500       7.76378314       8.37519169       8.53592475       8.59593312       8.63263369       8.52278312       8.67026647       8.95764987
       8.90326659       8.47377539       9.34336662       7.35479196       6.51550015       8.08144172       8.34311644       8.45788320       8.47691695       8.43932470       8.35892518       8.10775836       8.15730015       8.37776661       8.46132517       8.62875867       8.84956655       9.80610794      11.34448365      13.49990810
      15.97214236      18.35250043      19.32179963      20.02916665      20.81257490      21.45039204      22.38947489      23.30804104      23.53627572      22.53318335      20.90376696      18.53105840      15.86057493      13.47071683      11.46206700       9.99359131       9.33568319       9.02640820       8.80249977       8.33839178
       8.11428308       7.98629999       7.96045860       7.93024143       7.86563317       7.82369137       7.84755866       7.83870856       7.83247471       7.83879201       7.71709204
       8.06388299       8.04924170       8.01598310       8.02673340       8.02414974       8.02079201       8.01346699       7.96501637       7.92699973       7.92022467       7.87678321       7.78274139       7.70038366       7.61499166       7.53810803       7.51926661       7.51259168       7.50746648       7.57088343       7.77601639
       7.99227476       8.15565030       8.37960005       8.58749151       8.76196702       8.95041704       9.02302504       9.11913315       9.07675028       8.98834149       8.90489976       8.86796633       8.89439185       8.92421643       8.88094982       8.84584983       8.77582471       8.73553356       8.67973328       8.71029139
       8.67802461       8.74117533       8.73354991       8.78365835       8.83305868       8.80249182       8.85004203       8.78900846       8.61588319       8.43820016       8.39991649       8.35890849       8.30227534       8.34279140       8.32810005       8.35654179       8.36830854       8.43955040       8.46989155       8.48612467
       8.64467462       8.42775822       8.30365817       8.19223324       8.21669976       8.34103346       8.30117464       8.35639159       8.26560020       8.33294153       8.29272509       8.38295857       8.32224131       8.44284137       8.16611687       6.94690863       6.58298333       8.09269190       8.42405001       8.41636658
       8.43081633       8.18880002       8.10517470       8.18046649       8.07065805       8.12671661       8.25968345       8.34600846       7.75637468       5.97308318       6.75235033       8.01831643       8.27144146       8.47604990       8.59523376       8.65896702       8.53274186       8.47586632       8.79968325       8.95505031
       8.60000849       8.88279994       8.77383312       6.41968330       7.55442460       8.30389977       8.41926654       8.52618297       8.55543296       8.52937539       8.42031638       8.75218363       9.09375000       9.14690018       9.20394039       9.43212032      10.04409027      11.80578995      14.48626041      16.59716988
      18.94569969      21.08014194      22.27184119      23.19113392      24.04414946      24.85105803      25.88746674      26.86496698      27.18405047      26.66663284      25.39088360      23.27301979      20.42337036      18.14365005      16.14160919      14.39105034      12.80500984      11.22879028      10.05142021       9.34669971
       8.94102001       8.74820042       8.04574172       7.96962500       7.88476626       7.86998351       7.82895009       7.87705024       7.86842505       7.83820868       7.77862469
       8.05353324       8.04116646       8.04242531       8.04212491       8.02374999       8.01805814       8.03375006       8.00973336       7.98235814       7.96409130       7.91868369       7.87386656       7.85197496       7.79844205       7.73260037       7.67393351       7.62197495       7.57229169       7.61159182       7.76931683
       7.93220838       8.03670804       8.18225861       8.35490863       8.56861671       8.78637473       8.80685806       8.83175850       8.73682499       8.70715857       8.75563304       8.81469965       8.82661661       8.85529995       8.85646661       8.88186693       8.83654992       8.79618327       8.78849983       8.75284195
       8.79652500       8.72125864       8.68450006       8.72294982       8.66995017       8.71740818       8.76470804       8.79744132       8.76100858       8.64338319       8.56895844       8.34688346       8.29561631       8.34233363       8.36710850       8.40555827       8.43344132       8.54763349       8.50039959       8.52920850
       8.68886630       8.62044970       8.50732485       8.43714158       8.36700837       8.25949192       8.19227537       8.24336688       8.22932482       8.26419989       8.28947465       8.34177494       8.26217492       8.39143356       8.52960825       8.36303314       7.27720022       6.46695852       7.89855003       8.34862471
       8.23800008       8.09460799       8.04929177       8.09021632       8.09664965       8.12408368       8.19271644       8.13045820       6.27437512       6.47304177       8.03579966       8.33167473       8.70405833       8.72514963       8.74871651       8.58014186       8.30765009       8.52886677       8.87729963       8.89091651
       8.48566691       9.32983319       8.08702469       6.36834184       8.05754979       8.33709160       8.45386664       8.53308360       8.57840856       8.65940812       9.05621682       9.16322041       9.20392990       9.26278019       9.31999016       9.63399982      10.82946014      13.75527954      16.35898972      18.65678978
      20.70383072      22.61128044      23.91451073      24.91005898      25.97834969      27.11672020      28.14558029      29.04825974      29.44038963      29.10437012      27.91197014      25.95496941      23.56061935      21.50410080      19.63319016      17.91659927      16.13035011      13.68247986      11.42592049      10.16084003
       9.60074997       9.40585995       9.01264000       8.10909192       8.02200874       7.97333320       7.93186665       7.90443341       7.87220001       7.84776688       7.89666653
       8.02105029       8.02544991       8.01774979       8.01561673       8.01249186       8.00083319       8.01917473       8.02170038       8.01477512       7.99147526       7.95201699       7.92203347       7.91022460       7.89174159       7.86142508       7.79195865       7.66251643       7.54745801       7.61329174       7.80460835
       7.93020010       7.96451648       8.00410032       8.13890855       8.28319152       8.47724199       8.70204131       8.69105021       8.78197511       8.80774180       8.84153366       8.88793310       8.90937487       8.97053321       8.97670031       8.96155834       8.88482491       8.83426666       8.81401698       8.77561649
       8.72662465       8.70791674       8.71841669       8.69723320       8.64096642       8.65016699       8.67497524       8.67541631       8.80176703       8.70014985       8.62085819       8.48986705       8.36959124       8.38469187       8.45947504       8.43314966       8.47671668       8.59968344       8.53045861       8.51008336
       8.68263324       8.63395850       8.56195847       8.49339167       8.49333366       8.30230792       8.18070014       8.21974198       8.20331653       8.26070865       8.21950833       8.22705825       8.18896691       8.32807461       8.38474194       8.48686695       8.42604160       7.47540871       7.65270789       7.66085863
       8.09674184       8.10024977       8.07160854       8.10455004       8.14043363       8.16449960       8.16990852       7.13475863       5.99847515       7.56919146       8.33379984       8.51606687       8.72432470       8.86517525       8.77403339       8.59245857       8.36251656       8.73626630       8.83634965       8.52718353
       8.57311646       9.28665002       6.50324146       7.24424203       8.12171698       8.31145843       8.45782518       8.55410020       8.66254965       9.03509181       9.21197033       9.28127956       9.30478001       9.39058971       9.55150986       9.97478008      10.75586033      13.00127983      16.63055038      19.92333984
      22.44499969      24.51184082      25.61701012      26.50637054      27.66749954      28.67410088      29.55335045      30.40560913      30.98393059      30.79165077      29.85131073      28.46010017      26.53602028      24.51094055      22.72410011      20.89602089      18.70466042      16.19840050      14.39437962      13.01204014
      11.89295959      11.14811039      10.33238983       8.58744144       8.24272474       8.17348321       8.08418353       8.08532476       8.07587465       8.02424987       7.99249172
       8.01385005       8.01287492       7.99210866       7.99670855       7.98117479       7.97560851       7.97035853       7.96754996       7.97007481       7.97302485       7.94279178       7.90997505       7.91524172       7.90435870       7.85244147       7.74952491       7.60205030       7.52265851       7.63674180       7.85318295
       7.96684980       7.97714154       7.95973301       7.99299161       8.06812525       8.11803341       8.24959993       8.17977508       8.36030006       8.47523371       8.54694128       8.57550859       8.65180016       8.78165801       8.93510024       9.05447483       8.89788310       8.83964141       8.84739161       8.96215836
       9.02536631       9.01226679       8.99439176       8.77284129       8.81620804       8.76528343       8.73280843       8.71512492       8.73818318       8.64722490       8.61229976       8.56084983       8.49154154       8.44972531       8.46953313       8.43290806       8.43217532       8.47044150       8.46002499       8.46659184
       8.50079139       8.50431681       8.48335822       8.41383298       8.41255824       8.36138328       8.20508321       8.17026695       8.15299988       8.21012497       8.17174991       8.11169147       8.09276660       8.16381693       8.23212465       8.28619957       8.20491632       8.30579996       7.65760024       6.28308336
       7.45307525       8.01826636       8.10333331       8.12732538       8.14954201       8.17030032       8.15627495       6.44033353       6.40997489       8.22586695       8.45558325       8.65652482       8.78106674       8.81803354       8.76530011       8.44705025       8.42236678       8.81160021       8.71203343       8.11392466
       9.07769203       8.20214192       6.27077500       7.77231693       8.12364976       8.28953346       8.41759205       8.59162490       9.10267464       9.49829006       9.57791042       9.62590027       9.69301033       9.66921997       9.78536987      10.22220993      10.70273018      11.77962971      14.33856010      17.24411011
      20.27012062      23.76844025      26.26300049      27.40663910      28.86956978      29.95874023      30.75856972      31.71451187      32.64881897      32.83496094      32.10194016      30.70113945      29.46817017      27.21350098      25.03508949      22.82526970      20.77227020      19.05257988      17.77508926      16.51660919
      15.18206978      13.82971954      12.43976974       9.60607529       8.75159979       8.34374189       8.17226648       8.25260798       8.29469999       8.26590856       8.12618335
       8.06900819       8.03573370       8.00987482       7.98880816       7.98280001       7.95028369       7.96073357       7.94065873       7.94020017       7.93059985       7.91189194       7.88266659       7.89412498       7.87924131       7.81809171       7.69418319       7.52394994       7.49233325       7.62050867       7.80095021
       7.89758364       7.91883310       7.91230838       7.90371656       7.87128369       8.01729202       8.07209969       7.97696670       8.03978364       8.14479987       8.22209994       8.30000003       8.38734150       8.51362467       8.61860037       8.86221647       8.86495829       8.83109967       8.82854144       8.89663299
       8.90909990       8.93594980       8.99120808       8.83542538       8.78912528       8.74890804       8.72362534       8.75619968       8.83778334       8.76794179       8.58119965       8.55675856       8.52740844       8.45841646       8.38531653       8.35373322       8.41090838       8.48197540       8.47610871       8.46309185
       8.51961692       8.45305840       8.39233319       8.40742509       8.42979193       8.37075790       8.32285802       8.29950015       8.28217506       8.29559962       8.22510004       8.14608335       8.10772498       8.07945808       8.09319973       8.09449991       8.25997512       8.15641642       7.85359144       7.24527518
       6.11220002       6.55968348       7.31762489       7.98401674       8.11683337       8.13026667       7.68922488       6.00639184       6.91184998       8.31847509       8.53067478       8.68590037       8.80558332       8.85919174       8.67664973       8.31295808       8.62154166       8.73617490       8.43057474       8.29018354
       9.16778326       6.83333317       6.82038307       7.97588348       8.22079182       8.37044160       8.50586653       9.07898313       9.71890809       9.88475037       9.95695972      10.03682995      10.08638000      10.06665993      10.07831955      10.53164005      11.27632046      11.99110985      13.40583038      15.16320992
      17.37503052      20.09308052      22.87347031      25.31735992      28.04924965      30.17878914      31.50331879      32.92646027      34.31002045      34.80638123      34.29616165      32.54444122      31.20341873      28.88087082      26.26684952      24.40214920      23.22145081      21.95606995      20.47723961      19.42779922
      18.49920082      17.00260925      14.99703321      11.84402466      10.38137515       8.95851692       8.32000812       8.23732535       8.26174180       8.23184172       7.95936664
       8.09498310       8.05783351       8.03795020       8.02914143       8.00616662       7.99243371       7.97374169       7.96233336       7.94197480       7.94164181       7.91327477       7.88961649       7.87940025       7.87575801       7.84861644       7.73690859       7.57743359       7.48208364       7.50975847       7.60726690
       7.68505017       7.70690838       7.74510860       7.73937464       7.64905850       7.78939168       7.97815005       7.93741703       7.92556683       7.94566631       8.00202529       8.07917515       8.10710033       8.22554191       8.36032470       8.61959140       8.77504985       8.91359170       8.86086702       8.89403343
       8.96030029       9.01257515       8.91786655       8.83972486       8.76742522       8.73359998       8.70555003       8.84229978       8.84713332       8.79492521       8.58309189       8.52509975       8.48017534       8.45682542       8.41227531       8.33770831       8.34187508       8.38361661       8.40277513       8.39541674
       8.51614157       8.32937479       8.38215828       8.43308369       8.54966640       8.56088320       8.47342491       8.43065818       8.28579187       8.37297519       8.32375844       8.26003313       8.15471649       8.14224958       8.12405825       8.32929134       8.21525812       7.93781678       7.88769960       7.91862488
       7.67165820       7.04080025       6.44282500       6.17864172       6.84138298       7.35766649       6.61801656       5.71299990       7.13444153       8.34441662       8.46971671       8.61874183       8.72125864       8.77010822       8.42100859       8.31431707       8.73498360       8.61749967       8.04394960       8.93499136
       8.45734199       6.29563332       7.61012475       8.10940822       8.31539154       8.41453314       9.02611657       9.80663328       9.96862984      10.22883987      10.78800964      11.25298977      11.22204971      10.91086006      11.08166027      12.42469978      13.94925022      14.96895981      15.24814987      15.79129982
      17.24806976      18.64946938      20.81936073      23.66859055      27.26094055      30.54962921      32.61832809      34.45785141      35.83174896      36.40232849      36.04571152      34.36853027      32.57910919      30.10293007      27.55467987      26.29516029      25.66604996      24.09531021      22.38532066      21.48381996
      20.80814934      19.66736984      17.48585865      14.12990888      12.40344127      10.45295874       8.96325827       8.35114161       8.26150815       8.16920042       7.78372526
       8.13139200       8.12278350       8.12065840       8.03216696       7.99048344       8.00143321       7.99443324       7.98695803       7.98027515       7.98088312       7.95699199       7.92877515       7.92098363       7.89880037       7.87941694       7.82029152       7.71471659       7.60495027       7.52254963       7.49382496
       7.49709129       7.53445864       7.58969148       7.65012503       7.61451642       7.62082497       7.94277509       7.97316631       8.00270001       7.99060822       7.98061689       7.99619993       8.00323327       8.05019140       8.20580006       8.34048351       8.51615032       8.75448306       8.81207466       8.86526664
       8.88692458       8.95690838       8.88091644       8.81810824       8.71902466       8.70906671       8.77535025       8.96049976       8.90807470       8.79456679       8.70045821       8.56825829       8.48535856       8.46865813       8.48334153       8.45245838       8.41365814       8.35211674       8.29689980       8.33171686
       8.43084176       8.36671670       8.41879129       8.43490839       8.56318315       8.52961699       8.47243309       8.43384186       8.34477504       8.44899972       8.49090020       8.44030857       8.41532469       8.38618358       8.34566673       8.29527537       8.05097500       7.93359995       7.88729191       7.91545868
       7.86587477       7.72570848       7.70145814       7.45189985       7.02854156       6.48802519       6.80303335       6.69765870       7.14944998       8.21888367       8.33738327       8.61767530       8.84030024       8.78060818       8.18639994       8.47615878       8.71546666       8.40897481       8.06807518       9.38129981
       7.40084171       6.49750829       8.05363337       8.25592518       8.59317474       9.20537537       9.82509041      10.14605045      10.62660980      11.61013031      12.73610020      13.56363964      13.67150974      13.01395035      13.01043034      14.91816998      17.16732025      18.65369034      18.99039078      18.86421967
      19.31580925      20.10749054      21.86741066      23.68112946      27.01407051      31.17319107      34.57418060      36.49647903      37.58887863      37.91136932      37.43291855      35.96876907      34.21448898      31.94372177      29.50540924      28.42334938      27.21825981      25.29303932      23.95413017      23.14732933
      22.67958069      21.58021927      19.19755873      15.40574949      13.51415793      11.59634988       9.69515006       8.63658349       8.41151635       8.15210819       7.47062524
       8.16274166       8.15170844       8.14194202       8.09032520       8.04201682       8.01967462       7.99773296       7.99859206       7.99942493       7.98840841       7.97415813       7.95436700       7.94504166       7.94649204       7.92463303       7.88531701       7.83677498       7.78165023       7.71941662       7.67289162
       7.66886632       7.69986709       7.73779154       7.81770865       7.76688337       7.71389167       7.88049142       7.99778303       8.06459983       7.99338341       7.99743334       7.95490821       7.94174989       7.95745850       8.10601711       8.14720869       8.28885873       8.50893339       8.74278307       8.92323335
       8.92069976       8.99761677       8.83052508       8.78985008       8.73583317       8.81193320       8.83115848       8.96975835       8.81390015       8.71165037       8.68617535       8.59443347       8.55882486       8.56606642       8.59547536       8.59844128       8.53004138       8.42855851       8.34877491       8.36030006
       8.38560025       8.36369991       8.35184177       8.37582509       8.45764160       8.38929176       8.38413318       8.34321658       8.37374131       8.40772470       8.48205805       8.41185808       8.33635807       8.30561638       8.39128335       8.18158309       8.09425831       7.96971639       8.01706632       8.01033338
       7.85051664       7.99060027       7.84049193       7.73362478       7.94588327       7.98857530       8.14205011       7.52436638       6.49132490       8.02921693       8.40004206       8.63140821       8.70135864       8.51845026       8.12764168       8.63698324       8.60213359       8.04849148       8.67721637       9.57460006
       6.55954162       7.44401693       8.31034173       8.92416705       9.73463367      10.29963970      10.63640022      11.11651039      12.41858006      13.84914017      15.19368935      16.20713997      16.51140976      15.89896011      15.62406921      17.56458092      20.55536079      22.76827049      23.03829002      22.71896935
      22.64789963      23.51899910      24.46701050      25.24758911      27.56631088      31.25672913      35.82759857      38.61705017      39.50598145      39.72296143      39.26544952      37.91159058      36.17887115      34.11671829      31.93181992      30.23181915      28.19894028      26.34589958      25.18613052      24.18358994
      23.36660004      21.98218918      19.31203395      15.50141651      13.40393384      12.04607487      10.56550821       9.29378351       8.79729986       8.11396678       7.24011660
       8.15440814       8.15752506       8.13066641       8.07208379       8.02819967       8.01327467       7.99692472       8.00778310       8.01350037       8.01177502       8.00836643       7.98645814       7.97114134       7.97343334       7.96246688       7.94142485       7.90860812       7.88739204       7.85832485       7.85274982
       7.85998344       7.88944165       7.95154969       8.01595847       8.07346662       8.04449161       7.90040811       8.03524176       8.01225821       7.99524148       7.98416694       7.81260808       7.82949130       7.90458361       8.07459990       8.26118310       8.37335030       8.31804991       8.63059203       8.82482529
       8.83541663       8.85398308       8.72595867       8.72378349       8.73064200       8.79110018       8.81608327       8.88787508       8.80385002       8.68737539       8.66916656       8.62891674       8.63879204       8.63384167       8.64168326       8.65292470       8.61758312       8.49957466       8.39268366       8.44324986
       8.45724980       8.44225009       8.38445028       8.48129193       8.40549151       8.35545858       8.33128293       8.30312490       8.35309982       8.44682535       8.34507465       8.32374175       8.27270031       8.25940847       8.32187494       8.32538366       8.40456645       8.14519962       7.87805796       7.82905817
       7.77588367       8.23017518       8.06081692       8.07499170       8.13339154       8.17744970       8.19129149       7.79472510       6.27570828       8.00090869       8.57789993       8.91489188       8.76373370       8.36602529       8.27173313       8.70053371       8.44570001       7.92895794       9.28283294       8.26590856
       6.56949169       8.50642535       9.25568008      10.08102989      11.33885956      12.72597980      13.34383011      13.90653992      15.16346931      16.69491959      18.17067909      19.12258911      19.40464020      18.64772034      18.18481064      19.94860077      23.13088989      25.99721909      26.73387909      26.74546051
      27.36759949      28.30352974      28.03347015      28.00536919      29.43869019      32.37694931      36.54317856      40.33032990      41.37139893      41.56512070      41.07233810      39.57678986      38.17187119      36.17565155      34.46525192      32.25067902      29.76605034      27.75608063      26.39398003      25.11129951
      23.73485947      21.87528992      18.96075846      15.36248283      13.11959187      11.82501634      10.61393340       9.53642527       8.98037513       8.06271633       7.23222494
       8.23418299       8.18200032       8.12990824       8.10273329       8.04407517       7.99731652       7.98381646       7.98557520       8.00410827       8.00920010       8.02208344       8.01484982       7.98827489       7.98263311       7.97639132       7.96169996       7.94053316       7.90536642       7.89823294       7.91220824
       7.90309191       7.94897477       8.00860802       8.06776683       8.15403303       8.20159992       7.95498371       7.98865000       7.92551676       7.90000041       7.84183343       7.52843301       7.51894156       7.65426636       7.91014989       8.37151686       8.55286678       8.36667538       8.57414166       8.77049128
       8.74695857       8.71541659       8.66465012       8.62179995       8.63699992       8.66455873       8.74471664       8.68836641       8.62440825       8.62352530       8.63877535       8.64117463       8.67324988       8.65454992       8.63324960       8.63120000       8.59970808       8.52158308       8.44788313       8.50023349
       8.54562521       8.51640860       8.41916641       8.48346631       8.37591648       8.31185023       8.38958343       8.32172473       8.37251663       8.40607484       8.18857511       8.18328301       8.31962506       8.40490818       8.27031692       8.39063327       8.08272521       7.98182487       7.75014162       7.71095832
       7.91406631       8.06879997       8.33732526       8.10169140       8.09818347       8.14964135       7.51068354       6.39837503       6.94401662       8.23787530       8.69206667       8.73049180       8.73356660       8.22139978       8.47728332       8.63142490       8.19335858       8.27205817       9.48962514       7.44785976
       7.27260017       9.29162979      10.55603981      12.33716965      14.53429985      16.70191956      17.81916046      18.27975082      18.95467949      20.14291954      21.54006958      22.31543922      22.16793060      21.17600060      20.49271011      22.03755951      24.98069000      27.96434975      29.61360931      30.35590935
      31.63058090      33.14923859      33.21480942      32.39160156      32.86846161      34.35268021      37.82099915      41.70671082      42.95269012      43.01309967      42.54391861      41.21826172      39.99570847      38.19322968      36.50690842      34.48524857      32.03255844      29.59210014      27.71213913      25.88245010
      23.72514915      21.30188942      18.71235085      15.49347555      13.13013315      11.52732531      10.08299192       9.26575025       8.84611686       7.91308324       7.29248365
       8.25704177       8.19730838       8.16690842       8.14657529       8.09706688       8.07237466       8.06141694       8.04746628       8.02131653       8.03617477       8.02249988       7.99499194       7.97671636       7.98260848       7.98464139       7.96584209       7.95059999       7.92972485       7.92391698       7.93376684
       7.92699973       7.95002460       7.99424966       8.01635027       8.04900805       8.10994148       7.96600024       7.92100827       7.91170041       7.86076705       7.78275808       7.60438363       7.44975011       7.48039166       7.69050837       7.94511636       8.16129128       8.16059192       8.42301687       8.69554996
       8.68711631       8.68884961       8.67732525       8.67943366       8.70769183       8.66571665       8.75884136       8.63408327       8.58181636       8.54800860       8.55508327       8.53658358       8.52567514       8.51457516       8.53209972       8.53496631       8.49604130       8.45144192       8.44384193       8.56148322
       8.61009995       8.61066659       8.52182468       8.53097518       8.45084190       8.38010867       8.43605836       8.38189205       8.50744168       8.44355822       8.19083293       8.22415829       8.27020804       8.43044996       8.25936635       8.23395014       8.18023364       7.84043312       7.87909985       8.00633351
       8.04146687       8.03810835       8.05654128       8.04927508       7.92903344       7.06619978       6.26349171       7.46709188       8.08181683       8.43259176       8.82826646       8.70572488       8.56858333       8.18945805       8.60427459       8.48686695       7.91776657       9.22298311       9.82200836       6.75602007
       8.38574028      10.80613995      13.18966007      15.71873093      17.97183990      20.30233002      21.60713959      22.33155060      22.75366020      23.60062027      24.50412941      24.83538055      24.39226913      23.27688980      22.61638069      23.72347069      26.33266068      29.56217957      31.98720932      33.54513168
      34.92766190      36.50759888      37.62488174      37.42374039      36.85437012      37.23220062      39.63970184      43.03725815      44.43098068      44.51007843      43.93373108      42.91461945      41.63991165      39.91992188      38.23785019      36.43225098      34.24760056      31.77993011      29.26549911      26.96326065
      24.26481056      21.45895004      19.02968025      15.91112527      13.45390797      11.82776690      10.21601677       9.20689980       8.80161683       7.75735855       7.36734152
       8.25342496       8.20664962       8.23935827       8.22016637       8.11331669       8.06389968       8.03597530       8.08503310       8.08475812       8.07715019       8.11334133       8.09373299       8.04435809       8.03339163       8.04931641       8.00953309       7.97965844       7.96265841       7.93617487       7.94318358
       7.96639204       7.99322526       7.98027515       7.99959183       8.02939971       7.95099974       7.91267474       7.90500005       7.95455853       7.98685869       7.92145809       7.84722487       7.75283337       7.62074153       7.55225817       7.84274181       7.95365016       8.00412496       8.23614995       8.55936686
       8.64343325       8.63188346       8.70620012       8.67363373       8.64523331       8.63444964       8.73401642       8.63171657       8.60702515       8.51889133       8.47118298       8.42877467       8.42759132       8.43327522       8.43237480       8.43352477       8.42873335       8.40744178       8.41710011       8.47216686
       8.45650832       8.42179139       8.42349132       8.43839963       8.47025792       8.41435830       8.38478327       8.39990854       8.33914200       8.33264987       8.28080018       8.19589138       8.16472530       8.32713366       8.18759998       8.12628349       8.27765862       7.97463338       8.00504128       7.89694150
       7.83843358       7.97264973       8.01381667       7.73441633       6.54280821       6.49552504       7.95617501       8.16684961       8.26730808       8.50929181       8.76164198       8.73220841       8.43026638       8.27896674       8.67428303       8.30210845       8.00735815       9.84962491       9.58302975       6.91212988
      10.32518005      13.08010006      16.71721077      18.85429001      21.17609984      22.94711644      24.08220076      25.17267537      26.06418037      26.95166969      27.51926041      27.34333038      26.63957024      25.16045952      24.42342949      25.31135941      27.83629036      31.54404068      34.05355835      36.15369034
      38.22238922      39.97737885      40.76826096      40.94939041      40.50732040      40.59410095      41.52389145      43.60374069      45.09751892      45.48168945      45.14820099      44.28330994      42.84532928      41.31018066      39.69353867      38.20901108      36.12141037      33.89393997      31.46704865      28.91654968
      25.72176933      22.74485970      19.85843086      16.20014121      13.26770862      11.67243322      10.22858302       9.28078334       8.87376626       7.70905018       7.39462535
       8.23858341       8.16963355       8.23264996       8.23656638       8.14114173       8.11931690       8.06799968       8.08825016       8.10873350       8.08374166       8.11661641       8.13429197       8.10739199       8.08038314       8.09549173       8.11207533       8.09382518       8.05529197       8.01974138       8.02106698
       8.01039139       8.04059188       7.96967506       8.02408298       8.07099978       7.99173355       7.88142522       7.84363349       7.88203319       7.92620023       7.90568352       7.88952510       7.80019999       7.68143336       7.57272482       7.85112540       7.90893316       7.95490821       8.09017499       8.40572516
       8.64999135       8.56829961       8.73080810       8.73029153       8.73819987       8.74239127       8.78006697       8.64833355       8.58844995       8.55088313       8.50721677       8.46589168       8.46676668       8.47599983       8.48903338       8.49893332       8.50919962       8.50638310       8.51588329       8.49503358
       8.45969200       8.41522535       8.36802483       8.33282471       8.35709969       8.37448359       8.35695823       8.29895814       8.23793332       8.26461633       8.27954133       8.18854173       8.09269985       8.18535010       8.20365826       8.35754156       8.67056688       8.09799989       7.92129993       7.82196681
       7.97640800       8.31811666       8.03145806       6.69889132       7.09682465       8.08663368       8.25239182       8.28375022       8.41086706       8.56319189       8.71626695       8.69700829       8.30529133       8.32914988       8.64457528       8.11183373       8.30558300       9.77284968       8.56404018       7.97294998
      12.26537991      14.95241601      17.94000844      19.81045890      21.71044146      23.32205040      24.76859103      26.25405905      27.77196631      28.78772430      29.33804949      29.53282583      28.37482071      26.78738022      26.05415916      26.98617935      30.10386086      33.23920059      37.54008102      40.61669922
      42.50825882      43.70804977      44.79534149      45.18088150      44.01314163      42.84589005      43.03205109      44.01591110      45.18360901      46.03884888      46.15652847      45.30569077      43.82749939      42.41508102      41.17621994      39.99898148      38.43262863      35.87488937      33.30612183      30.59929085
      27.34540939      24.34693909      21.11643028      16.58120836      13.06483348      11.04781707       9.60553328       9.16870832       8.64135822       7.60619164       7.44517485
       8.23243300       8.16903353       8.24359179       8.20339998       8.13382467       8.12785864       8.08908304       8.08945815       8.10242494       8.08339198       8.06845824       8.12334140       8.11071634       8.08703343       8.04959138       8.07961702       8.09019168       8.09846640       8.12973340       8.14128319
       8.11635812       8.09235017       8.05288315       8.02559137       8.05710872       7.97359149       7.90458361       7.87469149       7.86890825       7.85358349       7.82999992       7.82350858       7.74430831       7.61684974       7.57539193       7.87854989       7.77274132       7.85113335       8.01470836       8.29863310
       8.62399181       8.61649195       8.80470832       8.78672520       8.82340034       8.82819970       8.79528364       8.65765810       8.59930833       8.55221669       8.49695841       8.49390825       8.51017475       8.50728353       8.53294134       8.55909189       8.56585821       8.60378345       8.64890814       8.61823320
       8.53763342       8.45736663       8.38154157       8.36521626       8.35283359       8.34809144       8.35237503       8.31572533       8.25178305       8.22438320       8.23309978       8.26000849       8.19815795       8.19040855       8.20916653       8.15284967       8.23557536       8.11137517       7.86228339       8.38213364
       8.10180823       8.05323362       7.74117470       6.42437498       8.00503333       8.12674205       8.21647485       8.30809991       8.38189999       8.55209192       8.70835861       8.60504150       8.28409990       8.45081647       8.56266658       7.95319160       9.22616641       9.66824147       8.06448339       9.92629989
      13.22244972      15.03096695      17.16087551      19.12763335      21.07468351      22.68893312      24.39755834      26.01946596      27.55000045      28.69485792      29.54130910      29.71856702      28.73282051      27.55541992      27.05603027      28.62991905      31.48675156      36.40859985      41.24185181      44.43343163
      46.20220731      47.09416962      47.67412949      47.66831970      46.55807114      45.28540802      44.65018845      44.74707031      45.62176895      46.49300003      46.71393967      46.06253052      44.79600143      43.36581039      42.14743042      41.00659154      39.79031766      37.52510058      34.90667432      32.00628471
      29.05807470      26.21768951      22.56036631      17.86245823      13.64210765      10.94953299       9.46581682       8.96436691       8.04824988       7.47320811       7.47579972
       8.24894985       8.20771694       8.25050036       8.18517526       8.13639164       8.14220826       8.11164141       8.10696681       8.11565002       8.10378313       8.10021639       8.18909963       8.12774181       8.09794188       8.05985848       8.06661685       8.10728312       8.12027534       8.16998323       8.29076687
       8.28004996       8.31737518       8.17809979       8.09154987       8.01318328       7.89602518       7.94645866       7.95943340       7.93629964       7.85665830       7.81355858       7.82233318       7.74577459       7.63574998       7.43390004       7.69829194       7.67915010       7.76315848       7.95594136       8.17894141
       8.52667491       8.59716654       8.83174181       8.78040870       8.73559157       8.72843345       8.63169988       8.56085857       8.53391647       8.55513334       8.53952487       8.52039973       8.48166704       8.45585028       8.46774975       8.50212495       8.51274172       8.53569984       8.55413357       8.53655815
       8.48493338       8.41045856       8.37881645       8.39516640       8.39322488       8.36784204       8.35269133       8.33535830       8.29082489       8.25501680       8.18823338       8.16449165       8.12117497       7.93102503       8.03137541       8.10047468       8.14309200       8.05633307       7.99669981       8.35503340
       8.13678344       7.77477503       7.65988350       6.68039958       7.89278348       8.22576682       8.24837526       8.28776677       8.34793329       8.58084997       8.63730033       8.62283309       8.33225012       8.55712493       8.47444137       7.96509186       9.52842474       9.58312511       7.51037520      11.33363365
      13.87828345      15.08870871      16.82419978      18.50376713      20.25823288      21.85271659      23.43969170      25.11110831      26.66194234      27.84322440      28.61653253      29.04991617      28.48435974      27.73397064      27.91575050      29.59790039      33.45705032      38.07508087      43.36454213      46.58868446
      47.95501518      48.68103027      48.95555878      49.06549072      48.75825119      47.90303040      46.81412888      46.48820877      47.01351166      47.38042831      47.33158875      46.58288956      45.55567169      44.26232147      42.90513992      41.54324300      40.18403328      38.32553373      35.89441633      33.11570689
      30.39819950      27.57530792      23.79499181      19.03764203      14.78366693      11.63018306       9.63584185       8.86474133       7.87593365       7.37269163       7.40457535
       8.22165807       8.21619193       8.23620796       8.16707532       8.16905816       8.16611687       8.12925816       8.10531696       8.11895847       8.15193335       8.18109194       8.25615009       8.15504154       8.09442520       8.06923310       8.06020021       8.09146643       8.13176632       8.18918308       8.31686656
       8.31833363       8.42125018       8.38119189       8.39730819       8.25654984       7.95190016       7.94770797       7.97136704       7.97471682       7.89262533       7.87690004       7.88285812       7.82419205       7.71336635       7.40389983       7.45490869       7.59720008       7.67964999       7.88525025       8.05499156
       8.39567502       8.58755032       8.58312527       8.57363304       8.59720866       8.60040824       8.52441708       8.53926659       8.52115870       8.55407476       8.54854981       8.53914181       8.51960818       8.48277489       8.44302495       8.43058348       8.42452526       8.42856646       8.46688350       8.48353306
       8.44702482       8.38970820       8.38092486       8.42024167       8.42195034       8.38132461       8.36187522       8.30396652       8.26944192       8.28804175       8.24425856       8.17039172       7.99278339       7.72204161       7.68496672       8.18326632       8.13884179       8.05680831       8.16316684       8.08530013
       7.91008313       7.80592521       7.79316664       6.80919965       7.78178294       8.27819983       8.29804182       8.26269150       8.47326676       8.58834982       8.66645018       8.71567488       8.30195824       8.60492468       8.40515852       8.11319987       9.66300011       9.50866699       7.34945854      12.20575027
      13.77323369      14.70019129      16.07923382      17.67131644      19.18519936      20.66362466      22.16795812      23.71675028      25.21745024      26.43884125      27.39746637      28.09787463      27.96290970      27.39211082      27.76552963      30.49786949      34.55865097      39.37707901      44.24956512      47.16413447
      48.62600034      49.52103043      49.90718079      50.14519882      50.30992889      49.92702866      49.03773880      48.71120071      49.23995972      49.18741989      48.12585831      46.94396973      45.78398895      44.62934113      43.15061684      41.62220708      40.19446719      38.39638377      36.12912437      33.52005857
      30.87575132      27.85265893      24.18804105      19.74688282      15.80709140      12.79942513      10.21498362       8.78245036       7.65270869       7.39031633       7.81205813
       8.19853306       8.22028319       8.22969198       8.13991626       8.16501697       8.16512505       8.10515801       8.09253295       8.11781645       8.16759189       8.23589166       8.27480872       8.17768335       8.12880834       8.09336662       8.05107514       8.07450851       8.11951637       8.22471698       8.27756643
       8.28163306       8.34733327       8.34494988       8.38213364       8.28430017       8.05718342       7.98332532       7.95107524       7.96044985       7.90219148       7.93339173       7.93590864       7.91024129       7.86104202       7.68860022       7.41321643       7.48824199       7.62648344       7.80401707       7.94141690
       8.36015860       8.56722514       8.54585807       8.55130037       8.56654962       8.59095017       8.49552472       8.47205003       8.52246682       8.54629993       8.53195031       8.50840807       8.49226634       8.45597506       8.44910860       8.46515020       8.47705841       8.48788341       8.51126671       8.51147493
       8.43841632       8.37966681       8.36976687       8.36069187       8.37435802       8.37479989       8.32486629       8.26081673       8.25165828       8.23773305       8.20705016       8.17197482       7.98213323       7.68586636       7.56301641       8.00899982       8.15678358       8.04388364       8.12489192       8.06472460
       7.98137506       7.91671673       8.38929176       6.73316638       8.23175033       8.34155003       8.36780866       8.46603314       8.56803338       8.57280016       8.59407504       8.73574972       8.26878309       8.62490018       8.36184978       8.36923361       9.72380002       9.48784987       7.58205016      11.98434989
      12.48468320      13.38958287      14.72269241      16.21551720      17.68482437      19.11114944      20.54490841      21.97568396      23.53999935      25.11596705      26.46297503      27.40535807      26.98316002      26.07641983      28.07859039      31.55403137      35.80577087      40.73062134      44.79135755      47.45727463
      48.95425084      49.94916916      50.63182831      51.08911133      51.18444061      50.93095016      50.54544830      50.36594009      50.30256747      50.00094045      48.84751129      47.36161041      45.95692062      44.56087875      43.21253471      41.78642647      40.32281657      38.77685689      36.71917465      34.37644869
      31.24444916      27.73478347      23.54137548      19.57543399      16.09750907      13.39905898      10.44438362       8.48704179       7.44013309       7.87274202       8.12849204
       8.21182489       8.23024193       8.24409167       8.18069140       8.18122466       8.16302538       8.10272535       8.09004148       8.10094992       8.15278371       8.21503321       8.22265863       8.15861702       8.16610813       8.14615806       8.09799194       8.08058341       8.14405839       8.21209192       8.20929130
       8.23887507       8.26876640       8.24921687       8.29965830       8.16760858       8.07466666       8.04343303       7.99680789       7.95500835       7.89210002       7.92818308       7.93009202       7.92543332       7.95063337       7.79794137       7.64549971       7.32493321       7.46661663       7.75605838       7.91637500
       8.29742511       8.56905858       8.50050847       8.60163371       8.58926694       8.59083335       8.49925041       8.49359194       8.50255807       8.52176666       8.51851702       8.50579977       8.50747506       8.50924174       8.52683306       8.55134169       8.54990800       8.56902520       8.60174974       8.54420821
       8.43551636       8.39420001       8.36984158       8.31919988       8.31340869       8.31292470       8.25674136       8.23795795       8.25796684       8.24924151       8.21475029       8.11639150       7.88791656       7.64762481       7.55785863       7.74028301       8.22446664       8.16041629       8.15949996       8.08295012
       7.97385852       8.01332474       8.46301635       7.01477528       8.02738349       8.29211632       8.45533371       8.58993292       8.71757507       8.73286645       8.68874153       8.58686686       8.36414973       8.63216639       8.34053357       8.61020009       9.83153343       9.69760815       8.52978309      10.67863305
      11.01388295      12.09626675      13.45691681      15.14747557      16.62619928      17.91934114      18.88245764      19.88784100      21.51052502      23.61415812      25.20429960      25.85141945      24.92828941      25.21694946      28.63747978      32.59146118      37.48469925      42.44202347      45.96315676      47.99075979
      49.42417145      50.47399902      51.43957138      52.01271820      52.20362854      51.99819946      51.71654129      51.42929171      50.77154160      50.13063049      48.93170929      47.42382812      45.79198837      44.30310059      43.00760816      41.74478254      40.61809074      39.26735860      37.58915695      35.03215078
      31.00810740      26.39081661      22.15527534      18.32109114      15.26195049      12.68640836       9.75534995       7.92394161       7.52575874       8.05883328       8.20554177
       8.19490035       8.24074984       8.23057493       8.21180820       8.21966648       8.16795826       8.12144995       8.11642488       8.11831633       8.17310810       8.21213325       8.21763357       8.16234986       8.18954150       8.19273313       8.15164169       8.08964968       8.13670794       8.18017483       8.12814156
       8.14028343       8.20720037       8.19315831       8.26208353       8.11167479       8.06266705       8.06088368       8.07649136       8.02382469       7.92597532       7.90801684       7.91514158       7.94555028       7.96516657       7.82878319       7.71125793       7.47544130       7.30350018       7.64835835       7.95064131
       8.30906709       8.54439974       8.56115023       8.58810027       8.53734970       8.53794972       8.47779195       8.43178352       8.44256639       8.48524968       8.48817507       8.50965818       8.53916645       8.54540030       8.54214191       8.52416674       8.51691643       8.53725036       8.54703347       8.48427534
       8.41061672       8.41144164       8.38525852       8.33972534       8.33475828       8.30605030       8.25354179       8.25900873       8.30164194       8.28531663       8.18921645       8.01855803       7.77817488       7.63590813       7.61721690       7.72412539       8.11499993       8.24829976       8.11786652       7.99921672
       7.97480822       8.43043327       6.92668358       7.94951677       7.94777473       8.18013350       8.45431646       8.57408365       8.70737473       8.83455038       8.58773311       8.30769142       8.34786654       8.67125034       8.34597508       8.93527508       9.98457511       9.87687508       9.09005801       9.65485811
      10.00577529      11.05368296      13.03247531      14.32557583      15.86382516      16.89224192      16.96698278      17.44345894      19.08769182      21.05672550      22.31718063      22.65928078      22.56538010      25.60920906      29.54425049      34.63240814      39.92048276      44.20673230      47.10745837      49.00221697
      50.42802048      51.46445847      52.28453827      52.79468918      53.02429962      52.96371078      52.75440903      52.12444127      51.19305038      50.14178848      49.00114059      47.37134171      45.63558960      44.18896103      42.69315847      41.21259079      39.77267507      38.42574259      36.44751587      33.02342351
      28.63485012      24.35347449      20.14570904      16.37123362      13.48969936      11.17813349       8.80023321       7.57358313       7.68958330       8.09735854       8.21765025
       8.19267511       8.24934165       8.22881699       8.24219147       8.25217485       8.18080028       8.13144128       8.13337485       8.15173308       8.19315036       8.23386669       8.24317535       8.22173357       8.25739145       8.27021678       8.18008343       8.12796672       8.14539194       8.14748367       8.09516668
       8.08503310       8.12842528       8.16105843       8.25244188       8.06328297       8.06146701       8.08360020       8.09632460       8.12564135       8.03716660       7.97961632       7.94220845       7.95396646       7.95901696       7.89899985       7.73578326       7.62670835       7.45735010       7.54724185       7.95261701
       8.29922517       8.45070839       8.53590806       8.55475028       8.50596666       8.50036701       8.46716642       8.41316700       8.42214187       8.43507528       8.45920006       8.50794156       8.52544149       8.53242477       8.52979183       8.48800818       8.47384135       8.50556691       8.49238316       8.44070832
       8.40735833       8.41186682       8.37214152       8.35309982       8.38327487       8.39467525       8.37802490       8.37124189       8.35798343       8.29811653       8.17413330       7.97841628       7.75221666       7.63159990       7.65176694       7.74480025       7.99555858       8.30535809       8.16521645       7.92296648
       7.92352517       6.82403326       7.41236687       8.06999207       8.04568370       8.21245829       8.19665829       8.32842509       8.38301659       8.69470040       8.70116631       8.32714160       8.24902534       8.73605808       8.38349183       9.05508359       9.98141686       9.65136687       8.27746630       9.57287470
       9.82385000      10.24764140      11.64513350      12.53472487      13.89055010      14.42422506      13.94215818      14.24384153      15.59803009      16.97911072      18.17605972      19.82280922      21.98027039      26.42251968      31.59049988      36.32545090      41.06881676      45.02474136      47.80503349      50.11001752
      51.77219009      52.55739975      53.23176956      53.53752899      53.64754868      53.57321930      53.18584061      52.33649826      51.45729828      50.38331985      48.97378922      47.32141113      45.48826981      43.84029007      42.32006734      39.93925741      37.29425743      34.98515109      32.39844922      29.10332470
      25.51847076      21.64435959      17.96881739      14.34664936      11.55260007       9.66443300       8.01887512       7.55391677       7.80767520       8.07000796       8.13480854
       8.19154183       8.25650851       8.22060823       8.25710853       8.24418306       8.20545832       8.13219150       8.15858364       8.18390846       8.20141633       8.25573365       8.24108362       8.26952537       8.30648343       8.30995003       8.28630845       8.24695031       8.21209192       8.18848292       8.10786645
       8.05869977       8.05693309       8.11800798       8.14768314       8.02378337       8.03042491       8.07060003       8.12865019       8.12751691       8.09747537       8.06083361       8.04345846       7.95345863       7.88629134       7.87561655       7.72125006       7.54813353       7.60255019       7.53305833       7.99544175
       8.16304207       8.31425031       8.47680012       8.50279967       8.55365038       8.47160021       8.42149178       8.41080825       8.42875004       8.41497501       8.43684991       8.49306663       8.50694974       8.51850033       8.53134155       8.50759983       8.50041628       8.55057478       8.56060028       8.52338314
       8.50808303       8.48921696       8.43474150       8.41509978       8.43590816       8.46608321       8.45683336       8.41219187       8.31632535       8.24004173       8.18655809       8.05215041       7.85588344       7.72455851       7.73905039       7.82126665       7.93167512       8.17925851       8.32167466       7.85868327
       6.52400851       6.10111674       7.92854150       8.02504142       8.18845828       8.19278320       8.04062525       8.10220798       8.35024993       8.65766684       8.83109172       8.46864144       8.19491704       8.76509190       8.43107462       9.13282474      10.11497498       9.86664136       7.78278351       9.38495795
       9.75979169       9.86375014       9.93209203      10.32257477      10.99634171      10.95579191      10.99566681      11.29183960      11.96712971      13.42646027      15.65859032      19.04479027      22.85289001      28.43029976      33.90564041      38.34029922      41.94410108      45.34115906      48.25278409      50.81825078
      52.41933060      53.41754913      53.94371033      54.13259125      54.06887054      53.78152084      53.18569946      52.36505890      51.52753830      50.38245010      48.85543823      46.92166901      44.42049026      42.18698883      40.46981812      38.38932037      34.82923126      30.83189011      27.75692940      24.84997940
      21.67443085      18.40353966      15.37070084      12.39380843       9.96668339       8.59270811       7.73809989       7.59174983       7.89405028       8.07766676       8.07509979
       8.20361694       8.27822526       8.24129184       8.25064182       8.23108355       8.20517540       8.15730015       8.12585831       8.17613363       8.20782502       8.25358311       8.20270856       8.27286641       8.34400813       8.39485010       8.38338296       8.40989192       8.39380026       8.35208337       8.24305852
       8.18360011       8.15222502       8.20284128       8.15131664       8.01196655       8.01515023       8.05292527       8.09541702       8.09511662       8.09249163       8.08433374       8.08940808       8.02269141       7.82058318       7.81100035       7.70566702       7.55606651       7.63628324       7.57515828       7.96081702
       8.05545012       8.10585817       8.38375012       8.48272483       8.51670822       8.48252455       8.49073331       8.46131643       8.42541695       8.40017478       8.43572537       8.47420851       8.48377466       8.51259152       8.53720029       8.56328328       8.61025016       8.66106669       8.64626646       8.62353325
       8.59361649       8.56295824       8.53198369       8.50478331       8.50661675       8.51204157       8.50873311       8.46046686       8.33166679       8.23032538       8.15493345       8.01134189       7.85942475       7.83524195       7.90427526       7.97050873       8.09079965       8.21134170       8.10507536       7.29614973
       6.23121659       6.34486675       7.50078360       7.87214200       7.99074968       8.04176648       7.50058333       6.99424187       7.08376646       8.07386637       8.72365793       8.20944150       7.97616641       8.77055009       8.49294980       9.03994163      10.18660863       9.67581669       7.74480025       9.12226677
       9.62848345       9.76683299       9.79522467       9.81006702       9.83154138       9.79104986      10.21925824      10.69009972      10.94429016      11.80881023      15.58999062      18.95253944      24.02123070      30.00978339      35.27208277      39.40784007      42.61154284      45.35889020      48.26286585      50.55425835
      52.31342428      53.35911179      53.83596039      54.03776169      53.90341187      53.62044144      52.92673320      52.10429059      51.17936615      49.91762924      48.42010117      45.21508026      41.83309174      38.96390915      37.13259888      35.58940887      32.34022903      28.04232025      24.32262993      21.09329987
      18.10794067      15.35577965      12.93393040      10.20699969       8.77089183       8.11068376       7.67583370       7.73952484       8.13150803       8.09554974       8.08080832
       8.20732514       8.26957464       8.23572477       8.28932524       8.23950847       8.22793325       8.20109129       8.14790805       8.17104975       8.20233345       8.24064175       8.19316705       8.25966676       8.38432471       8.44402472       8.46787532       8.60531648       8.68402481       8.64713351       8.50195011
       8.51728360       8.43911648       8.38851690       8.22855870       8.12255859       8.09505860       8.09844971       8.10559193       8.06903362       8.09362491       8.10706695       8.11211665       8.13852469       7.96539148       7.91108370       7.82171647       7.71974166       7.63489962       7.60245800       7.94879198
       7.92129993       7.89536635       8.26169173       8.45631679       8.51163308       8.47551664       8.46589168       8.46531630       8.43650023       8.41207504       8.45755816       8.48834991       8.51200819       8.55510871       8.57255856       8.62442493       8.67185036       8.69286696       8.67106676       8.67309173
       8.63324165       8.58892520       8.58937502       8.62577518       8.57215007       8.56742462       8.56094201       8.45539967       8.27335835       8.14289967       8.07479143       7.97624191       7.88504998       7.91205804       8.05898348       7.87052472       7.26839145       6.43990835       7.42852529       8.31809203
       8.23319991       7.34332482       6.83739185       7.72577524       7.69482533       7.48820861       6.74741666       7.43631681       7.14100838       6.71427488       7.64126698       8.24517488       8.24924151       8.76035849       8.56452465       8.44694138       9.60015853       9.37845866       7.69215027       8.91355832
       9.41840808       9.57296689       9.67068354       9.68986670       9.66061672       9.59533374       9.85914132      10.38073308      10.63741016      11.50525951      15.55529976      19.70070076      24.86727425      30.15436651      35.00893250      39.33320788      42.53455719      44.89244197      47.29688194      49.51481819
      51.08758423      52.39446587      52.91154935      52.96741681      52.82178243      52.46264898      51.86565961      51.17637365      50.10779869      48.66594289      46.21033096      42.50712967      38.41403961      34.97946167      32.40213013      30.45148087      28.22677040      25.20645905      21.54540062      18.31815910
      15.51285934      13.10988998      10.55864990       8.89666637       8.31741651       7.85617510       7.79611667       8.26528311       8.31832488       8.16308339       8.09870005
       8.21321646       8.26191664       8.21441650       8.30055873       8.27519178       8.25525840       8.23074977       8.15226634       8.14637502       8.18854968       8.23000828       8.20379178       8.25989962       8.35172494       8.43764146       8.53402535       8.68154128       8.78411690       8.76654148       8.72926633
       8.80623341       8.80783319       8.78139178       8.47972473       8.35234165       8.31279198       8.24071646       8.19156647       8.12889973       8.13336690       8.14051628       8.13721657       8.18558296       8.00278346       8.01887512       7.91865826       7.89155801       7.71779140       7.65795867       7.98505863
       7.84373363       7.76515802       8.10301701       8.39863300       8.48616680       8.45104138       8.45030864       8.47920815       8.45946630       8.42024962       8.43364159       8.48027468       8.50878318       8.53610039       8.56071631       8.62620831       8.66645813       8.65409136       8.62769127       8.64295006
       8.65085840       8.58020862       8.60395829       8.61494144       8.60619148       8.58450015       8.52491697       8.38623365       8.18245808       8.08732510       8.05653334       7.88693349       7.81218370       7.43236701       6.65506681       6.32189989       6.78459962       7.60737499       8.05674156       8.22679996
       8.26064189       8.23557536       7.08879153       6.72814131       6.81885799       6.93382502       7.67259200       7.94927518       8.09096654       7.26806641       7.26934195       8.76778364       8.48000844       8.75969172       8.65002473       8.24737469       9.35735861       9.41425800       7.82920837       8.67573341
       9.26311652       9.44644133       9.55337524       9.50800021       9.48014180       9.43857511       9.56660811      10.05141703      10.38803005      11.49654961      15.15222931      19.79359214      24.28259163      29.33759187      34.01231766      38.22282499      41.57982559      43.99169044      45.89419149      47.68265851
      49.31042506      50.68443476      51.01115710      50.95244204      51.00709025      50.90492579      50.48168462      49.77170855      48.68120054      47.10792669      44.24184875      39.66598129      35.25825882      31.42121124      28.38747025      26.24559021      24.73166084      22.59459947      19.42905064      16.32674154
      13.36790797      10.92874982       9.21683311       8.35379203       8.04312468       7.75151650       8.30386639       8.41656685       8.31723293       8.17963362       8.15187534
       8.25221697       8.23635817       8.23674202       8.31387520       8.29612494       8.29825799       8.27929974       8.17216635       8.11583360       8.16105843       8.18201701       8.18092505       8.24905793       8.31619183       8.39570840       8.54339202       8.68032535       8.76917521       8.77892494       8.87525797
       9.00359154       8.90951633       8.91544978       8.64227533       8.55440855       8.49513372       8.42060010       8.35411628       8.29334180       8.26511701       8.23369980       8.22341681       8.17899148       8.07652473       8.00227483       7.94145823       7.94059197       7.90232499       7.85206636       7.96171665
       7.72085031       7.62613297       7.81944990       8.19841703       8.41822465       8.40141694       8.44899178       8.44608307       8.45908324       8.47297510       8.48157485       8.47205003       8.49119186       8.49779129       8.51558367       8.55514129       8.56458346       8.57362509       8.57682467       8.59749158
       8.61727476       8.55685870       8.53052537       8.56130838       8.58404160       8.55305831       8.44705820       8.28169982       8.16083352       8.23998372       7.73209174       6.85051680       6.32725000       6.46079183       7.41415024       7.95544147       8.17272504       8.06882461       8.07603359       8.12375863
       8.21003358       8.35562468       8.31367493       8.10775836       7.78972467       7.55189975       7.70725012       7.97504981       8.20788304       7.57845004       7.17674176       8.88996681       8.77135038       8.69558334       8.73101632       8.22331667       9.15385803       9.58418369       8.15519174       8.38756641
       9.28856691       9.29848353       9.31989988       9.28431670       9.28180854       9.25480843       9.22965844       9.63394969      10.10529041      11.20954037      14.56457996      19.08499101      23.36048314      27.93748327      32.04948451      35.82489276      39.11217552      41.74528221      43.35808454      44.60545158
      46.22999046      47.67030807      47.82719869      47.74716728      48.40384293      48.58140849      48.43311625      47.78783254      46.80715747      45.28299294      42.36906743      37.40977859      32.86207962      28.53115082      25.10277939      22.81842995      21.57369995      20.02619113      17.66725886      14.47934202
      11.32157479       9.60116704       8.55548302       8.01866690       7.78019190       7.90270805       8.47155809       8.44429970       8.34121704       8.21104129       8.18409999
       8.25661659       8.23795001       8.26373339       8.29083363       8.29918305       8.29136690       8.26939185       8.16863298       8.10879151       8.15393368       8.16138347       8.19993337       8.25456699       8.34511677       8.41099183       8.51187468       8.67714961       8.78424168       8.80334139       8.84473324
       8.92741680       9.05296644       8.90901645       8.72750839       8.69143327       8.68537505       8.62746636       8.54603370       8.52596680       8.44101667       8.37324142       8.32669179       8.29101642       8.22879155       8.18561633       8.07214975       7.99169143       7.88755020       7.87230015       7.92582512
       7.77114153       7.59367466       7.56529172       7.75530815       8.14297517       8.26085011       8.34811687       8.34476630       8.39170853       8.45664183       8.47161690       8.43149980       8.43210856       8.44110807       8.44904184       8.45542510       8.44975869       8.42863321       8.44139973       8.47411633
       8.45504999       8.45094999       8.44500860       8.47205798       8.48577499       8.43107462       8.15158367       7.96644131       7.59249131       6.86237494       6.44212484       6.85861667       7.58269151       8.19007476       8.24990034       8.26413314       8.20293347       8.19135030       8.14571699       8.12251647
       8.15391699       8.18741639       8.03209146       7.82001654       7.87144979       7.77326663       7.83154964       7.98781633       8.33860795       8.06168318       7.03114986       8.77929131       8.69793336       8.61704985       8.80408367       8.23061625       8.95759185       9.66266632       7.93764194       8.03768317
       9.27724997       9.13639148       9.10885811       9.01854197       9.01154200       8.99038315       8.97325834       9.14664160       9.73289204      10.75596046      13.67218018      17.94778322      22.24674970      26.28571590      29.89777616      32.86065918      35.26334119      37.55617582      39.34584869      40.77650134
      42.45995715      43.67183373      43.70920848      43.76976601      44.36798286      44.92859952      45.16874982      44.92759023      43.96197512      42.58024012      39.89689227      35.40616989      30.44562912      26.01958084      22.40393066      20.06337929      18.72930021      17.74135784      16.26083316      13.25040817
      10.62561671       8.96017472       8.02469174       7.91359186       7.70151695       7.98257510       8.36821636       8.37292512       8.27136676       8.22529157       8.21177483
       8.29588334       8.25401704       8.29261700       8.26999187       8.27590863       8.28538338       8.25911681       8.19765806       8.11544975       8.14608335       8.11243296       8.12063297       8.20899963       8.31361691       8.38496685       8.45729987       8.66291682       8.77613306       8.81276687       8.82776658
       8.83194129       8.98919980       8.92242511       8.73869181       8.69090001       8.66989136       8.66959174       8.65779161       8.59301647       8.57862473       8.51090034       8.47230832       8.44013294       8.29021692       8.24367523       8.16017469       8.09853315       8.01403364       7.97151645       7.87414153
       7.78003295       7.72468328       7.68322468       7.46743361       7.75385857       8.10897509       8.22345813       8.20900838       8.22618326       8.29804182       8.28203360       8.25971683       8.22562536       8.17968289       8.09645812       8.27086687       8.19159985       7.99940030       8.19235802       8.26437473
       8.23257526       8.23560794       8.27606678       8.28735034       8.00095002       7.75372505       6.88683351       6.49869998       6.66479985       7.42269993       8.19623311       8.24227492       8.23635022       8.32600037       8.29313358       8.41138363       8.36755832       8.37572495       8.17724148       8.08570862
       8.02724997       8.14860821       8.01362514       7.85569986       8.01690022       8.00213337       8.03882519       8.04737488       8.36554130       8.22778304       7.03780015       8.85128339       8.76190027       8.58286699       8.88416688       8.34704955       8.63078356       9.43486691       8.05739959       7.62950023
       9.10115004       8.94246658       8.85205030       8.68701696       8.69652510       8.76663367       8.76389980       8.70432469       9.28200038      10.13127537      12.45201015      16.67427470      20.74070802      24.27225007      27.09154205      29.41644927      31.14364110      33.05633372      34.93801603      36.75070000
      38.44089086      39.12946620      39.01612404      39.13489848      39.91548157      40.56749982      41.27389023      41.33999324      40.78453265      39.49710795      36.34749110      32.58607101      28.06106949      23.68976974      20.06049919      17.65282059      15.85510849      14.94677451      14.55473264      12.87658374
      10.26671648       8.57164145       7.92590857       7.75810798       7.72430023       8.05829128       8.39099169       8.32459132       8.27972492       8.24571689       8.21859996
       8.33317518       8.30639203       8.31845840       8.25341702       8.24121634       8.27364206       8.24767510       8.20242484       8.18169991       8.17187468       8.08494965       8.08274984       8.18345865       8.26023340       8.30245018       8.35160017       8.51564169       8.67470026       8.74200026       8.68835847
       8.62219175       8.94082467       8.83357525       8.73212496       8.71801694       8.66504987       8.69060040       8.66492510       8.63861640       8.67468357       8.57280811       8.62998327       8.44594161       8.33424966       8.27684164       8.21629127       8.13526710       8.08689992       8.10304960       7.97401667
       7.82634974       7.73532470       7.81596661       7.77288357       7.67051697       7.81443357       8.12039137       8.15534194       8.16742500       8.07486693       7.94095834       7.86359151       7.82354196       7.57723331       7.67143329       7.70247539       7.45868365       7.60565837       7.49080817       7.62934208
       7.95519988       7.98822482       7.80780792       7.18609174       6.51089152       6.55881683       7.14784145       8.00502539       8.44125827       8.32728306       8.09546630       7.81989972       8.26461633       8.60955000       8.41892481       8.62457514       8.67720842       8.39976708       8.26976697       8.12956651
       8.04013332       8.09542497       8.14200799       7.98002481       8.13077529       8.16359997       8.15279166       8.47470840       8.11304967       7.59629170       6.92257484       8.76530011       8.70669206       8.53912512       8.94840002       8.53286664       8.11638355       9.35984135       8.18157514       7.04655806
       7.60604143       7.78020859       8.20486625       8.16606681       8.19390853       8.29761664       8.18282525       7.99626668       8.35415792       8.86987457      10.70468998      14.82954229      18.52031659      21.53405852      23.99956646      25.42640068      26.82983332      28.37526648      30.22865856      32.98994064
      34.65344981      34.39408452      34.27343264      34.27072632      35.43736776      36.43336825      37.33844226      38.00163266      37.38009979      35.85547549      32.96678220      29.70140076      25.51106071      21.33050919      17.85051918      15.02365865      12.86532509      11.79875851      11.88162486      11.56222502
       9.60615794       8.24290832       7.79446681       7.73319960       7.95950015       8.28915834       8.37008317       8.32724174       8.29049985       8.30945015       8.21683327
       8.31755002       8.33990812       8.31983328       8.23336681       8.22478374       8.25610002       8.21904182       8.20798318       8.24919144       8.20259968       8.08514992       8.08444182       8.13803355       8.18694989       8.29966704       8.34126631       8.40641658       8.60543331       8.77400001       8.74987523
       8.68664185       8.93405040       8.79216671       8.75057459       8.73172522       8.68041674       8.71300856       8.65479151       8.66333326       8.63487482       8.54909182       8.64142497       8.38400841       8.35844199       8.33014965       8.30854177       8.21769158       8.18775813       8.20144176       8.13654979
       7.97641675       7.79116631       7.76034196       7.72272507       7.42288351       7.48517513       7.52657493       7.69761642       8.20509195       7.96362480       7.71343311       7.69178311       7.71699985       7.67706633       7.83785025       8.00252517       7.85275857       7.73976644       7.54904191       7.17227459
       7.35570828       6.85765028       6.51094993       6.91362540       7.87469149       8.44587485       8.48029137       8.26170842       8.11810811       7.87830830       7.82715877       7.86854982       8.31242482       8.42252493       8.53503307       8.96787484       8.57015848       8.58338356       8.53466670       8.44525814
       8.26706648       8.02874962       8.12814156       8.24125846       8.40647539       8.31747532       8.28304132       7.85938342       6.78555012       6.97275798       6.94384972       8.29183340       8.47608328       8.37544998       8.99503311       8.71314128       7.86759138       9.14810816       8.58852466       6.84250832
       7.32449134       7.24079132       7.24568367       7.00268348       6.90554142       7.43392467       7.34879971       7.02240864       7.04519145       7.66324170       9.48635006      12.01234182      15.93195788      18.18799973      19.77714189      21.04905860      22.66409143      24.58633296      26.56832536      29.09810829
      30.32206631      30.05646610      29.44404984      29.87445068      31.26481756      32.51036746      33.68213476      34.29795125      33.87742577      32.35546684      29.81867447      26.38306999      22.71644974      18.85495949      15.45486069      12.41278315      10.13738314       9.56340869       9.38308318       9.08899148
       8.33551645       7.86780039       8.10545842       8.27605009       8.39668353       8.39748303       8.38173310       8.29445839       8.31689994       8.28647534       8.21634134
       8.33395004       8.31504981       8.27910821       8.21510871       8.19709142       8.21223338       8.19160859       8.19600026       8.26386690       8.16314141       8.07580868       8.05852493       8.07194153       8.11901649       8.21252505       8.32592487       8.38636637       8.52597475       8.77290010       8.74439160
       8.79105012       8.93401702       8.78797531       8.74388297       8.71104161       8.66741657       8.70342493       8.68784984       8.66549969       8.59295845       8.62425009       8.67295027       8.38137468       8.36047490       8.34087531       8.29614162       8.22279135       8.29289198       8.25064182       8.22699149
       8.03351641       7.85624186       7.87908316       8.22273334       8.13884179       8.05695852       7.84339190       7.63396660       7.56770849       7.22563346       6.96212530       6.91751639       6.81770802       6.73344135       6.68472528       6.62402511       6.63500826       6.59447511       6.56359156       6.43885016
       6.83662497       7.53416624       8.28134182       8.61775828       8.49069141       8.25452499       8.12789996       8.00787528       7.94989983       7.89614201       7.92039156       7.90528297       8.25287501       8.44183366       8.75862519       8.78752470       8.66107464       8.95203352       8.85409991       8.86592468
       8.57583364       8.36595853       8.23303302       8.24696700       8.40138356       8.29002460       8.29555035       7.10708300       7.29559978       7.15225856       7.12299188       7.31293360       7.35602538       8.01288366       9.01010036       8.86106650       8.03156694       8.84592533       8.91028325       6.99132522
       7.83594131       8.01649173       7.98565865       7.73940007       7.49124130       7.42759148       7.38855839       7.69041697       7.61387507       7.56983366       8.57149185       9.26525021      12.30090810      14.44312466      15.69521739      17.08135778      18.63480761      20.84723368      23.14287579      24.85934194
      25.58803356      25.58876038      24.60005951      25.12659073      26.91507467      28.28229102      29.54108255      30.30045073      30.16519929      28.83131593      26.59427071      23.34592056      19.85272026      16.29476929      12.96751674      10.09459983       8.75728289       8.29564969       8.03915024       7.97854185
       8.14528306       8.31916650       8.37934971       8.45379194       8.41749986       8.39047511       8.36073319       8.31674973       8.31033309       8.25069984       8.27370803
       8.29835018       8.30743313       8.27349186       8.21240028       8.18431695       8.19173336       8.19543362       8.16712538       8.22300831       8.16181660       8.09032520       8.07880799       8.05600802       8.05836678       8.16417535       8.30654144       8.38830868       8.48166704       8.72781674       8.68693352
       8.83179188       8.90301704       8.84294987       8.81014188       8.77307494       8.68522485       8.72264147       8.71293306       8.65295013       8.60983372       8.71225834       8.56029987       8.38677486       8.37030013       8.33839973       8.33484968       8.33930810       8.32908312       8.26845805       8.18441629
       8.27814182       7.81954130       7.11354971       6.88766638       6.65053328       6.61246657       6.67344173       6.75855796       6.89910014       7.13272492       7.52561649       8.05592537       8.24931701       8.32317511       8.47932498       8.59043363       8.62432486       8.60721677       8.61594133       8.66413371
       8.77338349       8.76750015       8.56689964       8.35632538       8.21240025       8.15632520       8.09347509       8.04385801       7.97724964       7.92490822       7.92101701       7.85093307       8.20191701       8.51665815       8.56763363       8.74945800       8.85196686       8.96976630       8.93999179       9.04365857
       8.83305868       8.73624166       8.70314201       8.26191664       8.40233326       8.29015017       8.27602466       6.90049966       7.42955844       8.06984186       8.84660006       9.11669970       8.39670022       8.13939174       9.01347478       8.98462534       8.23779980       8.66619190       9.12094196       7.39317497
       7.64741659       8.08519999       8.01381667       7.98360825       7.93547471       7.92597532       7.93722471       7.93382486       7.88969199       7.77990023       8.02949168       8.03229046       8.88449955      10.33955002      11.66537952      13.22035980      15.16991997      17.47063396      19.45109994      20.53208415
      20.87697983      20.72007942      19.81741905      20.37509918      22.32341003      24.12970903      25.37619961      26.33443259      26.47485806      25.64279162      23.64596939      20.74048996      17.14493942      13.81746006      10.68280856       8.43349139       7.87461678       8.36695830       8.54539156       8.49615018
       8.50709995       8.46734126       8.40675036       8.38586648       8.37463299       8.34475040       8.33065033       8.39316686       8.31388315       8.29676708       8.24999968
       8.24951649       8.27637513       8.22215796       8.19829146       8.16770792       8.18461657       8.18089167       8.17310810       8.23188305       8.19585800       8.13426654       8.13352505       8.06923310       8.05638313       8.14603329       8.27151696       8.36110036       8.36250861       8.60117515       8.79045804
       8.88925791       8.88050000       8.81830851       8.77609968       8.77499183       8.70328347       8.75299136       8.71536652       8.64449183       8.65682522       8.71430000       8.46574148       8.34821701       8.32512538       8.31022501       8.28735828       8.29888344       8.27565829       8.35994164       8.28831673
       7.06775030       6.63702488       7.50834147       8.07848295       8.28234990       8.34200859       8.43516668       8.54971647       8.55336666       8.48161697       8.45978340       8.52670838       8.55386649       8.55313335       8.60585842       8.58289990       8.62862501       8.59018358       8.58275803       8.57966693
       8.54422482       8.50925000       8.44098320       8.44140797       8.44076700       8.42415835       8.40427462       8.40480827       8.36364171       8.32478304       8.28331687       8.24174182       8.47438362       8.86232466       8.81848329       9.00409199       8.94364993       8.97624175       8.86422475       8.98498297
       9.04166698       8.84533326       9.11844174       8.59717528       8.52590799       8.40287526       7.52345006       7.12754170       8.34278345       9.27846670       9.31550026       9.04587507       8.50299994       8.29535007       9.01438316       9.08451637       8.39970827       8.29873323       9.24837510       7.99232483
       7.22825845       8.13230038       8.04133336       7.97095855       7.95265834       7.93846687       7.90880839       7.91725000       7.91183313       7.90156682       7.92243322       7.89729962       7.59348011       7.81087971       8.94176960      10.22093010      11.93904018      14.19777534      15.48549147      16.01861598
      16.32464981      16.30677032      16.08742905      16.86569023      18.17588043      19.96648289      21.42435880      22.59127504      23.05335761      22.48722509      21.06745074      18.37595940      14.85653019      11.46425838       8.69630814       7.79163361       8.35848331       8.61591657       8.48385811       8.50523313
       8.47717524       8.42940807       8.38415861       8.39545806       8.35596641       8.34639152       8.40135813       8.34853331       8.34395806       8.19841703       7.99959977
       8.17245801       8.23724985       8.19673300       8.17300797       8.16567500       8.18655014       8.18900824       8.18864187       8.23839188       8.21179152       8.16149155       8.09813341       8.06349993       8.05758317       8.12915007       8.20724169       8.27830791       8.31596692       8.48657529       8.75255823
       8.87596687       8.85631641       8.81195863       8.76610041       8.76005014       8.69226694       8.66674185       8.59394153       8.64139160       8.58152469       8.70845795       8.45576684       8.36265802       8.31319968       8.27509960       8.26305866       8.31881682       8.49294186       7.97479153       6.71983322
       6.96587483       8.02644173       8.38154157       8.40717475       8.36343368       8.18890810       8.06487481       8.04788351       8.11400026       8.16349208       8.27754129       8.35585871       8.42511634       8.46604995       8.43344971       8.43381023       8.46837044       8.45746040       8.51482010       8.51568985
       8.51688957       8.51404953       8.51774025       8.52915955       8.50667000       8.52320957       8.54668999       8.54074001       8.49794960       8.48241997       8.46568012       8.45454025       8.73857975       9.28184032       9.38545036       9.50586692       9.50231650       9.37726638       9.14653325       9.06701632
       9.11798318       9.20621634      10.08865039       9.78780826       8.27004989       8.42249155       7.12542534       7.86633333       9.40468311       9.53594128       9.36346690       9.02583361       8.70014191       8.47675800       8.99916649       9.17556683       8.59866699       8.10225010       9.14068302       8.74245803
       7.13594993       8.14314206       8.12678337       7.95162519       7.95606693       7.93350856       7.89964199       7.89014181       7.88304170       7.88548311       7.88013299       7.85035849       7.70161708       7.23396662       7.42963368       8.67600824       9.20093294      10.40963339      11.38235030      11.70623331
      12.17853347      12.58983040      12.97235012      13.14492035      14.13610795      15.70066727      17.54590883      19.09522525      19.82893396      19.58052502      18.44277504      15.99649966      12.62787466       9.41030022       7.89618333       8.16879988       8.58800809       8.49655867       8.50287517       8.48595858
       8.44614188       8.44601631       8.39922508       8.48740021       8.41398319       8.37108294       8.37352514       8.27944199       8.17674160       8.00498327       7.93570836
       8.09881687       8.18878333       8.16735029       8.14847469       8.19525798       8.18648338       8.19595814       8.21125031       8.25044155       8.20743322       8.17004999       8.13548326       8.07929198       8.06119204       8.12350035       8.19514990       8.24469169       8.27542464       8.42489163       8.51423343
       8.76547496       8.72596661       8.71723334       8.73233318       8.71870836       8.61064990       8.56049140       8.57281685       8.57704163       8.51440032       8.56529156       8.37673346       8.35165024       8.28025818       8.29689185       8.31348340       8.42284997       7.66079187       6.63167516       7.22954988
       7.80018330       8.01725864       8.06132476       8.05605809       8.04935853       8.18429162       8.28421691       8.34224173       8.44047505       8.50056696       8.62542528       8.58699989       8.56711006       8.53785038       8.50568008       8.46586037       8.48219967       8.47754002       8.50924015       8.55152988
       8.58718014       8.61452961       8.61662006       8.58930016       8.58660030       8.60540962       8.70893002       8.66007042       8.61528015       8.59037971       8.58617973       8.62850952       8.74833965       8.90915012       9.12817001       9.29413033       9.41851997       9.26239014       9.15832481       8.99250809
       9.15190862       8.78100821       8.61845811       8.61359199       8.44760021       8.69000038       8.13282490       8.46740007       9.41867510       9.60343361       9.50904131       9.08058325       9.03513352       8.60560815       8.98237467       9.25096671       8.80220811       8.15114975       8.77308369       8.77072493
       7.08575010       7.93537537       8.19979191       7.97976653       8.06449970       8.00337474       7.88296700       7.85234133       7.78957526       7.78720856       7.79430866       7.82650868       7.82639980       7.77549187       7.35892534       7.19226678       7.65453339       7.93010823       8.32407538       8.90591637
       9.64025863      10.27639151      10.51321681      10.56327518      10.94210800      12.44271692      14.55988344      16.38762410      17.20156606      16.90835889      15.72961744      13.47894208      10.36065814       8.34189971       7.98389196       8.60249201       8.56319189       8.50667477       8.48340829       8.49007527
       8.39486678       8.42915853       8.50601673       8.42589140       8.40664148       8.31993341       8.23345025       8.07708343       7.94139147       7.89457480       7.80377467
       8.08601697       8.12176704       8.14954996       8.13468377       8.16430012       8.13124975       8.13972473       8.19365025       8.23120832       8.21199973       8.16923300       8.12962532       8.09657494       8.08329185       8.12535842       8.19174131       8.25818300       8.30475807       8.41714144       8.38706652
       8.54897499       8.54249159       8.55726639       8.58459155       8.55494181       8.47011646       8.49160830       8.42916648       8.42995008       8.36870829       8.42687527       8.30129147       8.23007504       8.15944990       8.20744991       8.17584991       7.14675824       6.69789155       7.42410024       7.71705866
       7.96924988       8.07755873       8.21613321       8.38479141       8.67266684       8.79529991       8.87939183       8.95320870       8.99193001       8.96033955       8.88465977       8.79757023       8.74956989       8.73645020       8.70666027       8.69468975       8.80241013       8.97552967       9.08687019       9.05533981
       9.08279037       9.09381008       9.04913998       9.01599026       8.99036980       9.02791023       9.13922977       9.15318012       8.91693020       8.80862999       8.82273960       8.94645023       8.96072960       9.21434021       9.37712002       8.99063015       8.98169994       9.16666031       9.11287975       9.09533978
       9.05710839       8.91144181       8.74137511       8.70859146       8.73783350       8.62280846       8.59900872       8.54235808       9.24053351       9.37289159       9.30552483       9.31149165       9.23983335       8.78722509       8.93915017       9.30376689       8.98516655       8.37135871       8.37011655       9.08360799
       7.27854172       7.47845014       8.30975850       8.19932461       8.19043318       8.14619144       7.85121679       7.80188322       7.71869977       7.71173318       7.69395034       7.67549197       7.67009179       7.68314997       7.64046669       7.30583350       7.15500037       7.13322481       7.44175831       7.89259990
       8.18635861       8.59243313       9.00416692       9.28660870       9.48152463      10.45301676      12.77580818      14.57108339      15.01457532      14.63323275      13.44728311      11.57074134       9.15181637       7.90867488       8.47353299       8.59683355       8.54243358       8.47429991       8.43434970       8.43154192
       8.41127475       8.46320868       8.45850865       8.23573351       8.11356703       7.99109141       7.90023327       7.84232537       7.80769984       7.80032476       7.83159971
       8.15672477       8.12352498       8.11645031       8.11157465       8.16087484       8.13486656       8.12001705       8.18537474       8.19521666       8.17692518       8.17241669       8.15984964       8.10267528       8.04737488       8.10395797       8.17313353       8.21343342       8.33006700       8.35197528       8.32577467
       8.48145008       8.42023293       8.44469150       8.43217532       8.32345804       8.37050835       8.34602515       8.28255812       8.33905856       8.26801697       8.26873302       8.27580849       8.18780025       8.14062516       7.84615040       6.73931678       6.95808331       7.50736649       7.83529168       8.08395859
       8.29135843       8.51275820       8.90830873       9.10595862       9.29854132       9.59537493       9.91121686       9.76597023       9.68754005       9.47739029       9.38459969       9.41258049       9.30095005       9.35445976       9.20911026       9.21356010       9.75798035      10.83553028      11.31985950      11.12077999
      10.20209980       9.81054020       9.70471001       9.66788960       9.65291023       9.72467995       9.95917034      10.05799961       9.77849007       9.68432045      10.17695999      11.08672047      12.02696037      13.34274960      13.29734039      11.69639015      10.58553982      10.06620026       9.83928967       9.87543964
      10.15871048      10.04589181       9.83106682       9.50394975       9.50645844       9.29673354       8.60855818       8.61648321       9.05067523       9.22631661       9.41732486       9.47753350       9.47043339       9.07728354       8.86684974       9.34543292       9.13289150       8.50977500       8.38129997       9.22768354
       7.78049151       7.61580865       8.40592464       8.37334156       8.33831708       8.37053299       8.07010015       7.94430017       7.89319197       7.89090872       7.80730009       7.81568368       7.79157480       7.76888371       7.62723366       7.60444959       7.66875823       7.97260841       7.50014146       7.12523301
       7.39419142       7.72569180       8.04703315       8.43073368       8.89321645       9.75749175      11.84558312      12.90317535      13.13836654      12.81631629      11.70080821       9.86906687       8.14864159       8.08029175       8.56311639       8.59413306       8.51486683       8.46789996       8.41153304       8.39676698
       8.44789187       8.48205010       8.25960875       8.04073334       7.93479999       7.96056668       7.94384162       7.94489145       7.90833314       7.90423314       7.98937480
       8.19275856       8.16274166       8.14484199       8.12720855       8.13399156       8.11218341       8.10940822       8.18841696       8.14409971       8.14284960       8.19214980       8.17733367       8.08159987       8.06733370       8.13771645       8.13474178       8.14230839       8.20370833       8.23642492       8.25470845
       8.40161641       8.32677523       8.34131638       8.28116655       8.27942530       8.30651681       8.24002504       8.20255836       8.22321653       8.15333366       8.24462493       8.17887465       8.16353353       7.34174187       6.67932507       7.48549202       7.84224154       7.94498308       8.31032520       8.59419174
       9.09366657       9.37727482       9.54224176      10.12180802      10.47606634      10.40985012      10.36332035      10.15176964      10.08016968       9.97148037       9.93400002      10.06114960      10.14064980      10.21984005      10.25516033      10.90524006      12.53512001      14.30543041      14.48810005      13.82750988
      11.67228985      10.61997986      10.47381020      10.40608025      10.34121990      10.39929962      10.85264969      11.46105003      12.03470993      13.38006020      14.92943001      16.17794991      17.23859978      17.32461929      13.76996040      12.25030994      11.18846989      10.58633041      10.38156986      10.32048988
      10.50026035      10.57184982      10.27095824       9.96816650       9.73635832       9.70417500       8.97160848       8.67760022       8.86795839       9.23830032       9.32611704       9.53480800       9.62380807       9.27025000       8.88864994       9.37795798       9.23962514       8.56575012       8.67930015       9.27572489
       8.44691674       7.42740870       8.47573360       8.47471635       8.55331659       8.60912482       8.44566663       8.38835796       8.44940821       8.42826684       8.36281697       8.35962534       8.25040023       8.09895833       8.02685817       7.86570867       7.78932492       7.80077537       7.76134173       7.65158335
       7.10184971       7.40524133       7.99436649       8.36014191       8.54782502       9.04617469       9.68015830      10.38749139      10.72812478      10.18271685       9.19611692       8.16877524       8.00068299       8.11405023       8.56437524       8.62207492       8.49303325       8.42597485       8.47175042       8.41683308
       8.39656671       8.28725020       8.03949992       7.90266673       8.03769191       8.08544159       8.01419973       7.98108339       7.96855847       8.01166693       8.10455004
       8.20153316       8.18248351       8.16852490       8.12766631       8.08616638       8.00374985       8.02696705       8.15171639       8.11369975       8.10817480       8.21290016       8.25253328       8.12179168       8.10070833       8.09302489       8.09794982       8.10740868       8.16090027       8.20504189       8.36049159
       8.30836693       8.20299149       8.18621635       8.24019194       8.33702485       8.22841644       8.18114201       8.14854145       8.17757527       8.18052530       8.32565861       8.44318307       7.37662983       6.96445990       8.00899029       8.09587955       8.28289032       8.88556004       9.53915004       9.75772953
       9.81427956       9.86056042       9.88895988      10.15536976      10.95320988      10.95932961      10.95925999      10.93877983      10.71774006      10.45143032      10.27408028      10.48054028      10.92549038      11.28932953      11.97327995      13.47101021      15.71039009      17.28918076      17.22583961      15.89942932
      13.65876961      12.86143970      13.83392048      14.35793018      14.22177029      14.10859966      14.35688019      14.69361019      16.49917030      17.86445045      20.17708015      22.11845016      23.86661911      24.22664070      18.85153961      12.41884995      11.24936962      10.80463028      10.61833000      10.63551998
      10.69760990      10.74271011      10.71915854      10.40248317      10.09364144       9.81758356       9.22355016       8.69533300       8.76198371       9.15648301       9.28155025       9.51042493       9.75100835       9.49677467       8.93763304       9.40554142       9.33777491       8.65969181       8.91018311       9.22126691
       8.92852465       7.21420844       8.51236661       8.52568309       8.64351670       8.71364196       8.68574142       8.67202520       8.72212489       8.67204189       8.62071673       8.56302500       8.49102497       8.42213313       8.42925866       8.42979987       8.26091687       8.05342515       7.96881676       7.88127502
       7.74562518       7.56405036       7.11389144       7.38424142       7.80528307       7.94305801       7.68990835       8.23619207       8.42795849       8.33917538       8.11629136       7.88863341       8.19967508       8.11066628       8.61844142       8.62884204       8.47426653       8.41125011       8.41954152       8.42708349
       8.38252465       8.02626689       8.02364985       8.09449196       8.12348366       8.06111654       8.07528337       8.13941638       8.04971695       8.09336662       8.25083335
       8.26055845       8.22048346       8.19027503       8.17739964       8.15322479       8.03371668       7.98590024       8.02354177       8.06508303       8.09705019       8.20712487       8.19569985       8.13901663       8.08242480       8.06394180       8.10194969       8.09410810       8.14976692       8.15297524       8.30047528
       8.18605820       8.13808362       8.54356686       9.35263316       8.41140032       8.30103318       8.26797485       8.10729186       8.13714186       8.60368299       8.43057483       7.08864975       7.41127014       8.02851009       8.12326050       8.40153980       9.26632023       9.88786983      10.58051014      10.90402031
      10.44983959       9.83841991       9.61997032       9.82419014      10.80784988      11.09860992      11.15511990      11.18354988      11.09025955      10.91154003      10.70508957      11.68142986      13.15762997      13.87310028      14.50930023      15.92514992      18.36215019      19.88484001      19.74892998      17.92745972
      15.79174042      16.14359093      17.90925026      19.26837921      19.96348953      20.15653992      19.90191078      19.48983002      21.14521980      23.63932991      25.70058060      27.61841011      29.57329941      30.46608925      26.01608086      13.95423031      11.33823013      11.10956001      10.85258961      10.85521984
      10.94163036      10.95154953      11.05183029      10.89334160      10.52109989       9.85938311       9.33825811       8.78103336       8.75678301       8.88536692       9.17466640       9.46340799       9.76254145       9.64142481       8.98087502       9.41237529       9.43048318       8.78584146       8.88827483       9.06458298
       9.10175800       7.36718337       8.45424970       8.56803338       8.58846664       8.73474995       8.75232538       8.70508353       8.76373370       8.71589184       8.69847536       8.66458337       8.61158371       8.52204164       8.51384163       8.49065860       8.46369187       8.36975813       8.19277525       8.05944204
       7.96949148       7.89745808       7.51480818       7.48330832       7.11536646       7.26241668       7.26798296       7.14638313       7.25136677       7.72227526       7.47735818       7.89992491       8.15392494       8.21916660       8.55111678       8.56494983       8.42927535       8.44014168       8.31694206       8.27142477
       8.05183331       7.99798330       8.07625850       8.13346704       8.24366649       8.15264146       8.14798355       8.12003374       8.26263348       8.43894958       8.50131671
       8.29459985       8.23666652       8.21104129       8.22064161       8.20127487       8.14348300       8.07913303       7.97271649       7.99194972       8.19108327       8.19125811       8.17281644       8.13198328       8.09490840       8.08500846       8.08599154       8.07628314       8.08620850       8.07557503       8.31795851
       8.10882489       8.04040035       8.08539152       8.18132480       8.09664170       8.31842502       8.32280000       8.19963309       8.51064142       8.23375006       7.14371014       7.96708965       8.44659042       8.77785969       9.26346970       9.63346004       9.86233044      11.50979042      12.37584019      12.80671978
      12.06064034      10.42982006       9.74145031       9.73367977      10.12395954      10.67113018      11.17352009      11.30692005      11.18157005      11.18358994      11.89449024      13.75695992      15.69743919      16.57987022      16.92524910      18.84411049      21.67856026      22.38089943      21.79314995      19.75363922
      18.21830940      19.44120026      22.02820015      24.52470970      24.94253922      24.79290962      24.75001907      24.56677055      27.25991058      28.73045921      30.98282051      32.67631912      34.67406082      35.99982834      30.72089958      15.70235062      11.39210987      11.28689003      11.24400043      11.19680977
      11.14140034      11.11001015      11.29298019      11.27498367      10.98248370       9.92099164       9.14419969       8.81742477       8.66161664       8.82100026       9.09059207       9.41929181       9.60258325       9.62735812       9.08020814       9.39865828       9.51359193       8.94745827       8.92024199       8.98051659
       9.25654173       7.67167489       8.16877524       8.63863309       8.61673355       8.72141679       8.78444990       8.71197542       8.70894988       8.72061650       8.73160839       8.67766698       8.61054977       8.58972470       8.62437487       8.60397498       8.50964149       8.50095034       8.39622498       8.25329145
       8.12599182       8.08342536       8.00324996       7.89726655       7.74018367       7.75390863       7.79960871       7.64524142       7.48027484       7.32703368       7.25039164       7.40505854       7.93340842       8.23340019       8.41264168       8.35884174       8.32535823       8.26948325       8.13239177       8.03039153
       7.97554175       8.08990796       8.21517467       8.23431651       8.22830836       8.19423358       8.15309207       8.32410018       8.51653337       8.54038318       8.55464141
       8.30792507       8.26393366       8.23701700       8.23341688       8.18287532       8.14630032       8.13181639       7.99747467       7.89429188       8.10422500       8.21197510       8.15255006       8.21154992       8.20911646       8.14460834       8.16609144       8.11038335       8.10132504       8.12589963       8.31117471
       8.09005022       8.06089163       8.03579966       8.03841670       8.07684183       8.31376632       8.35245864       8.60632480       7.83800030       7.27700996       8.17319012       8.63959980       9.52501011       9.86157036      10.06593037      10.07273960      10.38535023      12.22008991      14.07145023      14.38088989
      13.76574039      11.49378014      10.03606987       9.85711956      10.00271034      10.20331955      10.61102009      11.18904972      11.34197998      11.62450027      13.56268024      15.98974037      18.01266098      19.10087967      20.63324928      22.26725006      23.33408928      23.44565010      23.10747910      21.50008965
      20.97595024      22.45615959      25.80429077      27.75041008      29.46599960      30.44824982      31.08263016      31.35380173      33.28279877      34.53948975      36.70838928      38.98379135      40.42794037      40.99996185      35.54312897      17.98850060      11.58143044      11.46488953      11.53125000      11.42098045
      11.49868011      11.50432014      11.66475010      11.77422047      11.44883299      10.07699174       9.09331640       8.90230815       8.67379983       8.74629974       8.92732461       9.27490870       9.45021629       9.45346673       9.10926660       9.37211672       9.58767494       9.14107482       8.86934996       8.87598356
       9.52394962       8.12484980       7.97310829       8.71705850       8.64245812       8.75309149       8.81299178       8.75370820       8.74334176       8.79361709       8.74773343       8.71225834       8.73216629       8.70085796       8.67279132       8.72240861       8.69410038       8.64415805       8.58421644       8.52071683
       8.43549172       8.22973331       8.15396627       8.11580817       8.05096706       7.93464979       7.77163347       7.67153343       7.68491666       7.67630021       7.64108340       7.60596673       7.32002497       7.67220815       8.03320805       8.11447461       8.08237473       8.02593311       8.04083347       8.04833333
       8.12014182       8.20831696       8.16704194       8.19585800       8.17491690       8.20620855       8.34969997       8.54044199       8.60469977       8.59427532       8.53956699
       8.35911671       8.31120014       8.24899991       8.19495837       8.15929969       8.13144207       8.14177513       8.02969138       7.89540847       7.93239991       8.06933324       8.18162521       8.22133303       8.22694143       8.23849996       8.32432508       8.08196704       8.10911655       8.09674184       8.19952488
       7.99930811       8.01552534       8.10994148       8.03130865       8.02414974       8.38158294       8.65392532       7.55233002       7.56394958       8.63852024       8.94845009       9.85591030      10.67168999      11.04615021      10.83355999      11.19225025      12.04652023      13.54069042      15.31024933      15.75746918
      15.15427017      12.50804996      10.48612022      10.15837002      10.31320000      10.44209957      10.83084011      11.26974964      11.56175995      12.35151958      14.96010017      17.98613930      20.04690933      21.03339958      22.09008026      23.44784927      24.92584991      25.08023071      24.69660950      23.48955917
      23.29997063      25.55389023      28.43313980      31.02096939      32.74147034      34.16559982      35.70745850      37.12960815      38.60694122      40.17538834      41.62815094      43.64307022      44.91062927      45.25784098      40.06301117      21.23628998      11.90567017      11.74557972      11.81519985      11.76189995
      11.90450954      11.91110992      12.09389019      12.69468021      12.21733309      10.37401691       9.16315794       8.95986636       8.80495866       8.69898319       8.85675033       9.05505816       9.39244986       9.43935871       9.11903302       9.33136702       9.64450836       9.31607485       8.86605024       8.84062529
       9.45476691       8.27186664       7.97305028       8.80237500       8.66429170       8.74321699       8.79213333       8.78669182       8.75004133       8.79010836       8.79988352       8.80524158       8.71194204       8.65840832       8.65676641       8.70171706       8.70160023       8.69849205       8.69784991       8.70642503
       8.67719173       8.61473322       8.33439191       8.20386648       8.21006695       8.15248330       8.06908369       7.87695011       7.77241707       7.73428361       7.71432479       7.67592510       7.38523324       7.17830817       7.38194148       7.84246683       8.04552476       8.08094184       8.14235846       8.13611666
       8.22575013       8.18897486       8.20025841       8.20783297       8.32540830       8.44595035       8.53645802       8.55424166       8.62459977       8.61479998       8.56572469
       8.37720871       8.32269986       8.23295832       8.18206628       8.13045820       8.13984156       8.11890841       7.98189163       7.85919984       7.85360813       7.68160025       7.89588292       8.04427465       8.18036636       8.20584138       8.09103330       8.04820855       8.02146673       8.06738297       8.07376703
       7.89077520       7.93858369       8.09159994       8.05817525       8.41632519       8.47454971       7.29555035       8.16207027       8.90318966       9.09333992       9.72163010      12.03740025      13.78750038      12.87627983      12.04413033      13.22327042      13.89066029      14.71452045      16.43969917      16.90347099
      15.83041000      13.02171993      10.93257046      10.51644993      10.67663002      11.00920010      11.42716980      11.76914024      12.02552032      12.98336983      15.52770996      19.28614044      21.90467072      22.46413994      22.84675026      23.62675095      26.98834038      27.44325066      26.74492073      25.42309952
      25.57316971      28.32555008      30.84367943      33.39368820      35.31042099      37.33370972      39.54655838      41.42267990      43.17795944      44.73611069      45.99444962      47.44131851      48.46642558      48.23951518      44.26331685      25.17707062      12.29026985      11.99761009      12.12913036      12.07170963
      12.26385975      12.65079021      13.26222038      14.19528961      13.20860812      10.76864159       9.45792480       9.00520007       8.89276663       8.88543367       8.79990021       8.88979991       9.34373299       9.50835864       9.03998295       9.26479975       9.70308304       9.47204987       8.84064992       8.82836660
       9.38200871       8.24402491       7.77579149       8.78707488       8.74940872       8.71935844       8.70403369       8.77483368       8.73626630       8.71320804       8.77360026       8.76440843       8.72739156       8.67454131       8.66334995       8.66185824       8.70020866       8.71866703       8.69820833       8.69885842
       8.72644981       8.73712540       8.70607535       8.43544960       8.26922496       8.26606671       8.23550860       8.15164963       7.98110008       7.82471657       7.78418303       7.70322482       7.63705015       7.48072465       7.32300838       7.47881651       7.81391700       8.00893307       8.19708347       8.18356673
       8.22427511       8.22592497       8.30508312       8.38194132       8.42870871       8.51483345       8.57464155       8.61985842       8.60043367       8.63659143       8.59050035
       8.27116648       8.21837505       8.14570030       8.09122483       8.07945808       8.06240002       8.04131667       7.87342469       7.81244993       7.85359144       7.38207499       7.48841683       7.79217482       8.00058365       8.09414148       8.10193300       7.97831694       7.96825806       8.12904994       8.01228364
       7.85677512       8.01095804       8.17493359       8.56655041       8.10761674       7.29790020       8.64377975       8.96177959       9.05574989       9.43900013      11.65964031      14.16104984      15.31794930      14.78952026      13.82898998      14.78211975      14.94649029      16.19857979      17.50065994      17.22591972
      15.39411926      13.08108044      11.65081978      11.20987034      11.31855965      11.73355007      12.18750954      12.46201038      12.76375961      13.77375031      16.38591003      20.24264908      23.19128036      24.02733994      24.61742973      26.02329063      28.06982040      29.16473961      28.66695023      27.52750015
      28.02132034      30.35399055      33.23598862      35.66254044      37.88917160      40.22219086      42.76264954      44.83224220      46.54135793      47.88204066      49.21240781      50.51883456      50.84684029      50.48299141      47.84816742      29.86138916      13.18474007      12.35772991      12.40036011      12.52274036
      13.15528965      13.83656025      14.75409031      15.58563995      14.19526005      11.51879978       9.96692533       9.36126642       9.01139975       8.84351651       8.70996634       8.88585011       8.94147476       9.15313323       9.01023308       9.17500814       9.75487471       9.61719195       8.85681629       8.85338306
       9.25081650       8.66123358       7.75354147       8.78710826       8.72671684       8.65751664       8.76712481       8.74808311       8.76433372       8.79174153       8.70778322       8.69444132       8.69413376       8.65180016       8.64499172       8.63646666       8.66789182       8.68519147       8.69354963       8.68333340
       8.72406642       8.74553363       8.73383363       8.73197476       8.51500034       8.29960028       8.29896688       8.28117530       8.22046677       8.08970849       7.90574153       7.73838361       7.72983313       7.69364993       7.59043376       7.56363312       7.79218356       7.92144140       8.02027464       8.15310001
       8.30656687       8.31684192       8.34674199       8.37929169       8.62454176       8.62585862       8.61884197       8.67526690       8.64960829       8.58904998       8.58904203
       8.05595795       8.06699991       8.03673347       7.98894167       8.03579966       8.05821657       8.00134182       7.90879965       7.79313326       7.64499982       7.41271655       7.46054173       7.61387507       7.98110008       8.08440844       8.04587523       7.99120029       7.98433304       8.13501676       8.21312507
       8.13500007       8.42058341       8.43117499       7.47408962       7.62841034       8.89503956       8.89735985       8.96290016       9.18383026      10.87075996      13.47949028      15.65946960      16.83008003      16.55726051      15.57780075      16.13850975      16.03362083      17.79018021      18.37573051      17.42664909
      15.43894005      13.78038979      12.83428955      12.41598988      12.40567017      12.63305950      13.06462002      13.19534016      13.70928001      15.08123016      17.88161087      21.67226028      24.52705002      25.42561913      26.36627960      27.44647026      29.54195976      30.55291939      30.23542976      29.66643906
      30.21368027      32.39833832      35.25085831      37.72777939      40.39746094      42.96784973      45.61998451      47.78869939      49.32328443      50.50536601      51.55313210      52.30614288      52.35951627      52.09984957      50.44655952      35.39382935      15.20354080      12.96166992      13.01430988      13.58831978
      14.45269012      15.55032921      16.60143089      16.99578094      15.16235924      11.65579033      10.26521969       9.79844982       9.24908323       8.83830865       8.77723376       8.81155014       8.86275848       8.81659985       8.95103375       9.12138303       9.79474147       9.74933306       9.01382526       9.02364969
       9.30097500       8.83921703       7.77288357       9.09624974       9.20039177       9.22446648       9.21924988       8.98915847       8.77942483       8.83862495       8.74744972       8.68059158       8.70639960       8.68794203       8.65706682       8.63049189       8.63889138       8.66940022       8.71239185       8.72031689
       8.71996641       8.75147502       8.76753330       8.78460805       8.75804186       8.54605834       8.34237496       8.33536704       8.30520868       8.26704184       8.15989176       8.00129970       7.85550038       7.80011654       7.84303347       7.79369990       8.07648341       8.09820811       8.14848344       8.10526689
       8.16532532       8.33865801       8.43922536       8.53102525       8.66144180       8.68681669       8.64298344       8.64973307       8.67705027       8.61747503       8.58834982
       7.96516657       8.00752481       7.98896631       7.94997533       7.98750003       7.96099981       7.97514200       7.86536694       7.84935872       7.69925833       7.44661649       7.40849972       7.37656673       7.76195844       7.96891689       8.05424134       7.96610832       7.92297522       8.01181704       8.36068296
       8.57963301       8.36590818       7.21767998       8.05523968       8.94377041       8.83232021       8.90159988       8.93616009       9.69876957      12.51451969      15.54190063      17.26143074      18.21953964      18.23632050      17.16222954      17.13377953      17.03161049      18.74927902      19.38047981      18.29018974
      16.54985046      15.19389915      14.59350014      14.56285000      14.39068985      14.10416985      14.16331005      14.27143002      15.19490051      17.22563934      20.17576027      23.87557983      26.40612030      27.24785995      28.05077934      29.57345009      31.51520920      32.61750031      32.33501816      31.98072052
      32.52901840      34.25923920      37.10184860      40.12509155      42.90110016      45.75639020      48.46774066      50.38584071      51.69535032      52.52132479      53.07320691      53.44519109      53.20995127      52.68874219      51.82805049      39.93265152      18.21726990      14.03975964      14.15289021      15.23085976
      16.31860924      17.52695084      18.63278961      19.50861931      15.24472046      11.18657017      10.11758995       9.99479008       9.66996684       9.12381662       8.82790804       8.82075866       8.98756663       8.83522511       8.88364156       9.26647504       9.81875022       9.84846671       9.38409170       9.05689160
       9.51278289       9.54195817       9.00830825       9.41804965       9.17546670       8.94952536       8.96015803       9.11659161       8.89115016       8.81718318       8.71202469       8.64464204       8.66828362       8.65623315       8.64632527       8.66596699       8.62121662       8.64931663       8.66969188       8.69713306
       8.73735825       8.76159191       8.77005021       8.78680865       8.79857461       8.78298362       8.56094201       8.35422516       8.37367535       8.33807468       8.24537516       8.18457524       8.04229975       7.99549977       8.00898314       8.08545828       7.98817476       7.86168337       7.84529130       7.95060794
       8.15739155       8.38850816       8.49670808       8.59429200       8.68376652       8.74675035       8.69200865       8.67828369       8.66381645       8.61565828       8.59221697
       7.99210866       8.04099162       7.96143373       7.88461685       7.84068346       7.82031695       7.84260829       7.75133292       7.81565030       7.73425817       7.51254161       7.65398343       7.46726672       7.42253304       7.89395809       7.96535810       7.79055039       7.89234203       8.23683338       8.66393360
       7.90392971       7.13358974       8.36285973       8.85391998       8.75792980       8.89713955       8.91948032       9.35081959      11.36491966      14.80128002      17.67107010      18.89702988      19.54557037      19.68153954      18.44566917      17.95354080      17.85675049      19.80620956      20.57777977      19.83452034
      18.35812950      17.35009003      17.06859970      17.06399918      16.67839050      15.93405914      15.43520927      15.93958092      17.74710083      20.28344917      23.30089951      26.55911064      28.45862007      29.41799927      30.60022926      32.20998001      33.90861130      34.73299026      34.76321030      34.59225082
      35.00780869      36.33900833      39.31578064      42.46474075      45.70601629      48.56179242      51.17130124      52.62902580      53.60891820      53.96785100      53.94662379      53.78010111      53.39359309      52.75278333      52.00615069      41.98107147      21.11673927      15.67745972      15.81583023      16.97954941
      18.31027985      19.58128929      20.51708984      19.28099060      14.12057972      11.67317009      10.52972984      10.11641979      10.01908016       9.57095817       9.08708298       8.79928350       8.95808299       9.17069197       9.18468316       9.49505806       9.82035001       9.92280801       9.83328342       9.83301640
       9.79595025       9.58376646       8.38101625       8.99496635       8.79194975       8.69042476       8.63860846       8.65236680       8.91309182       8.83259137       8.71288300       8.65665833       8.61529986       8.61895800       8.63835017       8.66363366       8.61798366       8.63585869       8.64626646       8.68901650
       8.71092478       8.74833345       8.75845035       8.75764132       8.80985022       8.81275018       8.79250844       8.47949187       8.40460857       8.43646685       8.34509134       8.27493350       8.25388352       8.13975016       7.97691663       7.83474207       7.75051673       7.70054976       7.76418368       7.81655868
       7.96266635       8.21369171       8.43614976       8.64585797       8.75102520       8.76320839       8.70491664       8.69994164       8.69150798       8.67729982       8.63725026
       8.12910795       8.19473346       8.19416682       8.12606653       8.05144151       7.99183369       7.94785817       7.88631678       7.81164964       7.77437528       7.76865005       7.84621636       7.70023346       7.42033323       7.81127532       7.95772486       8.10971667       8.41485825       8.67494984       7.55854988
       7.49682999       8.76653957       8.84953976       8.84099960       9.05751991       9.20398998       9.44851017      10.56877041      13.71854019      17.41393089      19.91276932      20.91951942      21.24400902      20.97875977      19.53170013      18.81023979      18.60489082      20.76711082      21.39485931      21.26333046
      20.33695984      19.82848930      19.79036903      19.96668053      19.32492065      17.99950027      16.89888954      18.17489052      20.85433006      23.82905006      26.95673943      29.58493996      31.10530853      32.06425858      33.20352936      34.59297943      35.65874100      36.24496078      36.75942993      37.06151962
      37.40145111      38.67456055      41.29813004      44.59949112      48.04344927      51.11353317      53.45760071      54.48467580      54.95542498      54.90900930      54.37991679      53.54725703      52.56270027      51.31271795      49.66679230      41.63996124      23.38463020      17.63736916      17.78289986      18.86070061
      20.22529984      21.51853943      21.78553009      17.15527916      14.15464973      12.43715000      11.00349045      10.34109974      10.06381989       9.82680035       9.82683337       9.52496702       9.06541665       9.22915856       9.40575838       9.59889174       9.84110037       9.97881651       9.87445037       9.71513351
       9.50271686       8.89580806       7.34639963       8.75733296       8.76732508       8.67876689       8.66779168       8.60391696       8.57844989       8.85706663       8.75201702       8.67420832       8.62552484       8.59595855       8.60621691       8.62812519       8.62262487       8.65885814       8.66184155       8.68107478
       8.71397495       8.73743296       8.73920838       8.76395861       8.80171696       8.88674974       8.87047529       8.69064172       8.60890865       8.55070035       8.44985008       8.33418369       8.22365840       8.21509997       8.01301638       7.92550802       7.82950799       7.72888343       7.66572475       7.82269955
       7.90664991       7.99633344       8.35041682       8.63994996       8.77199173       8.78835042       8.72662465       8.69654179       8.68781646       8.67047469       8.64635865
       6.90972487       6.88761632       7.05080827       7.24119981       7.41396666       7.70630836       7.93270826       8.05461645       8.10576677       8.21604967       8.29775016       8.29754194       8.05720011       7.85785834       7.98554198       8.31955805       8.72164183       8.48243999       7.23746967       8.01506042
       8.97694016       8.85867023       8.97824955       9.25800037       9.66565037       9.93638992      10.59418011      12.48517990      16.25052071      20.06336021      22.21365929      22.80707932      22.56282043      21.95747948      20.45589066      19.44573975      19.15356064      20.79512024      21.64233017      21.86804008
      22.05621910      22.11660957      22.51449013      22.68113899      21.98558044      20.03339005      18.34988022      19.89734077      23.15048027      26.94272995      30.27279091      32.37218094      33.51692963      34.33692932      35.10688019      35.98614120      36.80575943      37.67126846      38.57833862      39.30564117
      39.44609070      40.86801147      43.20619965      46.51834106      50.13784154      53.14514949      54.92908401      55.62026672      55.72534027      55.29644839      54.23870049      52.24776077      50.07326126      48.14588928      46.37142181      41.20689011      25.08984947      19.57559967      19.83152008      20.81365967
      21.92090988      23.26078987      22.83633041      17.61399078      14.93914986      13.09568977      11.86528969      10.81589031      10.37255001      10.10223007       9.84504986       9.94472980       9.70846637       9.12101666       9.27839994       9.50854143       9.86044963      10.02889156       9.93542512       9.48232492
       9.41791693       8.57376655       7.20869144       8.65491629       8.81000837       8.71085803       8.57130845       8.50115856       8.46570810       8.57664982       8.81095807       8.70102485       8.62184127       8.60382477       8.60259136       8.59358311       8.58715852       8.61316681       8.65509987       8.67559195
       8.69408369       8.70217482       8.73162508       8.86196693       8.79143318       8.71057510       8.70630821       8.71378342       8.65836700       8.60946655       8.51600011       8.45225811       8.36139997       8.14222495       8.05819988       8.05646658       7.90862481       7.80384143       7.65766700       7.79702504
       7.96088298       7.91615009       8.13400825       8.58458360       8.76054128       8.78663301       8.69629145       8.63789161       8.58608325       8.57677460       8.59536648
       8.44457467       8.31015825       8.15371672       7.98448324       7.71927516       7.38534133       7.04535007       6.87709173       6.79588318       6.82681640       6.98882500       7.33222485       7.64609973       7.86521689       8.32434988       8.65579144       8.12473965       7.25253963       8.20705032       9.12003994
       9.11900997       9.20343018       9.83434963      10.84488964      11.37742996      11.68980026      12.62465000      14.98491001      18.71421051      22.23494911      24.27368927      24.55117035      23.96335030      22.95037079      21.28471947      20.19750023      19.88435936      20.82646942      21.96740913      22.82691956
      23.81506920      24.28704071      24.57053947      24.30687904      23.21066093      21.34659958      19.79820061      21.34613037      25.14705086      29.55565071      32.96097946      34.28710938      34.85842133      35.27178955      35.91386032      36.73321915      37.94580841      39.39609909      40.56795883      41.21012115
      41.86357117      43.02481842      45.22993088      48.52394867      52.03075740      54.76985840      56.02309031      56.32051804      56.22354103      55.32112567      53.28673935      50.42163849      47.80720139      45.38961029      42.97410965      38.93708801      29.84600067      23.42157936      22.16250038      22.81830978
      24.42073059      24.35386086      21.53178024      18.54987907      16.54734993      14.60807037      13.13591003      11.93021011      11.32384014      10.74199009      10.02274036       9.90746975       9.78069019       9.44389978       9.21483358       9.41190799       9.79786634      10.07069190       9.94605859       9.45020835
       9.42631642       8.58758291       7.23320007       8.60623360       8.78235022       8.58229160       8.53558302       8.60689163       8.59224161       8.60277494       8.54047537       8.63106648       8.57477506       8.61858368       8.59971682       8.59568357       8.59923363       8.59539986       8.63135020       8.67726644
       8.73994986       8.71737480       8.72562488       8.72645855       8.80161683       8.79798333       8.74049981       8.79161676       8.83163293       8.77232472       8.65204970       8.45880032       8.33960851       8.31669966       8.24665864       8.10261647       8.23751688       8.32690795       8.19188356       7.63668299
       7.86236684       7.96622515       8.07169199       8.35183303       8.46649170       8.46948306       8.49184990       8.43169133       8.46626679       8.52509975       8.56266658
       7.70046631       7.53683329       7.64214993       7.76971658       8.04929972       8.34058364       8.53492498       8.52260828       8.50555817       8.45930815       8.22745005       7.88487514       7.48264167       7.39994977       7.37187958       7.29825974       7.48443031       8.80004025       9.28524971       9.36415005
       9.54267979      11.30539989      12.99108028      14.36487961      15.01605034      15.18761063      15.80616951      17.54721069      20.63003922      23.86619949      25.64295959      25.88209915      25.12155914      23.89156914      22.14888000      20.90707970      20.76461029      21.30168915      22.66274071      24.56986046
      25.57336998      26.12854958      26.07514954      25.20862007      23.82043076      22.49711990      22.21566010      23.18848991      26.30134010      30.79894066      33.78231049      34.62841034      35.22434998      35.82001114      36.50275040      37.51562119      38.96947098      40.61851120      42.02640152      42.88982010
      43.78733826      44.94308090      47.02177811      50.42671204      53.69969966      55.92698397      56.70883181      56.71235107      56.14051544      54.74024836      52.41299820      49.55329895      46.98326874      44.08584976      41.10464096      38.19908142      34.86130142      32.11890030      29.87290001      28.87639046
      27.10819054      25.11763954      23.18239975      21.18073082      19.36459923      17.82732010      16.52337074      15.03326988      13.74067020      12.65725040      11.28981972      10.56153965      10.16926003       9.91005849       9.32993333       9.38206673       9.71095006      10.10121663      10.02471685       9.32363351
       9.39749161       8.64440838       7.17145840       8.43846639       8.76946688       8.73634179       8.69170030       8.65385850       8.60000849       8.47594182       8.32948367       8.27452501       8.61565828       8.58297507       8.59633366       8.59464963       8.63402526       8.64991665       8.66000017       8.65525802
       8.69176706       8.78988345       8.82347504       8.85185003       8.89287472       8.95909150       8.95044168       8.87155851       8.87540023       8.83066654       8.78746668       8.68575017       8.44872475       8.29317490       8.27442487       8.18707466       8.37671677       8.32770824       8.34210873       7.87079175
       7.80177514       7.97326644       8.06467533       8.10106675       8.13644171       8.25582504       8.37894996       8.37231636       8.42975855       8.48287503       8.48101695
       7.54044135       7.23423322       7.46847471       7.45026668       7.72563299       7.99982468       8.09404135       8.09101661       8.05573304       8.05491686       8.06814988       8.14613303       8.35676637       8.48111667       8.46809959       8.52593040       8.80663013       9.09558010       9.64011955       9.84661007
      10.35354042      12.12191010      16.07930946      18.45963097      19.25292969      19.31962013      19.30648994      20.42363930      22.62898064      25.24143028      26.92210960      26.92922020      26.05200958      24.70434952      23.05261040      22.12025070      21.87302971      22.58439064      24.20649910      26.02016068
      27.18944931      27.66345024      27.41114044      26.12791061      24.93334007      24.72738075      25.40107918      26.36845970      27.95034981      31.11371994      33.77262115      35.02336884      35.87448120      36.67007065      37.55728149      38.70309830      40.15008926      41.61428833      43.06608963      44.19145966
      45.41151810      46.88862991      48.96149063      52.05165100      54.71033859      56.63076693      57.41855024      57.11127383      56.33677648      54.68037033      52.34806061      49.85578918      47.71736908      45.51861954      43.16767120      40.66009903      38.34674835      36.34035110      34.56462097      32.82316971
      31.10836029      29.04937935      26.90858078      25.03614998      23.27371025      21.81308937      20.42848015      18.77339935      17.07891083      15.12809944      13.36273003      12.31577015      11.24855042      10.78462982       9.53158372       9.36689138       9.69995817      10.11501630      10.10868311       9.48721647
       9.39366659       8.68613323       7.28712479       8.34172487       8.73080015       8.73446703       8.73130798       8.67694139       8.47414176       8.50184997       8.48265807       8.45939159       8.34216674       8.80734126       8.69047483       8.63415798       8.66449197       8.65819136       8.75759204       8.80189975
       8.81031672       8.84789149       8.88502518       8.90027523       8.97216638       8.92844995       8.98370822       8.92635028       8.89414152       8.86569182       8.87890021       8.90629133       8.94583305       8.46404155       8.30138365       8.29409997       8.35024198       8.36886644       8.22805802       8.02464962
       7.88871686       7.86108335       7.97758341       8.03411643       8.04556688       8.13936631       8.26686700       8.32591693       8.37723335       8.43964974       8.46432527
       7.50228326       7.45014191       7.92222500       8.03809166       8.15041701       8.16785018       8.16543341       8.10887496       8.07969968       8.16583354       8.26680824       8.34164193       8.47930866       8.56620026       8.57721043       8.49376011       9.05206013       9.37827969       9.93111992      10.53715038
      11.83316040      12.10799026      12.57666969      20.59483910      23.26465988      23.64719963      23.41955948      23.82131958      25.18350029      26.62488937      27.20071983      27.17621994      26.60260963      25.35387993      23.93568993      23.36453056      23.28499985      24.50576019      26.32666016      27.73719978
      28.57551003      29.20219040      28.70421982      27.27198029      26.71858025      27.61705971      29.19255066      30.50820923      31.54779816      33.10203171      34.80596924      35.99256897      37.00524139      38.06351852      39.22629929      40.40800095      41.82535934      42.98477173      44.23223877      45.68025970
      47.11077881      48.79396057      50.71752167      53.04701996      55.84975052      57.99332809      58.36169052      57.79811096      56.73165894      55.45006943      53.85340881      52.02381897      50.19879913      48.45875931      46.47397995      44.33073044      42.27761841      40.59437943      38.97290039      37.32931137
      35.64859009      33.77655792      31.49396896      29.45763016      27.67498970      25.91706085      24.19264030      22.28565979      20.45779991      18.71084976      16.75715065      15.05688095      12.68191051      10.85914040       9.99749133       9.46822484       9.66286659      10.11178335      10.18250863       9.52674150
       9.36332464       8.68489186       7.29440848       8.14804157       8.70234966       8.68706703       8.68793329       8.65235806       8.61616691       8.60970020       8.54947488       8.55475028       8.39430809       8.53933334       8.88388316       8.85555029       8.82346630       8.83336703       8.81569147       8.84819190
       8.82659197       8.83675814       8.85838350       8.88319174       8.89921665       8.97574186       9.03035800       8.97971710       8.85159969       8.85202487       8.84851694       8.93657525       9.04762506       8.97096634       8.36824973       8.36736679       8.32357486       8.22364171       8.16989183       8.07910840
       7.99290816       7.90870825       7.87460804       7.92738358       7.97134161       8.01484982       8.16735029       8.26245864       8.27999194       8.35828304       8.43662500
       7.47127533       7.99045006       8.23564132       8.23915005       8.24374994       8.25433334       8.25370868       8.24613352       8.29394191       8.46789201       8.46744130       8.64902477       8.82853031       8.83532047       8.95263004       8.64710999       9.57267952       9.98015022      10.52221012      11.42232990
      12.37456989      14.48822975      17.29056931      21.34902954      25.43232918      27.08521080      27.31440926      27.60263062      28.37619972      28.51065063      27.91386986      27.57584000      27.13858986      26.07529068      24.83724022      24.63857079      25.28255081      26.89727020      28.52124023      29.61277008
      30.48155975      30.83054924      30.21121979      28.83576012      29.00613022      30.68955040      32.45796967      33.80973053      34.70999146      35.65869141      36.92343140      38.33105850      39.53778076      40.57492065      41.56478119      42.50722885      43.60100937      44.83686829      46.26345062      47.76752090
      49.60023117      51.23744202      52.80131149      55.17758179      57.72702026      59.38457870      59.54745865      59.16500854      58.36111069      57.48020935      56.30696869      55.16611862      53.70988083      51.91802979      50.10112000      48.32033157      46.58206940      45.09403992      43.64918900      41.96208191
      40.02067947      37.84650040      35.57371902      33.58736038      31.78984070      29.76646042      27.76390076      25.89974022      24.00515938      22.21136093      20.40827942      18.83930969      14.24983025      11.70448971      10.53865814       9.96853352       9.54736630      10.09214163      10.25184155       9.61958329
       9.30081685       8.68205865       7.51831690       7.99419959       8.67422501       8.79018307       8.79450003       8.72294982       8.63595009       8.57748350       8.58708302       8.52079153       8.48615805       8.14245860       8.37908347       8.77463341       8.75498374       8.76563311       8.80326668       8.81110827
       8.76350005       8.72097492       8.74490023       8.79492521       8.87835026       8.96105846       8.99764140       8.98890018       8.87275855       8.88638337       8.84599129       8.91970793       9.02707497       8.92400026       8.56710831       8.46525828       8.43681653       8.31465801       8.24206670       8.11029991
       8.05838346       7.96705802       7.90172497       7.87000020       7.93657462       7.92093356       8.04506699       8.16130002       8.18156640       8.25159152       8.37949991
       7.85049200       8.21887493       8.19493373       8.19874128       8.18873326       8.28790806       8.44249166       8.44789994       8.56273360       8.72776629       8.79327965       8.71473980       8.68245983       8.98155975       8.63043976       9.35328960      10.28318024      11.07357979      12.96940994      14.09832954
      14.75603962      15.04793930      16.68616104      20.02622986      23.75804901      27.43363953      29.79565048      30.99877930      31.68788147      31.49132919      30.47697067      29.11866951      28.00465012      27.01054955      26.12960052      26.69030952      27.77771950      29.55065918      31.05437088      32.08309937
      32.76536179      32.88599014      31.93046951      30.80443954      31.72132111      33.56637955      34.84770966      35.99282837      37.32641983      38.51042938      39.86233139      41.34519958      43.03467178      43.78910828      44.37181854      45.24222183      46.59357071      47.69229126      49.13188171      50.82828140
      52.63621140      54.06473160      55.66249847      57.70433044      60.31459045      61.75997925      61.87022018      61.45156097      60.88785934      60.22869110      59.56869888      58.73033142      57.72085953      56.20188141      54.50098038      52.75308990      51.80218887      51.11003113      48.55144119      46.05973053
      43.75897980      41.58617020      39.21171188      36.91151047      34.98786926      33.07920837      31.19150925      29.31052017      27.41382027      25.77926064      23.96759033      21.52578926      14.11592960      12.82194042      11.41451696       9.97414986       9.49832519      10.05094131      10.29450019       9.59455808
       9.19354200       8.68647496       7.84708341       7.79667536       8.82575830       8.82297516       8.74052525       8.60944986       8.62158298       8.60879978       8.59689156       8.56079976       8.57834180       8.56924136       8.65635872       8.83047501       8.72077465       8.71138334       8.67628336       8.69590839
       8.66272529       8.65190029       8.70291710       8.76655817       8.83908351       8.91534170       8.95044963       8.92588298       8.94613345       8.84799957       8.90811682       8.91223351       8.92181635       8.84485801       8.68164142       8.52194150       8.44146649       8.36979151       8.26678356       8.20065022
       8.09591691       8.03061644       7.99001694       7.89110025       7.88028320       7.89800008       7.95589129       8.00781647       8.06790034       8.16244125       8.29991659
       8.25150013       8.24819962       8.37140004       8.32489976       8.46750863       8.62638322       8.87976692       8.82978365       8.91833349       9.02392006       9.00047970       8.80461025       8.69130993       8.76093006       9.42467976      10.43428040      11.35249043      14.78289032      17.24761009      18.70471001
      19.25842094      19.10317039      18.35112953      18.99371910      21.80389023      25.70211983      29.67015076      32.81335831      32.98860931      32.96662903      32.66798019      31.24869919      29.45330048      28.27182961      28.00978088      28.74678993      30.26482964      32.45893097      34.21804810      34.88552856
      35.14939880      35.31858063      34.24158096      32.96110916      34.27368927      36.08118057      37.27600098      38.65625000      40.08670044      41.30274963      42.71229935      44.08184052      46.21138000      46.73833084      47.32514954      48.07149124      49.23849106      50.50825119      52.21995926      54.17520142
      56.10364914      57.46382141      58.78432846      60.70529175      63.31159210      64.82286835      65.25226593      64.68943787      64.05056000      63.41040802      62.99193954      62.55047226      61.51239014      60.27164078      59.01427841      57.58998108      56.52883148      56.46818924      54.32498169      50.94100952
      47.99573898      45.08541870      42.76977158      40.34358978      38.21376038      36.23345184      34.31961060      32.52947998      30.58989906      28.85289237      27.14504951      21.93144989      14.73565006      14.05733967      12.71330808       9.95573359       9.50257540      10.00699997      10.32861630       9.84532515
       9.08075015       8.67821693       8.15528313       7.49645869       8.87844165       8.82852475       8.68820031       8.56059154       8.61015797       8.65002473       8.74018351       8.80435864       8.74011676       8.70746692       8.74134143       8.76987537       8.67173354       8.63410870       8.61940861       8.69905790
       8.72234980       8.68933360       8.71257464       8.75020822       8.80783319       8.85055860       8.84854158       8.88889154       8.88473352       8.90748342       8.86236668       8.91516685       8.96956682       8.91767502       8.73609145       8.57551654       8.52356672       8.40848366       8.32600037       8.22660844
       8.14384143       8.10523351       8.05365006       7.92687496       7.86472480       7.89518356       7.91108290       7.95399984       8.00678333       8.04294189       8.16470861
       8.46815869       8.53934177       8.56745801       8.78161654       8.90570847       8.95096651       8.96994129       8.82409000       8.95631027       8.95499992       8.83323956       8.95837975       9.06190968       9.39239979       9.93280983      10.81124973      13.68682957      18.09722900      21.54291916      23.63488960
      24.28764915      23.96582985      22.75190926      21.52227020      21.35932922      23.82254028      28.08602905      32.69329071      33.13722992      33.15528870      33.16411972      32.89583969      31.39619827      29.77033997      29.67141914      30.68911934      32.64097977      35.24929047      37.25056839      38.01185989
      38.01358032      37.81911850      36.89743042      35.36278915      36.83063126      38.72853851      40.30566025      42.06629181      43.50584030      44.47032166      45.47898865      46.64886856      47.92127991      48.90206146      49.79901123      50.74039078      52.18288040      53.19715881      54.97272873      57.20232010
      59.39778900      60.76742935      62.25271988      64.33679199      66.62352753      68.10163116      68.64418030      68.31250763      67.66364288      66.99622345      66.42774200      65.84966278      65.14243317      64.47045898      63.39936066      61.63782883      57.07770157      56.88146973      56.79967880      55.78245163
      52.78926086      49.54001999      46.56813812      44.06082916      41.84941864      39.46411133      37.10379028      34.99977112      32.98745712      30.90228450      28.95043395      20.90180016      15.93588066      15.51862907      13.97908300      10.11038294       9.58393335       9.93937492      10.32855034      10.02854983
       9.05171633       8.66388321       8.31297477       7.42128372       8.86355003       8.75079155       8.68876696       8.70721658       8.74628305       8.76264175       8.79821698       8.77926668       8.78772497       8.78644149       8.77583345       8.74955813       8.65694205       8.65228335       8.65447521       8.68846655
       8.83560022       8.81679138       8.74258359       8.72826656       8.82140795       8.86981646       8.83884192       8.84872516       8.84640853       8.78695806       8.79565001       8.83119186       8.97503297       8.89711698       8.82056634       8.71793350       8.63094171       8.47955863       8.40692520       8.31687530
       8.22952509       8.17029158       8.11019977       8.01388343       7.91689157       7.91877508       7.91478316       7.94136683       7.97559182       7.97502518       8.02611669
       8.89602486       8.93984146       8.94234133       8.96522483       9.10339165       9.02910995       8.88129044       8.74921989       8.85029984       9.02756977       9.26733017       9.18688965       9.26194000       9.33277988      10.25321960      12.05004978      15.78150940      20.54677010      24.62287903      27.14649963
      28.44105911      28.44827080      27.34402084      25.68989944      23.97068024      23.77103043      26.78626060      31.94150162      33.42214966      33.18424988      33.23543167      33.15184021      32.64125824      31.33209991      31.28042984      32.34638977      34.70175934      37.80934143      40.34806061      41.14279938
      40.92393112      40.24127960      39.11828995      37.73659897      38.87957001      40.95616150      43.30707932      45.25349045      46.63389969      47.63114929      48.24755859      49.12144852      50.10049820      51.51089859      52.11019135      53.16466904      54.56248856      55.71823120      57.38105011      59.63574982
      62.19789124      64.03446960      65.69544983      67.78357697      69.34230042      70.81826019      71.64089203      71.68624115      71.33808136      70.71775818      70.41735077      69.84506989      69.52677917      68.93977356      68.10060120      66.80133057      63.83889771      58.72056961      56.88616943      56.62068939
      56.26945114      54.17186790      50.48223114      47.16334915      44.78355026      42.28874969      39.40153122      36.95059204      34.57295881      32.33203468      29.49973394      20.61101913      17.50415993      17.07748985      15.12664204      10.26050870       9.72167492       9.85252460      10.30229966      10.03160874
       9.28103367       8.75680844       8.16420794       7.49103308       8.80419970       8.82839203       8.88771693       8.93303315       8.84467522       8.82039150       8.85689974       8.82446686       8.76355012       8.73764992       8.71470849       8.75556707       8.69596640       8.65713358       8.71929963       8.73204152
       8.85392507       8.85315021       8.83237521       8.70380004       8.79575809       8.93824975       8.87885809       8.82346710       8.83516630       8.75972509       8.78068368       8.84550015       8.92284155       8.87284199       8.83203348       8.84805838       8.72303327       8.58377536       8.48599990       8.39624166
       8.33004157       8.21551641       8.18625847       8.14378341       8.05633307       7.96231667       7.90965001       7.97070026       7.98204978       8.01444133       7.96681643
       9.08965829       9.18261693       9.18277486       9.20534150       9.06188965       8.91897011       9.07800961       9.26513958       9.29588032       9.14074993       9.21957970       9.43150997       9.80587959      10.94956017      12.33953953      14.58615017      17.72672081      22.22436905      26.69531059      29.40819931
      30.87515068      31.73870087      31.24000931      29.75992966      27.11067963      25.34300995      27.04120064      30.94503021      33.71992874      33.84634018      33.29690170      33.67800140      33.53187943      32.64593124      32.70204163      33.91334152      36.53807068      39.78689957      42.52450943      43.41970825
      43.30500031      42.52930069      41.25210953      39.93143082      40.67647171      42.87985992      45.53139877      47.87509155      49.78165054      50.63459015      50.99869919      51.32619858      52.08177948      53.76609039      54.23928070      55.58338165      56.85937881      58.02893829      59.60857010      62.23138809
      65.04116821      67.08235168      68.66503143      70.41856384      71.83927155      73.70311737      74.73552704      75.16834259      74.94120789      74.91123962      74.82907867      74.44127655      74.29689026      73.93994141      73.05188751      71.44360352      69.41526794      67.13619995      61.66534042      57.10998154
      56.52429199      55.89445877      53.40951920      49.39242935      46.43978119      43.96179962      40.74607849      37.86922073      35.28686905      32.94807053      30.10683060      21.40574074      19.17793083      19.01174965      16.39584223      10.41585026       9.62464174       9.80418364      10.26972532      10.04559994
       9.31179206       8.81967465       8.06128343       7.63059139       8.81050030       8.88330857       8.87772481       8.93190861       8.91309977       8.83418322       8.77503316       8.74017477       8.74160846       8.74097506       8.71369998       8.70804151       8.66844972       8.70484193       8.78770034       8.81174167
       8.81224155       8.85458310       8.85905027       8.76745860       8.79417499       8.94640843       8.94275030       8.90221675       8.81402493       8.73365800       8.74247471       8.76600822       8.83989175       8.90627464       8.84473324       8.83631627       8.76434167       8.70747487       8.58208338       8.53634993
       8.41469129       8.30507517       8.27041705       8.22024186       8.24312528       8.14756632       8.05488348       8.01547527       7.92129199       7.97492504       7.95472463
       9.37819185       9.25179984       9.00282001       8.80251026       9.04553986       9.38891029       9.29246998       9.22620010       9.22140980       9.39013958       9.64216995       9.87353039      11.33606052      13.75456047      15.59206009      17.27087021      19.82604980      23.66772079      27.84996033      30.83346939
      32.46059036      33.68558884      34.04999161      33.01839828      29.78727913      27.45594978      29.48760986      31.60461044      34.12223816      34.54861832      34.69766998      35.65856171      35.03282166      34.11645126      34.19075012      35.48955154      38.06388092      41.61671829      43.88671112      44.85573196
      45.00086975      44.11109924      43.02233124      41.92391968      42.49805069      44.45869827      47.20508194      49.88951874      52.15365982      53.11217117      53.11109161      53.42171860      54.24943924      55.82725906      56.32801056      57.48157883      58.49493027      59.74185944      62.05001831      64.81529999
      67.64298248      69.56294250      71.18395233      72.83318329      74.29493713      75.89611053      77.64753723      78.52799225      78.95160675      79.12069702      78.86332703      78.85537720      78.86891937      78.58891296      77.94632721      76.42397308      74.02129364      71.24664307      67.95567322      63.22241974
      57.88222122      55.76385880      53.45238113      50.46540070      47.48289108      44.32532120      41.06679916      37.97565842      35.07308960      32.66204071      30.11012077      22.89679909      21.08902931      20.55779158      17.84441744      10.67004175       9.37617540       9.73513365      10.22171656      10.01290003
       9.25757488       8.90089194       7.84206629       7.70839135       8.91820828       8.97360007       8.95595868       8.90014966       8.87658358       8.78734986       8.77098322       8.76974185       8.79906654       8.79586697       8.75327508       8.69348367       8.65219196       8.68223349       8.78704151       8.84145021
       8.83763313       8.88357480       8.89805873       8.80177498       8.76214981       8.89978329       8.96297534       8.93599987       8.85516644       8.78977537       8.73243332       8.75686646       8.76339197       8.87727499       8.83468310       8.82930835       8.78017505       8.77890825       8.69964997       8.67880821
       8.52732499       8.42931668       8.38417530       8.32339207       8.26280038       8.23134979       8.17253351       8.07361682       7.95304139       7.90275017       7.90432533
       8.84047031       8.89062023       9.22068977       9.36380005       9.40530014       9.27873039       9.34436035       9.45429039       9.66510010       9.84438038       9.95011997      11.03090000      13.72723961      16.57212067      18.41172981      19.92231941      22.28100014      25.60253906      29.23188019      32.08065033
      33.73218918      34.88776016      35.29344177      34.38919830      31.21332932      29.96450043      32.55017853      34.03340912      34.79803085      35.35707092      36.22042847      36.82316971      36.18724823      35.44079971      35.69546127      37.02930832      39.43762970      42.56716156      44.76980972      46.07210922
      46.46804810      45.67498016      44.49705887      43.82714844      44.34086990      46.34862137      48.89051056      51.38756943      53.80212021      55.17927170      55.38718033      55.59899139      56.29663849      57.29833984      58.11658859      58.94913101      60.00265884      62.25500107      64.82050323      67.34822845
      69.90647125      72.16747284      74.04740906      75.55213928      76.81661224      78.33384705      80.26618958      81.90219879      82.75363922      82.87843323      83.01934052      83.08940887      83.31604004      83.45484924      83.26757812      81.17597997      78.45230759      74.99618154      71.11260986      67.38072205
      62.99789047      58.51401138      52.81975174      50.44731140      47.43127060      43.94316864      40.54618835      37.10709000      33.98682022      31.38948059      29.08614922      24.11364937      21.16291046      20.79063352      18.33729178      11.12443333       9.36024984       9.67749198      10.15848319       9.95865822
       9.32666699       8.80276680       7.73478349       8.11611652       8.94960801       8.93569152       8.92144998       8.88718367       8.89584144       8.83728345       8.79700820       8.79194975       8.82569154       8.81077528       8.76125018       8.73425802       8.66310835       8.64289204       8.69661649       8.76765013
       8.78665845       8.84747505       8.86221647       8.82460038       8.75903368       8.86998336       8.95260811       8.91429186       8.91483307       8.80649964       8.70110035       8.73889128       8.74413331       8.84699186       8.86497498       8.83726676       8.82589976       8.78936688       8.75772476       8.74767462
       8.67673318       8.59422525       8.49496682       8.42773358       8.34159136       8.27816645       8.19834153       8.16613356       8.06777477       7.95495033       7.90691694
       9.29792023       9.52519989       9.44408989       9.52884007       9.73985958       9.75158024       9.75543976      10.00444984      10.12010956      10.13311958      10.71893024      12.81525040      16.20141029      19.04084015      21.23492050      22.80658913      24.77803993      27.97266006      31.14236832      33.69939041
      35.04993057      35.83177948      35.97623062      34.93785858      32.20510864      32.54542160      35.11845016      36.15969849      36.57546997      37.18302917      37.99505997      38.39870071      37.67797089      36.91054153      37.20441818      38.73968124      41.13871002      43.88796997      45.92348099      47.16867065
      47.71744919      47.09999847      45.95483017      45.55118179      46.21749115      48.31597900      50.77923965      52.99794006      55.05390167      56.68679810      57.10739136      57.54481888      58.41276169      59.18301010      59.80677032      60.71403885      62.64078903      64.62544250      67.45307922      69.74994659
      72.33950043      74.95532227      76.90133667      78.15524292      79.29469299      80.79087830      82.97332764      85.05947113      86.27793121      86.82238007      86.94624329      87.22498322      87.47572327      87.49929810      86.58143082      84.84094299      81.68634054      77.65159205      73.08860016      68.89137268
      64.18289948      59.31309128      53.30126953      49.74655914      46.54978943      42.90121841      39.19203186      35.71931839      32.52944183      29.98492050      27.48748016      24.68041992      21.08333015      19.91650963      17.68181648      11.49215031       9.41800833       9.64383364      10.08725802       9.86819188
       9.20033375       8.66592487       7.32891639       8.35543315       8.92591635       8.93273354       8.90207529       8.87896697       8.88383309       8.87255828       8.79924138       8.79497528       8.78599167       8.78810008       8.75379165       8.74885798       8.66445859       8.67834171       8.75595013       8.71725798
       8.73051643       8.72196674       8.77286673       8.79471699       8.74217510       8.77784173       8.81951650       8.80779982       8.86490822       8.83454164       8.72466644       8.74291658       8.78485044       8.78852526       8.87237469       8.83721670       8.82215818       8.76842499       8.78669977       8.76672506
       8.81634156       8.77006690       8.65940809       8.50882530       8.40753317       8.34429979       8.25879176       8.20712487       8.13988368       8.06365808       7.96083291
      10.07378960      10.12197018       9.95355034       9.92887974      10.11297989      10.36371040      10.37226963      10.48754025      10.59259033      10.77536964      11.90894985      15.02930069      18.43909073      21.43445015      23.72141075      25.33558083      27.61544037      30.58452988      33.77359009      35.86901093
      36.67137146      36.78778076      36.50434875      35.33501816      33.81964874      34.69211197      36.67654800      37.80820084      38.52236176      39.22024155      40.04473114      40.51198959      39.77851105      38.69379807      39.06813049      41.15887070      43.60535812      45.64949036      47.33501053      48.63434982
      49.22201157      48.94282913      48.06188965      47.76612854      48.43423080      50.53929901      53.21678925      55.54130936      56.79946136      57.78218079      58.56119156      59.17607880      60.12017059      61.01153946      62.07178879      62.97584152      64.84599304      67.37299347      69.94689178      72.36557770
      74.98206329      77.76660919      79.78646088      81.21650696      82.44129944      83.91857910      85.83885956      88.08718872      89.84620667      90.44991302      90.79157257      91.25923157      91.43991089      91.03602773      89.62523956      87.52699209      84.08357427      79.44293279      74.15837097      69.18856812
      64.30232239      59.29095840      53.91732025      48.93667984      45.65628052      41.85313034      37.98894119      34.36447144      31.29988861      28.54235077      25.88846970      23.36739922      20.65934944      17.79525948      15.53744240      11.48943328       9.50528304       9.59237496      10.01736641       9.72648303
       8.91762495       8.03178310       7.36788352       8.77021631       8.95509164       8.92995834       8.88377508       8.84410858       8.87879133       8.86034966       8.81683350       8.78656705       8.76987537       8.75307480       8.74179204       8.70755831       8.63481681       8.67690007       8.77521674       8.82122517
       8.78204981       8.73479128       8.72690042       8.72928301       8.67894967       8.73265028       8.75574986       8.78111680       8.78548304       8.80646706       8.74369144       8.76059135       8.82866700       8.73048306       8.85699193       8.81962538       8.79515807       8.78410021       8.79951636       8.82989168
       8.92296632       8.88729175       8.77862533       8.59165033       8.49397500       8.40699991       8.30065807       8.24937503       8.20405801       8.14646641       8.05441697
      11.03952026      10.85457039      10.55945015      10.47309017      10.63605022      10.80889988      10.99998951      10.89599037      10.95254993      11.46837997      13.15550041      16.83760071      20.50637054      23.50056076      25.81114006      27.77109909      30.27356911      33.31203079      36.37633896      38.13750076
      38.62049866      38.21976089      37.37360001      36.39764023      35.70700836      36.52510834      37.99798965      39.19747162      40.31291962      41.26736069      42.23735046      42.87773895      42.44363022      41.31143951      41.21014023      43.48326111      46.06061935      47.79219055      49.25584030      50.25798035
      50.95272827      50.90956879      50.53844833      50.34920883      50.93540955      52.78435135      55.58897018      58.33554077      59.53919983      59.86188889      60.34991074      61.09535980      61.93965149      63.09633636      65.25662231      66.02616119      68.13620758      70.52748108      73.11203766      75.55758667
      78.15534973      80.65662384      82.61509705      84.34152222      85.97441864      87.27172089      88.92189789      91.47529602      93.36302185      94.08519745      94.61495972      95.23152924      95.44930801      94.10145772      92.31145859      89.72704239      85.92650070      80.50816498      74.46224976      69.11657715
      63.96556854      58.83518982      53.64825058      48.15106964      45.42081833      40.89736176      37.20182037      33.60995865      30.34049988      27.35928917      24.55760002      21.73963928      19.09501076      15.93556023      13.39970970      11.10980825       9.65513309       9.60187515       9.94024197       9.53154167
       8.61780008       7.46725798       8.25515827       8.84788354       8.93024206       8.93521706       8.90978336       8.88922532       8.83599202       8.83694172       8.84722471       8.78280799       8.75640869       8.72914155       8.68634144       8.71194998       8.63340855       8.61408313       8.73349190       8.81653309
       8.81161690       8.75967503       8.72236649       8.70560010       8.68438323       8.72124990       8.74590000       8.79568338       8.74758323       8.77595027       8.74360005       8.75117461       8.75891685       8.67724180       8.76535813       8.84747505       8.80113363       8.75957489       8.81392479       8.87835026
       8.94395828       8.95775000       8.81397486       8.68474166       8.58759165       8.49130869       8.40768337       8.32775036       8.27398300       8.25370868       8.23512475
      13.40174961      12.72424984      12.13440990      11.45314026      11.16489029      11.16786003      11.30241013      11.78565025      11.88829041      12.35054016      14.02787971      17.80143929      21.80438042      25.26256943      28.08929062      30.24739075      32.61862946      35.51897575      38.62059926      40.49717407
      40.58544922      39.85169983      38.77910995      37.92721176      37.66051102      38.23933029      39.45706177      40.63206863      41.87984085      43.08230972      44.23102951      45.29005051      45.34365845      43.94913864      43.33224106      45.38827896      48.04618835      49.99422073      51.09608841      52.04917908
      52.80186844      53.13275146      53.11436844      53.11236954      53.73073959      55.25614166      57.82415009      61.02920151      62.45967102      62.30606079      62.43500900      63.04316711      64.17894745      65.52633667      67.22261047      68.81974030      71.00113678      73.72371674      76.51860046      79.26812744
      81.85975647      84.04298401      86.08242798      88.05436707      89.60389709      90.74461365      92.45674133      94.98251343      96.85507192      97.53705215      98.17505529      98.74118952      98.54311127      97.28766103      94.81333872      91.63701675      86.84190893      80.79371755      74.61280823      68.94316101
      63.71251678      58.31774902      53.10998917      48.19499969      44.63623047      40.70138168      36.77767181      33.07410049      29.49677086      26.32500076      23.34211922      20.47513962      17.51678085      14.71893978      12.55261993      10.88602474       9.75033363       9.62168296       9.85341628       9.40081676
       8.31249158       7.56509145       8.72004191       8.83674145       8.84000858       8.87747526       8.91733329       8.88370832       8.85118326       8.79649957       8.81387472       8.77815803       8.76689196       8.72375011       8.67995818       8.69713306       8.62008333       8.54854186       8.70751699       8.78290017
       8.80638361       8.76435836       8.70076656       8.67565870       8.68894180       8.72042497       8.70659192       8.72888327       8.77229134       8.75010808       8.76242479       8.75709136       8.73791695       8.70481650       8.69925022       8.86732499       8.78310839       8.70301644       8.74167522       8.88405005
       9.00228341       8.98099979       8.86447509       8.77855857       8.66229137       8.59690030       8.53134155       8.51501624       8.49314133       8.40528329       8.28813314
      16.92296028      16.17094994      15.06600952      13.52297974      12.11866951      11.92166042      11.82304001      12.30010986      12.86118031      13.44758987      14.72620964      18.14677048      22.49256897      26.74114037      29.96199182      32.35064095      34.73947604      37.74929298      40.61255880      42.25364965
      42.24705124      41.34059143      40.29954910      39.63890839      39.47154999      40.06855011      41.03371048      42.14503098      43.45330048      44.81106186      46.03628159      47.34910965      47.94847870      46.51673126      45.59983063      47.15859985      49.81507874      51.73588181      52.70104980      53.60311890
      54.26797104      54.81996155      55.20756912      55.69918823      56.62958908      57.94760132      60.01779938      62.75373077      64.52722168      64.39222717      64.53418732      65.25681305      66.46295166      67.95092773      69.46904755      71.60404205      74.48419189      77.69346619      80.67385864      83.23578644
      85.63027191      87.92263794      89.85585785      91.47093964      92.60182190      93.91271210      95.76087189      98.15887309      99.70713099     100.88491821     102.34079686     103.39012416     102.56422292      99.81713877      96.90636597      92.63784068      86.79725957      80.96725154      74.96607971      68.98941803
      63.43920898      58.03596115      53.06081009      48.70993042      43.59920883      40.80001068      36.19831085      32.61008072      28.78474045      25.38701057      22.48156929      19.41391945      16.39262009      13.94536018      12.48462009      10.92839981       9.85162497       9.61634159       9.78855848       9.16724126
       7.76011705       8.12021653       8.81384134       8.78478368       8.75428359       8.83803368       8.92981688       8.87971640       8.81490866       8.77693335       8.78460010       8.76922528       8.75410795       8.73509169       8.69214137       8.66123358       8.61797492       8.56275002       8.69029204       8.77535820
       8.81595850       8.75109196       8.66102537       8.64963373       8.71160030       8.73756647       8.71656656       8.74835809       8.76815796       8.78186703       8.81815036       8.77602498       8.74835809       8.72993310       8.67980798       8.82004182       8.81088336       8.70290836       8.71153355       8.83298318
       8.98529132       8.96214167       8.88825019       8.84260813       8.77596696       8.79397472       8.75066678       8.61314138       8.46872489       8.34535837       8.25599194
      20.71884918      19.69186974      18.40122986      16.09198952      13.34780979      12.63848019      12.82369041      13.55169010      14.07843018      14.59961987      15.61544037      18.67280960      23.02387047      27.63924026      31.50367368      34.18945801      36.71821668      39.86346540      42.32254227      43.71523323
      43.64315033      42.77471924      41.83110809      41.24991989      41.29759979      41.83520126      42.77912140      43.83876038      45.15251923      46.46331024      47.80018997      49.10052109      49.76821136      48.84645844      47.84164047      48.91386032      51.45103073      53.23146820      54.34664917      55.08422089
      55.78509903      56.64632034      57.48683929      58.44208908      59.57315063      61.01358032      62.28445816      64.29062653      65.94107819      66.18559265      66.43270111      67.32785797      68.78607941      70.70648193      72.39633942      75.00652313      78.06803894      81.26405334      84.56040955      87.37515259
      89.63262177      91.96559143      93.66941833      94.68302155      95.74018097      97.26970673      99.28176117     101.43415568     103.05201716     104.57320786     106.30565013     106.46683131     105.26354833     101.89790003      98.11424357      93.00653112      87.09517639      81.23663330      75.31787109      69.15547180
      63.41497040      58.28947830      53.56016922      48.92449951      43.83488083      40.17161942      35.93611145      31.89807892      28.48880959      24.87128067      21.73355103      18.60548973      15.45037079      13.54839039      12.36559963      10.92239180       9.82310851       9.59114154       9.75961685       9.04106696
       7.59979169       8.53579998       8.76353343       8.78233353       8.80098343       8.79322529       8.90250842       8.87746652       8.79627466       8.77732515       8.76422485       8.75442505       8.74309142       8.74052525       8.71514161       8.66445859       8.61255805       8.54340871       8.68024985       8.77729972
       8.82061640       8.69266669       8.65909974       8.63255819       8.69192521       8.73746634       8.75510852       8.72937520       8.75099182       8.74924978       8.75955820       8.77708356       8.73515844       8.67652496       8.68419170       8.77956629       8.81767511       8.71869167       8.72851690       8.78847520
       8.92151674       8.92829974       8.89824152       8.97566636       8.97374153       8.82079204       8.69264205       8.59342496       8.47482522       8.41900031       8.32588355
      23.90638378      22.90733295      21.38892937      18.12532997      14.69365025      13.74242020      14.72459030      15.66938972      15.76366997      15.98954964      16.87237930      19.25419044      23.52795029      28.39579010      32.70080096      35.64280945      38.30205986      41.29516622      43.79639280      44.93596636
      44.81343079      44.12464905      43.27719116      42.92987823      43.32735062      44.17430878      45.08784103      45.98027039      47.03464890      48.23884964      49.60541916      50.78348160      51.45357132      50.90200043      50.05609894      50.89490891      53.08401108      54.66659164      55.75532913      56.63499832
      57.71181870      58.88628006      60.08995056      61.03380966      62.46963120      64.24807739      65.11206055      66.25940704      67.16945648      67.70066833      68.53430939      70.00788116      71.80204773      73.55979156      75.86917877      78.56539154      81.65431976      85.15326691      88.38494110      91.06983185
      93.08759308      95.23963165      96.90207672      97.76236725      99.16452026     101.23319244     103.15589452     104.81496552     106.40989873     107.86089706     108.39808467     107.56510930     105.40246801     102.80285080      98.79256490      93.28360524      87.68447250      81.74476624      75.35630798      69.52295685
      64.17857361      59.15008163      54.20392990      49.38574982      44.64812088      39.08023071      36.01766968      31.57854843      28.01409912      24.97150040      21.72093964      18.48978996      15.30200958      13.30498028      12.16005039      10.93377484       9.81797536       9.54783360       9.72858349       9.01280801
       7.65337467       8.60750834       8.76463334       8.78629128       8.82528305       8.81145795       8.84336631       8.89242490       8.82793347       8.77378305       8.74016682       8.74500036       8.71646643       8.72381687       8.72378349       8.71978362       8.66250833       8.55120023       8.62987518       8.76127481
       8.77560854       8.63945802       8.64084164       8.67248297       8.67387533       8.72528315       8.75818332       8.75535806       8.69346698       8.73628298       8.75306686       8.74286652       8.75018358       8.69467497       8.68803342       8.79170815       8.88037523       8.77820810       8.76384974       8.78189961
       8.90865008       8.92857472       8.86639198       8.89913321       8.95383358       8.83791685       8.74074141       8.64435037       8.54458332       8.47806692       8.42017492
      24.64401054      23.32788086      21.70291901      18.44754982      15.45421028      15.45219040      17.17033005      18.34618950      17.78475952      17.42239952      18.22723961      19.74461937      23.43676949      28.61973000      32.91205788      36.01365789      38.78621801      41.61968295      44.11420886      45.64286613
      45.72134018      45.35873032      44.90298080      44.87860870      45.53512192      46.68307114      47.71997070      48.41386032      49.26892090      50.52087021      51.69659042      52.86595917      53.57107925      52.90528870      52.48567963      53.11561966      54.76533890      56.33943176      57.73723984      59.11650085
      60.73315048      62.43531036      63.43553925      64.35108948      65.68900299      66.78791809      67.26200104      67.71498871      68.43374634      69.28253937      70.64920044      72.87816620      75.08831024      77.15445709      79.34156799      82.24603271      85.65373230      89.05052185      91.91078949      94.43083954
      96.39225769      98.32623291      99.53578186     100.83213043     103.12702942     105.27952194     106.83670044     108.13257853     109.41829681     110.23028056     109.76871490     108.03199132     105.35870819     102.50624186      99.93282700      95.20403188      89.10128454      82.63313293      76.01074982      69.70258331
      64.80931854      59.84915924      54.71004105      49.62844086      44.69433975      39.67961884      35.57588959      31.90711975      28.18354988      24.73978043      21.82444954      18.61841011      15.46048927      13.18136024      11.94219971      11.03893347       9.86476660       9.54817533       9.69776630       8.87209972
       7.61643330       8.63318364       8.68184964       8.76009146       8.80485853       8.82930040       8.83599202       8.86365016       8.82691701       8.81695827       8.75049988       8.74499162       8.75517527       8.73605013       8.70047490       8.70680014       8.68606647       8.63735040       8.61411651       8.71049960
       8.70262464       8.61933311       8.64395857       8.65117470       8.65558306       8.69250854       8.73704990       8.76961629       8.68245840       8.75281652       8.77024174       8.79215002       8.74647538       8.70440801       8.72344176       8.77693335       8.88138294       8.86192481       8.82834991       8.85113319
       8.86372487       8.86263371       8.86720022       8.89144182       8.91000827       8.79044135       8.74958356       8.68933360       8.58612458       8.51150036       8.49780003
      22.95960999      21.54995918      19.64267921      17.60367012      16.79208946      17.75927925      20.12459946      21.31896019      20.49876976      19.43856049      19.47970963      20.60700989      22.92539024      27.04877090      31.35747147      34.37042999      37.31782913      40.55516052      43.55966187      45.67686844
      46.59477997      46.70592117      46.61671829      46.79254913      47.39886093      48.60023117      49.93677139      50.96250153      51.98738861      53.08958817      54.26607132      55.45175934      56.05559921      55.61338043      55.00350952      55.46928024      56.85530853      58.63484192      60.31734848      62.25815201
      64.65862274      66.47791290      67.56562805      68.12246704      69.08341217      69.29342651      69.27586365      69.64853668      70.41287994      71.63571930      73.55106354      76.35864258      78.91696167      81.15048981      82.98123932      85.75891876      89.19036102      92.31700897      95.02046204      97.37435913
      99.14644623     101.00475311     102.30558777     104.39830017     106.81488800     108.73002380     110.13243174     110.86596430     111.20245682     110.63657633     109.33167455     107.34031164     104.62558172     101.85068263      99.95553538      97.20776515      90.71036367      84.14035034      77.28176880      71.23002625
      65.82721710      60.49816895      55.27027893      50.26195145      45.28739929      40.49539185      35.77656937      32.32176208      28.66078949      25.20148087      22.00283051      18.66778946      15.76217079      13.29971981      12.04932976      11.10599996       9.97089148       9.56868331       9.69683329       8.75960032
       7.62907505       8.69061629       8.71058305       8.73404980       8.78055811       8.83079131       8.79798333       8.87602488       8.86273305       8.83190870       8.77173344       8.71695836       8.70928367       8.72075796       8.70662530       8.67442528       8.70169163       8.65712484       8.62112522       8.70361646
       8.65135034       8.61327489       8.62973372       8.63672495       8.63664150       8.68992488       8.70915810       8.76439174       8.78755808       8.79089197       8.83280039       8.89996688       8.77624194       8.71725003       8.75717481       8.81919146       8.78234148       8.87810866       8.79889170       8.80321662
       8.81594976       8.85599136       8.89580011       8.90438318       8.88215860       8.79383326       8.73930852       8.67326657       8.54265849       8.53412469       8.59536648
      23.01469994      21.74995041      20.54128075      19.42441940      19.25897980      20.06069946      22.58083916      24.37924004      23.70574951      22.23827934      21.25370979      21.60975075      22.83366966      25.01921082      28.17749023      31.28036880      34.69255829      38.61481857      42.66992950      45.69451904
      47.90053177      48.55002975      48.65113068      48.82371902      49.42525864      50.41104889      51.73371887      53.08512878      54.28726959      55.61885834      57.08808136      58.19686127      58.81188965      58.51087952      57.95557022      58.05002975      59.23672867      61.07141113      63.37738037      66.21649170
      68.67433929      70.61102295      71.07118988      71.30818939      71.55954742      71.72071838      71.91811371      72.49317169      73.43656158      74.86155701      77.04579926      80.21681976      82.77141571      84.58099365      86.28343201      88.98487091      92.25849915      95.11166382      98.15355682     100.31739807
     102.07643127     103.91236877     105.34007263     107.50636292     109.79418945     111.44483587     112.73721965     112.85952769     111.68247991     109.83848953     107.72162628     105.26194000     102.98374176     101.15483856      99.85913620      97.61203400      91.71807485      84.97718811      78.61113739      72.58969879
      67.03188324      61.43669128      56.12435150      51.13071823      46.30105972      41.61162949      37.24866867      32.52598953      29.59281921      26.07674980      22.60688019      19.24258995      16.13628006      13.79214001      12.52910042      11.16099134       9.95800813       9.59182501       9.73283370       8.51227522
       7.69008319       8.78297488       8.72466644       8.73200019       8.78801664       8.82089138       8.78053347       8.79828374       8.82785797       8.78061692       8.76969179       8.73871644       8.69378328       8.67936691       8.71515830       8.71143341       8.71214151       8.66379182       8.59322468       8.63996665
       8.57778311       8.57265870       8.60071659       8.63036633       8.63239129       8.64530007       8.68422508       8.78892501       8.82415851       8.82170836       8.84605010       8.88537486       8.86632522       8.88270855       8.79461686       8.73119195       8.70486657       8.80782525       8.94430002       8.83035024
       8.82426659       8.86364142       8.91867479       8.91618331       8.88214986       8.86947473       8.77581676       8.66884152       8.56854200       8.58003298       8.65095854
      24.99238014      24.89855957      23.82832909      22.59270096      22.07958984      22.82263947      25.26889038      27.47443008      27.40126991      25.80060005      24.15694046      23.49139977      23.86190987      25.02795029      26.66840935      29.17439079      32.82759094      37.51160049      42.16526031      45.76794815
      48.98770905      50.58856201      51.13549042      51.61988831      52.06890869      52.78031158      53.76797867      55.02627182      56.34349060      57.98217010      59.62144852      60.69274139      61.46939087      61.54064178      60.94905090      60.83335876      61.67856979      63.62760925      66.74063873      70.05258942
      72.62030792      73.84664917      74.35839081      74.65058136      74.63027954      74.53002930      74.82950592      75.69383240      76.76693726      78.33470154      80.96333313      84.11087799      86.53254700      88.11663818      89.88266754      92.21101379      95.11637115      98.14257812     101.36646271     103.57041931
     105.63326263     107.44380188     108.74474335     110.27084351     112.16311646     113.62541651     114.84965607     114.23631780     111.68515783     108.52671051     105.47586060     103.30464935     101.76985931     101.01351929     100.04822210      98.22221797      92.43587779      86.42389826      80.29802704      73.97712708
      68.36515045      62.53828049      57.34659958      52.38307953      47.38864136      42.74776077      38.58414841      34.51906967      29.82258034      27.10751915      23.39839935      20.17678070      17.16510010      15.00925064      13.17883968      11.21830844       9.99216636       9.64166641       9.77749189       8.26798360
       7.59988308       8.78328323       8.71289174       8.70912472       8.73143355       8.79669189       8.78604968       8.77573331       8.77660831       8.74412537       8.75879129       8.75089963       8.73697519       8.69640032       8.72522513       8.70072524       8.70173295       8.66877476       8.61215830       8.61097495
       8.52716684       8.56173356       8.59481653       8.62934987       8.60750039       8.64010016       8.70670001       8.78471692       8.80317529       8.84647528       8.90558322       8.84587526       8.71856689       8.67170811       8.66619190       8.68196646       8.73874187       8.73789152       8.88479153       8.87669961
       8.88389985       8.89593363       8.95501693       8.92939170       8.88555845       8.87514989       8.81259203       8.72150024       8.60165040       8.53483359       8.64376704
      27.92431068      28.29468918      27.58571053      26.65299988      25.47580910      25.86029053      28.36277962      30.96545029      31.63108063      30.24828911      28.45087051      27.07752037      26.31040955      26.51943970      27.62899971      29.07386971      31.91651154      36.44400024      41.13425064      45.50148010
      49.34115982      51.93645859      53.42913055      54.39154816      55.16870117      55.95827866      56.59363174      57.26424026      58.31148911      60.13024139      61.95212173      63.24284363      64.35400391      64.71089935      64.56009674      64.35944366      64.82083893      66.48075867      69.79679108      73.12583923
      74.96507263      76.17017365      77.03717041      77.63197327      77.44885254      77.46437836      78.00431061      78.98227692      80.30034637      82.16951752      84.72702789      87.73159027      90.06762695      91.98052979      93.67189026      95.76513672      98.40872192     101.38983154     104.55930328     106.75981903
     108.77644348     110.12393951     111.22125244     112.81419373     114.10961049     115.06436701     115.29843185     113.69355830     110.77810099     107.01043701     104.00282288     102.65979004     101.98690796     101.20932770     100.20216141      98.86540955      94.00076843      88.25855621      82.37590591      76.17089081
      70.12484741      64.35420990      58.90821075      53.87878036      48.84053040      44.52722931      40.42082977      36.00893021      31.58742905      27.16787910      24.63067055      21.59836960      18.41856003      16.32308960      13.45656013      11.68870035      10.04990856       9.69790856       9.77828344       8.08640798
       7.76285013       8.74643326       8.83327484       8.67986679       8.69771640       8.76135826       8.77670844       8.74110858       8.73701652       8.73629173       8.75430822       8.75739972       8.74934196       8.69381666       8.66618315       8.68141651       8.64945809       8.63572518       8.65755002       8.62976631
       8.51289988       8.55331659       8.57346694       8.60172510       8.58801683       8.63229195       8.71856689       8.80815824       8.86966705       8.81341696       8.67810806       8.67285013       8.67954969       8.65651687       8.64120007       8.61294985       8.66840839       8.70266676       8.79520814       8.87635867
       8.92427524       8.91640027       8.92549992       8.90481631       8.88615847       8.82795811       8.84035031       8.72480869       8.59534979       8.55943362       8.62234195
      31.08926010      31.45851898      31.43526840      30.96438980      29.50148010      29.07670975      31.85306931      34.47999954      35.69654083      35.21812820      33.55335999      32.09143066      30.74663925      29.84939003      29.72381973      30.45904922      31.89286041      35.27486038      39.79114914      44.66920090
      49.32312012      52.89812851      55.17314911      56.66252899      57.80113983      58.83385086      59.58747864      60.11457825      60.93984985      62.29077911      63.81921387      65.35028076      66.76471710      67.82348633      68.29579926      68.35910797      68.48870087      69.77171326      72.46675110      75.05242157
      76.51940918      77.70178223      79.01058960      79.79808044      79.92350006      80.44207001      81.26360321      82.61504364      84.23519135      86.09676361      88.42549133      91.28795624      93.95848846      95.94146729      97.57180786      99.67125702     102.40145874     104.76149750     107.07241821     109.33167267
     111.20101166     111.90384674     112.86406708     114.52350616     115.00040181     115.16870117     114.39795558     112.19491831     108.85314178     105.68109894     103.72110748     102.92378235     102.23724365     101.31062317     100.26253891      99.31957652      96.23742727      90.64144338      84.45199432      78.57916260
      72.73497009      66.83354187      61.02698898      55.88628006      50.97269821      46.11420059      41.51319122      37.33275986      33.17927933      29.21714020      24.80795097      22.22554016      19.65455055      17.71677017      14.29356003      12.23991696      10.14159171       9.74934975       9.73886649       8.08592478
       7.64239152       8.71878306       8.84503365       8.67125829       8.67238363       8.71608337       8.75406663       8.72613351       8.75520865       8.74690851       8.71168296       8.71970018       8.71652524       8.69366646       8.63208294       8.63091628       8.63427480       8.63646666       8.66033316       8.67996693
       8.47660859       8.50473324       8.53162527       8.59100024       8.65939140       8.70837530       8.76105865       8.68000825       8.63104184       8.62706661       8.61989975       8.65245819       8.70632490       8.64781698       8.62805843       8.62432480       8.67642482       8.70403369       8.72055848       8.83018335
       8.88741652       8.89453332       8.88238351       8.87985865       8.85886669       8.77520005       8.80424182       8.69090796       8.58344158       8.60704184       8.56801669
