       4.67836523       4.69703007       4.71921492       4.73454523       4.71954489       4.65409517       4.54941511       4.32757998       4.37444496       4.54266500       4.76009512       4.99429989       5.07519484       5.10075521       5.08665514       5.10864019       5.23032522       5.32501507       5.41385984       5.50156021
       5.03924513       3.99434996       4.70410013       5.11508512       5.09816504       5.12828016       5.21011019       5.25527000       5.25438976       5.24794006       5.26393986       5.26909494       5.28307009       5.32447481       5.35596514       5.34446478       5.34214497       5.35855007       5.35475492       5.37332487
       5.37775517       5.36835480       5.35504007       5.36022520       5.35238504       5.35313988       5.36425018       5.37450981       5.36740494       5.35515976       5.34382010       5.35499477       5.37046003       5.38410997       5.40623474       5.41993999       5.42202997       5.42265511       5.44070005       5.47080994
       5.49982500       5.49558496       5.48278522       5.48736477       5.47106504       5.43415499       5.42019987       5.40927982       5.39915514       5.40384007       5.42072010       5.41425514       5.43995476       5.47055006       5.49079514       5.51424503       5.57929993       5.44398022       5.42606497       5.46362019
       5.48124504       5.48633480       5.51165009       5.55361986       5.45810509       5.46161509       5.61998987       5.64218521       5.59487009       5.48019981       5.42913485       5.33177996       5.29174519       5.30577517       5.34091997       5.35171509       5.22122002       5.21399021       5.17130995       5.14598989
       5.18893480       5.15649509       5.16679001       5.14592505       5.15213013       5.14077997       5.12406492       5.10326004       5.10046482       5.01115513       4.96820498       4.98287010       4.98590517       4.97944021       4.99273014       5.02399492       4.90678501       5.36563492       5.53467512       5.06765509
       5.63549519       5.47515488       4.99492979       5.01366997       4.96283484       4.96273994       4.94590521       4.93243504       4.91894484       4.91422510       4.88025522       4.89180517       4.89311981       4.91218996       4.89427996       4.90752983       4.91348982       5.11410999       4.83850002       4.78617001
       4.77324486       4.74719000       4.74748516       4.83435011       4.85226488       4.83126497       4.82703018       4.81601000       4.77758980       4.75604010       4.74611521
       4.69052982       4.68009996       4.69178486       4.70941019       4.69082022       4.62748003       4.58815002       4.55542517       4.40990019       4.36619997       4.68273020       4.89222479       5.03846502       5.09132481       5.12528515       5.11040020       5.17697477       5.28099012       5.35808516       5.44680023
       5.46361494       4.46428013       4.22060013       5.02595997       5.10104990       5.08632994       5.16322994       5.21694994       5.24008989       5.25200987       5.26057482       5.28040981       5.29900503       5.31684017       5.33230019       5.34434509       5.33888006       5.32381487       5.32653999       5.35960484
       5.36598015       5.35581017       5.35196495       5.35879517       5.35790491       5.36593008       5.36628485       5.35645485       5.33790016       5.33830976       5.36132002       5.37577009       5.36593485       5.36219978       5.36471987       5.36908007       5.38719511       5.41787481       5.44321012       5.46689987
       5.46323490       5.46935987       5.49011993       5.48061514       5.44969511       5.42151499       5.40909481       5.41081476       5.42799520       5.43956518       5.40510511       5.41320515       5.48573017       5.53664017       5.53879499       5.45457983       5.49468517       5.56030989       5.44702005       5.45352507
       5.45279503       5.46381998       5.48974514       5.42863512       5.45919991       5.48728991       5.57407475       5.58170509       5.50151014       5.47407484       5.35937977       5.34542990       5.27468491       5.25882483       5.27248001       5.29061508       5.26345491       5.18178511       5.16890001       5.14042997
       5.11987495       5.14693499       5.21427488       5.17168999       5.13121510       5.15744019       5.15165520       5.09283018       5.05094481       5.04524517       4.96511507       4.97035980       4.97325516       5.00612020       4.99288511       4.89161015       5.28067017       5.53063488       5.40050983       5.26736498
       5.72712517       5.25061989       4.97510004       4.95780993       4.93224478       4.93957520       4.93584490       4.92821980       4.88125515       4.87746477       4.89638519       4.84543991       4.83857012       4.89802980       4.88538027       4.85469484       4.87448502       4.95400000       4.86768007       4.89270496
       4.81292009       4.74142027       4.75469017       4.76337481       4.84365511       4.83616018       4.81650496       4.81664991       4.77034998       4.75869989       4.74008512
       4.68959999       4.69475985       4.69502020       4.67089510       4.62202978       4.55870485       4.53766489       4.55263519       4.55694485       4.42430496       4.37714005       4.76447010       4.96109009       5.05149508       5.09858990       5.08429003       5.10014486       5.22249508       5.30111980       5.38811493
       5.48493004       5.18561983       3.95873499       4.71218491       5.17782021       5.08334494       5.11108494       5.16448021       5.22662497       5.27091503       5.26609993       5.27162981       5.28058481       5.29847479       5.33720016       5.33070993       5.30704498       5.29929495       5.33091021       5.34683990
       5.34200001       5.34772491       5.35332489       5.36057997       5.36561489       5.34554005       5.33640003       5.33666992       5.33259487       5.34498501       5.36313009       5.35816002       5.34251976       5.32717514       5.33166504       5.34963512       5.37792492       5.40088511       5.42247486       5.43023491
       5.44029522       5.46508503       5.47173023       5.44647503       5.42799520       5.42610979       5.42241001       5.42905521       5.42267513       5.39311504       5.40260983       5.48100996       5.50043011       5.49061012       5.43683004       5.47983503       5.39532518       5.47153997       5.56106520       5.48629999
       5.46445513       5.51483488       5.46612978       5.59145021       5.58486509       5.54258490       5.58720016       5.57504511       5.47839975       5.40238523       5.30711985       5.28992987       5.28578997       5.25792980       5.23997021       5.24146986       5.23845005       5.28719997       5.14849520       5.14400482
       5.17894506       5.24354506       5.19157505       5.12364483       5.11956024       5.12254477       5.15845013       5.11336994       5.06114483       5.05072498       4.97420502       4.96835995       4.98411989       4.99402523       4.89595985       5.22282505       5.52866507       5.52300501       5.04045486       5.82941008
       5.57829475       5.00103998       4.99940014       4.90630007       4.91585493       4.92092991       4.90327978       4.87806988       4.87141514       4.86636496       4.85872984       4.78207016       4.77838993       4.85894489       4.87446499       4.83249998       4.84065485       4.82726002       4.81614494       4.86155510
       4.85156488       4.80238485       4.72452021       4.72509480       4.79715014       4.83621979       4.84161997       4.80198479       4.76149511       4.75283003       4.71944523
       4.67599010       4.67965508       4.68682480       4.65185976       4.56978512       4.51605511       4.50579977       4.51252508       4.50914478       4.55332994       4.38623524       4.58908510       4.85575008       4.97600985       5.06371021       5.08697987       5.06345510       5.14701509       5.24259996       5.31507015
       5.41106987       5.47670507       4.58233500       4.15847492       4.96908522       5.11706495       5.09958982       5.13331509       5.21226978       5.25219488       5.24504519       5.25223494       5.26279020       5.27375984       5.26499510       5.26836014       5.29387999       5.31516504       5.33116007       5.32187510
       5.33878517       5.35631990       5.34617519       5.35395479       5.34602022       5.32620478       5.32314491       5.33012486       5.34333515       5.34480000       5.32787514       5.32170486       5.32002974       5.30789995       5.32483482       5.35256481       5.36881018       5.38978481       5.40490007       5.40856504
       5.41441488       5.42964983       5.43183994       5.42100000       5.41860008       5.44032001       5.45402002       5.44288015       5.39608002       5.39386988       5.49255514       5.48049498       5.45341492       5.37760496       5.39425516       5.47308016       5.44916010       5.38811016       5.45810509       5.57163525
       5.52459002       5.59835005       5.52596998       5.60078001       5.61544991       5.59348011       5.50811481       5.45171499       5.42722511       5.34996510       5.32306004       5.29927492       5.29236507       5.30000496       5.26654482       5.24670506       5.24716520       5.24956989       5.23205519       5.15748024
       5.26915503       5.20571995       5.15891981       5.12515020       5.11777496       5.15593481       5.15513515       5.13790512       5.07519484       5.03077984       4.97293520       4.93198490       4.95052004       4.91711521       5.21074486       5.54231501       5.55404997       5.21726990       5.34335995       5.73542023
       5.36156988       4.91615009       4.96821976       4.93902016       4.93428516       4.91905022       4.89211988       4.86259508       4.85313511       4.86376476       4.82034016       4.85281515       4.76967001       4.81126499       4.83338499       4.78457022       4.77950001       4.78788996       4.80444479       4.81047010
       4.85897493       4.81225014       4.75591516       4.74065018       4.72579002       4.82504511       4.83916473       4.80335999       4.76224995       4.73934984       4.68050480
       4.69864988       4.68728018       4.68381977       4.67473507       4.62254477       4.54118490       4.48399019       4.46248007       4.46157503       4.50299501       4.56736994       4.36267996       4.76604986       4.89365005       5.01070023       5.06967020       5.08558512       5.09056997       5.15816498       5.25308514
       5.34307003       5.43790007       5.27883005       4.14659500       4.42174482       5.04250526       5.10795498       5.12451982       5.17480516       5.21421480       5.23124504       5.24441481       5.26011992       5.24013519       5.23909998       5.26604509       5.29319477       5.30341005       5.30703020       5.32559490
       5.35015488       5.33745003       5.32328510       5.32924509       5.32009983       5.32145500       5.32378483       5.32790518       5.32286501       5.32640505       5.31147480       5.30976486       5.29396009       5.29389000       5.31745005       5.34213018       5.34958982       5.36913013       5.38549519       5.38255978
       5.37765503       5.39253998       5.40322495       5.41511488       5.43330479       5.45703983       5.44833994       5.43061018       5.40681505       5.49085999       5.46667480       5.44557476       5.39423513       5.35866499       5.42705488       5.44978523       5.43603992       5.43873024       5.39101982       5.45346022
       5.56292009       5.58343506       5.66637516       5.55356503       5.59031010       5.59202003       5.43986511       5.40937519       5.38195515       5.34050989       5.30226517       5.30310488       5.29700518       5.26805019       5.30938482       5.29748011       5.30984020       5.20311499       5.17643499       5.26436520
       5.15483999       5.11874485       5.14574003       5.15613508       5.14264011       5.14927483       5.22247982       5.21033478       5.10932493       5.04047489       5.00945997       4.96772480       4.86687994       5.15949011       5.56276989       5.58259487       5.31377506       4.95614481       5.71736002       5.62606478
       5.05172014       4.95371485       4.94111013       4.92082500       4.90711021       4.95256996       4.91118002       4.87117481       4.89206505       4.85958004       4.84495020       4.84605980       4.87262011       4.78976488       4.80465508       4.78289509       4.76967478       4.79410505       4.81285524       4.82295513
       4.82801485       4.81142998       4.83306503       4.78366995       4.74901485       4.77566481       4.84175491       4.80834007       4.72488499       4.68967009       4.80027008
       4.73772001       4.72239494       4.71308994       4.70702505       4.69401979       4.65436506       4.60766506       4.55885506       4.50574017       4.49702501       4.54429483       4.39309978       4.72193003       4.85296011       4.97111988       5.04765987       5.10280991       5.10385990       5.10425997       5.18149519
       5.27856016       5.38020992       5.44671011       4.96153498       4.03310013       4.71908998       5.18174982       5.14666986       5.16792488       5.20719481       5.22967482       5.24893999       5.23187017       5.24326515       5.24249506       5.24781990       5.27670002       5.29228497       5.31167984       5.32644510
       5.30870485       5.30806494       5.30744505       5.30127001       5.29624510       5.30528021       5.32044506       5.31109476       5.29644012       5.30593014       5.31337023       5.30042982       5.28040504       5.28262997       5.30599499       5.31408978       5.32960510       5.33455992       5.33639479       5.33661509
       5.35930490       5.36424017       5.37759018       5.40084505       5.45204496       5.45969486       5.43950987       5.44787502       5.50024986       5.44632483       5.42313004       5.40119982       5.40478516       5.40237522       5.40992022       5.40054989       5.41063023       5.40583992       5.42244005       5.39061499
       5.44139004       5.56873512       5.51778984       5.51152992       5.57848024       5.47975492       5.37589502       5.37586021       5.35441017       5.29574013       5.30492496       5.34845495       5.30807495       5.35057020       5.41648006       5.42633486       5.29336500       5.21131516       5.27150488       5.17912483
       5.14760494       5.13389492       5.11035490       5.14010525       5.12516499       5.18330479       5.14962006       5.42668009       5.11802006       5.08062506       5.02056503       4.93063021       5.11203480       5.57766485       5.60866499       5.32132483       5.10750484       5.22024012       5.73746490       5.50563002
       5.05687475       4.95876503       4.95811510       4.90826988       4.87441015       4.87322998       4.91331482       4.93326521       4.88409996       4.82285500       4.85520506       4.86145496       4.90898991       4.77729988       4.82569981       4.81086493       4.78856516       4.79919481       4.79372978       4.84255981
       4.92128992       4.82313013       4.83710480       4.77261496       4.72580481       4.74326992       4.76534986       4.71195507       4.83153009       4.88306522       4.80145502
       4.75711489       4.75830984       4.76253986       4.76673508       4.75881004       4.73732996       4.70572996       4.66468525       4.60745001       4.51690006       4.40911007       4.41927481       4.73787022       4.82074022       4.91014481       5.01736498       5.08823013       5.12055016       5.09028482       5.13478518
       5.21843481       5.29435015       5.37503481       5.38872480       4.49807501       4.23680496       4.96921015       5.20606995       5.19800520       5.20238495       5.22291994       5.23569012       5.23962021       5.24631500       5.24179983       5.24496508       5.26872015       5.28504992       5.30289984       5.30125523
       5.30436993       5.28865004       5.27677488       5.26847506       5.28404522       5.28817987       5.29360008       5.29820490       5.29702520       5.30120516       5.28575516       5.29559517       5.29231977       5.28218985       5.27845001       5.29629517       5.31342506       5.30196476       5.30682993       5.32504511
       5.32764006       5.33527994       5.36176491       5.40356493       5.43687487       5.44522476       5.49836493       5.52300501       5.47604990       5.42110491       5.39426994       5.39659500       5.40970516       5.39265013       5.40834522       5.39481497       5.36154509       5.36825514       5.40336990       5.43736506
       5.38870478       5.43555975       5.57742500       5.53061008       5.51152992       5.44335985       5.39273500       5.37355995       5.33329010       5.31369495       5.41035509       5.40470982       5.38988495       5.43923521       5.44007492       5.45931005       5.32748985       5.24499989       5.20140982       5.16929483
       5.15392494       5.16107988       5.10997009       5.10198021       5.13010979       5.11031485       5.10869503       5.11754990       5.35151005       5.16080523       4.99961519       5.10681486       5.59997511       5.63901520       5.34658480       5.19656515       4.95589495       5.96467495       5.79617023       5.22553492
       5.02272987       4.93511009       4.93329525       4.90026999       4.88761520       4.86199999       4.86339521       4.86118984       4.87629509       4.83583021       4.84715509       4.87284994       4.86657000       4.86358023       4.81133986       4.81314993       4.79615498       4.77235985       4.79717493       4.83031511
       4.84177494       4.84368992       4.81509018       4.75093508       4.69711494       4.73006010       4.89774990       4.88795996       4.80894518       4.77244997       4.74288988
       4.74876499       4.74809980       4.75528479       4.76038504       4.75512505       4.75989008       4.75411987       4.72315979       4.68268490       4.61661005       4.44359493       4.34874010       4.71856976       4.79102993       4.89167500       5.00224018       5.05977011       5.10669994       5.10487986       5.10949516
       5.15982485       5.20193005       5.24371004       5.31526518       5.18985987       4.03250980       4.37650490       5.13678503       5.19137001       5.14192486       5.15851498       5.22090006       5.24500990       5.23956490       5.24680519       5.25170994       5.25381517       5.26538515       5.29314518       5.31951475
       5.31366014       5.26719999       5.25525522       5.27031994       5.27802515       5.26597500       5.27328014       5.29030991       5.30137014       5.27538013       5.27103996       5.29272509       5.29971504       5.27166986       5.26174021       5.27611494       5.27311516       5.28618002       5.29941988       5.30074978
       5.29828501       5.33076525       5.37050009       5.38354492       5.40855503       5.52470016       5.54273510       5.49791479       5.44012499       5.41928482       5.40384007       5.41464996       5.41795492       5.39476013       5.38516998       5.35916519       5.34661484       5.36838007       5.38975000       5.41740513
       5.44242477       5.39098024       5.43315983       5.57919979       5.53582001       5.51379013       5.42687511       5.40430498       5.38999987       5.37922001       5.43596506       5.43614483       5.43517017       5.44304514       5.51796484       5.39112520       5.37613487       5.33792496       5.31919479       5.19349480
       5.18693018       5.18609524       5.18929005       5.14760494       5.12131500       5.11493015       5.10257006       5.10587502       5.16269493       5.23870993       5.01459980       5.60218000       5.66733980       5.41882515       5.30015516       5.01369524       5.55697489       5.99784994       5.58386993       4.96364021
       4.93610477       4.89616013       4.91428518       4.94939995       4.85858011       4.86407518       4.86202002       4.88629484       4.85631514       4.86213017       4.89901018       4.85110521       4.87389517       4.90254021       4.82155991       4.80351019       4.74720478       4.75328493       4.79512024       4.81885481
       4.80423498       4.80168009       4.79338980       4.74059486       4.86116982       4.88463497       4.79566479       4.74099493       4.70863008       4.71457005       4.68593979
       4.76325989       4.74818516       4.75665522       4.76542521       4.76958513       4.75777483       4.75801516       4.79068995       4.76968479       4.67446995       4.51315022       4.33028507       4.76779509       4.83324480       4.91858482       5.01422501       5.08132982       5.11906481       5.14054012       5.13941002
       5.13241482       5.13730001       5.16714001       5.20844507       5.29063511       4.87184525       3.80132508       4.59323978       5.23326015       5.17636013       5.17251492       5.20163488       5.22379017       5.23424006       5.21493483       5.20697498       5.24268007       5.27240515       5.29197502       5.31462479
       5.30179977       5.27828503       5.28143978       5.28743982       5.27834988       5.27063990       5.26852989       5.28692007       5.28875494       5.28340006       5.29073000       5.27989483       5.28061008       5.26651478       5.26138496       5.24367523       5.24347019       5.26540995       5.28463984       5.29656506
       5.31562519       5.34485483       5.33961487       5.36252022       5.49565506       5.54357004       5.49469519       5.46037483       5.44902992       5.41121483       5.40659475       5.41318989       5.41372013       5.35345984       5.33825493       5.36026478       5.36770487       5.36002493       5.37513018       5.40453482
       5.39541483       5.41652012       5.42984009       5.48689508       5.56184006       5.52950001       5.46465015       5.43289518       5.54100513       5.39209986       5.43090487       5.46425009       5.36599493       5.27654505       5.41680479       5.43318987       5.33601522       5.36274481       5.29864979       5.25296021
       5.20052004       5.21065521       5.21567488       5.14629507       5.13835001       5.16994476       5.16450977       5.16372490       5.20799494       5.06268024       5.58303022       5.69954014       5.49512482       5.21226501       5.22017479       5.22976494       5.95736504       5.85686493       5.44211006       4.84791994
       4.93155003       4.91934490       4.94147015       5.07461500       4.88311481       4.89688015       4.88745975       4.87546015       4.88097477       4.88983488       4.88318491       4.84812021       4.86385012       4.85891008       4.85574007       4.83156013       4.81311512       4.75944519       4.76592493       4.80509520
       4.78000498       4.81483507       4.95371008       4.88628483       4.77055979       4.72208977       4.69194508       4.65859509       4.63603497       4.68486977       4.67154503
       4.76556492       4.74427509       4.75734520       4.78593016       4.80226517       4.79638481       4.77397013       4.73677015       4.69753981       4.69721508       4.46777010       4.30824995       4.72870016       4.82981014       4.89277983       4.90125990       4.93104506       4.82726002       5.06967497       5.20008516
       5.19970989       5.17784500       5.18036985       5.17538023       5.19089985       5.34385014       4.48594999       3.92701507       5.11319494       5.24439526       5.22604513       5.21486998       5.22652483       5.20955992       5.19349480       5.21606016       5.26439476       5.25999022       5.24387503       5.26874018
       5.30402994       5.31829977       5.31654024       5.29931498       5.27518511       5.25872993       5.27920008       5.28002501       5.28937006       5.31827021       5.26592016       5.25100517       5.26711988       5.26859999       5.26079988       5.23689508       5.23997021       5.24931479       5.27877998       5.32186985
       5.32717514       5.32247019       5.35293007       5.50282478       5.50580978       5.46423483       5.45559502       5.44054508       5.44183493       5.43040514       5.41020489       5.40316010       5.38404512       5.31831503       5.32521009       5.35714483       5.36121511       5.37068510       5.37539482       5.38585520
       5.36588001       5.37645483       5.41271496       5.41526508       5.49222994       5.53126478       5.49648476       5.45648003       5.65958500       5.45394516       5.36237001       5.34729004       5.31067991       5.27483511       5.28745985       5.55814505       5.61189985       5.43838978       5.38796520       5.32672501
       5.24260998       5.20661020       5.16931009       5.16847992       5.15328503       5.17103004       5.16791010       5.24214983       5.05915499       5.55182505       5.73722982       5.55007982       5.33924007       5.28026485       5.08222008       6.05119514       6.17958021       5.78216982       5.11519480       4.82352495
       4.83417988       4.86767006       4.90041494       4.91434479       4.92333508       4.89012003       4.89029503       4.90144491       4.89513493       4.85034990       4.83455992       4.82535505       4.80078506       4.85848522       4.86364508       4.83049488       4.81008482       4.81592989       4.79099512       4.82469988
       4.94535494       4.94067478       4.82251501       4.76298523       4.72154999       4.66122007       4.56816006       4.50087023       4.50442982       4.59873486       4.66586494
       4.75345993       4.71981001       4.73818493       4.77477503       4.79672003       4.79430008       4.76556492       4.72745514       4.65501499       4.60125017       4.57093000       4.45278502       4.54253483       4.85085011       4.71953487       4.29364014       4.36595011       4.56264496       4.98501492       5.19568491
       5.17645502       5.15897512       5.15614510       5.17046499       5.24198008       5.38192987       5.09927988       4.03021479       4.56304502       5.18597984       5.24141502       5.24850988       5.25978994       5.23713493       5.23074484       5.25520515       5.26691484       5.25510979       5.23925018       5.26635981
       5.30691004       5.33959484       5.32479477       5.29220486       5.26238489       5.27628994       5.28916979       5.28925514       5.31502008       5.31468010       5.28038025       5.25388002       5.26397991       5.26367521       5.23583984       5.22207022       5.23714495       5.24813509       5.28642511       5.28999996
       5.28941488       5.33987999       5.46579981       5.47288990       5.44579506       5.43474483       5.41958523       5.43559504       5.44741011       5.45647478       5.41978502       5.38171005       5.33119011       5.31658983       5.36386490       5.39032507       5.39890003       5.39191484       5.40737009       5.37248993
       5.35806990       5.39411497       5.38162994       5.31346989       5.36036015       5.42360020       5.51100492       5.49651003       5.51749516       5.36159515       5.35620499       5.38768482       5.42424011       5.33804989       5.36458015       5.63995028       5.77814007       5.49574995       5.42661524       5.38338518
       5.34269476       5.24624014       5.21468496       5.17378521       5.14376020       5.18685007       5.23119497       5.11406517       5.47031498       5.77269983       5.61352491       5.31975508       5.43864489       5.09911489       5.58481503       6.11324978       6.23515987       5.60178518       4.89048481       4.89399004
       4.83009005       4.79154491       4.85452986       4.87340021       4.86211491       4.84891510       4.83536482       4.83851480       4.80763006       4.80910015       4.80154514       4.81634521       4.78881025       4.83497477       4.84106016       4.84907484       4.78990507       4.83234501       4.94108486       4.92317009
       4.87297010       4.80368996       4.77547979       4.75094509       4.66725492       4.53333521       4.40718985       4.30874014       4.36181498       4.44440985       4.54631519
       4.76429510       4.74502516       4.74899483       4.77284479       4.79556990       4.79505014       4.76378012       4.71165514       4.63539982       4.55200481       4.53738022       4.55083513       4.47063017       4.43544483       4.53437519       4.34053993       4.30576992       4.51589012       4.78731012       5.08386993
       5.13611984       5.09454489       4.98875999       5.06405497       5.18674994       5.29519987       5.29604006       4.67893505       3.94825006       4.82768488       5.18039989       5.25252008       5.26138496       5.25579500       5.27177477       5.26029491       5.24780512       5.26886988       5.27567005       5.27164507
       5.29611015       5.31532001       5.31717014       5.30901480       5.29575014       5.29287004       5.28583479       5.30076504       5.32162476       5.30598497       5.28900480       5.26003981       5.26083517       5.24649477       5.22662020       5.22964001       5.26520014       5.27259016       5.24326515       5.24394512
       5.31646013       5.42825985       5.40747499       5.39228487       5.39540005       5.42010498       5.43136501       5.43128490       5.42328501       5.42767525       5.40373993       5.35063505       5.31605005       5.36246490       5.36833000       5.39325523       5.38214016       5.37707996       5.37517977       5.37268019
       5.37929487       5.38686514       5.27206516       5.33951998       5.37152004       5.37218523       5.39042997       5.48836994       5.41728020       5.41746998       5.46058989       5.43127012       5.38257504       5.36867523       5.37602520       5.45712996       5.66024017       5.53121996       5.37420511       5.50359488
       5.44707489       5.27084017       5.22657490       5.16762018       5.14709997       5.23983479       5.19880486       5.35840511       5.79324007       5.69697523       5.36122513       5.38388491       5.36708498       5.05388021       5.91888475       5.93085003       5.79809523       5.41313982       4.95218992       4.97360992
       4.92284012       4.84512997       4.81533480       4.74967003       4.72784996       4.71820498       4.73960018       4.70809507       4.67897511       4.69129992       4.76722479       4.80256510       4.81186485       4.81371021       4.80109024       4.82946491       4.89552021       4.85663509       4.84931517       4.79967499
       4.79668999       4.77046013       4.72734499       4.68762016       4.60485983       4.45651007       4.33092499       4.24705505       4.32877016       4.38224506       4.46421003
       4.76146507       4.75645018       4.77866983       4.80115986       4.81649017       4.81215000       4.79071522       4.74396992       4.68737507       4.61258984       4.55109978       4.54307508       4.56128979       4.57326984       4.37915993       4.19104481       4.27902985       4.37522507       4.54112482       4.84701014
       5.04018021       4.78526497       4.70637989       4.78774023       4.96407986       5.16915512       5.30236483       5.11674976       4.08433008       4.48863506       5.08079004       5.18833494       5.23503017       5.24962997       5.24901009       5.24750996       5.23672009       5.25553989       5.28204489       5.28191519
       5.27671003       5.29922009       5.30919504       5.30288982       5.29456520       5.29483986       5.29972506       5.30402994       5.32966518       5.31554508       5.27697992       5.25615978       5.26055479       5.24163008       5.23720503       5.26198483       5.28705025       5.25674009       5.23242998       5.31018496
       5.38667011       5.38104486       5.34890509       5.35025978       5.38645983       5.43511486       5.43927479       5.40714502       5.39624977       5.38988495       5.36042976       5.34305525       5.37588024       5.38455486       5.37106514       5.35754013       5.36702490       5.35143995       5.35652494       5.37309980
       5.37968493       5.25486994       5.29682493       5.38091516       5.50174999       5.37742519       5.38135004       5.36846495       5.47282982       5.44992018       5.46844006       5.40325499       5.40625000       5.47776508       5.34332514       5.43681479       5.46089506       5.42588520       5.40302515       5.49130011
       5.38009024       5.38665485       5.28267479       5.23667479       5.20210981       5.24941015       5.21737480       5.78859997       5.76035500       5.43008995       5.30880022       5.34493494       5.09626484       5.79515505       5.93961477       5.92045021       5.64136505       5.13583994       4.97982502       4.92974520
       4.97109509       4.94940519       4.94439983       4.87124014       4.72580004       4.72090006       4.58667994       4.58261013       4.57793999       4.54732513       4.58573008       4.73191977       4.78073978       4.78471518       4.89446497       4.83915520       4.77230978       4.82940483       4.77922487       4.69068003
       4.68994522       4.62592506       4.56472015       4.55274010       4.44817495       4.33896017       4.25331020       4.24644518       4.30771017       4.36089993       4.43692493
       4.77095985       4.76181984       4.77439976       4.79887009       4.81488514       4.81742001       4.79262018       4.75745010       4.73232985       4.69401026       4.63700485       4.60128975       4.58846998       4.60558510       4.64016008       4.64111519       4.36465979       4.18525982       4.25107479       4.42808008
       4.74293995       4.58222485       4.50927496       4.52548981       4.66119480       4.87616491       5.08287477       5.11277485       4.26222992       4.45271492       4.93129015       5.06049013       5.19619513       5.23621988       5.25441980       5.24100018       5.24484015       5.26677513       5.27647018       5.26542997
       5.29523993       5.30673504       5.29051495       5.28621006       5.27921009       5.28773499       5.30769014       5.31186008       5.31495523       5.29708004       5.27692509       5.26637983       5.27236509       5.25302505       5.26539516       5.29684019       5.29507017       5.27517509       5.34705019       5.36681986
       5.30999994       5.32485485       5.31493998       5.36155987       5.41543484       5.44485998       5.43014002       5.39638996       5.36832523       5.34216022       5.32022476       5.36728477       5.38332510       5.37934017       5.36030006       5.35670996       5.34294987       5.35460520       5.36913013       5.37275982
       5.24395990       5.27265501       5.35057497       5.36474514       5.40996504       5.38549995       5.33376503       5.30724001       5.33928013       5.45060015       5.40616989       5.37390995       5.42235994       5.40433979       5.32067490       5.39027500       5.38445520       5.36240005       5.40961981       5.48888016
       5.34132004       5.41110516       5.45477486       5.33636999       5.24705982       5.14564991       5.68865013       5.81930494       5.57685995       5.17469978       5.08301497       5.19990015       5.08908510       6.02610493       5.87963009       5.93355989       5.46510506       4.97114515       4.93128490       4.91583490
       4.93597507       4.94190979       4.94005013       4.91323519       4.89590979       4.84902477       4.84596014       4.85232496       4.84587002       4.73698521       4.62194490       4.67847490       4.86991978       4.82831001       4.80298996       4.79579020       4.70601511       4.62996006       4.52000523       4.61993504
       4.54790020       4.44858980       4.38511515       4.33103991       4.27842999       4.25797510       4.22676516       4.23434019       4.29171515       4.38395977       4.50128508
       4.78971481       4.78615522       4.79237509       4.80900478       4.81897020       4.81587505       4.79294014       4.75640488       4.73393011       4.71495485       4.68806505       4.65535498       4.59878492       4.60068989       4.60694504       4.69805479       4.85325003       4.74376011       4.39657021       4.19403505
       4.41299009       4.40951014       4.37589979       4.42319012       4.41721010       4.49637985       4.83715487       5.03289986       4.18258524       4.46533012       4.75632000       4.93256521       5.11907482       5.20974493       5.24655485       5.22115517       5.23491478       5.27553988       5.27594995       5.28509521
       5.30005503       5.25860977       5.25050020       5.28075981       5.25567484       5.26803017       5.30288506       5.27928019       5.27548981       5.27185488       5.27759504       5.26754999       5.27454519       5.29694510       5.31938982       5.31595993       5.31104994       5.39180517       5.38240480       5.28740501
       5.24333000       5.25756979       5.28923512       5.35462523       5.38983011       5.43737984       5.40753508       5.37701511       5.34321499       5.32242489       5.35286522       5.35086012       5.34840488       5.35347509       5.33822489       5.33968496       5.36766005       5.38548994       5.39804506       5.26685524
       5.24517012       5.33111000       5.38039017       5.38803482       5.40868521       5.42514992       5.31220007       5.27538013       5.28547478       5.31492519       5.41623020       5.38848019       5.45079517       5.44658518       5.32813978       5.46765518       5.41473007       5.36599493       5.44461489       5.40523005
       5.35636520       5.38795996       5.29389000       5.28836012       5.18369007       5.47056007       5.86809492       5.68698978       5.21350479       5.01698017       5.04592514       5.24084997       5.34131002       5.77131987       5.90988493       5.76797485       5.24111986       4.98841476       4.94481993       4.94218016
       4.91286516       4.93396997       4.93736982       4.97325516       4.92676497       4.89078999       4.89564991       4.91271019       4.84519005       4.79180002       4.86294985       4.77451992       4.56174517       4.63835001       4.66355515       4.65358019       4.63208485       4.55005503       4.50318003       4.55645514
       4.43690491       4.35788488       4.27909517       4.28311014       4.30771017       4.30779505       4.37873983       4.53827000       4.82121515       5.10090017       5.31536484
       4.79383516       4.78150988       4.78347015       4.80833006       4.82412481       4.81820488       4.79827023       4.76950502       4.72961521       4.70924997       4.67925978       4.63437510       4.56462002       4.58679485       4.67303991       4.80918503       4.94912481       4.96317005       4.96172476       4.74807501
       4.37756491       4.36726522       4.39555025       4.40227985       4.27521992       4.25070000       4.51936007       4.90982485       3.95888495       4.55822992       4.81685019       4.92222023       5.05341482       5.14879990       5.16888475       5.18665504       5.22188520       5.26128483       5.25930977       5.24783993
       5.22434998       5.25469494       5.28383017       5.30644512       5.27512980       5.27269506       5.27833986       5.27445507       5.27090502       5.26945496       5.25360012       5.25717020       5.29134989       5.30693483       5.30578518       5.31680489       5.41575480       5.36308479       5.30848980       5.26224995
       5.25615501       5.25711489       5.30138493       5.33948517       5.38132000       5.38725996       5.36591005       5.36484480       5.32708502       5.33725500       5.33440018       5.31303024       5.33196497       5.33563519       5.31301498       5.33263493       5.36424494       5.42383003       5.27122021       5.21638489
       5.31792498       5.35578489       5.38676500       5.37406492       5.42271519       5.41067505       5.40984488       5.30874491       5.30016994       5.23775482       5.26539516       5.39535999       5.41201496       5.49703979       5.51479006       5.45571995       5.42359495       5.43479013       5.54339981       5.46788025
       5.37020016       5.35160017       5.31821489       5.37372494       5.22978020       5.84410000       5.81296492       5.50274515       5.05151510       5.10427999       5.09066486       5.23780489       5.31592512       5.78350019       5.90837002       5.58942509       5.11772013       4.99668980       4.91474485       4.87912512
       4.88083982       4.87577009       4.90733480       4.99392509       4.90845013       4.86835003       4.81314993       4.83626986       4.90489483       4.76040983       4.50381517       4.44074011       4.50490522       4.52578020       4.60563993       4.65013504       4.60063505       4.52477980       4.62255001       4.59684515
       4.52481508       4.51615000       4.58477020       4.73451996       4.96323013       5.16141510       5.36876011       5.28630495       4.96692514       4.62649488       4.34151983
       4.79901981       4.78532982       4.80310011       4.81312513       4.81603003       4.80264997       4.77670479       4.75173998       4.73054504       4.71267509       4.66220522       4.57962513       4.53857994       4.64319515       4.79538488       5.02068520       5.02074480       5.02764511       5.04922485       5.05990982
       5.04234505       5.03570986       5.08732510       4.98307514       4.73562479       4.56563997       4.46385002       4.86537504       4.00802994       4.69522476       4.84610987       4.93306494       5.01923513       5.13058996       5.17128992       5.17008018       5.19842005       5.21244001       5.20994520       5.22487020
       5.24097013       5.27028990       5.30278492       5.35139513       5.29045010       5.26157522       5.25288486       5.25550508       5.24616003       5.22925997       5.23548985       5.27894497       5.29923487       5.30501986       5.32695484       5.40932512       5.35319996       5.34091997       5.30479002       5.28718519
       5.28873491       5.29460478       5.32190990       5.34543991       5.36496019       5.38282490       5.40067482       5.37573481       5.36421013       5.31480980       5.31460524       5.30811501       5.30980492       5.31076479       5.33674002       5.33608484       5.38718510       5.29476500       5.17692518       5.34470987
       5.33384514       5.35547495       5.35085011       5.37748003       5.41084480       5.41326523       5.33798504       5.45036507       5.40878010       5.28810501       5.23108006       5.30993986       5.38099003       5.35528994       5.42475986       5.42463493       5.34602022       5.61474991       5.58483505       5.40580511
       5.40325975       5.53678513       5.79715014       5.29239988       5.76560020       5.90376997       5.71256018       5.22118521       5.09151983       5.09337997       5.12727499       5.18761015       5.33576488       5.63434982       5.82758999       5.31061506       4.98718977       4.95243979       4.92506504       4.85970497
       4.86126518       4.89344978       4.88955021       4.88771486       4.86891508       4.86333990       4.92969513       4.78883982       4.53016996       4.36374521       4.36583996       4.42600489       4.43087482       4.50418997       4.47833490       4.53528500       4.65217018       4.78192997       5.10861492       5.32511997
       5.39635515       5.37004995       5.41554022       5.35985994       5.20343494       4.89987516       4.32977009       3.84508491       3.47878504       3.33194494       3.22622991
       4.83338022       4.80907488       4.82390022       4.83752489       4.83575010       4.81551504       4.78490496       4.74990511       4.72909021       4.70208979       4.64560509       4.55983496       4.57406521       4.71605492       4.85097504       5.20379496       5.08607483       5.07493019       5.08317518       5.08520508
       5.17167997       5.12006998       5.10864019       5.10722494       5.14011002       5.00304508       4.81465483       4.94885015       4.13324022       4.59614515       4.82143497       4.89757490       5.01808977       5.15067005       5.20002508       5.18362522       5.17293024       5.14904499       5.15217018       5.21654987
       5.25091982       5.36618996       5.40055513       5.42419004       5.28443003       5.22223520       5.22134018       5.21313524       5.21311998       5.21134520       5.25177479       5.25190020       5.28019476       5.33588982       5.38147974       5.33530521       5.31173992       5.33274984       5.30815506       5.29474020
       5.29653978       5.32729483       5.33991003       5.33247519       5.34488487       5.36804008       5.39973497       5.40226984       5.36154509       5.31005478       5.30827999       5.31189013       5.30107021       5.30322981       5.33222485       5.35066509       5.31170511       5.14970016       5.26716995       5.35105515
       5.40006495       5.27116013       5.31788492       5.39996004       5.37179995       5.39716482       5.59327984       5.53153992       5.47985506       5.27146006       5.62144518       5.55408001       5.25215006       5.36199999       5.35434484       5.36518002       5.33734989       5.38134480       5.39705992       5.56839514
       5.92327499       5.96868515       5.35786009       5.83358479       5.94622993       5.84028482       5.55473995       5.09996986       5.06974983       5.05830002       5.14541006       5.15307999       5.52794504       5.73760986       5.64123011       5.02491999       4.85041475       4.90065479       4.86610985       4.84290981
       4.92491007       4.84633493       4.87576008       4.93225479       4.94211483       4.76546001       4.49603987       4.35211515       4.31482506       4.32181978       4.39806986       4.43748999       4.42523003       4.46361494       4.54207516       4.96310997       5.50317001       5.51833487       5.08088493       4.82505512
       4.73038006       4.45198011       4.34478521       4.19934511       4.03624487       3.79347491       3.50308490       3.17129993       3.35149002       3.54916501       3.64218497
       4.83206511       4.82833481       4.83544493       4.85030985       4.85611486       4.84540987       4.81300497       4.77626991       4.74769020       4.73185492       4.69658995       4.62096024       4.59925508       4.71832991       4.90787983       5.20682001       5.13441515       5.12297010       5.12668991       5.15932989
       5.08463478       5.21846485       5.12786484       5.13591003       5.14999008       5.05437994       4.95830011       4.96622515       4.58031988       4.05406523       4.77053976       4.88634491       5.02296495       5.16580486       5.17750978       5.16950989       5.19328499       5.16299009       5.14867496       5.22446012
       5.37341499       5.37638998       5.33171511       5.31969976       5.27310991       5.21436501       5.20223999       5.18898487       5.21418524       5.25333500       5.25061989       5.25920010       5.30208015       5.29875994       5.30914021       5.30825996       5.27718496       5.31154013       5.34277487       5.33189011
       5.32687998       5.34047985       5.35631514       5.34683990       5.30566978       5.33018017       5.37275982       5.37438488       5.36115503       5.31028509       5.31118011       5.29908514       5.29719019       5.29355001       5.30665493       5.28893518       5.13071012       5.27672005       5.34042978       5.33555984
       5.33129978       5.30311489       5.33750010       5.47895002       5.34486008       5.61301517       5.62426996       5.70626020       5.49716997       5.63422489       5.55311489       5.22470522       5.17595482       5.22412491       5.38245010       5.39211512       5.37286997       5.49546480       5.70404005       5.99392509
       5.90394020       5.24190521       5.73585510       5.90318489       5.92214489       5.86238480       5.27626991       5.12564993       5.10477495       5.08706522       5.18254995       4.97095013       5.58256006       5.78984499       5.45744514       4.87341022       4.89794016       4.92161989       4.86433506       4.88161516
       4.87471485       4.88633490       4.95705986       4.73992014       4.52094507       4.37034512       4.33331490       4.33790016       4.37785006       4.44637012       4.51500511       4.51372480       4.51479006       4.86110020       5.54046011       5.64126015       5.00058985       4.16425514       3.62805510       3.16209507
       3.12987494       3.28477001       3.36225009       3.28543997       3.15927005       3.16463494       3.33862996       3.72121501       3.85950994       4.05314016       4.36547995
       4.82476521       4.81422997       4.83444023       4.85379982       4.84899521       4.84142017       4.81902504       4.77012491       4.74177980       4.74835491       4.73435497       4.67329979       4.61029005       4.70886993       4.93653488       5.13310003       5.20265484       5.22229481       5.20618486       5.23937511
       5.21246481       5.22166491       5.17770481       5.20516014       5.19489479       5.10231495       5.13290501       5.12638998       5.08088017       4.34411478       4.23643494       4.71412992       4.94389486       5.10415983       5.10848999       5.11042976       5.15011501       5.15647507       5.17635012       5.28503990
       5.29492998       5.28062010       5.38053989       5.39543009       5.40286493       5.25026512       5.20925474       5.20325994       5.27506018       5.26422977       5.24213505       5.30915499       5.28647995       5.20112991       5.21827507       5.24175978       5.26644993       5.28706503       5.33097506       5.34937525
       5.35924482       5.34814024       5.34868479       5.31971979       5.31630993       5.34050512       5.35251999       5.35116482       5.36392021       5.32555485       5.30929518       5.28091002       5.27150488       5.29492521       5.27857018       5.11617994       5.17715502       5.31079006       5.36266518       5.33346987
       5.32407999       5.35759497       5.37782001       5.41133022       5.38285017       5.52692986       5.90522480       5.79674006       5.53301477       5.36714983       5.24663496       5.26273012       5.16231489       5.18035507       5.26105976       5.45140505       5.45782995       5.39766979       5.36726999       5.42767000
       5.34514999       5.71782017       5.87498999       5.96051502       5.87735987       5.78066492       5.19160509       5.15733480       5.14080000       5.13895988       5.22872496       5.03856516       5.63759518       5.66422987       5.10530519       4.84937477       4.91367006       4.94183493       4.90593004       4.92857504
       4.97126007       4.77546978       4.57201004       4.42749500       4.45598507       4.42602015       4.43273020       4.45942497       4.48431015       4.52893496       4.57362986       4.76625490       5.36478519       5.68376017       5.17164516       4.32625484       3.76042509       3.39895511       3.49201012       3.41440010
       3.68150997       3.70459509       3.63456011       3.74676490       3.88647008       4.10807514       4.50085497       4.90630007       5.24579477       5.45464993       5.46310997
       4.83767986       4.84054995       4.85115004       4.84679985       4.83906984       4.81996489       4.79541492       4.75669479       4.73919487       4.73235989       4.71210003       4.68687010       4.63314009       4.69976997       4.92674494       5.07922983       5.19350481       5.19069481       5.19444513       5.26086998
       5.28835487       5.22323513       5.21054506       5.22350979       5.21871996       5.23521996       5.25947475       5.22819996       5.22702503       5.13381004       4.40126991       3.97878504       4.50079012       4.91572523       5.04374981       5.07184505       5.10770988       5.20334482       5.16073990       5.09654522
       5.10605478       5.28612518       5.13715982       5.19604015       5.37198019       5.35964012       5.21450520       5.22356510       5.24616480       5.23154497       5.26129007       5.27711010       5.23295021       5.19476986       5.17560482       5.21121502       5.26705503       5.30364513       5.31619978       5.33961010
       5.34294987       5.34365511       5.30972004       5.34745979       5.37117004       5.36482525       5.35130978       5.35457516       5.37580490       5.33204985       5.31679487       5.28263998       5.26296520       5.25480986       5.10569477       5.13408518       5.26331520       5.29349518       5.33699989       5.37798500
       5.37522984       5.36571503       5.41143513       5.45710516       5.41455507       5.39442015       5.38923979       5.79406977       5.31477022       5.19998503       5.21894979       5.21923494       5.14649487       5.15926981       5.17804480       5.38035488       5.54865980       5.58300018       5.67903996       5.74312019
       5.80844498       5.94176483       5.97911501       6.02649021       5.92113018       5.71494484       5.30334997       5.12722015       5.16777515       5.16635513       5.28733015       5.11752987       5.65373516       5.50831509       4.85237980       4.86789513       4.93793011       4.96939993       5.00646496       4.83377981
       4.59775496       4.50568008       4.50106478       4.49633503       4.56677485       4.61275482       4.61297512       4.57299519       4.58993483       4.67891502       5.13627005       5.61806488       5.32060003       4.49399996       3.89978004       3.36581492       3.41018510       3.95865989       4.24397516       4.58146477
       4.79370975       4.85272503       5.01461506       5.20783997       5.34801006       5.39349508       5.34981012       5.17077017       4.93827009       4.71384478       4.56930494
       4.83929491       4.85883522       4.85460997       4.84908009       4.85228014       4.82544994       4.78268480       4.77649975       4.76681519       4.75648499       4.73731995       4.68983507       4.63341999       4.67234993       4.86973476       5.10243988       5.17795515       5.16163015       5.19396496       5.23997498
       5.28666019       5.28684521       5.26799011       5.24781513       5.23196507       5.24236488       5.24122477       5.23640490       5.23245525       5.21808481       5.19318485       4.83538008       4.11709499       4.02101517       4.49625015       4.79027510       4.96586514       5.02023983       4.88768005       4.98127985
       5.15718985       4.83102512       4.49937010       4.42035484       5.04364014       5.41626501       5.26573992       5.20716476       5.21129513       5.29963017       5.25603485       5.20612001       5.18036509       5.20515490       5.20691490       5.19672012       5.24638510       5.29510975       5.29007006       5.28854990
       5.27605009       5.28086996       5.33992481       5.39010000       5.40567493       5.37926483       5.34916019       5.36438990       5.38609505       5.33924007       5.31071520       5.28979492       5.29522991       5.10964012       5.08803511       5.19188499       5.25046492       5.28913021       5.31324005       5.40102482
       5.39524984       5.38902521       5.41977024       5.41843987       5.28747988       5.34097004       5.34300518       5.27470493       5.16435480       5.16539001       5.20584011       5.15329981       5.15989017       5.21500492       5.20570517       5.24759007       5.52263498       5.72107983       5.77641010       5.88754988
       5.99987507       6.07242489       6.08251476       6.02861500       5.98246479       5.89376497       5.25958490       5.08696985       5.14509487       5.17215490       5.19433498       5.32832479       5.68328524       5.13517523       4.90287495       5.04260492       5.06419992       4.78996515       4.66489983       4.59136486
       4.53488016       4.43996525       4.48069000       4.55011988       4.62823486       4.70320988       4.77765512       4.69713020       4.91132021       5.49308014       5.45029020       4.68423510       3.96043491       3.45186996       3.42920494       3.74625492       4.24658489       4.75816488       5.01428509       5.03445005
       4.94945002       4.85107994       5.09005499       4.94479513       4.76844978       4.61484003       4.53692484       4.43512011       4.35478497       4.31955481       4.28483486
       4.83790493       4.84818983       4.84544516       4.84913492       4.83683014       4.81269979       4.79868984       4.79592991       4.77969503       4.75757980       4.75601482       4.71260500       4.65926981       4.66345501       4.81078482       5.06465483       5.15540504       5.14873505       5.19594479       5.25419998
       5.26163006       5.24763489       5.23836994       5.24311495       5.20738983       5.23126507       5.24566984       5.23740005       5.23196507       5.22268486       5.24167013       5.23768520       5.11450481       4.76904488       4.19848490       3.91753006       3.97267008       4.38076019       4.65357494       4.71191502
       4.78220987       4.73923492       4.63969994       4.45849514       4.56400490       5.03361511       5.32643986       5.27781010       5.27776480       5.25738001       5.22467518       5.13311481       5.13234997       5.17181492       5.20462990       5.21248007       5.20127487       5.20369482       5.23223019       5.23020506
       5.24369478       5.28650522       5.33897495       5.39319992       5.40357494       5.39229488       5.38152504       5.36710501       5.38980484       5.32620001       5.30240488       5.30977011       5.16600990       5.05526495       5.20030022       5.24168015       5.24795008       5.29015493       5.32851505       5.33690023
       5.38619518       5.40873480       5.44447994       5.27306509       5.22783518       5.17275000       5.26503992       5.28383493       5.21763515       5.26103497       5.20080519       5.15869999       5.18255997       5.19781017       5.21365976       5.23905993       5.28844500       5.70247507       5.91749001       5.97374010
       6.10218477       6.19950485       6.22173500       6.15451002       6.01762486       5.98992014       5.52616024       5.16480494       5.15157986       5.35810995       5.14543486       5.56788492       5.65428495       5.27995014       5.25052023       4.99846506       4.76056004       4.73210478       4.65564489       4.56604481
       4.53409481       4.47000504       4.52845001       4.65617514       4.68781996       4.72494507       4.85060501       5.33717012       5.55936480       4.91672516       4.14832497       3.72080493       3.36061001       3.76095510       4.17864990       4.63568497       4.96422482       4.86354017       4.76007509       4.73671484
       4.60978508       4.53013992       4.48965502       4.46231985       4.49771023       4.45897484       4.40471983       4.34455490       4.29582024       4.26341009       4.24657011
       4.83332491       4.86107492       4.86461973       4.85819483       4.84510994       4.81772995       4.80594492       4.81457996       4.79504490       4.77100515       4.76175499       4.70960522       4.67511511       4.64173985       4.74772978       4.97350502       5.13467979       5.19060516       5.18226480       5.20898008
       5.22680998       5.23337984       5.25138998       5.26553011       5.23883486       5.24511480       5.25717497       5.24605513       5.23684978       5.22810984       5.22680521       5.21952009       5.23529482       5.25714016       5.16347980       4.99713993       4.66167021       4.13632488       3.86212993       3.98229504
       4.33553982       4.68274498       4.86080980       4.97463989       4.87294006       4.66469002       5.22368002       5.32416487       5.25278521       5.17493010       5.12939978       5.09433985       5.09850979       5.16345978       5.21761513       5.22715998       5.19808006       5.17745018       5.17241001       5.20984507
       5.26436996       5.26715994       5.30047989       5.33840513       5.35245991       5.39969015       5.40891981       5.37023497       5.38331985       5.30928516       5.27810001       5.21667480       5.04573488       5.21265507       5.22121477       5.20810986       5.26125002       5.30177021       5.33772516       5.34000015
       5.35413504       5.40561008       5.24164486       5.24112511       5.25725985       5.20821476       5.18549013       5.21125507       5.27876520       5.34182024       5.23718023       5.22605515       5.20704985       5.19216490       5.20696497       5.21207476       5.25051975       5.42040014       5.85635996       5.98481989
       6.14183998       6.38372993       6.45892000       6.24053478       6.07083988       5.94065523       5.89672518       5.84382010       5.74964523       5.68121481       5.62834024       5.79379988       5.70978022       5.32632017       5.09807491       4.78336477       4.76026487       4.75831985       4.61297512       4.83486986
       4.67773008       4.58182526       4.64029980       4.69089508       4.76046515       5.16769505       5.61656523       5.24464512       4.35589981       3.83290505       3.45482993       3.59250998       4.09682989       4.53141022       5.00074482       4.96038008       4.77692509       4.64416981       4.55036020       4.54821491
       4.53796482       4.43477488       4.39658022       4.40432501       4.40254021       4.38700485       4.33183002       4.30269480       4.27991486       4.26339483       4.26077986
       4.81039476       4.84860516       4.86397982       4.85900497       4.84925985       4.82574987       4.80990505       4.81048012       4.79338503       4.78015518       4.77294016       4.72180510       4.70485497       4.65920019       4.69409513       4.88777494       5.08247519       5.23691988       5.19829512       5.21713495
       5.21517515       5.25016022       5.26768017       5.28197479       5.28178501       5.30039501       5.30541992       5.30357981       5.30584002       5.30343485       5.31543493       5.31549501       5.32747507       5.27070999       5.21317482       5.18811989       5.13357019       5.08741522       4.90521479       4.55855989
       4.16560507       3.91143012       3.91814494       4.21889019       4.55864000       4.69340992       4.75209522       4.94085503       5.25757504       5.23031998       5.15150499       5.10541487       5.17101479       5.23435020       5.19882488       5.20034981       5.18494511       5.18138504       5.18383980       5.20365000
       5.23719978       5.25248003       5.28650522       5.29483986       5.32037020       5.37539005       5.36595011       5.35789490       5.35826492       5.30206013       5.34274483       5.23915005       5.05942488       5.29466486       5.32506514       5.24129486       5.29733515       5.30626011       5.29265499       5.34400511
       5.45898485       5.55990505       5.38733482       5.21791983       5.21063519       5.17673492       5.18119001       5.17794514       5.23650503       5.30168009       5.27758980       5.26766491       5.21541500       5.19892502       5.18924522       5.19665003       5.22178984       5.20160484       5.64317989       5.96255016
       6.10515022       6.37948513       6.51242495       6.16946507       6.04923010       5.97895002       5.96696997       5.92151976       5.88074017       5.82344484       5.81525517       5.77769995       5.41203976       5.05476999       4.81462002       4.66474485       4.68976498       4.73584509       4.77544022       4.92218494
       4.70903492       4.70244980       4.87501478       5.22082520       5.66988993       5.53206015       4.66634989       3.91426992       3.49435496       3.50407004       4.00015497       4.63385010       4.86306477       4.90776491       4.84525013       4.73836517       4.58902502       4.57243013       4.51550484       4.51259518
       4.49214506       4.45861483       4.38598013       4.36950493       4.33746004       4.34989500       4.32769012       4.30358982       4.29535484       4.28095484       4.25623512
       4.81507492       4.85267019       4.85998487       4.85224009       4.82926989       4.81762505       4.80316019       4.80970001       4.79125023       4.76082516       4.73149014       4.69710493       4.67688513       4.65625477       4.67069006       4.83983517       5.04890490       5.22302008       5.22503996       5.24982500
       5.24932003       5.27656507       5.31297016       5.34986496       5.34466982       5.36354017       5.38495016       5.39223003       5.38541508       5.36932516       5.38965988       5.38927507       5.42825985       5.33275986       5.26445484       5.22440004       5.14238024       5.11633492       5.03706980       5.02184010
       5.01369524       4.97721004       4.83283997       4.42639017       3.92016006       3.75763488       3.94317508       4.34995508       4.72378492       4.98455000       5.10347986       5.08228016       5.08858013       5.20883989       5.18920517       5.15577507       5.16849995       5.18978977       5.24165010       5.20740509
       5.19195986       5.25270510       5.25309515       5.27673006       5.32432508       5.31985521       5.30764484       5.31458998       5.37800503       5.40797997       5.37675524       5.34975004       5.09918499       5.20390511       5.26778984       5.29630518       5.36977005       5.31196022       5.31700993       5.34387016
       5.40944481       5.47289991       5.59565496       5.37318993       5.23748016       5.17733002       5.18738985       5.14702511       5.17052984       5.23431492       5.27523518       5.25804996       5.25781488       5.22219515       5.19942522       5.18919516       5.17147017       5.18843508       5.32368517       5.89966011
       6.01345491       6.09458017       6.12208509       6.06937504       5.96312523       5.90216017       5.84988976       5.80576515       5.73866510       5.58041525       5.68748999       5.50102520       5.00355005       4.93836498       4.81962490       4.68693495       4.68952990       4.78662014       4.92983007       5.19617510
       5.48808479       5.70561504       5.77450514       5.49760008       4.76803493       4.09470987       3.63225508       3.44059491       3.85801506       4.30842495       4.76620483       4.89081001       4.74816990       4.69458008       4.67398977       4.65846491       4.57798004       4.54764986       4.53787994       4.53147507
       4.52319002       4.50609493       4.41322517       4.38453007       4.35106993       4.35450506       4.34734011       4.31603479       4.31837511       4.29291487       4.26744509
       4.82586479       4.86720514       4.87893486       4.86741018       4.84048510       4.81854486       4.80040503       4.81236982       4.78519487       4.72549009       4.65901995       4.61714983       4.60783482       4.61342001       4.65300512       4.78988981       5.03891993       5.20243502       5.22294521       5.26119995
       5.31194019       5.34960508       5.35817003       5.40418482       5.45596981       5.43933010       5.42683506       5.42941475       5.41859484       5.38456488       5.41705513       5.43215513       5.47456026       5.38760996       5.33724022       5.24878979       5.20260000       5.20434523       5.16595984       5.02100992
       4.99841499       5.09101009       5.08477497       5.12016487       5.07369995       4.90954494       4.43309021       3.92915511       4.03601980       4.21633482       4.60433006       4.73881483       4.84869003       5.14225483       5.21557522       5.18825483       5.18165493       5.22737503       5.24230003       5.16963005
       5.18150997       5.23522997       5.24448490       5.27683020       5.29441023       5.28369522       5.29900980       5.36355019       5.37787008       5.35633993       5.33408499       5.31338501       5.23839998       5.11248493       5.28172493       5.36913013       5.37023020       5.41791010       5.39318991       5.31546021
       5.41126013       5.48899984       5.47924519       5.43887520       5.30027485       5.22785997       5.17553997       5.15091515       5.13789988       5.15776491       5.22833490       5.27710485       5.32472515       5.27623510       5.23478508       5.22119999       5.17143488       5.17258501       5.21003485       5.66013002
       5.90793514       5.95840979       5.97528505       5.92820501       5.87518501       5.71950483       5.57989979       5.51031017       5.32802486       5.16050482       5.59716511       5.03859997       4.89925480       4.89464998       4.97461987       5.22212505       5.48883009       5.63589001       5.66378498       5.42948008
       5.07080984       4.63322496       4.31399012       4.06798983       3.76513004       3.39906502       3.72368503       4.15921974       4.61285496       4.78506517       4.74044991       4.70315981       4.64979982       4.62197018       4.60969019       4.62108517       4.59163523       4.54220009       4.55595493       4.54600477
       4.56260014       4.51514006       4.47956991       4.41373491       4.38260508       4.36532497       4.34771490       4.31352997       4.31471491       4.29324484       4.27862024
       4.85223484       4.88160992       4.88794994       4.87305498       4.84678507       4.83287001       4.82052994       4.81306505       4.77160501       4.70031977       4.61201000       4.57417011       4.55859995       4.56736994       4.61832523       4.74750519       4.97552490       5.09526491       5.21245003       5.25108480
       5.31618500       5.35150480       5.40024519       5.42578983       5.45459986       5.46504021       5.42909002       5.42974520       5.41354990       5.41025019       5.45843506       5.49963474       5.46548986       5.41767979       5.38457012       5.27944994       5.22361517       5.23074007       5.22561502       5.13262510
       5.13660479       5.14157486       5.12759495       5.14550018       5.16503477       5.19791985       5.17772007       5.14170980       4.80297518       4.13151503       3.91354489       4.15940523       4.67496490       4.93140984       5.27731991       5.24276495       5.21013975       5.20524979       5.20286989       5.17264509
       5.16489983       5.23190975       5.27506495       5.25926495       5.24611521       5.26482487       5.34673500       5.33132982       5.35970020       5.34175014       5.31886482       5.30408001       5.28779507       5.17770481       5.25455523       5.37096024       5.40673018       5.38012981       5.31809998       5.29619503
       5.26186514       5.42304516       5.55553484       5.48959017       5.41048479       5.29279518       5.14399481       5.13143015       5.15362501       5.15548992       5.21271992       5.23815012       5.33882475       5.32797003       5.32830477       5.26178503       5.21718979       5.19478989       5.18299007       5.35263014
       6.01735497       5.83911991       5.90842485       5.84368515       5.71681499       5.55747509       5.42784023       5.35615492       5.21941996       5.20445490       5.52346516       5.03997517       5.44985485       5.73651505       5.69070482       5.38038492       4.99956989       4.61107492       4.26299477       4.08409977
       3.84526491       3.64913988       3.54209495       3.45158505       3.64727998       4.15378523       4.49740982       4.75529480       4.70548010       4.64408493       4.65807009       4.68580008       4.66858482       4.64799023       4.62244987       4.59233522       4.56349516       4.51384497       4.53681517       4.53727484
       4.50588989       4.50614977       4.47839499       4.41896486       4.40114498       4.37519979       4.35641479       4.31133986       4.28030014       4.25723982       4.25904989
       4.77357483       4.84205484       4.82803011       4.84443521       4.86441994       4.86837006       4.84720516       4.83595514       4.80928516       4.77167988       4.68457508       4.60674524       4.59304476       4.59601498       4.61347485       4.69414997       4.86772490       5.01806498       5.19648981       5.22478008
       5.26391983       5.29202509       5.33692503       5.39085484       5.43222475       5.46394491       5.45157003       5.44499493       5.43058014       5.43317509       5.44682980       5.50377989       5.46610498       5.44381523       5.38051510       5.32797480       5.24958515       5.23789978       5.22460985       5.19214487
       5.19399500       5.14884520       5.15044022       5.13432980       5.14625978       5.23932981       5.21028519       5.24401999       5.22017479       5.14871979       4.75729513       4.24976015       3.83862996       4.28237009       4.96751022       5.24418020       5.24693012       5.17607498       5.16673994       5.17967987
       5.17267513       5.21523476       5.22090006       5.25665998       5.26499510       5.31658506       5.31111002       5.33218002       5.37263489       5.34332514       5.35337019       5.32881498       5.29764509       5.23994017       5.21735477       5.36933994       5.37669992       5.28732014       5.28192520       5.27479982
       5.29034519       5.31763506       5.40057516       5.43717003       5.41790485       5.40022516       5.45374012       5.15486479       5.13829994       5.17904520       5.19842005       5.21744490       5.25913477       5.33184481       5.31662512       5.24099493       5.21063995       5.17141008       5.18991995       5.21902990
       5.92200994       5.79756021       5.82568979       5.75341988       5.62817001       5.48076010       5.38048983       5.36976480       5.36324978       5.53717518       5.54600477       5.74817991       5.43088007       4.82562017       4.33982515       4.04623508       3.78228498       3.68188000       3.54520488       3.45352507
       3.67740011       3.87453508       4.18669987       4.35796499       4.59977007       4.79972506       4.72235012       4.66093016       4.67493486       4.68396997       4.64514494       4.67166519       4.66628981       4.63587523       4.60441494       4.57762003       4.54918480       4.50729513       4.50919485       4.51582003
       4.49760485       4.47842979       4.45890522       4.42583513       4.38239002       4.34921980       4.31790018       4.27182484       4.22762489       4.22297001       4.22165012
       4.70157480       4.74195004       4.79132509       4.82111502       4.81855011       4.79170513       4.76903009       4.75369978       4.77682018       4.81856489       4.84566498       4.80939484       4.79448986       4.77257013       4.69001484       4.67017508       4.76891994       4.91779518       5.19275999       5.18253517
       5.25183487       5.28933477       5.31997013       5.35104990       5.38895512       5.44165993       5.48247480       5.45832491       5.42827988       5.43939495       5.44720507       5.51243019       5.46182013       5.46706486       5.38074017       5.34981012       5.31259012       5.29351997       5.29788017       5.29812479
       5.25845003       5.18292999       5.21379995       5.19081020       5.13316488       5.20134974       5.18311501       5.20449495       5.23991489       5.18880510       5.15200520       5.10447502       4.67179012       3.89166498       3.90017009       4.66539478       5.04705000       5.26466513       5.20322990       5.21133995
       5.17849493       5.19663000       5.25055981       5.26835489       5.27478981       5.28429508       5.29222012       5.32889986       5.33696985       5.32313013       5.34076977       5.34919977       5.31752014       5.26608992       5.27326488       5.38054991       5.28028488       5.21426010       5.28101492       5.31027508
       5.30715990       5.31839514       5.28986979       5.35887003       5.48004007       5.47359514       5.53207493       5.40146494       5.17218018       5.18834019       5.25281477       5.30388021       5.26888514       5.25530005       5.27649498       5.24487495       5.20666981       5.17427015       5.20570517       5.28010511
       5.67927504       5.77911997       5.75061989       5.68750525       5.61520004       5.51661015       5.43489504       5.43851519       5.39170504       5.53542995       5.16781998       4.61798000       3.93554497       3.52981496       3.49312496       3.59107995       3.81719494       3.86839509       4.10094023       4.43136024
       4.70114994       4.82703018       4.91699505       4.86783504       4.74827003       4.65117979       4.62128019       4.65688992       4.67175484       4.68721485       4.67858505       4.64574003       4.61524487       4.59912491       4.57755995       4.54955482       4.51924515       4.50611496       4.47538519       4.46416521
       4.44585514       4.41846514       4.41671515       4.39884996       4.34013987       4.30628490       4.29441500       4.26577520       4.25756502       4.28170490       4.26333523
       4.74934483       4.72740507       4.73802996       4.74370003       4.73191500       4.70861006       4.72073984       4.70153999       4.70757484       4.74447012       4.78801012       4.83524990       4.79722500       4.76076984       4.72489023       4.66833019       4.74435520       4.93081999       5.15487003       5.15542507
       5.24037504       5.27762985       5.32627487       5.36401987       5.35874510       5.40135479       5.45400000       5.43652010       5.42789984       5.43452501       5.46243000       5.51166487       5.46659517       5.44653988       5.36258507       5.35454512       5.30961514       5.33094501       5.31861496       5.36077499
       5.30287981       5.20772982       5.22065496       5.20541525       5.16899490       5.19575500       5.14201498       5.13830996       5.16403008       5.16193485       5.13890505       5.10618019       5.13152981       5.06707001       4.40498018       3.91625500       4.27909517       4.80992985       5.27181005       5.28803015
       5.25654984       5.27211475       5.24349976       5.21409988       5.24395514       5.25844479       5.27859020       5.28318024       5.29762983       5.31467009       5.30931997       5.30381012       5.30785990       5.26704502       5.24618483       5.25883484       5.19083500       5.19913483       5.18644524       5.26373005
       5.29793501       5.38178492       5.37513018       5.28014994       5.41433001       5.45678997       5.48438978       5.28218508       5.24789524       5.16685009       5.22385502       5.28431511       5.27941513       5.25728989       5.23863983       5.25455999       5.22436523       5.21530485       5.24336481       5.30350018
       5.46364498       5.74581003       5.71572495       5.62623501       5.61662006       5.57890511       5.49699497       5.41418505       5.44167519       5.33697987       4.53098011       3.56066489       3.59603000       4.04819012       4.19942522       4.37656021       4.63272524       4.86819506       4.99371481       5.03786993
       4.95749521       4.83735514       4.70676994       4.61115980       4.61699009       4.60690975       4.64218521       4.64738989       4.66006994       4.66059494       4.65745497       4.62413502       4.55606508       4.50947523       4.48575020       4.45141506       4.42093515       4.42724514       4.39993000       4.38290501
       4.35049486       4.34400988       4.34131479       4.32358980       4.26982021       4.27323008       4.27284002       4.29538012       4.31067514       4.31665993       4.30308485
       4.76884985       4.75119019       4.71851492       4.72132015       4.73377991       4.73049021       4.73870516       4.73582506       4.74440479       4.72298002       4.69599485       4.67352486       4.63152504       4.60193014       4.74950504       4.98023510       5.04312992       5.06987524       5.21461010       5.20955992
       5.26881981       5.31917000       5.37930489       5.41322994       5.41866493       5.39961004       5.44072485       5.42316008       5.41645479       5.40951490       5.44134998       5.49170494       5.47647524       5.43136024       5.34941483       5.35027504       5.29514980       5.31972504       5.31312513       5.37367010
       5.31279516       5.24729013       5.20837021       5.18021011       5.19663477       5.22715521       5.21959019       5.22049999       5.20193481       5.18045998       5.15537977       5.10302019       5.10589504       5.14750004       5.21450996       4.86184502       4.01278496       4.08276987       4.64896488       5.05459976
       5.39064503       5.27193022       5.17231512       5.19143009       5.21550989       5.24993515       5.26198006       5.25643015       5.30850983       5.29508495       5.28964996       5.28894520       5.28409004       5.27409983       5.26841974       5.31095982       5.25523996       5.22600508       5.19268513       5.20315504
       5.25139523       5.30345011       5.39104986       5.28784990       5.30144978       5.42152500       5.34351492       5.18530512       5.16656017       5.16191483       5.22613001       5.21350002       5.24072981       5.29310989       5.19860983       5.22001982       5.24065018       5.25126982       5.27415514       5.23374510
       5.28289986       5.73389006       5.71467018       5.60161018       5.58538008       5.58689499       5.51884508       5.35868979       5.52460480       4.96081018       3.94757509       3.63628006       4.20340490       4.77119493       5.06477499       5.13753510       5.04096985       4.93321991       4.81863976       4.80085993
       4.74965525       4.66732979       4.59942007       4.57915497       4.61020994       4.66002989       4.65700483       4.65799999       4.65526485       4.64848518       4.61867476       4.56444979       4.51405001       4.47221994       4.43668985       4.40190506       4.36578512       4.35078001       4.34432983       4.32928514
       4.35194492       4.37654495       4.31943989       4.32850504       4.30589485       4.29583979       4.31250477       4.30111504       4.29312515       4.28585482       4.28332996
       4.76611996       4.76083994       4.73148489       4.70813513       4.71334505       4.74371004       4.75838518       4.73243475       4.73039484       4.72519493       4.70521498       4.64299488       4.62851477       4.63776016       4.88438511       4.87592983       4.92881012       5.08807993       5.32696009       5.44082499
       5.41850996       5.43572521       5.48686981       5.44826508       5.45730495       5.45773506       5.46048498       5.43408489       5.43690014       5.42366505       5.42287016       5.48298025       5.44317484       5.40344524       5.34936523       5.31816483       5.27714491       5.27780008       5.29749489       5.34525490
       5.33209515       5.28689480       5.25180483       5.15599489       5.17881012       5.22221518       5.25209475       5.25994015       5.27388477       5.23744488       5.21303511       5.15820980       5.12866020       5.11160994       5.12224483       5.21298504       5.09616518       4.32456493       3.99501491       4.75989485
       5.37935495       5.27979994       5.16171980       5.16796494       5.20889521       5.24006510       5.25441980       5.28257513       5.31582499       5.29586983       5.29219484       5.27432013       5.29638481       5.27013016       5.22953510       5.19941998       5.30878496       5.30338001       5.25857019       5.21737480
       5.28729010       5.29363489       5.25263500       5.22996521       5.30414009       5.40479517       5.20358515       5.19325018       5.15298986       5.15405512       5.12309980       5.15055990       5.21587515       5.17285490       5.15807009       5.20077515       5.25302505       5.21695518       5.12505007       5.16368484
       5.15069485       5.66981983       5.70149994       5.53116989       5.53255510       5.58325005       5.53287506       5.39079523       5.37428999       4.60578489       3.64810991       3.93760490       4.79531002       5.19489002       5.07858515       4.95700979       4.83987522       4.73063993       4.64885998       4.61787987
       4.63831997       4.64427996       4.62152481       4.61632013       4.64295006       4.64957523       4.62136507       4.64722490       4.63565493       4.63161993       4.56452990       4.48875999       4.45214987       4.41485023       4.38510990       4.35120010       4.33633995       4.34282017       4.38226509       4.38072491
       4.38394499       4.40283012       4.39178514       4.40008497       4.38430023       4.33855486       4.33586979       4.35305977       4.37603998       4.34454489       4.33863020
       4.74641991       4.75500488       4.73589993       4.69417000       4.68565512       4.70412493       4.72354984       4.72539997       4.72750521       4.73099995       4.72039509       4.65739489       4.62483501       4.65582514       4.87482977       5.10863018       4.97538996       5.18806982       5.24707508       5.24436522
       5.32507515       5.40187502       5.57058477       5.53369522       5.50276995       5.52285004       5.48676014       5.45015001       5.43627024       5.44410992       5.39975500       5.46933985       5.44098997       5.40703011       5.34659004       5.29104519       5.27490520       5.26735497       5.28926992       5.30476475
       5.31915522       5.29523516       5.25920486       5.16445494       5.13801479       5.16081524       5.19596481       5.26182985       5.30835485       5.28539515       5.25184011       5.18553019       5.15987015       5.13704491       5.14524984       5.17037487       5.20091486       5.22640991       4.52869511       4.02058506
       5.00602007       5.42813492       5.20825005       5.16961479       5.23144007       5.26476002       5.26305485       5.27539015       5.29716015       5.28289986       5.26667500       5.28824997       5.30469990       5.24157476       5.23025513       5.19844007       5.20830488       5.30829477       5.25935984       5.31411982
       5.35393000       5.27396011       5.25620985       5.21639013       5.15120506       5.24594498       5.14939499       5.20498991       5.17546988       5.17068481       5.14493990       5.11742020       5.12642479       5.13913012       5.14437008       5.20585489       5.14212990       5.04587507       5.02151012       5.01685476
       5.04255486       5.58488989       5.69245005       5.55700493       5.61118507       5.56083488       5.45919991       5.54625511       5.12673998       4.41105986       3.59241009       4.07053995       5.12562990       5.13833523       4.98669004       4.80919981       4.69608021       4.59553003       4.54152489       4.51438522
       4.54964495       4.68488503       4.66466522       4.65720987       4.65335989       4.61996508       4.60777998       4.59612513       4.55695009       4.48856497       4.45469999       4.41501522       4.37837505       4.38942480       4.36477518       4.37003517       4.39813519       4.41338491       4.43600988       4.46317005
       4.47059488       4.47571516       4.47188997       4.47646523       4.45054483       4.40629005       4.37795019       4.36710501       4.38809013       4.37519503       4.36144018
       4.73379517       4.72839022       4.71350002       4.69226980       4.65740490       4.65208006       4.65738487       4.66855478       4.68713474       4.72203016       4.72663498       4.66740513       4.60180521       4.58654022       4.77265501       5.13163519       5.06982517       5.14812517       5.33245516       5.31197500
       5.34270477       5.36329985       5.48561001       5.55841494       5.51041508       5.52979994       5.49874020       5.46407509       5.44051981       5.46535015       5.39469004       5.42671490       5.36248016       5.39504480       5.36255980       5.29596519       5.28031015       5.26736498       5.30366516       5.29533482
       5.29595995       5.26092482       5.25084496       5.19359493       5.15457010       5.13297510       5.14396477       5.24078512       5.29578495       5.30548525       5.29032993       5.24558496       5.20598984       5.20140982       5.19839001       5.18229485       5.16084480       5.14354515       5.18765497       4.60124016
       3.88856006       4.97524500       5.39842987       5.20060015       5.20755005       5.26059008       5.27568007       5.28651524       5.27656984       5.25755024       5.26128006       5.30211020       5.28522491       5.21707010       5.22948980       5.23976994       5.24468994       5.27118492       5.33922482       5.34556007
       5.20550013       5.22107506       5.26983976       5.21752024       5.30688000       5.32734013       5.12356997       5.07218504       5.14669991       5.16169500       5.14842510       5.13511992       5.08438492       5.11866522       5.13008976       5.05004501       5.01786518       5.00919008       5.00488997       4.96346521
       5.02025509       5.55563498       5.68782997       5.53758478       5.51955986       5.44664001       5.50791979       5.67110014       5.10477495       4.36731005       3.48910499       4.22669983       5.18941498       5.11377001       4.93478012       4.72068024       4.60173512       4.53102493       4.52429485       4.54694986
       4.55708981       4.66213512       4.69590521       4.64807510       4.61646986       4.56042004       4.52822018       4.48464489       4.42949486       4.44477987       4.44857502       4.39668989       4.42054987       4.47268009       4.51743507       4.50955486       4.52538490       4.53297997       4.53581476       4.55294991
       4.51571512       4.51218987       4.51725006       4.49752998       4.46527481       4.43448019       4.38962984       4.35184479       4.36883020       4.40389490       4.37548018
       4.74130487       4.73702478       4.72079992       4.70358515       4.66593981       4.64258003       4.62731981       4.62377501       4.63396502       4.67204523       4.69917488       4.66192007       4.58135509       4.53130007       4.81612492       5.12484980       5.09226990       5.16071987       5.21066999       5.27232981
       5.32452488       5.36362982       5.39500475       5.57055521       5.49595499       5.51831007       5.49539995       5.46184492       5.43699503       5.41947985       5.37075520       5.43118000       5.37829018       5.36630487       5.34209490       5.30124521       5.26801491       5.27029514       5.26767492       5.27372503
       5.25191021       5.21982479       5.22429991       5.19828987       5.17894983       5.13954496       5.11359978       5.17923975       5.23463011       5.27599001       5.29240990       5.25684023       5.23369503       5.24158001       5.22240496       5.21801996       5.20895004       5.13001013       5.04906988       5.12790012
       4.82700014       3.87921000       4.89970016       5.31469488       5.20776987       5.21662998       5.22603989       5.25269985       5.25330019       5.25960016       5.27893019       5.32107019       5.23657990       5.21759987       5.22297478       5.22781992       5.27102995       5.23725986       5.31472492       5.28135490
       5.15931988       5.17998505       5.28154516       5.25267506       5.37122011       5.26748991       5.15595007       5.12269974       5.04426003       5.04592514       5.11997986       5.07611990       5.11455011       5.07434988       5.02385521       4.95840979       4.96811008       4.96529484       5.00684500       4.97741508
       5.03062487       5.55431509       5.67345524       5.46626997       5.17077017       5.41585493       5.55199003       5.51499510       5.05110502       4.43084526       3.62130499       4.34125996       5.17027521       5.01587486       4.78411484       4.61878014       4.56754494       4.56124496       4.54116011       4.56941986
       4.57258987       4.61151981       4.73151493       4.60812521       4.54472017       4.47581482       4.44741011       4.42478991       4.41650009       4.44038486       4.47179508       4.50289011       4.52700520       4.55870008       4.60732985       4.62232494       4.60902500       4.59598494       4.57572985       4.57375479
       4.52661991       4.48044014       4.48577976       4.49115515       4.45294523       4.44578981       4.38549995       4.37184000       4.36877012       4.41916513       4.41993475
       4.77697992       4.76085520       4.73541975       4.72401524       4.71469498       4.68030500       4.63483477       4.59175014       4.57479477       4.60557985       4.64069510       4.62550497       4.56491518       4.53017998       4.76648521       5.09010983       5.20601511       5.29199505       5.22034979       5.28357983
       5.31960011       5.32958984       5.35610008       5.58504486       5.48322487       5.49607515       5.49174976       5.46608019       5.45440483       5.39586020       5.38080978       5.41492987       5.36942005       5.38869524       5.32750988       5.30259991       5.26793480       5.27569008       5.25103998       5.26157999
       5.25081491       5.21398020       5.17414999       5.15187502       5.17768002       5.13355017       5.09182501       5.12557507       5.22237492       5.27264977       5.29642010       5.28833485       5.28319502       5.27826023       5.28099489       5.25599003       5.20862007       5.14034986       5.04390001       5.01993990
       5.18323994       4.99746990       3.95967007       5.03008986       5.27254486       5.19251013       5.17298985       5.17213488       5.19679499       5.22250986       5.27337503       5.33175993       5.23846483       5.23210001       5.24656010       5.24042988       5.24676514       5.21301985       5.21534014       5.21940517
       5.22936487       5.17190504       5.20656490       5.19943476       5.40192986       5.18706989       5.11719990       5.14572001       5.12409496       5.07393980       5.08974981       5.15181017       5.06313515       4.98989487       4.97644997       4.94688511       4.90774012       4.92452002       4.96399498       4.97872019
       5.08374500       5.55305481       5.65089512       5.30002022       5.19149017       5.25672483       5.58907986       5.27661514       5.09767008       4.42222500       3.66899991       4.48003483       5.09705019       4.91005993       4.71578503       4.61309004       4.59689522       4.58604479       4.55531502       4.54069996
       4.53557014       4.62895489       4.66058493       4.57506990       4.50773001       4.49052000       4.47143507       4.45564985       4.48154497       4.53737020       4.59329510       4.64862013       4.66419506       4.66234493       4.67971516       4.67759514       4.65296507       4.62012482       4.61145020       4.60411501
       4.57763481       4.58269501       4.56302500       4.53727484       4.49166489       4.44794989       4.42544985       4.38964987       4.35948992       4.38260508       4.40926504
       4.79687977       4.78429508       4.76272011       4.74745512       4.73973989       4.65920019       4.58250999       4.52792501       4.50831509       4.53732491       4.57474995       4.56414509       4.52988482       4.55603504       4.78252983       4.97470522       5.16516018       5.24303007       5.25990486       5.31632519
       5.37867498       5.35826015       5.38694000       5.45714998       5.51234007       5.45603991       5.48202515       5.45323992       5.44230986       5.36967993       5.38708019       5.43511009       5.35904980       5.35981512       5.34405994       5.32085514       5.28689003       5.28314495       5.26483011       5.32344484
       5.47219992       5.46608019       5.42945004       5.20622492       5.16970015       5.13490009       5.08629990       5.09359980       5.17861986       5.23215485       5.27482986       5.25336504       5.27867508       5.28800488       5.29934502       5.28307009       5.22518492       5.16733503       5.03195477       5.00760984
       5.16157484       5.43072987       4.78543997       3.98658490       5.21199512       5.20001507       5.16493988       5.12648010       5.15732479       5.19750023       5.23041010       5.32431984       5.30816984       5.24178982       5.22518015       5.23342991       5.38251019       5.29299498       5.20348501       5.18883991
       5.16808510       5.15739012       5.13735485       5.13788509       5.24727011       5.19952011       5.11586523       5.08521986       5.07998991       5.13981009       5.15578508       5.05699015       4.98890495       4.98944521       4.97604513       4.94973993       4.90798521       4.85922003       4.87540483       4.90895987
       5.03843498       5.54453516       5.62449980       5.17615509       5.13696480       5.21514988       5.60831499       5.25244522       5.10484982       4.26472998       3.81251502       4.49269009       5.06283998       4.84438515       4.66056013       4.61059999       4.63017988       4.58951998       4.55504513       4.50869989
       4.52122498       4.50612497       4.58781481       4.55574989       4.55434990       4.54946995       4.56587505       4.60692024       4.61192989       4.62456989       4.64256525       4.68068981       4.73116493       4.67989016       4.66871023       4.64182520       4.64313984       4.63103008       4.66255522       4.65163994
       4.62884521       4.62369490       4.59829521       4.58514500       4.56580496       4.53069496       4.50467014       4.43782997       4.41483021       4.39857006       4.42013979
       4.79810476       4.78580999       4.76672983       4.75634480       4.71477509       4.62316990       4.50567007       4.47537994       4.47551489       4.48991489       4.51459980       4.51987982       4.53312016       4.56389999       4.72666025       4.92629480       5.08165503       5.21587992       5.34512997       5.43686485
       5.40792513       5.37145996       5.40059519       5.40700483       5.56391001       5.45851994       5.45831490       5.44344521       5.40787983       5.38574505       5.38634491       5.40847492       5.36724997       5.35724020       5.34776497       5.35401011       5.31211996       5.38260984       5.35197020       5.30276012
       5.28703022       5.30923510       5.29373503       5.13634014       5.13317013       5.13902998       5.12771511       5.10515022       5.13815022       5.19587994       5.26722479       5.25679016       5.26660013       5.25509977       5.28138018       5.27792978       5.23854494       5.17799520       5.08439493       5.03439999
       5.17102003       5.23585987       5.18692493       4.15972996       4.45825481       5.19304991       5.14436483       5.09129477       5.14609003       5.16953993       5.17965984       5.21373987       5.28810978       5.31597996       5.30578995       5.27829981       5.29810524       5.28514481       5.19127989       5.15195990
       5.11804485       5.14511013       5.12507010       5.17585993       5.24422026       5.25536489       5.11528015       5.09990978       5.15521479       5.15228987       5.09083509       4.99810982       4.99050999       4.99522018       4.97621489       4.91649008       5.02676487       4.85874510       4.58007002       3.98485994
       4.44672489       5.53252983       5.27245998       3.90414500       4.17711020       5.06906986       5.15288496       5.18953514       5.01611519       4.11918497       3.73312497       4.53394508       4.97387981       4.76002979       4.58795500       4.58134985       4.60430479       4.59542513       4.55968523       4.52908516
       4.69124508       4.74268007       4.80375481       4.82322502       4.79461479       4.77609491       4.72462988       4.67750502       4.66061020       4.64500999       4.64448977       4.63395023       4.66522980       4.63761997       4.62030983       4.64586020       4.67705011       4.70140505       4.68658495       4.66712999
       4.64431524       4.64350986       4.61601019       4.60496998       4.59138012       4.55558014       4.55131006       4.49005985       4.46357012       4.43345499       4.46232510
       4.79131985       4.79096508       4.76738024       4.75676012       4.73167515       4.62620020       4.51337004       4.47349501       4.46259975       4.46023989       4.48195505       4.50160980       4.52824020       4.58265018       4.68960476       4.80998993       4.89190483       5.05190992       5.23148012       5.31977510
       5.41270494       5.44400024       5.48322487       5.44418478       5.55744982       5.46648979       5.45708990       5.45749521       5.39839506       5.41436005       5.40902996       5.42616510       5.39707994       5.34492493       5.38126993       5.40222979       5.34160995       5.42227507       5.38827515       5.29759979
       5.28642511       5.30075979       5.27319479       5.16375494       5.16734505       5.15358496       5.22268009       5.14990520       5.12836504       5.14367008       5.24999475       5.27538490       5.23892021       5.28874493       5.29617023       5.28120995       5.26037979       5.20883512       5.14549017       5.05709505
       5.13051987       5.15320015       5.17926502       5.06537008       3.81974506       4.34236002       4.89627504       5.06069517       5.11115980       5.13114977       5.14726496       5.15324497       5.14688015       5.13963509       5.20848989       5.27405500       5.27403498       5.26196003       5.21654510       5.21639490
       5.15853500       5.16417980       5.10020018       5.14836979       5.13494015       5.16883993       5.13407993       5.16381502       5.13066483       5.08524990       4.99922991       4.95762014       4.97222996       4.97190475       4.96965981       4.92220497       4.85350990       4.43195009       3.59553003       4.04813480
       4.84203005       5.52265978       4.94640493       4.14576006       3.95252991       3.53617001       3.88559008       4.22454977       4.21554518       3.85349011       3.42729998       4.75184011       4.87662983       4.65777016       4.56500006       4.57828474       4.59408998       4.57563496       4.61758518       4.95559978
       4.89376497       4.92153978       5.47499514       5.68706512       5.44083977       5.12145519       4.98626518       4.88891983       4.81009483       4.70628500       4.65569496       4.63471508       4.59492016       4.56680012       4.58998013       4.64588976       4.67069483       4.70620489       4.73552513       4.68823481
       4.65226984       4.63468504       4.59657001       4.57706499       4.58528519       4.54930496       4.52007484       4.48192978       4.47360516       4.45881510       4.47995996
       4.79241514       4.78049994       4.77419519       4.76037502       4.75819016       4.68128014       4.60659981       4.54347992       4.49902487       4.48141003       4.45924520       4.46729994       4.52789021       4.60981512       4.69563484       4.75931501       4.81323004       4.91809988       5.05119514       5.19314480
       5.29784489       5.34668016       5.44072485       5.53158998       5.49238014       5.46602488       5.44942999       5.47731018       5.42642498       5.43164492       5.41905975       5.45101023       5.41134501       5.37433481       5.37230492       5.35700512       5.34174490       5.34860516       5.30657005       5.28191996
       5.27307987       5.31035519       5.30779982       5.25671005       5.14285517       5.11174011       5.17746019       5.10883999       5.08766985       5.03924990       5.17489481       5.25825977       5.20740509       5.23301983       5.25983477       5.25347996       5.25262499       5.29354000       5.20934010       5.15364981
       5.18125486       5.13664007       5.16040516       5.23490477       4.96450520       4.22659492       3.78803492       3.99237490       4.66890478       5.10155010       5.11543512       5.08120489       5.05824518       5.07059479       5.06933022       5.13034010       5.20456982       5.22930479       5.24210501       5.23809481
       5.21691513       5.19988489       5.12964487       5.13813496       5.12575006       5.12775517       5.14722490       5.10901022       5.08292484       5.04946518       5.00732517       4.97925997       4.98865509       4.99034023       4.99582005       4.84116507       4.31692505       3.56525493       4.38437986       5.05324507
       5.20858479       5.52050018       5.28212023       5.09395504       5.28247499       4.40841484       3.63094497       3.52636504       3.48155499       3.71939492       4.14183521       4.94818497       4.80118513       4.59358501       4.56093979       4.59877491       4.62925005       4.65825987       4.73864508       5.31149483
       5.20766497       5.60141993       6.27617502       6.89272976       6.97186518       6.67620516       6.15721512       5.60595989       5.15651989       4.97028017       4.82815981       4.76554489       4.69205475       4.60470009       4.57172012       4.58657503       4.60683012       4.66566515       4.71040487       4.69638014
       4.62845516       4.60890484       4.58734989       4.55741501       4.55740976       4.54513502       4.52868509       4.49617481       4.45530987       4.46653986       4.46704006
       4.81655979       4.80796003       4.79117489       4.76284981       4.75525522       4.73623991       4.67524481       4.63568497       4.59680986       4.56442022       4.51734495       4.48082495       4.51027012       4.59879494       4.68341494       4.73722982       4.77525997       4.85190010       4.97510004       5.11454010
       5.24953508       5.27297497       5.38188982       5.42040014       5.42005014       5.50151491       5.43174505       5.45731497       5.46057987       5.42481518       5.41765499       5.43444014       5.39741516       5.38458014       5.35144520       5.34557486       5.30480480       5.24805021       5.28371477       5.27299500
       5.27459002       5.31183004       5.28709507       5.28779507       5.21047497       5.11357975       5.17857504       5.09795475       5.10240984       5.01913023       5.07939482       5.19545507       5.20955992       5.22901487       5.39958000       5.49910498       5.29376984       5.22293997       5.22873020       5.14389515
       5.13477993       5.05589008       5.07599497       5.14071989       5.24672985       5.64279509       5.37034988       4.64527512       3.94736505       4.34068489       4.99757004       5.01099491       5.00657511       5.06064510       5.06466484       5.11049986       5.11177492       5.10043001       5.10705996       5.19332981
       5.21018505       5.19857979       5.18662024       5.17298985       5.13746500       5.12698984       5.06025982       5.01625013       5.04281998       5.02499008       5.01972485       5.00289011       5.01912498       5.06163979       4.90648508       4.16935492       3.61878991       4.25460482       5.09101009       5.07962990
       5.33295488       5.53450012       5.20635509       5.30221510       5.60231495       5.07080984       3.88297486       3.87583995       4.36355019       4.69198990       4.97535992       4.94425011       4.69965982       4.55651999       4.59002495       4.67529488       4.68993521       4.71212482       4.99462986       5.42089987
       5.81271505       6.21721506       6.80300999       7.47131014       7.94783020       8.24510002       8.19669533       7.51602983       6.43462992       5.62633991       5.12881517       4.87111521       4.75637007       4.68967009       4.62219477       4.59679985       4.59180021       4.60064507       4.59065008       4.58047485
       4.54323483       4.54762983       4.54181004       4.54104996       4.54803991       4.54041004       4.51729488       4.46883488       4.42300987       4.43805981       4.41255999
       4.82890511       4.82341003       4.81785011       4.78908491       4.74943018       4.73133993       4.70029020       4.68441010       4.66861486       4.64158010       4.60701513       4.54673481       4.50053501       4.52467489       4.60869980       4.68638992       4.73271513       4.78301001       4.89329481       5.04295015
       5.19401503       5.28816509       5.38100481       5.45095491       5.38990498       5.51444483       5.42847013       5.42678976       5.42539978       5.41967487       5.44188023       5.43539000       5.41689491       5.40249491       5.37207508       5.33870983       5.29202509       5.26399517       5.27345514       5.28101492
       5.27014017       5.31519508       5.26314020       5.27842522       5.24031496       5.12120008       5.16675520       5.10895491       5.08831978       5.01735497       5.04799509       5.05866003       5.11913013       5.20952988       5.32927990       5.34853983       5.33405495       5.28122997       5.24443483       5.18703508
       5.17006016       5.05308008       5.06944990       5.10416508       5.20805502       5.21495485       5.25504494       5.23745489       5.04924488       4.21755505       4.03231478       4.82853508       4.97588491       5.00130987       5.06636000       5.11351013       5.12133980       5.08079004       5.07830477       5.07683516
       5.10785007       5.14107990       5.18730021       5.16727495       5.14529514       5.08278990       5.06966019       5.00707483       4.95956993       4.99903488       5.01030016       5.06325006       5.05475998       4.88288021       4.03840494       3.51978993       4.27458000       5.04676485       5.14519024       5.13168001
       5.40355015       5.53291988       5.05122995       5.38635015       5.53969479       4.33620977       3.61403990       4.83723021       5.21703482       5.24513483       5.12442493       4.93707991       4.67951488       4.64939022       4.64180517       4.70191479       4.74023485       4.78922987       5.29307508       6.03491497
       6.97503996       7.25350523       7.47215509       8.06130505       8.59844017       9.10760498       9.25014496       8.97491455       8.18593979       7.08715010       5.85285521       5.19642019       4.89812517       4.76281023       4.69589996       4.68304014       4.64117479       4.57420015       4.56736517       4.54504013
       4.51999998       4.51079988       4.51416016       4.53878021       4.54579496       4.53927517       4.53417015       4.52187014       4.50644493       4.44232512       4.45206022
       4.82031488       4.81981516       4.82649517       4.82143497       4.78600502       4.73095989       4.71350479       4.69680500       4.68978024       4.67615509       4.64785004       4.59775496       4.54475498       4.51620007       4.53405476       4.60390997       4.65326977       4.69937992       4.82155991       4.99224997
       5.14162016       5.24884510       5.29197979       5.38710499       5.40969992       5.47029018       5.41466522       5.39155006       5.40425014       5.41947985       5.42814493       5.40184021       5.42833519       5.42675018       5.40292501       5.35916996       5.30292511       5.26972485       5.23781013       5.24744511
       5.24125004       5.27702522       5.26305485       5.24216986       5.24325991       5.13674498       5.15320015       5.10538483       5.07874012       5.03155518       5.06207514       5.02386999       5.02809000       5.05490494       5.16500521       5.21616507       5.24097013       5.27140522       5.25459003       5.24555016
       5.25231981       5.08387995       5.12540007       5.14005995       5.07164478       5.06873512       5.05902481       5.08592510       5.05800009       5.06596994       4.21747017       3.90897512       4.76431513       4.99823999       5.07809496       5.15993500       5.14151478       5.11210489       5.09071016       5.09575987
       5.08443975       5.08993006       5.14075518       5.16442490       5.12392521       5.04686022       5.02111006       4.98782492       4.96613503       4.97260523       5.05548000       5.02303505       4.91575003       3.94072509       3.57756495       4.35847998       5.09532499       5.17106009       5.18837500       5.20222521
       5.43187475       5.48256493       4.98413992       5.51235008       5.15391016       3.73299003       4.36508512       5.12149477       5.17829514       5.15448523       5.07043982       4.90351486       4.69868517       4.68685007       4.67723513       4.75461483       4.83292007       4.93437004       5.51304483       6.32415485
       7.78894520       8.56763458       8.58950996       8.77583981       9.31171989       9.86077976      10.12165546      10.21212006       9.77095032       8.74386024       7.32594013       6.13915014       5.47622013       5.07642508       4.87369013       4.76793003       4.72955990       4.70050526       4.64859486       4.62748003
       4.63579512       4.63326502       4.60814524       4.63662004       4.66265488       4.66374493       4.62650013       4.61414480       4.59100008       4.54426003       4.53256989
       4.82220507       4.82611513       4.82876492       4.81990480       4.80242014       4.75109482       4.74012995       4.72513008       4.70767021       4.68841505       4.66174984       4.61689997       4.56759501       4.52755022       4.51469994       4.53404522       4.55987978       4.58808517       4.71824980       4.89860487
       5.06357002       5.18207979       5.26393509       5.33822012       5.37311983       5.46184492       5.41861486       5.37322521       5.38882494       5.37958002       5.41799498       5.36224508       5.39441013       5.37428522       5.39459515       5.35164022       5.29354000       5.26374483       5.25595999       5.22025013
       5.22943020       5.23741007       5.26565504       5.21954012       5.22195482       5.15503502       5.12978506       5.13612509       5.05001497       5.03328514       5.05822992       5.00957489       4.98227024       4.96485519       5.06028986       5.12581015       5.15450001       5.19333506       5.18507004       5.15649986
       5.27864981       5.10837984       5.10777998       5.09870481       5.05574989       5.05297995       5.04271507       5.06609488       5.05345011       5.05579996       4.99763012       4.37094021       3.83285999       4.73677015       5.05289507       5.15476990       5.17908001       5.14881516       5.10246992       5.11786509
       5.08706999       5.08696508       5.12759495       5.12161016       5.07971478       5.00259495       4.94621992       4.96886015       4.99122524       5.03871012       4.96103477       5.05576515       4.10516500       3.64613509       4.50976992       5.08940983       5.15195990       5.10786009       5.25982523       5.30250978
       5.45902491       5.30134487       5.10618496       5.59716988       4.35354996       3.78192997       4.90604019       5.10586023       5.10926485       5.06895494       5.02428484       4.91085482       4.70884991       4.70423508       4.77778482       4.90736485       4.94245481       5.11353493       5.66210508       6.78947496
       8.39350510       9.44430542       9.62341976       9.71603012      10.19904995      10.65652466      11.09385967      11.28721046      11.16238976      10.34316540       8.95877457       7.43113995       6.22379494       5.53326511       5.19293022       4.96404505       4.82185984       4.79455996       4.77395487       4.72412491
       4.71613979       4.71056509       4.70815516       4.65959978       4.66550493       4.67131519       4.66094017       4.64020491       4.62489986       4.60494995       4.56430006
       4.78305483       4.78397512       4.80285501       4.83092022       4.82512522       4.78632498       4.75188494       4.73827982       4.72683001       4.71532488       4.68956995       4.61879492       4.54998016       4.51531506       4.51338482       4.53048992       4.52118015       4.51452494       4.62785006       4.80957985
       4.96937990       5.10151482       5.20417976       5.31545019       5.34376478       5.42470503       5.46299505       5.37093019       5.36508989       5.38892508       5.40053511       5.35014486       5.37081003       5.35080481       5.36430979       5.32541990       5.28428984       5.25345993       5.26836491       5.25409508
       5.24779987       5.26879501       5.26603985       5.27428007       5.27977991       5.24355984       5.17321491       5.11587000       5.04979515       5.03127003       5.03364992       5.01491499       4.98904514       4.96858501       5.01154518       5.04645014       5.07273006       5.11215496       5.10713482       5.09229994
       5.17129517       5.10219002       5.03635979       5.02901506       5.03471994       5.04410505       4.97765493       4.99651480       4.98120499       5.00590992       4.96823502       4.94569492       4.56159019       3.78655505       4.56906986       5.07691002       5.16708994       5.15798998       5.09819984       5.06139994
       5.07698011       5.07209015       5.06865501       5.08826494       4.98738003       5.00277519       4.95710993       4.96897507       5.04075480       5.02749491       4.64048481       3.77885008       3.77040505       4.62018013       5.12775993       5.11694479       5.15792990       5.09867001       5.19079018       5.36483479
       5.45667982       5.08091021       5.41374493       5.15743017       3.72430491       4.46780014       5.02416992       5.07717514       5.07324982       5.05177498       5.00393486       4.88040018       4.74459982       4.83400488       4.98877001       5.01559019       5.04521990       5.37150002       5.91887999       7.08976507
       8.76428986      10.02412510      10.41886044      10.72106457      11.15063000      11.56356049      11.98026466      12.32782459      12.43373013      11.72208500      10.55212498       9.00492477       7.48048019       6.26056004       5.60939503       5.31945515       5.12506008       4.99291515       4.91947508       4.81763506
       4.76624012       4.75528002       4.76184511       4.74024010       4.68752480       4.70168495       4.70050478       4.66967487       4.66802979       4.65346479       4.59776497
       4.78009510       4.76969004       4.78913498       4.81795502       4.83979988       4.80019522       4.77551508       4.75303984       4.74043989       4.73049021       4.70341015       4.61812496       4.53052521       4.48877001       4.48806524       4.50929022       4.50431490       4.49357510       4.56184006       4.71863508
       4.88153505       5.01686001       5.15183020       5.25522995       5.29178524       5.39273024       5.49152994       5.44307518       5.40942001       5.41742992       5.38148499       5.33120012       5.34029007       5.34352493       5.33517981       5.29441500       5.26118994       5.23500013       5.23360491       5.24849987
       5.24666977       5.27693510       5.33604479       5.32199526       5.32492018       5.27681017       5.31607008       5.19233513       5.04526520       5.01989508       5.01941013       5.01350021       4.98669481       4.99409485       4.98970509       5.00695992       5.00344515       5.06087494       5.08063507       5.07125521
       5.16896486       5.03234482       4.96160984       4.92986488       4.98041010       5.04868984       4.93839502       4.95678520       4.98156977       5.03848982       4.99249983       4.99831009       4.96412992       4.73248482       3.99202013       4.20625019       4.95150518       5.06286478       5.05278492       5.05901003
       5.05777502       5.05516481       4.89919996       4.86518002       4.94650984       5.05726480       4.99870014       4.98760986       5.08247519       4.63413000       3.64309001       3.89185500       4.65826988       5.02511501       5.12155485       5.15755987       5.17958021       5.11366987       5.20215988       5.37458992
       5.34195995       5.08426523       5.60601997       4.41287518       3.90930009       4.84886503       5.00586987       5.07472992       5.08615017       5.06359482       5.01535511       4.86465502       4.89438009       5.02665997       5.07679510       5.21925520       5.68373993       6.58966476       7.84469019       9.46994486
      11.28528542      13.04550026      13.78907978      14.20549999      14.66754494      15.04223522      15.59768494      16.14082462      16.26976543      15.65991001      14.67426018      13.24263504      11.32834496       9.27843010       7.45724020       5.99615479       5.60140991       5.41584492       5.28149986       5.00303507
       4.86856985       4.79177999       4.77627516       4.75814486       4.71937990       4.69421482       4.70853519       4.70322514       4.69948483       4.70327520       4.63025522
       4.83832979       4.82954502       4.80958986       4.81604004       4.81448984       4.81247520       4.80808020       4.77900982       4.75619984       4.75213480       4.72606993       4.66964483       4.62023020       4.56899500       4.52286482       4.51155996       4.50755501       4.50447989       4.54253006       4.66560984
       4.79536486       4.89339018       5.02776003       5.15249491       5.25718021       5.37025023       5.41381502       5.47147989       5.44605017       5.39300489       5.34293985       5.32077980       5.33663511       5.35452986       5.32856989       5.30750990       5.26549482       5.24132013       5.20783997       5.22617483
       5.20681477       5.24470520       5.24012995       5.27019501       5.29983521       5.28149509       5.31002522       5.27340508       5.16952991       5.06292009       5.03994989       5.01534510       4.98136520       5.00567484       4.99686003       5.01392508       5.02098513       5.06373024       5.08193493       5.09167480
       5.18680477       5.05665493       4.98219490       4.91533995       4.93001986       5.00462008       4.98070478       5.01383495       4.95936012       4.99976492       4.97563505       5.02977514       4.99334478       5.06570482       4.89967012       4.16814518       3.94979000       4.85561514       5.05443001       5.04981995
       5.05848980       4.91328001       4.86310482       4.90827990       4.84239483       4.87602997       4.95581007       5.00760508       4.65382481       3.58384991       4.05141020       4.81098986       4.96286488       5.08562994       5.15714025       5.19538021       5.11964512       5.08551979       5.27980995       5.37303019
       5.16000509       5.32967997       5.26429987       3.85180998       4.53265476       4.98233986       5.05155993       5.11570978       5.13325977       5.11762524       5.05218983       6.34731018       7.09375000       7.14690018       7.20394039       7.43212032       8.04409027       9.80578995      12.48626041      14.59716988
      16.94569969      19.00608517      20.01510471      20.67068035      21.28648968      21.87463482      22.60048004      23.29098019      23.58643028      23.37997971      22.71853016      21.27301979      18.42337036      16.14365005      14.14160919      12.39105034      10.80500984       9.22879028       8.05142021       7.34669971
       6.94102001       6.74820042       4.82744503       4.78177500       4.73085976       4.72199011       4.69737005       4.72623014       4.72105503       4.70292521       4.66717482
       4.83211994       4.82469988       4.82545519       4.82527494       4.81424999       4.81083488       4.82025003       4.80584002       4.78941488       4.77845478       4.75121021       4.72431993       4.71118498       4.67906523       4.63956022       4.60436010       4.57318497       4.54337502       4.56695509       4.66159010
       4.75932503       4.82202482       4.90935516       5.01294518       5.14117002       5.27182484       5.28411484       5.29905510       5.24209499       5.22429514       5.25337982       5.28881979       5.29596996       5.31317997       5.31387997       5.32912016       5.30192995       5.27770996       5.27309990       5.25170517
       5.27791500       5.23275518       5.21070004       5.23376989       5.20197010       5.23044491       5.25882483       5.27846479       5.25660515       5.18602991       5.14137506       5.00813007       4.97736979       5.00540018       5.02026510       5.04333496       5.06006479       5.12858009       5.10023975       5.11752510
       5.21331978       5.17226982       5.10439491       5.06228495       5.02020502       4.95569515       4.91536522       4.94602013       4.93759489       4.95851994       4.97368479       5.00506496       4.95730495       5.03486013       5.11776495       5.01781988       4.36632013       3.88017511       4.73913002       5.00917482
       4.94280005       4.85676479       4.82957506       4.85412979       4.85798979       4.87445021       4.91562986       4.87827492       3.76462507       3.88382506       4.82147980       4.99900484       5.22243500       5.23508978       5.24922991       5.14808512       4.98459005       5.11732006       5.32637978       5.33454990
       5.09140015       5.59789991       4.85221481       3.82100511       4.83452988       5.00225496       5.07231998       5.11985016       5.14704514       5.27564487       6.90573009       7.16322041       7.20392990       7.26278019       7.31999016       7.63399982       8.82946014      11.75527954      14.35898972      16.65678978
      18.70383072      20.61128044      21.91451073      22.91005898      23.97834969      25.11672020      26.14558029      27.04825974      27.44038963      27.10437012      25.91197014      23.95496941      21.56061935      19.50410080      17.63319016      15.91659927      14.13035011      11.68247986       9.42592049       8.16084003
       7.60074997       7.40585995       7.01264000       4.86545515       4.81320524       4.78399992       4.75911999       4.74266005       4.72332001       4.70866013       4.73799992
       4.81263018       4.81526995       4.81064987       4.80937004       4.80749512       4.80049992       4.81150484       4.81302023       4.80886507       4.79488516       4.77121019       4.75322008       4.74613476       4.73504496       4.71685505       4.67517519       4.59750986       4.52847481       4.56797504       4.68276501
       4.75812006       4.77870989       4.80246019       4.88334513       4.96991491       5.08634520       5.22122478       5.21463013       5.26918507       5.28464508       5.30492020       5.33275986       5.34562492       5.38231993       5.38602018       5.37693501       5.33089495       5.30056000       5.28841019       5.26536989
       5.23597479       5.22475004       5.23105001       5.21833992       5.18457985       5.19010019       5.20498514       5.20524979       5.28106022       5.22008991       5.17251492       5.09392023       5.02175474       5.03081512       5.07568502       5.05988979       5.08603001       5.15981007       5.11827517       5.10605001
       5.20957994       5.18037510       5.13717508       5.09603500       5.09600019       4.98138475       4.90842009       4.93184519       4.92198992       4.95642519       4.93170500       4.93623495       4.91338015       4.99684477       5.03084517       5.09212017       5.05562496       4.48524523       4.59162474       4.59651518
       4.85804510       4.86014986       4.84296513       4.86273003       4.88426018       4.89869976       4.90194511       4.28085518       3.59908509       4.54151487       5.00027990       5.10964012       5.23459482       5.31910515       5.26442003       5.15547514       5.01750994       5.24175978       5.30180979       5.11631012
       5.14386988       5.57199001       3.90194488       4.34654522       4.87303019       4.98687506       5.07469511       5.13246012       5.19752979       6.46105509       7.21197033       7.28127956       7.30478001       7.39058971       7.55150986       7.97478008       8.75586033      11.00127983      14.63055038      17.92333984
      20.44499969      22.51184082      23.61701012      24.50637054      25.66749954      26.67410088      27.55335045      28.40560913      28.98393059      28.79165077      27.85131073      26.46010017      24.53602028      22.51094055      20.72410011      18.89602089      16.70466042      14.19840050      12.39437962      11.01204014
       9.89295959       9.14811039       8.33238983       5.15246487       4.94563484       4.90408993       4.85051012       4.85119486       4.84552479       4.81454992       4.79549503
       4.80831003       4.80772495       4.79526520       4.79802513       4.78870487       4.78536510       4.78221512       4.78052998       4.78204489       4.78381491       4.76567507       4.74598503       4.74914503       4.74261522       4.71146488       4.64971495       4.56123018       4.51359510       4.58204508       4.71190977
       4.78010988       4.78628492       4.77583981       4.79579496       4.84087515       4.87082005       4.94975996       4.90786505       5.01618004       5.08514023       5.12816477       5.14530516       5.19108009       5.26899481       5.36106014       5.43268490       5.33872986       5.30378485       5.30843496       5.37729502
       5.41521978       5.40736008       5.39663506       5.26370478       5.28972483       5.25917006       5.23968506       5.22907495       5.24290991       5.18833494       5.16737986       5.13650990       5.09492493       5.06983519       5.08171988       5.05974483       5.05930519       5.08226490       5.07601500       5.07995510
       5.10047483       5.10259008       5.09001493       5.04829979       5.04753494       5.01682997       4.92304993       4.90216017       4.89179993       4.92607498       4.90304995       4.86701488       4.85565996       4.89829016       4.93927479       4.97171974       4.92294979       4.98347998       4.59456015       3.76985002
       4.47184515       4.81095982       4.86199999       4.87639523       4.88972521       4.90218019       4.89376497       3.86420012       3.84598494       4.93552017       5.07334995       5.19391489       5.26864004       5.29082012       5.25918007       5.06823015       5.05342007       5.28696012       5.22722006       4.86835480
       5.44661522       4.92128515       3.76246500       4.66339016       4.87418985       4.97372007       5.05055523       5.15497494       6.26160479       7.49829006       7.57791042       7.62590027       7.69301033       7.66921997       7.78536987       8.22220993       8.70273018       9.77962971      12.33856010      15.24411011
      18.27012062      21.76844025      24.26300049      25.40663910      26.86956978      27.95874023      28.75856972      29.71451187      30.64881897      30.83496094      30.10194016      28.70113945      27.46817017      25.21350098      23.03508949      20.82526970      18.77227020      17.05257988      15.77508926      14.51660919
      13.18206978      11.82971954      10.43976974       5.76364517       5.25095987       5.00624514       4.90335989       4.95156479       4.97681999       4.95954514       4.87571001
       4.84140491       4.82144022       4.80592489       4.79328489       4.78968000       4.77017021       4.77644014       4.76439524       4.76412010       4.75835991       4.74713516       4.72959995       4.73647499       4.72754478       4.69085503       4.61650991       4.51436996       4.49539995       4.57230520       4.68057013
       4.73855019       4.75129986       4.74738503       4.74222994       4.72277021       4.81037521       4.84325981       4.78618002       4.82387018       4.88687992       4.93325996       4.98000002       5.03240490       5.10817480       5.17116022       5.31732988       5.31897497       5.29865980       5.29712486       5.33797979
       5.34545994       5.36156988       5.39472485       5.30125523       5.27347517       5.24934483       5.23417521       5.25371981       5.30267000       5.26076508       5.14871979       5.13405514       5.11644506       5.07504988       5.03118992       5.01223993       5.04654503       5.08918524       5.08566523       5.07785511
       5.11177015       5.07183504       5.03539991       5.04445505       5.05787516       5.02245474       4.99371481       4.97970009       4.96930504       4.97735977       4.93506002       4.88765001       4.86463499       4.84767485       4.85591984       4.85669994       4.95598507       4.89384985       4.71215487       4.34716511
       3.66732001       3.93581009       4.39057493       4.79041004       4.87010002       4.87816000       4.61353493       3.60383511       4.14710999       4.99108505       5.11840487       5.21154022       5.28334999       5.31551504       5.20598984       4.98777485       5.17292500       5.24170494       5.05834484       4.97411013
       5.50066996       4.09999990       4.09222984       4.78553009       4.93247509       5.02226496       5.10351992       6.19938988       7.68734486       7.88475037       7.95695972       8.03682995       8.08638000       8.06665993       8.07831955       8.53164005       9.27632046       9.99110985      11.40583038      13.16320992
      15.37503052      18.09308052      20.87347031      23.31735992      26.04924965      28.17878914      29.50331879      30.92646027      32.31002045      32.80638123      32.29616165      30.54444122      29.20341873      26.88087082      24.26684952      22.40214920      21.22145081      19.95606995      18.47723961      17.42779922
      16.49920082      15.00260925      12.52221992       7.10641479       6.22882509       5.37511015       4.99200487       4.94239521       4.95704508       4.93910503       4.77561998
       4.85698986       4.83470011       4.82277012       4.81748486       4.80369997       4.79546022       4.78424501       4.77740002       4.76518488       4.76498508       4.74796486       4.73376989       4.72764015       4.72545481       4.70916986       4.64214516       4.54646015       4.48925018       4.50585508       4.56436014
       4.61103010       4.62414503       4.64706516       4.64362478       4.58943510       4.67363501       4.78689003       4.76245022       4.75534010       4.76739979       4.80121517       4.84750509       4.86426020       4.93532515       5.01619482       5.17175484       5.26502991       5.34815502       5.31652021       5.33642006
       5.37618017       5.40754509       5.35071993       5.30383492       5.26045513       5.24015999       5.22333002       5.30537987       5.30827999       5.27695513       5.14985514       5.11505985       5.08810520       5.07409525       5.04736519       5.00262499       5.00512505       5.03016996       5.04166508       5.03725004
       5.10968494       4.99762487       5.02929497       5.05985022       5.12979984       5.13652992       5.08405495       5.05839491       4.97147512       5.02378511       4.99425507       4.95601988       4.89282990       4.88534975       4.87443495       4.99757481       4.92915487       4.76269007       4.73261976       4.75117493
       4.60299492       4.22448015       3.86569500       3.70718503       4.10482979       4.41459990       3.97080994       3.42779994       4.28066492       5.00664997       5.08183002       5.17124510       5.23275518       5.26206493       5.05260515       4.98859024       5.24099016       5.17049980       4.82636976       5.36099482
       5.07440519       3.77737999       4.56607485       4.86564493       4.98923492       5.04871988       6.31166994       7.78797997       7.96862984       8.22883987       8.78800964       9.25298977       9.22204971       8.91086006       9.08166027      10.42469978      11.94925022      12.96895981      13.24814987      13.79129982
      15.24806976      16.64946938      18.81936073      21.66859055      25.26094055      28.54962921      30.61832809      32.45785141      33.83174896      34.40232849      34.04571152      32.36853027      30.57910919      28.10293007      25.55467987      24.29516029      23.66604996      22.09531021      20.38532066      19.48381996
      18.80814934      17.66736984      14.51951519       8.47794533       7.44206476       6.27177525       5.37795496       5.01068497       4.95690489       4.90152025       4.67023516
       4.87883520       4.87367010       4.87239504       4.81930017       4.79429007       4.80085993       4.79665995       4.79217482       4.78816509       4.78852987       4.77419519       4.75726509       4.75259018       4.73928022       4.72765017       4.69217491       4.62882996       4.56297016       4.51352978       4.49629498
       4.49825478       4.52067518       4.55381489       4.59007502       4.56870985       4.57249498       4.76566505       4.78389978       4.80162001       4.79436493       4.78837013       4.79771996       4.80193996       4.83011484       4.92348003       5.00429010       5.10969019       5.25268984       5.28724480       5.31915998
       5.33215475       5.37414503       5.32854986       5.29086494       5.23141479       5.22544003       5.26521015       5.37629986       5.34484482       5.27674007       5.22027493       5.14095497       5.09121513       5.08119488       5.09000492       5.07147503       5.04819489       5.01127005       4.97813988       4.99903011
       5.05850506       5.02003002       5.05127478       5.06094503       5.13790989       5.11777020       5.08345985       5.06030512       5.00686502       5.06939983       5.09454012       5.06418514       5.04919481       5.03171015       5.00740004       4.97716522       4.83058500       4.76015997       4.73237514       4.74927521
       4.71952486       4.63542509       4.62087488       4.47113991       4.21712494       3.89281511       4.08182001       4.01859522       4.28966999       4.93133020       5.00242996       5.17060518       5.30418015       5.26836491       4.91183996       5.08569527       5.22927999       5.04538488       4.84084511       5.62877989
       4.44050503       3.89850497       4.83218002       4.95355511       5.47590485       6.75522522       7.82509041       8.14605045       8.62660980       9.61013031      10.73610020      11.56363964      11.67150974      11.01395035      11.01043034      12.91816998      15.16732025      16.65369034      16.99039078      16.86421967
      17.31580925      18.10749054      19.86741066      21.68112946      25.01407051      29.17319107      32.57418060      34.49647903      35.58887863      35.91136932      35.43291855      33.96876907      32.21448898      29.94372177      27.50540924      26.42334938      25.21825981      23.29303932      21.95413017      21.14732933
      20.67958069      19.58021927      16.05053524       9.55944969       8.10849476       6.95780993       5.81709003       5.18195009       5.04690981       4.89126492       4.48237514
       4.89764500       4.89102507       4.88516521       4.85419512       4.82521009       4.81180477       4.79863977       4.79915524       4.79965496       4.79304504       4.78449488       4.77262020       4.76702499       4.76789522       4.75477982       4.73119020       4.70206499       4.66899014       4.63164997       4.60373497
       4.60131979       4.61992025       4.64267492       4.69062519       4.66013002       4.62833500       4.72829485       4.79866982       4.83875990       4.79603004       4.79846001       4.77294493       4.76504993       4.77447510       4.86361027       4.88832521       4.97331524       5.10536003       5.24566984       5.35394001
       5.35241985       5.39857006       5.29831505       5.27391005       5.24149990       5.28715992       5.29869509       5.38185501       5.28834009       5.22699022       5.21170521       5.15666008       5.13529491       5.13963985       5.15728521       5.15906477       5.11802483       5.05713511       5.00926495       5.01618004
       5.03136015       5.01821995       5.01110506       5.02549505       5.07458496       5.03357506       5.03047991       5.00592995       5.02424479       5.04463482       5.08923483       5.04711485       5.00181484       4.98336983       5.03477001       4.90894985       4.85655499       4.78182983       4.81023979       4.80620003
       4.71030998       4.79436016       4.70429516       4.64017487       4.76752996       4.79314518       4.88523006       4.51461983       3.89479494       4.81753016       5.04002523       5.17884493       5.22081518       5.11107016       4.87658501       5.18218994       5.16128016       4.82909489       5.20632982       5.74476004
       3.93572497       4.46641016       5.11420504       6.29850023       7.60078020       8.29963970       8.63640022       9.11651039      10.41858006      11.84914017      13.19368935      14.20713997      14.51140976      13.89896011      13.62406921      15.56458092      18.55536079      20.76827049      21.03829002      20.71896935
      20.64789963      21.51899910      22.46701050      23.24758911      25.56631088      29.25672913      33.82759857      36.61705017      37.50598145      37.72296143      37.26544952      35.91159058      34.17887115      32.11671829      29.93181992      28.23181915      26.19894028      24.34589958      23.18613052      22.18358994
      21.36660004      19.98218918      16.62322037      10.16884991       8.04236031       7.22764492       6.33930492       5.57627010       5.27837992       4.86838007       4.34406996
       4.89264488       4.89451504       4.87839985       4.84325027       4.81691980       4.80796480       4.79815483       4.80466986       4.80810022       4.80706501       4.80501986       4.79187489       4.78268480       4.78406000       4.77748013       4.76485491       4.74516487       4.73243523       4.71499491       4.71164989
       4.71599007       4.73366499       4.77092981       4.80957508       4.84407997       4.82669497       4.74024487       4.82114506       4.80735493       4.79714489       4.79050016       4.68756485       4.69769478       4.74275017       4.84475994       4.95670986       5.02401018       4.99082994       5.17835522       5.29489517
       5.30124998       5.31238985       5.23557520       5.23427010       5.23838520       5.27466011       5.28964996       5.33272505       5.28231001       5.21242523       5.20149994       5.17735004       5.18327522       5.18030500       5.18500996       5.19175482       5.17054987       5.09974480       5.03561020       5.06594992
       5.07434988       5.06535006       5.03067017       5.08877516       5.04329491       5.01327515       4.99876976       4.98187494       5.01185989       5.06809521       5.00704479       4.99424505       4.96362019       4.95564508       4.99312496       4.99523020       5.04273987       4.88711977       4.72683477       4.69743490
       4.66553020       4.93810511       4.83649015       4.84499502       4.88003492       4.90646982       4.91477489       4.67683506       3.76542497       4.80054522       5.14673996       5.34893513       5.25824022       5.01961517       4.96303988       5.22032022       5.06742001       4.75737476       5.56969976       4.95954514
       4.35169501       6.17385521       7.25568008       8.08102989       9.33885956      10.72597980      11.34383011      11.90653992      13.16346931      14.69491959      16.17067909      17.12258911      17.40464020      16.64772034      16.18481064      17.94860077      21.13088989      23.99721909      24.73387909      24.74546051
      25.36759949      26.30352974      26.03347015      26.00536919      27.43869019      30.37694931      34.54317856      38.33032990      39.37139893      39.56512070      39.07233810      37.57678986      36.17187119      34.17565155      32.46525192      30.25067902      27.76605034      25.75608063      24.39398003      23.11129951
      21.73485947      19.87528992      16.91645508      10.63748970       7.87175512       7.09500980       6.36836004       5.72185516       5.38822508       4.83762980       4.33933496
       4.94050980       4.90920019       4.87794495       4.86163998       4.82644510       4.79838991       4.79028988       4.79134512       4.80246496       4.80552006       4.81325006       4.80890989       4.79296494       4.78957987       4.78583479       4.77701998       4.76431990       4.74321985       4.73893976       4.74732494
       4.74185514       4.76938486       4.80516481       4.84066010       4.89241982       4.92095995       4.77299023       4.79319000       4.75531006       4.74000025       4.70510006       4.51705980       4.51136494       4.59255981       4.74608994       5.02291012       5.13172007       5.02000523       5.14448500       5.26229477
       5.24817514       5.22924995       5.19879007       5.17307997       5.18219995       5.19873524       5.24682999       5.21301985       5.17464495       5.17411518       5.18326521       5.18470478       5.20394993       5.19272995       5.17994976       5.17872000       5.15982485       5.11294985       5.06872988       5.10014009
       5.12737513       5.10984516       5.05149984       5.09007978       5.02554989       4.98711014       5.03375006       4.99303484       5.02350998       5.04364491       4.91314507       4.90996981       4.99177504       5.04294491       4.96219015       5.03437996       4.84963512       4.78909492       4.65008497       4.62657499
       4.74843979       4.84127998       5.00239515       4.86101484       4.85891008       4.88978481       4.50641012       3.83902502       4.16640997       4.94272518       5.21524000       5.23829508       5.24013996       4.93283987       5.08636999       5.17885494       4.91601515       4.96323490       6.04377508       5.44785976
       5.27260017       7.29162979       8.55603981      10.33716965      12.53429985      14.70191956      15.81916046      16.27975082      16.95467949      18.14291954      19.54006958      20.31543922      20.16793060      19.17600060      18.49271011      20.03755951      22.98069000      25.96434975      27.61360931      28.35590935
      29.63058090      31.14923859      31.21480942      30.39160156      30.86846161      32.35268021      35.82099915      39.70671082      40.95269012      41.01309967      40.54391861      39.21826172      37.99570847      36.19322968      34.50690842      32.48524857      30.03255844      27.59210014      25.71213913      23.88245010
      21.72514915      19.30188942      16.71235085      11.26808533       7.87807989       6.91639519       6.04979515       5.55945015       5.30767012       4.74784994       4.37549019
       4.95422506       4.91838503       4.90014505       4.88794518       4.85824013       4.84342480       4.83685017       4.82847977       4.81278992       4.82170486       4.81349993       4.79699516       4.78602982       4.78956509       4.79078484       4.77950525       4.77035999       4.75783491       4.75435019       4.76026011
       4.75619984       4.77001476       4.79654980       4.80981016       4.82940483       4.86596489       4.77960014       4.75260496       4.74702024       4.71646023       4.66965485       4.56263018       4.46985006       4.48823500       4.61430502       4.76706982       4.89677477       4.89635515       5.05381012       5.21732998
       5.21226978       5.21330976       5.20639515       5.20766020       5.22461510       5.19942999       5.25530481       5.18044996       5.14908981       5.12880516       5.13304996       5.12195015       5.11540508       5.10874510       5.11925983       5.12097979       5.09762478       5.07086515       5.06630516       5.13688993
       5.16605997       5.16639996       5.11309481       5.11858511       5.07050514       5.02806520       5.06163502       5.02913523       5.10446501       5.06613493       4.91449976       4.93449497       4.96212482       5.05826998       4.95561981       4.94037008       4.90814018       4.70425987       4.72745991       4.80380011
       4.82488012       4.82286501       4.83392477       4.82956505       4.75742006       4.23971987       3.75809503       4.48025513       4.84909010       5.05955505       5.29695988       5.22343493       5.14115000       4.91367483       5.16256475       5.09212017       4.75065994       6.24378986       7.50320501       4.75602007
       6.38574028       8.80613995      11.18966007      13.71873093      15.97183990      18.30233002      19.60713959      20.33155060      20.75366020      21.60062027      22.50412941      22.83538055      22.39226913      21.27688980      20.61638069      21.72347069      24.33266068      27.56217957      29.98720932      31.54513168
      32.92766190      34.50759888      35.62488174      35.42374039      34.85437012      35.23220062      37.63970184      41.03725815      42.43098068      42.51007843      41.93373108      40.91461945      39.63991165      37.91992188      36.23785019      34.43225098      32.24760056      29.77993011      27.26549911      24.96326065
      22.26481056      19.45895004      17.02968025      12.07067516       8.07234478       7.09666014       6.12961006       5.52413988       5.28097010       4.65441513       4.42040491
       4.95205498       4.92398977       4.94361496       4.93209982       4.86799002       4.83833981       4.82158518       4.85101986       4.85085487       4.84629011       4.86800480       4.85623980       4.82661486       4.82003498       4.82958984       4.80571985       4.78779507       4.77759504       4.76170492       4.76591015
       4.77983522       4.79593515       4.78816509       4.79975510       4.81763983       4.77059984       4.74760485       4.74300003       4.77273512       4.79211521       4.75287485       4.70833492       4.65170002       4.57244492       4.53135490       4.70564508       4.77219009       4.80247498       4.94168997       5.13562012
       5.18605995       5.17913008       5.22372007       5.20418024       5.18713999       5.18066978       5.24040985       5.17902994       5.16421509       5.11133480       5.08270979       5.05726480       5.05655479       5.05996513       5.05942488       5.06011486       5.05724001       5.04446507       5.05026007       5.08330011
       5.07390499       5.05307484       5.05409479       5.06303978       5.08215475       5.04861498       5.03086996       5.03994513       5.00348520       4.99958992       4.96848011       4.91753483       4.89883518       4.99628019       4.91255999       4.87577009       4.96659517       4.78478003       4.80302477       4.73816490
       4.70306015       4.78358984       4.80829000       4.64064980       3.92568493       3.89731503       4.77370501       4.90010977       4.96038485       5.10557508       5.25698519       5.23932505       5.05815983       4.96738005       5.20456982       4.98126507       4.99641489       6.99777494       7.58302975       4.91212988
       8.32518005      11.08010006      14.71721077      16.85429001      19.11565990      20.69426987      21.89132046      23.06160522      24.06418037      24.95166969      25.51926041      25.34333038      24.63957024      23.16045952      22.42342949      23.31135941      25.83629036      29.54404068      32.05355835      34.15369034
      36.22238922      37.97737885      38.76826096      38.94939041      38.50732040      38.59410095      39.52389145      41.60374069      43.09751892      43.48168945      43.14820099      42.28330994      40.84532928      39.31018066      37.69353867      36.20901108      34.12141037      31.89393997      29.46704865      26.91654968
      23.72176933      20.74485970      17.85843086      12.46008472       7.96062517       7.00345993       6.13714981       5.56847000       5.32425976       4.62543011       4.43677521
       4.94315004       4.90178013       4.93958998       4.94193983       4.88468504       4.87159014       4.84079981       4.85295010       4.86524010       4.85024500       4.86996984       4.88057518       4.86443520       4.84822989       4.85729504       4.86724520       4.85629511       4.83317518       4.81184483       4.81264019
       4.80623484       4.82435513       4.78180504       4.81444979       4.84259987       4.79504013       4.72885513       4.70618010       4.72921991       4.75572014       4.74341011       4.73371506       4.68011999       4.60886002       4.54363489       4.71067524       4.74535990       4.77294493       4.85410500       5.04343510
       5.18999481       5.14097977       5.23848486       5.23817492       5.24291992       5.24543476       5.26804018       5.18900013       5.15306997       5.13052988       5.10433006       5.07953501       5.08006001       5.08559990       5.09342003       5.09935999       5.10551977       5.10382986       5.10952997       5.09702015
       5.07581520       5.04913521       5.02081490       4.99969482       5.01425982       5.02469015       5.01417494       4.97937489       4.94275999       4.95876980       4.96772480       4.91312504       4.85561991       4.91121006       4.92219496       5.01452494       5.20234013       4.85879993       4.75277996       4.69318008
       4.78584480       4.99087000       4.81887484       4.01933479       4.25809479       4.85198021       4.95143509       4.97025013       5.04652023       5.13791513       5.22976017       5.21820498       4.98317480       4.99748993       5.18674517       4.86710024       4.98334980       6.56770981       6.56404018       5.97294998
      10.26537991      12.74744961      15.21800507      16.92827534      18.65626488      20.21123024      21.66715462      23.14643543      24.64517979      25.84263458      26.76082970      27.46569550      26.37482071      24.78738022      24.05415916      24.98617935      28.10386086      31.23920059      35.54008102      38.61669922
      40.50825882      41.70804977      42.79534149      43.18088150      42.01314163      40.84589005      41.03205109      42.01591110      43.18360901      44.03884888      44.15652847      43.30569077      41.82749939      40.41508102      39.17621994      37.99898148      36.43262863      33.87488937      31.30612183      28.59929085
      25.34540939      22.34693909      19.11643028      12.56872501       7.83890009       6.62869024       5.76331997       5.50122499       5.18481493       4.56371498       4.46710491
       4.93945980       4.90142012       4.94615507       4.92203999       4.88029480       4.87671518       4.85344982       4.85367489       4.86145496       4.85003519       4.84107494       4.87400484       4.86642981       4.85222006       4.82975483       4.84777021       4.85411501       4.85907984       4.87784004       4.88476992
       4.86981487       4.85541010       4.83172989       4.81535482       4.83426523       4.78415489       4.74275017       4.72481489       4.72134495       4.71215010       4.69799995       4.69410515       4.64658499       4.57010984       4.54523516       4.72712994       4.66364479       4.71068001       4.80882502       4.97917986
       5.17439508       5.16989517       5.28282499       5.27203512       5.29404020       5.29691982       5.27717018       5.19459486       5.15958500       5.13133001       5.09817505       5.09634495       5.10610485       5.10437012       5.11976480       5.13545513       5.13951492       5.16227007       5.18934488       5.17093992
       5.12258005       5.07441998       5.02892494       5.01912975       5.01170015       5.00885487       5.01142502       4.98943520       4.95106983       4.93462992       4.93985987       4.95600510       4.91889477       4.91424513       4.92549992       4.89170980       4.94134521       4.86682510       4.71737003       5.02928019
       4.86108494       4.83194017       4.64470482       3.85462499       4.80302000       4.87604523       4.92988491       4.98485994       5.02914000       5.13125515       5.22501516       5.16302490       4.97045994       5.07048988       5.13759995       4.77191496       5.53569984       6.12094488       5.79869003       7.55577993
      10.17346983      11.89858017      13.82652531      15.66658001      17.49481010      19.12335987      20.80853500      22.44167957      24.02000027      25.36691475      26.53478546      27.30114021      26.73282051      25.55541992      25.05603027      26.62991905      29.48675156      34.40859985      39.24185181      42.16005898
      43.98132439      45.09416962      45.67412949      45.66831970      44.55807114      43.28540802      42.65018845      42.74707031      43.62176895      44.49300003      44.71393967      44.06253052      42.79600143      41.36581039      40.14743042      38.91395493      37.24419060      34.94506035      32.43400459      29.75377083
      27.04484482      24.21768951      19.83621979      13.21747494       8.18526459       6.56971979       5.67949009       5.37862015       4.82894993       4.48392487       4.48547983
       4.94936991       4.92463017       4.95030022       4.91110516       4.88183498       4.88532495       4.86698484       4.86418009       4.86939001       4.86226988       4.86012983       4.91345978       4.87664509       4.85876513       4.83591509       4.83997011       4.86436987       4.87216520       4.90198994       4.97446012
       4.96802998       4.99042511       4.90685987       4.85492992       4.80790997       4.73761511       4.76787519       4.77566004       4.76177979       4.71399498       4.68813515       4.69339991       4.64746475       4.58144999       4.46034002       4.61897516       4.60749006       4.65789509       4.77356482       4.90736485
       5.11600494       5.15829992       5.29904509       5.26824522       5.24135494       5.23706007       5.17901993       5.13651514       5.12034988       5.13308001       5.12371492       5.11223984       5.08900023       5.07351017       5.08064985       5.10127497       5.10764503       5.12141991       5.13248014       5.12193489
       5.09096003       5.04627514       5.02728987       5.03709984       5.03593493       5.02070522       5.01161480       5.00121498       4.97449493       4.95301008       4.91294003       4.89869499       4.87270498       4.75861502       4.81882524       4.86028481       4.88585520       4.83379984       4.79801989       5.01302004
       4.88207006       4.66486502       4.59593010       4.00823975       4.73567009       4.93546009       4.94902515       4.97266006       5.00875998       5.14850998       5.18238020       5.17369986       4.99935007       5.13427496       5.08466482       4.77905512       5.71705484       5.74987507       4.95422512       7.76018019
       9.79897007      11.03722523      12.70051987      14.44026028      16.22493973      17.91362995      19.59781502      21.33266499      22.99516541      24.43593464      25.63191952      26.62394970      26.48435974      25.73397064      25.91575050      27.59790039      31.45705032      36.07508087      41.03872528      43.81321068
      45.47300911      46.68103027      46.95555878      47.06549072      46.75825119      45.90303040      44.81412888      44.48820877      45.01351166      45.38042831      45.33158875      44.58288956      43.55567169      42.26232147      40.90513992      39.15194580      37.37241997      35.29332024      32.87064980      30.23942413
      27.64491970      24.98718475      20.37699509      13.80258522       8.87020016       6.97810984       5.78150511       5.31884480       4.72556019       4.42361498       4.44274521
       4.93299484       4.92971516       4.94172478       4.90024519       4.90143490       4.89967012       4.87755489       4.86319017       4.87137508       4.89116001       4.90865517       4.95369005       4.89302492       4.85665512       4.84153986       4.83612013       4.85487986       4.87905979       4.91350985       4.99011993
       4.99100018       5.05275011       5.02871513       5.03838491       4.95392990       4.77114010       4.76862478       4.78282022       4.78483009       4.73557520       4.72614002       4.72971487       4.69451523       4.62801981       4.44233990       4.47294521       4.55832005       4.60778999       4.73115015       4.83299494
       5.03740501       5.15253019       5.14987516       5.14417982       5.15832520       5.16024494       5.11465025       5.12355995       5.11269522       5.13244486       5.12912989       5.12348509       5.11176491       5.08966494       5.06581497       5.05835009       5.05471516       5.05713987       5.08013010       5.09011984
       5.06821489       5.03382492       5.02855492       5.05214500       5.05317020       5.02879477       5.01712513       4.98237991       4.96166515       4.97282505       4.94655514       4.90223503       4.79567003       4.63322496       4.61098003       4.90995979       4.88330507       4.83408499       4.89790010       4.85118008
       4.74604988       4.68355513       4.67589998       4.08551979       4.66906977       4.96691990       4.97882509       4.95761490       5.08396006       5.15300989       5.19987011       5.22940493       4.98117495       5.16295481       5.04309511       4.86791992       5.79780006       5.70520020       4.40967512       7.64345016
       8.96794022       9.90811478      11.32954029      13.08878986      14.80111961      16.49217480      18.19877487      19.93205017      21.63647015      23.17330475      24.55247982      25.77672478      25.96290970      25.39211082      25.76552963      28.49786949      32.55865097      37.37707901      41.84973907      44.51848068
      46.31560020      47.52103043      47.90718079      48.14519882      48.30992889      47.92702866      47.03773880      46.71120071      47.23995972      47.18741989      46.12585831      44.94396973      43.78398895      42.62934113      41.02037010      39.11532425      37.27068031      35.20383026      32.85547462      30.30203514
      27.72745079      24.92559536      20.41282463      14.10812969       9.48425484       7.67965508       6.12899017       5.26947021       4.59162521       4.43418980       4.68723488
       4.91911983       4.93216991       4.93781519       4.88394976       4.89901018       4.89907503       4.86309481       4.85551977       4.87068987       4.90055513       4.94153500       4.96488523       4.90661001       4.87728500       4.85601997       4.83064508       4.84470510       4.87170982       4.93483019       4.96653986
       4.96897984       5.00839996       5.00696993       5.02928019       4.97058010       4.83431005       4.78999519       4.77064514       4.77626991       4.74131489       4.76003504       4.76154518       4.74614477       4.71662521       4.61316013       4.44792986       4.49294519       4.57589006       4.68241024       4.76485014
       5.01609516       5.14033508       5.12751484       5.13078022       5.13992977       5.15457010       5.09731483       5.08323002       5.11348009       5.12777996       5.11917019       5.10504484       5.09535980       5.07358503       5.06946516       5.07909012       5.08623505       5.09273005       5.10676003       5.10688496
       5.06304979       5.02780008       5.02186012       5.01641512       5.02461481       5.02487993       4.99491978       4.95649004       4.95099497       4.94263983       4.92423010       4.90318489       4.78927994       4.61151981       4.53780985       4.80539989       4.89407015       4.82633018       4.87493515       4.83883476
       4.78882504       4.75003004       5.03357506       4.03989983       4.93905020       5.00493002       5.02068520       5.07961988       5.14082003       5.14368010       5.15644503       5.24144983       4.96126986       5.17494011       5.01710987       5.02154016       5.83428001       5.69270992       4.54923010       7.19060993
       7.49080992       8.22574972       9.59161545      11.36331032      13.12089462      14.85268967      16.58894505      18.32341038      20.13799961      21.95958023      23.64378502      25.08521484      24.98316002      24.07641983      26.07859039      29.55403137      33.80577087      38.73062134      42.45481453      45.05436478
      46.95255051      47.94916916      48.63182831      49.08911133      49.18444061      48.93095016      48.54544830      48.36594009      48.29954048      47.97056427      46.84751129      45.36161041      43.95692062      42.56087875      40.99752083      39.12985588      37.23968994      35.30011414      33.05350479      30.63586922
      27.74466949      24.62687008      19.82482529      13.88526039       9.65850544       8.03943539       6.26663017       5.09222507       4.46407986       4.72364521       4.87709522
       4.92709494       4.93814516       4.94645500       4.90841484       4.90873480       4.89781523       4.86163521       4.85402489       4.86056995       4.89167023       4.92901993       4.93359518       4.89517021       4.89966488       4.88769484       4.85879517       4.84835005       4.88643503       4.92725515       4.92557478
       4.94332504       4.96125984       4.94953012       4.97979498       4.90056515       4.84480000       4.82605982       4.79808474       4.77300501       4.73526001       4.75690985       4.75805521       4.75525999       4.77038002       4.67876482       4.58729982       4.39495993       4.47996998       4.65363503       4.74982500
       4.97845507       5.14143515       5.10030508       5.16098022       5.15356016       5.15450001       5.09955025       5.09615517       5.10153484       5.11306000       5.11111021       5.10347986       5.10448503       5.10554504       5.11609983       5.13080502       5.12994480       5.14141512       5.16104984       5.12652493
       5.06130981       5.03652000       5.02190495       4.99151993       4.98804522       4.98775482       4.95404482       4.94277477       4.95478010       4.94954491       4.92885017       4.86983490       4.73274994       4.58857489       4.53471518       4.64416981       4.93467999       4.89624977       4.89569998       4.84977007
       4.78431511       4.80799484       5.07780981       4.20886517       4.81643009       4.97526979       5.07320023       5.15395975       5.23054504       5.23971987       5.21324492       5.15212011       5.01848984       5.17929983       5.00432014       5.16612005       5.89892006       5.81856489       5.11786985       6.40717983
       6.60832977       7.25776005       8.07415009       9.87048534      11.70571957      13.42960468      14.95547459      16.50670460      18.42831501      20.63849487      22.54057976      23.85141945      22.92828941      23.21694946      26.63747978      30.59146118      35.48469925      40.24521408      43.43789406      45.73445587
      47.42417145      48.47399902      49.43957138      50.01271820      50.20362854      49.99819946      49.71654129      49.37557503      48.77154160      48.13063049      46.93170929      45.42382812      43.79198837      42.30310059      40.81456490      39.02086952      37.30885445      35.46241516      33.41949417      30.84929047
      27.39886444      23.59248997      18.79316521      13.01265469       9.15717030       7.61184502       5.85320997       4.75436497       4.51545525       4.83529997       4.92332506
       4.91694021       4.94444990       4.93834496       4.92708492       4.93179989       4.90077496       4.87286997       4.86985493       4.87098980       4.90386486       4.92727995       4.93058014       4.89740992       4.91372490       4.91563988       4.89098501       4.85378981       4.88202477       4.90810490       4.87688494
       4.88417006       4.92432022       4.91589499       4.95725012       4.86700487       4.83760023       4.83653021       4.84589481       4.81429482       4.75558519       4.74481010       4.74908495       4.76733017       4.77909994       4.69726992       4.62675476       4.48526478       4.38210011       4.58901501       4.77038479
       4.98544025       5.12663984       5.13669014       5.15286016       5.12240982       5.12276983       5.08667517       5.05907011       5.06553984       5.09114981       5.09290504       5.10579491       5.12349987       5.12724018       5.12528515       5.11450005       5.11014986       5.12235022       5.12822008       5.09056520
       5.04637003       5.04686499       5.03115511       5.00383520       5.00085497       4.98363018       4.95212507       4.95540524       4.98098516       4.97118998       4.91352987       4.81113482       4.66690493       4.58154488       4.57033014       4.63447523       4.86899996       4.94897985       4.87071991       4.79953003
       4.78488493       5.05825996       4.15601015       4.76971006       4.76866484       4.90808010       5.07258987       5.14445019       5.22442484       5.30073023       5.15263987       4.98461485       5.00871992       5.20275021       5.00758505       5.36116505       5.99074507       5.92612505       5.45403481       5.79291487
       6.00346518       6.63220978       7.81948519       8.59534550      10.46829510      12.10534515      13.17018967      14.47607536      16.48261509      18.68403530      20.31718063      20.65928078      20.56538010      23.60920906      27.54425049      32.63240814      37.77228966      41.50403938      44.40447502      46.70133018
      48.42802048      49.46445847      50.28453827      50.79468918      51.02429962      50.96371078      50.68264542      50.04466476      49.19305038      48.14178848      47.00114059      45.37134171      43.63558960      42.18896103      40.56589508      38.61755447      36.69360504      34.82544556      32.57850952      29.46405411
      25.77091007      22.14208469      17.38742542      11.72274017       8.09381962       6.70688009       5.28013992       4.54414988       4.61374998       4.85841513       4.93059015
       4.91560507       4.94960499       4.93729019       4.94531488       4.95130491       4.90848017       4.87886477       4.88002491       4.89103985       4.91589022       4.94032001       4.94590521       4.93304014       4.95443487       4.96213007       4.90805006       4.87678003       4.88723516       4.88849020       4.85710001
       4.85101986       4.87705517       4.89663506       4.95146513       4.83796978       4.83688021       4.85016012       4.85779476       4.87538481       4.82229996       4.78776979       4.76532507       4.77237988       4.77541018       4.73939991       4.64146996       4.57602501       4.47441006       4.52834511       4.77157021
       4.97953510       5.07042503       5.12154484       5.13285017       5.10358000       5.10022020       5.08029985       5.04790020       5.05328512       5.06104517       5.07552004       5.10476494       5.11526489       5.11945486       5.11787510       5.09280491       5.08430481       5.10334015       5.09542990       5.06442499
       5.04441500       5.04712009       5.02328491       5.01185989       5.02996492       5.03680515       5.02681494       5.02274513       5.01479006       4.97886992       4.90447998       4.78704977       4.65132999       4.57895994       4.59106016       4.64688015       4.79733515       4.98321486       4.89912987       4.75377989
       4.75411510       4.09441996       4.44742012       4.84199524       4.82741022       4.92747498       4.91799498       4.99705505       5.02980995       5.21682024       5.22069979       4.99628496       4.94941521       5.24163485       5.03009510       5.43305016       5.98885012       5.79082012       4.96647978       5.74372482
       5.89431000       6.14858484       6.98708010       7.52083492       8.50433006       9.91653503      10.71929491      11.99230492      13.59803009      14.97911072      16.17605972      17.82280922      19.98027039      24.42251968      29.59049988      34.32545090      38.58129005      42.19484482      45.10302010      47.72601051
      49.77219009      50.55739975      51.23176956      51.53752899      51.64754868      51.57321930      51.18584061      50.33649826      49.45729828      48.38331985      46.97378922      45.32141113      43.48826981      41.84029007      40.28204041      37.76955444      35.09855446      32.62909065      29.99306953      26.93199482
      23.51847076      19.64435959      15.88129044      10.38798962       6.93156004       5.79865980       4.81132507       4.53235006       4.68460512       4.84200478       4.88088512
       4.91492510       4.95390511       4.93236494       4.95426512       4.94650984       4.92327499       4.87931490       4.89515018       4.91034508       4.92084980       4.95344019       4.94465017       4.96171522       4.98389006       4.98597002       4.97178507       4.94817019       4.92725515       4.91308975       4.86471987
       4.83521986       4.83415985       4.87080479       4.88860989       4.81427002       4.81825495       4.84236002       4.87719011       4.87651014       4.85848522       4.83650017       4.82607508       4.77207518       4.73177481       4.72536993       4.63275003       4.52888012       4.56153011       4.51983500       4.79726505
       4.89782524       4.98855019       5.08608007       5.10167980       5.13219023       5.08296013       5.05289507       5.04648495       5.05725002       5.04898500       5.06210995       5.09583998       5.10416985       5.11110020       5.11880493       5.10455990       5.10024977       5.13034487       5.13636017       5.11402988
       5.10484982       5.09353018       5.06084490       5.04905987       5.06154490       5.07964993       5.07410002       5.04731512       4.98979521       4.94402504       4.91193485       4.83129025       4.71353006       4.63473511       4.64343023       4.69275999       4.75900507       4.90755510       4.99300480       4.71520996
       3.91440511       3.66067004       4.75712490       4.81502485       4.91307497       4.91566992       4.82437515       4.86132479       5.01014996       5.19460011       5.29865503       5.08118486       4.91695023       5.25905514       5.05864477       5.47969484       6.06898499       5.91998482       4.66967010       5.63097477
       5.85587502       5.91825008       5.95925522       6.19354486       6.59780502       7.12747515       8.31540009       9.29183960       9.96712971      11.42646027      13.65859032      17.04479027      20.85289001      26.43029976      31.76338425      35.74417953      39.22646065      42.58469543      45.65167046      48.51095047
      50.41933060      51.41754913      51.94371033      52.13259125      52.06887054      51.78152084      51.18569946      50.36505890      49.52753830      48.38245010      46.85543823      44.92166901      42.42049026      40.18698883      38.46981812      36.38932037      32.82923126      28.83189011      25.75692940      22.84997940
      19.67443085      16.40353966      13.37070084       9.09628506       5.98001003       5.15562487       4.64285994       4.55504990       4.73643017       4.84660006       4.84505987
       4.92217016       4.96693516       4.94477510       4.95038509       4.93865013       4.92310524       4.89438009       4.87551498       4.90568018       4.92469501       4.95214987       4.92162514       4.96371984       5.00640488       5.03691006       5.03002977       5.04593515       5.03628016       5.01125002       4.94583511
       4.91016006       4.89133501       4.92170477       4.89078999       4.80717993       4.80909014       4.83175516       4.85725021       4.85706997       4.85549498       4.85060024       4.85364485       4.81361485       4.69234991       4.68660021       4.62340021       4.53363991       4.58176994       4.54509497       4.77649021
       4.83327007       4.86351490       5.03025007       5.08963490       5.11002493       5.08951473       5.09443998       5.07678986       5.05525017       5.04010487       5.06143522       5.08452511       5.09026480       5.10755491       5.12232018       5.13796997       5.16615009       5.19664001       5.18775988       5.17411995
       5.15616989       5.13777494       5.11919022       5.10286999       5.10397005       5.10722494       5.10523987       5.07628012       4.99900007       4.93819523       4.89296007       4.80680513       4.71565485       4.70114517       4.74256516       4.78230524       4.85447979       4.92680502       4.86304522       4.37768984
       3.73872995       3.80692005       4.50047016       4.72328520       4.79444981       4.82505989       4.50035000       4.19654512       4.25025988       4.84431982       5.23419476       4.92566490       4.78569984       5.26233006       5.09576988       5.42396498       6.11196518       5.80549002       4.64688015       5.47336006
       5.77709007       5.86009979       5.87713480       5.88604021       5.89892483       5.88462992       7.32155495       8.69009972       8.94429016       9.80881023      13.58999062      16.95253944      22.02123070      27.65987003      32.13324966      35.93070404      39.16892571      42.13333412      45.19171951      47.88255501
      50.25405457      51.35911179      51.83596039      52.03776169      51.90341187      51.62044144      50.90403992      50.03457436      49.10361969      47.91762924      46.42010117      43.21508026      39.83309174      36.96390915      35.13259888      33.58940887      30.34022903      26.04232025      22.32262993      19.09329987
      16.10794067      13.35577965      10.93393040       6.70019981       5.26253510       4.86641026       4.60550022       4.64371490       4.87890482       4.85732985       4.84848499
       4.92439508       4.96174479       4.94143486       4.97359514       4.94370508       4.93675995       4.92065477       4.88874483       4.90262985       4.92140007       4.94438505       4.91590023       4.95580006       5.03059483       5.06641483       5.08072519       5.16318989       5.21041489       5.18828011       5.10117006
       5.11037016       5.06346989       5.03311014       4.93713522       4.87353516       4.85703516       4.85906982       4.86335516       4.84142017       4.85617495       4.86424017       4.86726999       4.88311481       4.77923489       4.74665022       4.69302988       4.63184500       4.58093977       4.56147480       4.76927519
       4.75277996       4.73721981       4.95701504       5.07379007       5.10697985       5.08530998       5.07953501       5.07918978       5.06190014       5.04724503       5.07453489       5.09300995       5.10720491       5.13306522       5.14353514       5.17465496       5.20311022       5.21572018       5.20264006       5.20385504
       5.17994499       5.15335512       5.15362501       5.17546511       5.14329004       5.14045477       5.13656521       5.07323980       4.96401501       4.88573980       4.84487486       4.78574514       4.73102999       4.74723482       4.83539009       4.72231483       4.36103487       3.86394501       4.45711517       4.99085522
       4.93991995       4.40599489       4.10243511       4.63546515       4.61689520       4.49292517       4.04844999       4.46179008       4.28460503       4.02856493       4.58476019       4.94710493       4.94954491       5.25621510       5.13871479       5.06816483       5.76009512       5.62707520       4.61529016       5.34813499
       5.65104485       5.74378014       5.80241013       5.81392002       5.79637003       5.75720024       6.68548479       8.13843985       8.63741016       9.50525951      13.55529976      17.70070076      22.57436455      26.97461990      31.11535950      34.93792473      38.08673431      40.72946518      43.40012917      45.95889091
      48.13055054      50.14267952      50.90292961      50.60845009      50.19306946      49.64958939      48.96339577      48.22182419      47.25267921      46.05956573      44.21033096      40.50712967      36.41403961      32.97946167      30.40213013      28.45148087      26.22677040      23.20645905      19.54540062      16.31815910
      13.51285934      11.10988998       7.63118994       5.33799982       4.99044991       4.71370506       4.67767000       4.95916986       4.99099493       4.89785004       4.85922003
       4.92792988       4.95714998       4.92864990       4.98033524       4.96511507       4.95315504       4.93844986       4.89135981       4.88782501       4.91312981       4.93800497       4.92227507       4.95593977       5.01103497       5.06258488       5.12041521       5.20892477       5.27047014       5.25992489       5.23755980
       5.28374004       5.28469992       5.26883507       5.08783484       5.01140499       4.98767519       4.94442987       4.91493988       4.87733984       4.88002014       4.88430977       4.88232994       4.91134977       4.80167007       4.81132507       4.75119495       4.73493481       4.63067484       4.59477520       4.79103518
       4.70624018       4.65909481       4.86181021       5.03917980       5.09170008       5.07062483       5.07018518       5.08752489       5.07567978       5.05214977       5.06018496       5.08816481       5.10526991       5.12166023       5.13642979       5.17572498       5.19987488       5.19245481       5.17661476       5.18577003
       5.19051504       5.14812517       5.16237497       5.16896486       5.16371489       5.15070009       5.11495018       5.03174019       4.90947485       4.85239506       4.83392000       4.73216009       4.68731022       4.45942020       3.99304008       3.79313993       4.07075977       4.56442499       4.83404493       4.93607998
       4.95638514       4.94134521       4.25327492       4.03688478       4.09131479       4.16029501       4.60355520       4.76956511       4.85457993       4.36083984       4.36160517       5.26067019       5.08800507       5.25581503       5.19001484       4.94842482       5.61441517       5.64855480       4.69752502       5.20544004
       5.55786991       5.66786480       5.73202515       5.70480013       5.68808508       5.66314507       6.08996487       7.48085022       8.38803005       9.49654961      13.15222931      17.72615528      21.53955498      25.71255512      29.65739059      33.32369499      36.47789536      39.06501427      41.34651489      43.55959511
      45.67625504      47.64066086      48.26669426      47.95146523      47.70425415      47.36295547      46.82901077      46.12302513      45.18872032      43.96475601      41.96510925      37.66598129      33.25825882      29.42121124      26.38747025      24.24559021      22.73166084      20.41675968      17.03743038      13.69604492
      10.44074478       7.49724989       5.53009987       5.01227522       4.82587481       4.65090990       4.98231983       5.04994011       4.99033976       4.90778017       4.89112520
       4.95133018       4.94181490       4.94204521       4.98832512       4.97767496       4.97895479       4.96757984       4.90329981       4.86950016       4.89663506       4.90921021       4.90855503       4.94943476       4.98971510       5.03742504       5.12603521       5.20819521       5.26150513       5.26735497       5.32515478
       5.40215492       5.34570980       5.34926987       5.18536520       5.13264513       5.09708023       5.05236006       5.01246977       4.97600508       4.95907021       4.94021988       4.93405008       4.90739489       4.84591484       4.80136490       4.76487494       4.76435518       4.74139500       4.71123981       4.77702999
       4.63251019       4.57567978       4.69166994       4.91905022       5.05093479       5.04085016       5.06939507       5.06764984       5.07544994       5.08378506       5.08894491       5.08323002       5.09471512       5.09867477       5.10935020       5.13308477       5.13875008       5.14417505       5.14609480       5.15849495
       5.17036486       5.13411522       5.11831522       5.13678503       5.15042496       5.13183498       5.06823492       4.96901989       4.89650011       4.94399023       4.63925505       4.11031008       3.79635000       3.87647510       4.44849014       4.77326488       4.90363503       4.84129477       4.84562016       4.87425518
       4.92602015       5.01337481       4.98820496       4.86465502       4.67383480       4.53113985       4.62435007       4.78502989       4.92472982       4.54707003       4.30604506       5.33398008       5.26281023       5.21735001       5.23860979       4.93399000       5.49231482       5.75051022       4.89311504       5.03253984
       5.57314014       5.57909012       5.59193993       5.57059002       5.56908512       5.55288506       5.53779507       6.77036982       8.10529041       9.20954037      12.56457996      16.68099461      20.30228989      24.10048996      27.61969070      30.93693565      33.96130531      36.59316933      38.61285072      40.41327095
      42.43999428      44.35618485      44.86031921      44.58030037      44.74230576      44.61684509      44.29586975      43.67669952      42.85629448      41.70979576      39.72944046      35.40977859      30.86207962      26.53115082      23.10277939      20.81842995      19.57369995      17.04371468      14.00435532      10.46760521
       6.94894487       5.76070023       5.13328981       4.81120014       4.66811514       4.74162483       5.08293486       5.06657982       5.00473022       4.92662477       4.91046000
       4.95396996       4.94277000       4.95824003       4.97450018       4.97950983       4.97482014       4.96163511       4.90117979       4.86527491       4.89236021       4.89683008       4.91996002       4.95274019       5.00707006       5.04659510       5.10712481       5.20628977       5.27054501       5.28200483       5.30683994
       5.35645008       5.43177986       5.34540987       5.23650503       5.21485996       5.21122503       5.17647982       5.12762022       5.11558008       5.06461000       5.02394485       4.99601507       4.97460985       4.93727493       4.91136980       4.84328985       4.79501486       4.73253012       4.72338009       4.75549507
       4.66268492       4.55620480       4.53917503       4.65318489       4.88578510       4.95651007       5.00887012       5.00685978       5.03502512       5.07398510       5.08297014       5.05889988       5.05926514       5.06466484       5.06942511       5.07325506       5.06985521       5.05717993       5.06483984       5.08446980
       5.07302999       5.07056999       5.06700516       5.08323479       5.09146500       5.05864477       4.89095020       4.77986479       4.55549479       4.11742496       3.86527491       4.11517000       4.54961491       4.91404486       4.94994020       4.95847988       4.92176008       4.91481018       4.88743019       4.87350988
       4.89235020       4.91244984       4.81925488       4.69200993       4.72286987       4.66395998       4.69892979       4.79268980       5.00316477       4.83700991       4.21868992       5.26757479       5.21876001       5.17022991       5.28245020       4.93836975       5.37455511       5.79759979       4.76258516       4.82260990
       5.56634998       5.48183489       5.46531487       5.41112518       5.40692520       5.39422989       5.38395500       6.01798496       7.38973522       8.75596046      11.67218018      15.37866993      18.95004982      22.33742954      25.46866570      28.21039551      30.61600472      32.95570549      34.99350922      36.81590080
      38.78997429      40.48110024      40.89352509      40.74585960      40.92078972      41.07315971      41.03324989      40.70455414      39.94118507      38.92814407      37.13413536      33.40616989      28.44562912      24.01958084      20.40393066      18.06337929      16.20158012      13.84081470      11.18449989       7.95024490
       6.37537003       5.37610483       4.81481504       4.74815512       4.62091017       4.78954506       5.02092981       5.02375507       4.96282005       4.93517494       4.92706490
       4.97753000       4.95241022       4.97557020       4.96199512       4.96554518       4.97123003       4.95547009       4.91859484       4.86926985       4.88765001       4.86745977       4.87237978       4.92539978       4.98817015       5.03098011       5.07437992       5.19775009       5.26567984       5.28766012       5.29665995
       5.29916477       5.39351988       5.35345507       5.24321508       5.21454000       5.20193481       5.20175505       5.19467497       5.15580988       5.14717484       5.10654020       5.08338499       5.06407976       4.97413015       4.94620514       4.89610481       4.85911989       4.80842018       4.78290987       4.72448492
       4.66801977       4.63480997       4.60993481       4.48046017       4.65231514       4.86538506       4.93407488       4.92540503       4.93570995       4.97882509       4.96922016       4.95583010       4.93537521       4.90780973       4.85787487       4.96252012       4.91495991       4.79964018       4.91541481       4.95862484
       4.93954515       4.94136477       4.96564007       4.97241020       4.80057001       4.65223503       4.13210011       3.89921999       3.99887991       4.45361996       4.91773987       4.94536495       4.94181013       4.99560022       4.97588015       5.04683018       5.02053499       5.02543497       4.90634489       4.85142517
       4.81634998       4.88916492       4.80817509       4.71341991       4.81014013       4.80128002       4.82329512       4.82842493       5.01932478       4.93666983       4.22268009       5.31077003       5.25714016       5.14972019       5.33050013       5.00822973       5.17847013       5.66092014       4.83443975       4.57770014
       5.46069002       5.36547995       5.31123018       5.21221018       5.21791506       5.25998020       5.25833988       5.29259481       6.61920023       8.10876522      10.45201015      13.99456482      17.36242481      20.35735004      22.92492523      25.19586956      27.10818466      29.13180023      31.13680962      33.10042000
      34.99053452      36.27967972      36.58167442      36.51693909      36.84928894      37.10449989      37.39233414      37.29599594      36.82671959      35.91826477      33.89249466      30.58607101      26.06106949      21.68976974      18.06049919      15.65282059      12.78906509      10.33206470       8.73283958       7.72595024
       6.16002989       5.14298487       4.75554514       4.65486479       4.63458014       4.83497477       5.03459501       4.99475479       4.96783495       4.94743013       4.93115997
       4.99990511       4.98383522       4.99107504       4.95205021       4.94472980       4.96418524       4.94860506       4.92145491       4.90901995       4.90312481       4.85096979       4.84964991       4.91007519       4.95614004       4.98147011       5.01096010       5.10938501       5.20482016       5.24520016       5.21301508
       5.17331505       5.36449480       5.30014515       5.23927498       5.23081017       5.19902992       5.21436024       5.19895506       5.18316984       5.20481014       5.14368486       5.17798996       5.06756496       5.00054979       4.96610498       4.92977476       4.88116026       4.85213995       4.86182976       4.78441000
       4.69580984       4.64119482       4.68957996       4.66373014       4.60231018       4.68866014       4.87223482       4.89320517       4.90045500       4.84492016       4.76457500       4.71815491       4.69412518       4.54633999       4.60285997       4.62148523       4.47521019       4.56339502       4.49448490       4.57760525
       4.77311993       4.79293489       4.68468475       4.31165504       3.90653491       3.93529010       4.28870487       4.80301523       5.06475496       4.99636984       4.85727978       4.69193983       4.95876980       5.16573000       5.05135489       5.17474508       5.20632505       5.03986025       4.96186018       4.87773991
       4.82407999       4.85725498       4.88520479       4.78801489       4.87846518       4.89815998       4.89167500       5.08482504       4.86782980       4.55777502       4.15354490       5.25918007       5.22401524       5.12347507       5.36904001       5.11971998       4.86983013       5.61590481       4.90894508       4.22793484
       4.56362486       4.66812515       4.92291975       4.89964008       4.91634512       4.97856998       4.90969515       4.79776001       5.56249475       6.81192474       8.70468998      12.26772537      15.34618996      17.94243511      20.20973988      21.85384041      23.48389999      25.19915989      27.09919514      29.54396439
      31.33006989      31.96245071      32.24005959      32.15043579      32.76242065      33.27202095      33.72706535      34.03697960      33.57605988      32.57328529      30.75206932      27.70140076      23.51106071      19.33050919      15.85051918      12.65819519       9.30719505       7.07925510       7.12897491       6.93733501
       5.76369476       4.94574499       4.67668009       4.63991976       4.77570009       4.97349501       5.02204990       4.99634504       4.97429991       4.98567009       4.93009996
       4.99053001       5.00394487       4.99189997       4.94002008       4.93487024       4.95366001       4.93142509       4.92478991       4.94951487       4.92155981       4.85108995       4.85066509       4.88282013       4.91216993       4.97980022       5.00475979       5.04384995       5.16325998       5.26440001       5.24992514
       5.21198511       5.36043024       5.27530003       5.25034475       5.23903513       5.20825005       5.22780514       5.19287491       5.19799995       5.18092489       5.12945509       5.18485498       5.03040504       5.01506519       4.99808979       4.98512506       4.93061495       4.91265488       4.92086506       4.88192987
       4.78585005       4.67469978       4.65620518       4.63363504       4.45373011       4.49110508       4.51594496       4.61856985       4.92305517       4.77817488       4.62805986       4.61506987       4.63019991       4.60623980       4.70271015       4.80151510       4.71165514       4.64385986       4.52942514       4.30336475
       4.41342497       4.11459017       3.90656996       4.14817524       4.72481489       5.06752491       5.08817482       4.95702505       4.87086487       4.72698498       4.69629526       4.72112989       4.98745489       5.05351496       5.12101984       5.38072491       5.14209509       5.15003014       5.12080002       5.06715488
       4.96023989       4.81724977       4.87688494       4.94475508       5.04388523       4.99048519       4.96982479       4.71563005       4.07133007       4.18365479       4.16630983       4.97510004       5.08564997       5.02526999       5.39701986       5.22788477       4.72055483       5.48886490       5.15311480       4.10550499
       4.39469481       4.34447479       4.34741020       4.20161009       4.14332485       4.46035480       4.40927982       4.21344519       4.27711487       5.54794502       7.48635006       9.95740509      13.10917473      15.16279984      16.81628513      18.27943516      19.94845486      21.80179977      23.69099522      25.90886497
      27.34323978      27.88387966      27.44404984      27.87445068      28.85889053      29.56622047      30.22928085      30.55877075      30.26645546      29.31328011      27.75120468      24.38306999      20.71644974      16.85495949      13.45486069       9.54766989       6.08242989       5.73804522       5.62984991       5.45339489
       5.00130987       4.72068024       4.86327505       4.96563005       5.03801012       5.03848982       5.02903986       4.97667503       4.99013996       4.97188520       4.92980480
       5.00037003       4.98902988       4.96746492       4.92906523       4.91825485       4.92734003       4.91496515       4.91760015       4.95832014       4.89788485       4.84548521       4.83511496       4.84316492       4.87140989       4.92751503       4.99555492       5.03181982       5.11558485       5.26374006       5.24663496
       5.27463007       5.36041021       5.27278519       5.24632978       5.22662497       5.20044994       5.22205496       5.21270990       5.19929981       5.15577507       5.17455006       5.20377016       5.02882481       5.01628494       5.00452518       4.97768497       4.93367481       4.97573519       4.95038509       4.93619490
       4.82010984       4.71374512       4.72744989       4.93364000       4.88330507       4.83417511       4.70603514       4.58037996       4.54062510       4.33538008       4.17727518       4.15050983       4.09062481       4.04006481       4.01083517       3.97441506       3.98100495       3.95668507       3.93815494       3.86331010
       4.18197498       4.68049974       5.14080509       5.28665497       5.15441484       4.95671499       4.87673998       4.80472517       4.76993990       4.73768520       4.75223494       4.74316978       4.95172501       5.06510019       5.25517511       5.27251482       5.19664478       5.37122011       5.31245995       5.31955481
       5.14550018       5.01957512       4.93981981       4.94818020       5.04083014       4.97401476       4.97733021       4.26424980       4.37735987       4.29135513       4.27379513       4.38776016       4.41361523       4.80773020       5.40606022       5.31663990       4.81894016       5.30755520       5.34616995       4.19479513
       4.70156479       4.80989504       4.79139519       4.64364004       4.49474478       4.45655489       4.43313503       4.61425018       4.56832504       4.95190020       6.41289511       7.26525021      10.24654486      12.14387480      13.50713043      14.95081467      16.49488457      18.43434021      20.42372547      22.06560516
      23.11482014      23.58876038      22.60005951      23.12659073      24.84904480      25.67737461      26.44064953      26.90427044      26.83111958      26.03878956      24.59427071      21.34592056      17.85272026      14.29476929      10.68051004       6.61275990       5.25436974       4.97738981       4.82349014       4.78712511
       4.88716984       4.99149990       5.02760983       5.07227516       5.05049992       5.03428507       5.01643991       4.99004984       4.98619986       4.95041990       4.96422482
       4.97901011       4.98445988       4.96409512       4.92744017       4.91059017       4.91504002       4.91726017       4.90027523       4.93380499       4.89708996       4.85419512       4.84728479       4.83360481       4.83502007       4.89850521       4.98392487       5.03298521       5.08900023       5.23669004       5.21216011
       5.29907513       5.34181023       5.30576992       5.28608513       5.26384497       5.21113491       5.23358488       5.22775984       5.19177008       5.16590023       5.22735500       5.13617992       5.03206491       5.02218008       5.00303984       5.00090981       5.00358486       4.99744987       4.96107483       4.91064978
       4.96688509       4.69172478       4.26812983       4.13259983       3.99031997       3.96747994       4.00406504       4.05513477       4.13946009       4.27963495       4.51536989       4.83355522       4.94959021       4.99390507       5.08759499       5.23426018       5.33459492       5.40433006       5.48956480       5.59848022
       5.74403009       5.82050009       5.70413979       5.50579523       5.34744015       5.24179512       5.13208506       5.03031481       4.91834978       4.81494493       4.75261021       4.71055984       4.92115021       5.10999489       5.14058018       5.24967480       5.31118011       5.38185978       5.36399508       5.42619514
       5.29983521       5.24174500       5.22188520       4.95714998       5.04139996       4.97409010       4.96561480       4.14029980       4.45773506       4.84190512       5.30796003       5.47001982       5.03802013       4.88363504       5.40808487       5.39077520       4.94267988       5.19971514       5.47256517       4.43590498
       4.58844995       4.85112000       4.80829000       4.79016495       4.76128483       4.75558519       4.76233482       4.76029491       4.73381519       4.66794014       5.50769501       6.03229046       6.88449955       8.33955002       9.66537952      11.22035980      13.16991997      15.28438038      16.99665997      18.16925049
      18.87697983      18.72007942      17.81741905      18.37509918      20.32341003      21.83382542      22.63771976      23.26865955      23.40891483      22.96567497      21.64596939      18.74048996      15.14493942      11.81746006       7.90968513       5.06009483       4.72477007       5.02017498       5.12723494       5.09769011
       5.10425997       5.08040476       5.04405022       5.03151989       5.02477980       5.00685024       4.99839020       5.03590012       4.98832989       4.97806025       4.94999981
       4.94970989       4.96582508       4.93329477       4.91897488       4.90062475       4.91076994       4.90853500       4.90386486       4.93912983       4.91751480       4.88055992       4.88011503       4.84153986       4.83382988       4.88761997       4.96291018       5.01666021       5.01750517       5.16070509       5.27427483
       5.33355474       5.32830000       5.29098511       5.26565981       5.26499510       5.22197008       5.25179482       5.22921991       5.18669510       5.19409513       5.22858000       5.07944489       5.00893021       4.99507523       4.98613501       4.97241497       4.97933006       4.96539497       5.01596498       4.97299004
       4.24065018       3.98221493       4.50500488       4.84708977       4.96940994       5.00520515       5.06110001       5.12982988       5.13202000       5.08897018       5.07587004       5.35602503       5.53831989       5.62988001       5.75351505       5.83173994       5.95117500       6.02011015       6.10765482       6.19780016
       6.26853489       6.33955000       6.32458992       6.28484478       6.24446020       6.19449501       6.14256477       6.10288496       6.03818502       5.97486982       5.90999012       5.84504509       5.85663017       5.87339479       5.63108997       5.52645519       5.36618996       5.38574505       5.31853485       5.39098978
       5.42500019       5.30719995       5.47106504       5.15830517       5.11554480       5.04172516       4.51407003       4.27652502       5.00567007       5.56708002       5.58930016       5.42752504       5.10179996       4.97721004       5.40862989       5.45070982       5.03982496       4.97923994       5.54902506       4.79539490
       4.33695507       4.87938023       4.82480001       4.78257513       4.77159500       4.76308012       4.74528503       4.75035000       4.74709988       4.74094009       4.75345993       5.32037977       5.59348011       5.81087971       6.94176960       8.22093010       9.93904018      11.92066521      13.13729488      13.90116959
      14.32464981      14.30677032      14.08742905      14.86569023      16.17588043      17.60388973      18.54261528      19.30676502      19.64801456      19.37233505      18.58447044      16.37595940      12.85653019       9.25855503       5.21778488       4.67498016       5.01508999       5.16954994       5.09031487       5.10313988
       5.08630514       5.05764484       5.03049517       5.03727484       5.01357985       5.00783491       5.04081488       5.00911999       5.00637484       4.91905022       4.79975986
       4.90347481       4.94234991       4.91803980       4.90380478       4.89940500       4.91193008       4.91340494       4.91318512       4.94303513       4.92707491       4.89689493       4.85888004       4.83809996       4.83454990       4.87749004       4.92434502       4.96698475       4.98958015       5.09194517       5.25153494
       5.32558012       5.31378984       5.28717518       5.25966024       5.25603008       5.21536016       5.20004511       5.15636492       5.18483496       5.14891481       5.22507477       5.07346010       5.01759481       4.98791981       4.96505976       4.95783520       4.99129009       5.09576511       4.78487492       4.03189993
       4.17952490       4.81586504       5.02892494       5.04430485       5.01806021       4.91334486       4.83892488       4.82873011       5.10840015       5.37809525       5.68652477       5.97351522       6.19306980       6.33362997       6.43006983       6.43381023       6.46837044       6.45746040       6.51482010       6.51568985
       6.51688957       6.51404953       6.51774025       6.52915955       6.50667000       6.52320957       6.54668999       6.54074001       6.49794960       6.48241997       6.46568012       6.45454025       6.73857975       7.28184032       7.38545036       7.19552015       6.86538990       6.46235983       5.99591995       5.62020979
       5.47078991       5.52372980       6.05319023       5.87268496       4.96202993       5.05349493       4.27525520       4.71980000       5.64280987       5.72156477       5.61808014       5.41550016       5.22008514       5.08605480       5.39949989       5.50534010       5.15920019       4.86135006       5.48440981       5.24547482
       4.28156996       4.88588524       4.87607002       4.77097511       4.77364016       4.76010513       4.73978519       4.73408508       4.72982502       4.73128986       4.72807980       4.71021509       4.62097025       4.57837997       5.06778021       6.18760494       6.87455976       7.97178003       8.92741018       9.49373999
      10.14912008      10.58983040      10.97235012      11.14492035      11.96166477      12.93240036      14.07154530      15.03313515      15.50536037      15.38831501      14.73766502      13.30189980      10.19672480       6.06618013       4.73771000       4.90127993       5.15280485       5.09793520       5.10172510       5.09157515
       5.06768513       5.06760979       5.03953505       5.09244013       5.04838991       5.02264977       5.02411509       4.96766520       4.90604496       4.80298996       4.76142502
       4.85929012       4.91327000       4.90041018       4.88908482       4.91715479       4.91189003       4.91757488       4.92675018       4.95026493       4.92445993       4.90202999       4.88128996       4.84757519       4.83671522       4.87410021       4.91708994       4.94681501       4.96525478       5.05493498       5.10854006
       5.25928497       5.23557997       5.23034000       5.23939991       5.23122501       5.16638994       5.13629484       5.14369011       5.14622498       5.10864019       5.13917494       5.02604008       5.01099014       4.96815491       4.97813511       4.98809004       5.05370998       4.59647512       3.97900510       4.33772993
       4.68010998       4.81035519       4.83679485       4.83363485       4.82961512       5.15057497       5.45053015       5.72534504       6.02428503       6.30034018       6.61525517       6.58699989       6.56711006       6.53785038       6.50568008       6.46586037       6.48219967       6.47754002       6.50924015       6.55152988
       6.58718014       6.61452961       6.61662006       6.58930016       6.58660030       6.60540962       6.70893002       6.66007042       6.61528015       6.59037971       6.58617973       6.62850952       6.74833965       6.90915012       7.12817001       7.29413033       7.41851997       7.26239014       7.03499489       6.49550486
       6.15114517       5.48860493       5.17107487       5.16815519       5.06856012       5.21400023       4.87969494       5.08044004       5.65120506       5.76206017       5.70542479       5.44834995       5.42108011       5.16336489       5.38942480       5.55058002       5.28132486       4.89068985       5.26385021       5.26243496
       4.25145006       4.76122522       4.91987514       4.78785992       4.83869982       4.80202484       4.72978020       4.71140480       4.67374516       4.67232513       4.67658520       4.69590521       4.69583988       4.66529512       4.41535521       4.31536007       4.59272003       4.80806494       5.34444523       5.99354982
       6.73415518       7.41583490       7.70793009       7.73796511       7.96526480       8.86563015      10.13593006      11.23257446      11.72093964      11.54501534      10.83777046       9.48736525       6.63639488       5.00513983       4.79033518       5.16149521       5.13791513       5.10400486       5.09004498       5.09404516
       5.03692007       5.05749512       5.10361004       5.05553484       5.04398489       4.99196005       4.94007015       4.84625006       4.76483488       4.73674488       4.68226480
       4.85161018       4.87306023       4.88972998       4.88081026       4.89858007       4.87874985       4.88383484       4.91619015       4.93872499       4.92719984       4.90153980       4.87777519       4.85794497       4.84997511       4.87521505       4.91504478       4.95490980       4.98285484       5.05028486       5.03223991
       5.12938499       5.12549496       5.13435984       5.15075493       5.13296509       5.08206987       5.09496498       5.05749989       5.05797005       5.02122498       5.05612516       4.98077488       4.93804502       4.89566994       4.92446995       4.90550995       4.28805494       4.01873493       4.45446014       4.63023520
       4.78154993       4.87453524       5.16967993       5.51087484       5.92360010       6.23717995       6.52763510       6.81192522       6.99193001       6.96033955       6.88465977       6.79757023       6.74956989       6.73645020       6.70666027       6.69468975       6.80241013       6.97552967       7.08687019       7.05533981
       7.08279037       7.09381008       7.04913998       7.01599026       6.99036980       7.02791023       7.13922977       7.15318012       6.91693020       6.80862999       6.82273960       6.94645023       6.96072960       7.21434021       7.37712002       6.99063015       6.98169994       7.16666031       7.11287975       7.09533978
       6.90226503       6.26286509       5.59682507       5.22515488       5.24270010       5.17368507       5.15940523       5.12541485       5.54432011       5.62373495       5.58331490       5.58689499       5.54390001       5.27233505       5.36349010       5.58226013       5.39109993       5.02281523       5.02206993       5.45016479
       4.36712503       4.48707008       4.98585510       4.91959476       4.91425991       4.88771486       4.71073008       4.68112993       4.63121986       4.62703991       4.61637020       4.60529518       4.60205507       4.60988998       4.58428001       4.38350010       4.29300022       4.27993488       4.46505499       4.73555994
       4.91181517       5.15545988       5.40250015       5.57196522       5.68891478       6.27181005       7.66548491       8.74265003       9.00874519       8.77993965       8.06836987       6.94244480       5.49108982       4.74520493       5.08411980       5.15810013       5.12546015       5.08457994       5.06060982       5.05892515
       5.04676485       5.07792521       5.07510519       4.94144011       4.86814022       4.79465485       4.74013996       4.70539522       4.68461990       4.68019485       4.69895983
       4.89403486       4.87411499       4.86987019       4.86694479       4.89652491       4.88091993       4.87201023       4.91122484       4.91712999       4.90615511       4.90345001       4.89590979       4.86160517       4.82842493       4.86237478       4.90388012       4.92806005       4.99804020       5.01118517       4.99546480
       5.08887005       5.05213976       5.06681490       5.05930519       4.99407482       5.02230501       5.00761509       4.96953487       5.00343513       4.96081018       4.96123981       4.96548510       4.91268015       4.88437510       4.70769024       4.04359007       4.17484999       4.58841990       4.95317501       5.27037516
       5.56281506       5.86365492       6.30498524       6.66357517       7.01912479       7.43722496       7.86673012       7.76597023       7.68754005       7.47739029       7.38459969       7.41258049       7.30095005       7.35445976       7.20911026       7.21356010       7.75798035       8.83553028       9.31985950       9.12077999
       8.20209980       7.81054020       7.70471001       7.66788960       7.65291023       7.72467995       7.95917034       8.05799961       7.77849007       7.68432045       8.17695999       9.08672047      10.02696037      11.34274960      11.29734039       9.69639015       8.58553982       8.06620026       7.83928967       7.87543964
       8.15871048       7.63953508       6.84264009       5.97436985       5.70387506       5.57804012       5.16513491       5.16988993       5.43040514       5.53578997       5.65039492       5.68652010       5.68226004       5.44637012       5.32010984       5.60725975       5.47973490       5.10586500       5.02877998       5.53661013
       4.66829491       4.56948519       5.04355478       5.02400494       5.00299025       5.02231979       4.84206009       4.76658010       4.73591518       4.73454523       4.68438005       4.68941021       4.67494488       4.66133022       4.57634020       4.56266975       4.60125494       4.78356504       4.50008488       4.27513981
       4.43651485       4.63541508       4.82821989       5.05844021       5.33592987       5.85449505       7.10734987       7.74190521       7.88301992       7.68978977       7.02048492       5.92144012       4.88918495       4.84817505       5.13786983       5.15647984       5.10892010       5.08073997       5.04691982       5.03806019
       5.06873512       5.08923006       4.95576525       4.82444000       4.76087999       4.77634001       4.76630497       4.76693487       4.74499989       4.74253988       4.79362488
       4.91565514       4.89764500       4.88690519       4.87632513       4.88039494       4.86731005       4.86564493       4.91305017       4.88645983       4.88570976       4.91528988       4.90640020       4.84895992       4.84040022       4.88262987       4.88084507       4.88538504       4.92222500       4.94185495       4.95282507
       5.04096985       4.99606514       5.00478983       4.96869993       4.96765518       4.98391008       4.94401503       4.92153502       4.93392992       4.89200020       4.94677496       4.90732479       5.01412012       4.67304512       4.42759504       5.06329521       5.42934492       5.64298985       6.01419512       6.33651505
       6.78819994       7.11036489       7.40534506       7.99308481       8.44563980       8.40985012       8.36332035       8.15176964       8.08016968       7.97148037       7.93400002       8.06114960       8.14064980       8.21984005       8.25516033       8.90524006      10.53512001      12.30543041      12.48810005      11.82750988
       9.67228985       8.61997986       8.47381020       8.40608025       8.34121990       8.39929962       8.85264969       9.46105003      10.03470993      11.38006020      12.92943001      14.17794991      15.23859978      15.32461929      11.76996040      10.25030994       9.18846989       8.58633041       8.38156986       8.32048988
       8.50026035       8.57184982       7.69857494       6.74889990       5.84181499       5.82250500       5.38296509       5.20656013       5.32077503       5.54298019       5.59567022       5.72088480       5.77428484       5.56215000       5.33318996       5.62677479       5.54377508       5.13945007       5.20758009       5.56543493
       5.06815004       4.45644522       5.08544016       5.08482981       5.13198996       5.16547489       5.06739998       5.03301477       5.06964493       5.05696011       5.01769018       5.01577520       4.95024014       4.85937500       4.81611490       4.71942520       4.67359495       4.68046522       4.65680504       4.59095001
       4.26110983       4.44314480       4.79661989       5.01608515       5.12869501       5.42770481       5.80809498       6.23249483       6.43687487       6.10963011       5.51767015       4.90126514       4.80040979       4.86843014       5.13862514       5.17324495       5.09581995       5.05558491       5.08305025       5.05009985
       5.03794003       4.97235012       4.82369995       4.74160004       4.82261515       4.85126495       4.80851984       4.78865004       4.78113508       4.80700016       4.86273003
       4.92091990       4.90949011       4.90111494       4.87659979       4.85169983       4.80224991       4.81618023       4.89102983       4.86821985       4.86490488       4.92774010       4.95151997       4.87307501       4.86042500       4.85581493       4.85876989       4.86444521       4.89654016       4.92302513       5.01629496
       4.98502016       4.92179489       4.91172981       4.94411516       5.00221491       4.93704987       4.90868521       4.88912487       4.90654516       4.90831518       5.16539516       5.73590984       5.37662983       4.96445990       6.00899029       6.09587955       6.28289032       6.88556004       7.52749002       7.75772953
       7.81427956       7.86056042       7.88895988       8.15536976       8.95320988       8.95932961       8.95925999       8.93877983       8.71774006       8.45143032       8.27408028       8.48054028       8.92549038       9.28932953       9.97327995      11.47101021      13.71039009      15.28918076      15.22583961      13.89942932
      11.65876961      10.86143970      11.83392048      12.35793018      12.22177029      12.10859966      12.35688019      12.69361019      14.49917030      15.86445045      18.17708015      20.11845016      21.86661911      22.22664070      16.85153961      10.41884995       9.24936962       8.80463028       8.61833000       8.63551998
       8.69760990       8.74271011       8.55949512       7.50548990       6.45618486       5.89055014       5.53413010       5.21719980       5.25719023       5.49388981       5.56893015       5.70625496       5.85060501       5.69806480       5.36257982       5.64332485       5.60266495       5.19581509       5.34610987       5.53276014
       5.35711479       4.32852507       5.10741997       5.11540985       5.18611002       5.22818518       5.21144485       5.20321512       5.23327494       5.20322514       5.17243004       5.13781500       5.09461498       5.05327988       5.05755520       5.05787992       4.95655012       4.83205509       4.78129005       4.72876501
       4.64737511       4.53843021       4.26833487       4.43054485       4.68316984       4.76583481       4.61394501       4.94171524       5.05677509       5.00350523       4.86977482       4.73318005       4.91980505       4.86639977       5.17106485       5.17730522       5.08455992       5.04675007       5.05172491       5.05625010
       5.02951479       4.81576014       4.81418991       4.85669518       4.87409019       4.83666992       4.84517002       4.88364983       4.82983017       4.85601997       4.95050001
       4.95633507       4.93229008       4.91416502       4.90643978       4.89193487       4.82023001       4.79154015       4.81412506       4.83904982       4.85823011       4.92427492       4.91741991       4.88340998       4.84945488       4.83836508       4.86116982       4.85646486       4.88986015       4.89178514       4.98028517
       4.91163492       4.88285017       5.12614012       5.61157990       5.04684019       4.98061991       4.96078491       4.86437511       4.88228512       5.61220980       6.04834490       5.08864975       5.41127014       6.02851009       6.12326050       6.40153980       7.26632023       7.88786983       8.58051014       8.90402031
       8.44983959       7.83841991       7.61997032       7.82419014       8.80784988       9.09860992       9.15511990       9.18354988       9.09025955       8.91154003       8.70508957       9.68142986      11.15762997      11.87310028      12.50930023      13.92514992      16.36215019      17.88484001      17.74892998      15.92745972
      13.79174042      14.14359093      15.90925026      17.26837921      17.96348953      18.15653992      17.90191078      17.48983002      19.14521980      21.63932991      23.70058060      25.61841011      27.57329941      28.46608925      24.01608086      11.95423031       9.33823013       9.10956001       8.85258961       8.85521984
       8.94163036       8.95154953       9.05183029       8.29600496       7.11265993       5.91562986       5.60295486       5.26862001       5.25406981       5.33122015       5.50479984       5.67804480       5.85752487       5.78485489       5.38852501       5.64742517       5.65828991       5.27150488       5.33296490       5.43874979
       5.46105480       4.42031002       5.07254982       5.14082003       5.15307999       5.24084997       5.25139523       5.22305012       5.25824022       5.22953510       5.21908522       5.19875002       5.16695023       5.11322498       5.10830498       5.09439516       5.07821512       5.02185488       4.91566515       4.83566523
       4.78169489       4.73847485       4.50888491       4.48998499       4.26921988       4.35745001       4.36078978       4.28782988       4.35082006       4.63336515       4.48641491       4.73995495       4.89235497       4.93149996       5.13067007       5.13896990       5.05756521       5.06408501       4.99016523       4.96285486
       4.83109999       4.79878998       4.84575510       4.88008022       4.94619989       4.89158487       4.88879013       4.87202024       4.95758009       5.06336975       5.10079002
       4.97675991       4.94199991       4.92662477       4.93238497       4.92076492       4.88608980       4.84747982       4.78362989       4.79516983       4.91464996       4.91475487       4.90368986       4.87918997       4.85694504       4.85100508       4.85159492       4.84576988       4.85172510       4.84534502       4.99077511
       4.86529493       4.82424021       4.85123491       4.90879488       4.85798502       4.99105501       4.99368000       4.98977985       5.75638485       6.17025003       5.14371014       5.96708965       6.44659042       6.77785969       7.26346970       7.63346004       7.86233044       9.50979042      10.37584019      10.80671978
      10.06064034       8.42982006       7.74145031       7.73367977       8.12395954       8.67113018       9.17352009       9.30692005       9.18157005       9.18358994       9.89449024      11.75695992      13.69743919      14.57987022      14.92524910      16.84411049      19.67856026      20.38089943      19.79314995      17.75363922
      16.21830940      17.44120026      20.02820015      22.52470970      22.94253922      22.79290962      22.75001907      22.56677055      25.25991058      26.73045921      28.98282051      30.67631912      32.67406082      33.99982834      28.72089958      13.70235062       9.39210987       9.28689003       9.24400043       9.19680977
       9.14140034       9.11001015       9.29298019       9.02099020       7.78949022       6.09659498       5.48651981       5.29045486       5.19696999       5.29260015       5.45435524       5.65157509       5.76154995       5.77641487       5.44812489       5.63919497       5.70815516       5.36847496       5.35214520       5.38830996
       5.55392504       4.60300493       4.90126514       5.18317986       5.17004013       5.23285007       5.27066994       5.22718525       5.22536993       5.23236990       5.23896503       5.20660019       5.16632986       5.15383482       5.17462492       5.16238499       5.10578489       5.10057020       5.03773499       4.95197487
       4.87559509       4.85005522       4.80194998       4.73835993       4.64411020       4.65234518       4.67976522       4.58714485       4.48816490       4.39622021       4.35023499       4.44303513       4.76004505       4.94004011       5.04758501       5.01530504       4.99521494       4.96168995       4.87943506       4.81823492
       4.78532505       4.85394478       4.92910480       4.94058990       4.93698502       4.91654015       4.89185524       4.99446011       5.10992002       5.12422991       5.13278484
       4.98475504       4.95836020       4.94221020       4.94005013       4.90972519       4.88778019       4.87908983       4.79848480       4.73657513       4.86253500       4.92718506       4.89153004       4.92692995       4.92546988       4.88676500       4.89965487       4.86623001       4.86079502       4.87553978       4.98670483
       4.85403013       4.83653498       4.82147980       4.82305002       4.84610510       4.98825979       5.16147518       5.93379488       5.83800030       5.27700996       6.17319012       6.63959980       7.52501011       7.86157036       8.06593037       8.07273960       8.38535023      10.22008991      12.07145023      12.38088989
      11.76574039       9.49378014       8.03606987       7.85711956       8.00271034       8.20331955       8.61102009       9.18904972       9.34197998       9.62450027      11.56268024      13.98974037      16.01266098      17.10087967      18.63324928      20.26725006      21.33408928      21.44565010      21.10747910      19.50008965
      18.97595024      20.45615959      23.80429077      25.75041008      27.46599960      28.44824982      29.08263016      29.35380173      31.28279877      32.53948975      34.70838928      36.98379135      38.42794037      38.99996185      33.54312897      15.98850060       9.58143044       9.46488953       9.53125000       9.42098045
       9.49868011       9.50432014       9.66475010       9.77422047       8.46929979       6.49419504       5.45598984       5.34138489       5.20427990       5.24777985       5.35639477       5.56494522       5.67012978       5.67208004       5.46555996       5.62327003       5.75260496       5.48464489       5.32160997       5.32559013
       5.71436977       4.87490988       4.78386497       5.23023510       5.18547487       5.25185490       5.28779507       5.25222492       5.24600506       5.27617025       5.24864006       5.22735500       5.23929977       5.22051477       5.20367479       5.23344517       5.21646023       5.18649483       5.15052986       5.11243010
       5.06129503       4.93783998       4.89237976       4.86948490       4.83058023       4.76078987       4.66298008       4.60292006       4.61094999       4.60578012       4.58465004       4.56358004       4.39201498       4.60332489       4.81992483       4.86868477       4.84942484       4.81555986       4.82450008       4.82900000
       4.87208509       4.92499018       4.90022516       4.91751480       4.90495014       4.92372513       5.00981998       5.12426519       5.16281986       5.15656519       5.12374020
       5.01547003       4.98672009       4.94939995       4.91697502       4.89557981       4.87886524       4.88506508       4.81781483       4.73724508       4.75943995       4.84159994       4.90897512       4.93279982       4.93616486       4.94309998       4.99459505       4.84918022       4.86546993       4.85804510       4.91971493
       4.79958487       4.80931520       4.86596489       4.81878519       4.81448984       5.24094976       6.03635519       5.55233002       5.56394958       6.63852024       6.94845009       7.85591030       8.67168999       9.04615021       8.83355999       9.19225025      10.04652023      11.54069042      13.31024933      13.75746918
      13.15427017      10.50804996       8.48612022       8.15837002       8.31320000       8.44209957       8.83084011       9.26974964       9.56175995      10.35151958      12.96010017      15.98613930      18.04690933      19.03339958      20.09008026      21.44784927      22.92584991      23.08023071      22.69660950      21.48955917
      21.29997063      23.55389023      26.43313980      29.02096939      30.74147034      32.16559982      33.70745850      35.12960815      36.60694122      38.17538834      39.62815094      41.64307022      42.91062927      42.98470459      38.06301117      19.23628998       9.90567017       9.74557972       9.81519985       9.76189995
       9.90450954       9.91110992      10.09389019      10.69468021       9.52039986       7.24241014       5.49789476       5.37591982       5.28297520       5.21938992       5.31405020       5.43303490       5.63546991       5.66361523       5.47141981       5.59882021       5.78670502       5.58964491       5.31963015       5.30437517
       5.67286015       4.96311998       4.78383017       5.28142500       5.19857502       5.24593019       5.27528000       5.27201509       5.25002480       5.27406502       5.27993011       5.28314495       5.22716522       5.19504499       5.19405985       5.22103024       5.22096014       5.21909523       5.21870995       5.22385502
       5.20631504       5.16883993       5.00063515       4.92231989       4.92604017       4.89148998       4.84145021       4.72617006       4.66345024       4.64057016       4.62859488       4.60555506       4.43113995       4.30698490       4.42916489       4.70548010       4.82731485       4.84856510       4.88541508       4.88167000
       4.93545008       4.91338491       4.92015505       4.92469978       4.99524498       5.06757021       5.12187481       5.13254499       5.17475986       5.16887999       5.13943481
       5.02632523       4.99361992       4.93977499       4.90923977       4.87827492       4.88390493       4.87134504       4.78913498       4.71551991       4.71216488       4.60896015       4.73752975       4.82656479       4.90821981       4.92350483       4.85461998       4.82892513       4.81288004       4.84042978       4.84426022
       4.73446512       4.76315022       4.85495996       4.83490515       5.38979511       6.04072983       5.29555035       6.16207027       6.90318966       7.09333992       7.72163010      10.03740025      11.78750038      10.87627983      10.04413033      11.22327042      11.89066029      12.71452045      14.43969917      14.90347099
      13.83041000      11.02171993       8.93257046       8.51644993       8.67663002       9.00920010       9.42716980       9.76914024      10.02552032      10.98336983      13.52770996      17.28614044      19.90467072      20.46413994      20.84675026      21.62675095      24.98834038      25.44325066      24.74492073      23.42309952
      23.57316971      26.32555008      28.84367943      31.39368820      33.31042099      35.33370972      37.54655838      39.42267990      41.17795944      42.73611069      43.99444962      45.44131851      46.42985535      45.07370911      41.46799011      23.17707062      10.29026985       9.99761009      10.12913036      10.07170963
      10.26385975      10.65079021      11.26222038      12.19528961      10.89516487       8.31518496       6.41275488       5.40312004       5.33565998       5.33126020       5.27994013       5.33387995       5.60623980       5.70501518       5.42398977       5.55887985       5.82184982       5.68322992       5.30438995       5.29701996
       5.62920523       4.94641495       4.66547489       5.27224493       5.24964523       5.23161507       5.22242022       5.26490021       5.24175978       5.22792482       5.26416016       5.25864506       5.23643494       5.20472479       5.19800997       5.19711494       5.22012520       5.23120022       5.21892500       5.21931505
       5.23586988       5.24227524       5.22364521       5.06126976       4.96153498       4.95964003       4.94130516       4.89098978       4.78866005       4.69482994       4.67050982       4.62193489       4.58223009       4.48843479       4.39380503       4.48728991       4.68835020       4.80535984       4.91825008       4.91014004
       4.93456507       4.93555498       4.98304987       5.02916479       5.05722523       5.10890007       5.14478493       5.17191505       5.16026020       5.18195486       5.15430021
       4.96269989       4.93102503       4.88742018       4.85473490       4.84767485       4.83744001       4.82479000       4.72405481       4.68746996       4.71215487       4.42924500       4.49305010       4.67530489       4.80035019       4.85648489       4.86115980       4.78699017       4.78095484       4.87742996       4.80737019
       4.71406507       4.80657482       4.90496016       5.63993025       5.96457005       5.29790020       6.64377975       6.96177959       7.05574989       7.43900013       9.65964031      12.16104984      13.31794930      12.78952026      11.82898998      12.78211975      12.94649029      14.19857979      15.50065994      15.22591972
      13.39411926      11.08108044       9.65081978       9.20987034       9.31855965       9.73355007      10.18750954      10.46201038      10.76375961      11.77375031      14.38591003      18.24264908      21.19128036      22.02733994      22.61742973      24.02329063      26.06982040      27.16473961      26.66695023      25.52750015
      26.02132034      28.35399055      31.23598862      33.66254044      35.88917160      38.22219086      40.76264954      42.57934532      44.16481476      45.52922440      46.88744469      48.23130074      48.11810417      46.71979485      43.95890045      27.86138916      11.18474007      10.35772991      10.40036011      10.52274036
      11.15528965      11.83656025      12.75409031      13.58563995      12.19526005       9.51879978       7.61015520       6.18675985       5.40683985       5.30610991       5.22597980       5.33151007       5.36488485       5.49187994       5.40613985       5.50500488       5.85292482       5.77031517       5.31408978       5.31202984
       5.55048990       5.19674015       4.65212488       5.27226496       5.23603010       5.19450998       5.26027489       5.24884987       5.25860023       5.27504492       5.22466993       5.21666479       5.21648026       5.19108009       5.18699503       5.18188000       5.20073509       5.21111488       5.21612978       5.21000004
       5.23443985       5.24732018       5.24030018       5.23918486       5.10900021       4.97976017       4.97938013       4.96870518       4.93228006       4.85382509       4.74344492       4.64303017       4.63789988       4.61618996       4.55426025       4.53817987       4.67531013       4.75286484       4.81216478       4.89186001
       4.98394012       4.99010515       5.00804520       5.02757502       5.17472506       5.17551517       5.17130518       5.20516014       5.18976498       5.15342999       5.15342522
       4.83357477       4.84019995       4.82204008       4.79336500       4.82147980       4.83492994       4.80080509       4.74527979       4.67587996       4.58699989       4.44762993       4.47632504       4.56832504       4.78866005       4.85064507       4.82752514       4.79472017       4.79059982       4.88101006       4.92787504
       4.88100004       5.30235004       5.75070499       5.47408962       5.62841034       6.89503956       6.89735985       6.96290016       7.18383026       8.87075996      11.47949028      13.65946960      14.83008003      14.55726051      13.57780075      14.13850975      14.03362083      15.79018021      16.37573051      15.42664909
      13.43894005      11.78038979      10.83428955      10.41598988      10.40567017      10.63305950      11.06462002      11.19534016      11.70928001      13.08123016      15.88161087      19.67226028      22.52705002      23.42561913      24.36627960      25.44647026      27.54195976      28.55291939      28.23542976      27.66643906
      28.21368027      30.39833832      33.25085831      35.72777939      38.39746094      40.96784973      43.08399071      44.88121964      46.29797066      47.50321960      48.62787926      49.57568573      49.28570976      47.98990974      45.85793571      33.39382935      13.20354080      10.96166992      11.01430988      11.58831978
      12.45269012      13.55032921      14.60143089      14.99578094      13.16235924       9.65579033       8.26521969       7.39706989       6.06344994       5.30298519       5.26634026       5.28693008       5.31765509       5.28995991       5.37062025       5.47282982       5.87684488       5.84959984       5.40829515       5.41418982
       5.58058500       5.30353022       4.66373014       5.45774984       5.52023506       5.53467989       5.53154993       5.39349508       5.26765490       5.30317497       5.24846983       5.20835495       5.22383976       5.21276522       5.19424009       5.17829514       5.18333483       5.20164013       5.22743511       5.23219013
       5.23197985       5.25088501       5.26051998       5.27076483       5.25482512       5.12763500       5.00542498       5.00122023       4.98312521       4.96022511       4.89593506       4.80077982       4.71330023       4.68006992       4.70582008       4.67621994       4.84589005       4.85892487       4.88909006       4.86316013
       4.89919519       5.00319481       5.06353521       5.11861515       5.19686508       5.21209002       5.18579006       5.18983984       5.20623016       5.17048502       5.15300989
       4.77909994       4.80451488       4.79337978       4.76998520       4.79250002       4.77659988       4.78508520       4.71922016       4.70961523       4.61955500       4.46796989       4.44509983       4.42594004       4.65717506       4.78135014       4.83254480       4.77966499       4.75378513       4.81709023       5.36640978
       5.83777981       6.04954491       5.21767998       6.05523968       6.94377041       6.83232021       6.90159988       6.93616009       7.69876957      10.51451969      13.54190063      15.26143074      16.21953964      16.23632050      15.16222954      15.13377953      15.03161049      16.74927902      17.38047981      16.29018974
      14.54985046      13.19389915      12.59350014      12.56285000      12.39068985      12.10416985      12.16331005      12.27143002      13.19490051      15.22563934      18.17576027      21.87557983      24.40612030      25.24785995      26.05077934      27.57345009      29.51520920      30.61750031      30.33501816      29.98072052
      30.52901840      32.25923920      35.10184860      38.12509155      40.90110016      43.32583412      45.38464439      46.96750443      48.18521019      49.11279488      49.87592415      50.53111465      50.05597076      48.64324532      47.02683029      37.93265152      16.21726990      12.03975964      12.15289021      13.23085976
      14.31860924      15.52695084      16.63278961      17.50861931      13.24472046       9.18657017       8.11758995       7.99479008       7.31998011       6.04428997       5.29674482       5.29245520       5.39253998       5.30113506       5.33018494       5.55988503       5.89125013       5.90908003       5.63045502       5.43413496
       5.70766973       5.72517490       5.40498495       5.65082979       5.50528002       5.36971521       5.37609482       5.46995497       5.33469009       5.29030991       5.22721481       5.18678522       5.20097017       5.19373989       5.18779516       5.19958019       5.17272997       5.18958998       5.20181513       5.21827984
       5.24241495       5.25695515       5.26203012       5.27208519       5.27914476       5.26979017       5.13656521       5.01253510       5.02420521       5.00284481       4.94722509       4.91074514       4.82537985       4.79729986       4.80538988       4.85127497       4.79290485       4.71701002       4.70717478       4.77036476
       4.89443493       5.03310490       5.09802485       5.15657520       5.21025991       5.24805021       5.21520519       5.20697021       5.19828987       5.16939497       5.15533018
       4.79526520       4.82459497       4.77686024       4.73077011       4.70441008       4.69219017       4.70556498       4.65079975       4.68939018       4.64055490       4.50752497       4.59239006       4.48036003       4.45351982       4.73637486       4.77921486       4.67433023       5.02540522       5.61210003       6.24836016
       5.90392971       5.13358974       6.36285973       6.85391998       6.75792980       6.89713955       6.91948032       7.35081959       9.36491966      12.80128002      15.67107010      16.89702988      17.54557037      17.68153954      16.44566917      15.95354080      15.85675049      17.80620956      18.57777977      17.83452034
      16.35812950      15.35009003      15.06859970      15.06399918      14.67839050      13.93405914      13.43520927      13.93958092      15.74710083      18.28344917      21.30089951      24.55911064      26.45862007      27.41799927      28.60022926      30.20998001      31.90861130      32.73299026      32.76321030      32.59225082
      33.00780869      34.33900833      37.31578064      40.46474075      43.58360977      45.66507545      47.59878075      48.84141548      49.79735092      50.38071060      50.73597427      51.00406067      50.42615585      48.98167000      47.47369041      39.98107147      19.11673927      13.67745972      13.81583023      14.97954941
      16.31027985      17.58128929      18.51708984      17.28099060      12.12057972       9.67317009       8.52972984       8.11641979       8.01908016       7.37257490       6.19024979       5.27957010       5.37484980       5.50241518       5.51080990       5.69703484       5.89221001       5.95368481       5.89997005       5.89980984
       5.87757015       5.75025988       5.02860975       5.39697981       5.27516985       5.21425486       5.18316507       5.19142008       5.34785509       5.29955482       5.22772980       5.19399500       5.16917992       5.17137480       5.18301010       5.19818020       5.17079020       5.18151522       5.18775988       5.21340990
       5.22655487       5.24900007       5.25507021       5.25458479       5.28591013       5.28765011       5.27550507       5.08769512       5.04276514       5.06188011       5.00705481       4.96496010       4.95233011       4.88385010       4.78614998       4.70084524       4.65031004       4.62032986       4.65851021       4.68993521
       4.77759981       4.92821503       5.06168985       5.18751478       5.25061512       5.25792503       5.22294998       5.21996498       5.21490479       5.20637989       5.18235016
       4.87746477       4.91684008       4.91650009       4.87563992       4.83086491       4.79510021       4.76871490       4.73179007       4.68698978       4.66462517       4.66119003       4.70772982       4.62014008       4.45219994       4.68676519       4.84463491       5.35583000       5.95891495       6.53496990       5.55854988
       5.49682999       6.76653957       6.84953976       6.84099960       7.05751991       7.20398998       7.44851017       8.56877041      11.71854019      15.41393089      17.91276932      18.91951942      19.24400902      18.97875977      17.53170013      16.81023979      16.60489082      18.76711082      19.39485931      19.26333046
      18.33695984      17.82848930      17.79036903      17.96668053      17.32492065      15.99950027      14.89888954      16.17489052      18.85433006      21.82905006      24.95673943      27.58493996      29.10530853      30.06425858      31.20352936      32.59297943      33.65874100      34.24496078      34.75942993      35.06151962
      35.40145111      36.67456055      39.29813004      42.59949112      45.70606956      47.85211990      49.56256042      50.48280548      51.06925499      51.34540558      51.33195007      51.13635422      50.18762016      48.41763077      46.41007538      39.63996124      21.38463020      15.63736916      15.78289986      16.86070061
      18.22529984      19.51853943      19.78553009      15.15527916      12.15464973      10.43715000       9.00349045       8.34109974       8.06381989       7.82680035       7.75010002       6.73298021       5.43924999       5.53749514       5.64345503       5.75933504       5.90466022       5.98728991       5.92467022       5.82908010
       5.70163012       5.33748484       4.40783978       5.25439978       5.26039505       5.20726013       5.20067501       5.16235018       5.14706993       5.31423998       5.25121021       5.20452499       5.17531490       5.15757513       5.16373014       5.17687511       5.17357492       5.19531488       5.19710493       5.20864487
       5.22838497       5.24245977       5.24352503       5.25837517       5.28103018       5.33204985       5.32228518       5.21438503       5.16534519       5.13042021       5.06991005       5.00051022       4.93419504       4.92905998       4.80780983       4.75530481       4.69770479       4.63733006       4.59943485       4.69361973
       4.74398994       4.79780006       5.01025009       5.18396997       5.26319504       5.27301025       5.23597479       5.21792507       5.21268988       5.20228481       5.18781519
       4.14583492       4.13256979       4.23048496       4.34471989       4.44837999       4.62378502       4.75962496       4.83276987       4.86346006       4.92962980       4.97865009       4.97852516       4.83432007       4.71471500       4.94132519       5.60173483       6.30298510       6.48243999       5.23746967       6.01506042
       6.97694016       6.85867023       6.97824955       7.25800037       7.66565037       7.93638992       8.59418011      10.48517990      14.25052071      18.06336021      20.21365929      20.80707932      20.56282043      19.95747948      18.45589066      17.44573975      17.15356064      18.79512024      19.64233017      19.86804008
      20.05621910      20.11660957      20.51449013      20.68113899      19.98558044      18.03339005      16.34988022      17.89734077      21.15048027      24.94272995      28.27279091      30.37218094      31.51692963      32.33692932      33.10688019      33.98614120      34.80575943      35.67126846      36.57833862      37.30564117
      37.44609070      38.86801147      41.20619965      44.51834106      47.68270493      49.72708969      51.03745041      51.69216003      51.99520416      51.97786903      51.58322029      50.24776077      48.07326126      46.14588928      44.37142181      39.20689011      23.08984947      17.57559967      17.83152008      18.81365967
      19.92090988      21.26078987      20.83633041      15.61399078      12.93914986      11.09568977       9.86528969       8.81589031       8.37255001       8.10223007       7.84504986       7.94472980       6.92507982       5.47261000       5.56703997       5.70512486       5.91626978       6.01733494       5.96125507       5.68939495
       5.65075016       5.14425993       4.32521486       5.19294977       5.28600502       5.22651482       5.14278507       5.10069513       5.07942486       5.14598989       5.28657484       5.22061491       5.17310476       5.16229486       5.16155481       5.15614986       5.15229511       5.16790009       5.19305992       5.20535517
       5.21645021       5.22130489       5.23897505       5.31718016       5.27485991       5.22634506       5.22378492       5.22827005       5.19502020       5.16567993       5.10960007       5.07135487       5.01683998       4.88533497       4.83491993       4.83387995       4.74517488       4.68230486       4.59460020       4.67821503
       4.77652979       4.74969006       4.88040495       5.15075016       5.25632477       5.27197981       5.21777487       5.18273497       5.15164995       5.14606476       5.15721989
       5.06674480       4.98609495       4.89223003       4.79068995       4.63156509       4.43120480       4.22721004       4.12625504       4.07752991       4.09608984       4.19329500       4.39933491       4.58765984       4.86913013       5.64460993       6.34347486       6.12473965       5.25253963       6.20705032       7.12003994
       7.11900997       7.20343018       7.83434963       8.84488964       9.37742996       9.68980026      10.62465000      12.98491001      16.71421051      20.23494911      22.27368927      22.55117035      21.96335030      20.95037079      19.28471947      18.19750023      17.88435936      18.82646942      19.96740913      20.82691956
      21.81506920      22.28704071      22.57053947      22.30687904      21.21066093      19.34659958      17.79820061      19.34613037      23.14705086      27.55565071      30.96097946      32.28710938      32.85842133      33.27178955      33.91386032      34.73321915      35.94580841      37.39609909      38.56795883      39.21012115
      39.86357117      41.02481842      43.22993088      46.52394867      49.53845444      51.35791504      52.28585419      52.64031082      52.75812462      52.39267540      51.28673935      48.42163849      45.80720139      43.38961029      40.97410965      36.93708801      27.84600067      21.42157936      20.16250038      20.81830978
      22.42073059      22.35386086      19.53178024      16.54987907      14.54734993      12.60807037      11.13591003       9.93021011       9.32384014       8.74199009       8.02274036       7.90746975       7.78069019       6.35033987       5.52890015       5.64714479       5.87871981       6.04241514       5.96763515       5.67012501
       5.65578985       5.15254974       4.33992004       5.16374016       5.26941013       5.14937496       5.12134981       5.16413498       5.15534496       5.16166496       5.12428522       5.17863989       5.14486504       5.17115021       5.15983009       5.15741014       5.15954018       5.15723991       5.17881012       5.20635986
       5.24396992       5.23042488       5.23537493       5.23587513       5.28097010       5.27879000       5.24429989       5.27497005       5.29897976       5.26339483       5.19122982       5.07528019       5.00376511       4.99001980       4.94799519       4.86156988       4.94251013       4.99614477       4.91513014       4.58200979
       4.71742010       4.77973509       4.84301519       5.01109982       5.07989502       5.08168983       5.09510994       5.05901480       5.07976007       5.11505985       5.13759995
       4.62027979       4.52209997       4.58528996       4.66182995       4.82957983       5.00435019       5.12095499       5.11356497       5.10333490       5.07558489       4.93647003       4.73092508       4.55958500       5.04996986       5.37187958       5.29825974       5.48443031       6.80004025       7.28524971       7.36415005
       7.54267979       9.30539989      10.99108028      12.36487961      13.01605034      13.18761063      13.80616951      15.54721069      18.63003922      21.86619949      23.64295959      23.88209915      23.12155914      21.89156914      20.14888000      18.90707970      18.76461029      19.30168915      20.66274071      22.56986046
      23.57336998      24.12854958      24.07514954      23.20862007      21.82043076      20.49711990      20.21566010      21.18848991      24.30134010      28.79894066      31.78231049      32.62841034      33.22434998      33.82001114      34.50275040      35.51562119      36.96947098      38.61851120      40.02640152      40.88982010
      41.78733826      42.94308090      45.02177811      48.42671204      51.25981979      52.70819038      53.28929909      53.40341064      53.17230927      52.44414902      50.41299820      47.55329895      44.98326874      42.08584976      39.10464096      36.19908142      32.86130142      30.11890030      27.87290001      26.87639046
      25.10819054      23.11763954      21.18239975      19.18073082      17.36459923      15.82732010      14.52337074      13.03326988      11.74067020      10.65725040       9.28981972       8.56153965       8.16926003       7.61403509       5.59796000       5.62924004       5.82657003       6.06072998       6.01483011       5.59418011
       5.63849497       5.18664503       4.30287504       5.06307983       5.26168013       5.24180508       5.21502018       5.19231510       5.16000509       5.08556509       4.99769020       4.96471500       5.16939497       5.14978504       5.15780020       5.15678978       5.18041515       5.18994999       5.19600010       5.19315481
       5.21506023       5.27393007       5.29408503       5.31111002       5.33572483       5.37545490       5.37026501       5.32293510       5.32524014       5.29839993       5.27248001       5.21145010       5.06923485       4.97590494       4.96465492       4.91224480       5.02603006       4.99662495       5.00526524       4.72247505
       4.68106508       4.78395987       4.83880520       4.86064005       4.88186502       4.95349503       5.02736998       5.02338982       5.05785513       5.08972502       5.08861017
       4.52426481       4.34053993       4.48108482       4.47016001       4.63537979       4.79989481       4.85642481       4.85460997       4.83343983       4.83295012       4.84088993       5.04567982       5.58205982       6.23267000       6.46809959       6.52593040       6.80663013       7.09558010       7.64011955       7.84661007
       8.35354042      10.12191010      14.07930946      16.45963097      17.25292969      17.31962013      17.30648994      18.42363930      20.62898064      23.24143028      24.92210960      24.92922020      24.05200958      22.70434952      21.05261040      20.12025070      19.87302971      20.58439064      22.20649910      24.02016068
      25.18944931      25.66345024      25.41114044      24.12791061      22.93334007      22.72738075      23.40107918      24.36845970      25.95034981      29.11371994      31.77262115      33.02336884      33.87448120      34.67007065      35.55728149      36.70309830      38.15008926      39.61428833      41.06608963      42.19145966
      43.41151810      44.88862991      46.96149063      50.05165100      52.71033859      54.08846016      54.66113014      54.57676430      54.21206589      52.68037033      50.34806061      47.85578918      45.71736908      43.51861954      41.16767120      38.66009903      36.34674835      34.34035110      32.56462097      30.82316971
      29.10836029      27.04937935      24.90858078      23.03614998      21.27371025      19.81308937      18.42848015      16.77339935      15.07891083      13.12809944      11.36273003      10.31577015       9.24855042       8.78462982       6.30895023       5.62013483       5.81997490       6.06900978       6.06520987       5.69232988
       5.63619995       5.21167994       4.37227488       5.00503492       5.23848009       5.24068022       5.23878479       5.20616484       5.08448505       5.10110998       5.08959484       5.07563496       5.00530005       5.28440475       5.21428490       5.18049479       5.19869518       5.19491482       5.25455523       5.28113985
       5.28619003       5.30873489       5.33101511       5.34016514       5.38329983       5.35706997       5.39022493       5.35581017       5.33648491       5.31941509       5.32734013       5.34377480       5.36749983       5.07842493       4.98083019       4.97645998       5.01014519       5.02131987       4.93683481       4.81478977
       4.73323011       4.71665001       4.78655005       4.82046986       4.82734013       4.88361979       4.96012020       4.99555016       5.02634001       5.06378984       5.07859516
       4.50136995       4.47008514       4.75333500       4.82285500       4.89025021       4.90071011       4.89926004       4.86532497       4.84781981       5.10950012       5.42208494       5.71898516       6.23158520       6.56620026       6.57721043       6.49376011       7.05206013       7.37827969       7.93111992       8.53715038
       9.83316040      10.10799026      10.57666969      18.59483910      21.26465988      21.64719963      21.41955948      21.82131958      23.18350029      24.62488937      25.20071983      25.17621994      24.60260963      23.35387993      21.93568993      21.36453056      21.28499985      22.50576019      24.32666016      25.73719978
      26.57551003      27.20219040      26.70421982      25.27198029      24.71858025      25.61705971      27.19255066      28.50820923      29.54779816      31.10203171      32.80596924      33.99256897      35.00524139      36.06351852      37.22629929      38.40800095      39.82535934      40.98477173      42.23223877      43.68025970
      45.11077881      46.79396057      48.71752167      51.04701996      53.84975052      55.99332809      56.36169052      55.79811096      54.73165894      53.45006943      51.85340881      50.02381897      48.19879913      46.45875931      44.47397995      42.33073044      40.27761841      38.59437943      36.97290039      35.32931137
      33.64859009      31.77655792      29.49396896      27.45763016      25.67498970      23.91706085      22.19264030      20.28565979      18.45779991      16.71084976      14.75715065      13.05688095      10.68191051       8.85914040       6.96849480       5.68093491       5.79771996       6.06707001       6.10950518       5.71604490
       5.61799479       5.21093512       4.37664509       4.88882494       5.22140980       5.21224022       5.21275997       5.19141483       5.16970015       5.16582012       5.12968493       5.13285017       5.03658485       5.12360001       5.33032990       5.31333017       5.29407978       5.30002022       5.28941488       5.30891514
       5.29595518       5.30205488       5.31503010       5.32991505       5.33952999       5.38544512       5.41821480       5.38783026       5.31095982       5.31121492       5.30911016       5.36194515       5.42857504       5.38257980       5.02094984       5.02042007       4.99414492       4.93418503       4.90193510       4.84746504
       4.79574490       4.74522495       4.72476482       4.75643015       4.78280497       4.80890989       4.90041018       4.95747519       4.96799517       5.01496983       5.06197500
       4.48276520       4.79427004       4.94138479       4.94349003       4.94624996       4.95260000       4.95222521       5.17768011       5.46636515       5.83073521       6.09046478       6.45941486       6.82853031       6.83532047       6.95263004       6.64710999       7.57267952       7.98015022       8.52221012       9.42232990
      10.37456989      12.48822975      15.29056931      19.34902954      23.43232918      25.08521080      25.31440926      25.60263062      26.37619972      26.51065063      25.91386986      25.57584000      25.13858986      24.07529068      22.83724022      22.63857079      23.28255081      24.89727020      26.52124023      27.61277008
      28.48155975      28.83054924      28.21121979      26.83576012      27.00613022      28.68955040      30.45796967      31.80973053      32.70999146      33.65869141      34.92343140      36.33105850      37.53778076      38.57492065      39.56478119      40.50722885      41.60100937      42.83686829      44.26345062      45.76752090
      47.60023117      49.23744202      50.80131149      53.17758179      55.72702026      57.38457870      57.54745865      57.16500854      56.36111069      55.48020935      54.30696869      53.16611862      51.70988083      49.91802979      48.10112000      46.32033157      44.58206940      43.09403992      41.64918900      39.96208191
      38.02067947      35.84650040      33.57371902      31.58736038      29.78984070      27.76646042      25.76390076      23.89974022      22.00515938      20.21136093      18.40827942      16.83930969      12.24983025       9.70448971       7.67319489       5.98112011       5.72841978       6.05528498       6.15110493       5.77174997
       5.58049011       5.20923519       4.51099014       4.79651976       5.20453501       5.27410984       5.27670002       5.23376989       5.18157005       5.14649010       5.15224981       5.11247492       5.09169483       4.88547516       5.02745008       5.26478004       5.25299025       5.25937986       5.28196001       5.28666496
       5.25810003       5.23258495       5.24694014       5.27695513       5.32701015       5.37663507       5.39858484       5.39334011       5.32365513       5.33183002       5.30759478       5.35182476       5.41624498       5.35440016       5.14026499       5.07915497       5.06208992       4.98879480       4.94524002       4.86617994
       4.83503008       4.78023481       4.74103498       4.72200012       4.76194477       4.75256014       4.82704020       4.89678001       4.90893984       4.95095491       5.02769995
       4.71029520       4.93132496       4.91696024       4.91924477       4.91323996       5.19074484       5.55149500       5.82273996       6.15964016       6.52665977       6.79327965       6.71473980       6.68245983       6.98155975       6.63043976       7.35328960       8.28318024       9.07357979      10.96940994      12.09832954
      12.75603962      13.04793930      14.68616104      18.02622986      21.75804901      25.43363953      27.79565048      28.99877930      29.68788147      29.49132919      28.47697067      27.11866951      26.00465012      25.01054955      24.12960052      24.69030952      25.77771950      27.55065918      29.05437088      30.08309937
      30.76536179      30.88599014      29.93046951      28.80443954      29.72132111      31.56637955      32.84770966      33.99282837      35.32641983      36.51042938      37.86233139      39.34519958      41.03467178      41.78910828      42.37181854      43.24222183      44.59357071      45.69229126      47.13188171      48.82828140
      50.63621140      52.06473160      53.66249847      55.70433044      58.31459045      59.75997925      59.87022018      59.45156097      58.88785934      58.22869110      57.56869888      56.73033142      55.72085953      54.20188141      52.50098038      50.75308990      49.80218887      49.11003113      46.55144119      44.05973053
      41.75897980      39.58617020      37.21171188      34.91151047      32.98786926      31.07920837      29.19150925      27.31052017      25.41382027      23.77926064      21.96759033      19.52578926      12.11592960      10.82194042       8.57871017       5.98448992       5.69899511       6.03056479       6.17670012       5.75673485
       5.51612520       5.21188498       4.70825005       4.67800522       5.29545498       5.29378510       5.24431515       5.16566992       5.17294979       5.16527987       5.15813494       5.13647985       5.14700508       5.14154482       5.19381523       5.29828501       5.23246479       5.22683001       5.20577002       5.21754503
       5.19763517       5.19114017       5.22175026       5.25993490       5.30345011       5.34920502       5.37026978       5.35552979       5.36768007       5.30879974       5.34487009       5.34734011       5.35308981       5.30691481       5.20898485       5.11316490       5.06487989       5.02187490       4.96007013       4.92039013
       4.85755014       4.81836987       4.79401016       4.73466015       4.72816992       4.73880005       4.77353477       4.80468988       4.84074020       4.89746475       4.97994995
       4.95090008       4.94891977       5.02284002       5.16893986       5.53050518       5.90182993       6.32986015       6.57587019       6.90500010       7.02392006       7.00047970       6.80461025       6.69130993       6.76093006       7.42467976       8.43428040       9.35249043      12.78289032      15.24761009      16.70471001
      17.25842094      17.10317039      16.35112953      16.99371910      19.80389023      23.70211983      27.67015076      30.81335831      30.98860931      30.96662903      30.66798019      29.24869919      27.45330048      26.27182961      26.00978088      26.74678993      28.26482964      30.45893097      32.21804810      32.88552856
      33.14939880      33.31858063      32.24158096      30.96110916      32.27368927      34.08118057      35.27600098      36.65625000      38.08670044      39.30274963      40.71229935      42.08184052      44.21138000      44.73833084      45.32514954      46.07149124      47.23849106      48.50825119      50.21995926      52.17520142
      54.10364914      55.46382141      56.78432846      58.70529175      61.31159210      62.82286835      63.25226593      62.68943787      62.05056000      61.41040802      60.99193954      60.55047226      59.51239014      58.27164078      57.01427841      55.58998108      54.52883148      54.46818924      52.32498169      48.94100952
      45.99573898      43.08541870      40.76977158      38.34358978      36.21376038      34.23345184      32.31961060      30.52947998      28.58989906      26.68173542      24.69302971      19.93144989      12.73565006      12.05733967       9.73798485       6.14344015       5.70154524       6.00419998       6.19716978       5.90719509
       5.44845009       5.20693016       4.89316988       4.49787521       5.32706499       5.29711485       5.21292019       5.13635492       5.16609478       5.19001484       5.24411011       5.28261518       5.24407005       5.22448015       5.24480486       5.26192522       5.20304012       5.18046522       5.17164516       5.21943474
       5.23340988       5.21360016       5.22754478       5.25012493       5.28469992       5.31033516       5.30912495       5.33333492       5.33084011       5.34449005       5.31742001       5.34910011       5.38174009       5.35060501       5.24165487       5.14530993       5.11414003       5.04509020       4.99560022       4.93596506
       4.88630486       4.86314011       4.83219004       4.75612497       4.71883488       4.73711014       4.74664974       4.77239990       4.80407000       4.82576513       4.89882517
       5.20089521       5.32360506       5.52247480       5.93496992       6.29342508       6.60457991       6.89996477       6.82409000       6.95631027       6.95499992       6.83323956       6.95837975       7.06190968       7.39239979       7.93280983       8.81124973      11.68682957      16.09722900      19.54291916      21.63488960
      22.28764915      21.96582985      20.75190926      19.52227020      19.35932922      21.82254028      26.08602905      30.69329071      31.13722992      31.15528870      31.16411972      30.89583969      29.39619827      27.77033997      27.67141914      28.68911934      30.64097977      33.24929047      35.25056839      36.01185989
      36.01358032      35.81911850      34.89743042      33.36278915      34.83063126      36.72853851      38.30566025      40.06629181      41.50584030      42.47032166      43.47898865      44.64886856      45.92127991      46.90206146      47.79901123      48.74039078      50.18288040      51.19715881      52.97272873      55.20232010
      57.39778900      58.76742935      60.25271988      62.33679199      64.62352753      66.10163116      66.64418030      66.31250763      65.66364288      64.99622345      64.42774200      63.84966278      63.14243317      62.47045898      61.39936066      59.63782883      55.07770157      54.88146973      54.79967880      53.78245163
      50.78926086      47.54001999      44.56813812      42.06082916      39.84941864      37.46411133      35.10379028      32.99977112      30.85847427      28.57137070      26.36426037      18.90180016      13.93588066      13.51862907      10.87744980       6.57622976       5.75036001       5.96362495       6.19713020       6.01712990
       5.43102980       5.19832993       4.98778486       4.45277023       5.31813002       5.25047493       5.21326017       5.22432995       5.24776983       5.25758505       5.27893019       5.26756001       5.27263498       5.27186489       5.26550007       5.24973488       5.19416523       5.19137001       5.19268513       5.21307993
       5.30136013       5.29007483       5.24555016       5.23695993       5.29284477       5.32188988       5.30330515       5.30923510       5.30784512       5.27217484       5.27739000       5.29871511       5.38501978       5.33827019       5.29233980       5.23076010       5.17856503       5.08773518       5.04415512       4.99012518
       4.93771505       4.90217495       4.86611986       4.80833006       4.75013494       4.75126505       4.74886990       4.76482010       4.78535509       4.78501511       4.81567001
       5.93761492       6.04390488       6.23140480       6.53713490       6.91203499       7.02910995       6.88129044       6.74921989       6.85029984       7.02756977       7.26733017       7.18688965       7.26194000       7.33277988       8.25321960      10.05004978      13.78150940      18.54677010      22.62287903      25.14649963
      26.44105911      26.44827080      25.34402084      23.68989944      21.97068024      21.77103043      24.78626060      29.94150162      31.42214966      31.18424988      31.23543167      31.15184021      30.64125824      29.33209991      29.28042984      30.34638977      32.70175934      35.80934143      38.34806061      39.14279938
      38.92393112      38.24127960      37.11828995      35.73659897      36.87957001      38.95616150      41.30707932      43.25349045      44.63389969      45.63114929      46.24755859      47.12144852      48.10049820      49.51089859      50.11019135      51.16466904      52.56248856      53.71823120      55.38105011      57.63574982
      60.19789124      62.03446960      63.69544983      65.78357697      67.34230042      68.81826019      69.64089203      69.68624115      69.33808136      68.71775818      68.41735077      67.84506989      67.52677917      66.93977356      66.10060120      64.80133057      61.83889771      56.72056961      54.88616943      54.62068939
      54.26945114      52.04712074      48.48223114      45.16334915      42.78355026      40.28874969      37.40153122      34.95059204      32.54177528      30.08922081      27.28184036      18.61101913      15.50415993      15.07748985      11.94598522       7.00630522       5.83300495       5.91151476       6.18137980       6.01896524
       5.56862020       5.25408506       4.89852476       4.49461985       5.28251982       5.29703522       5.33263016       5.35981989       5.30680513       5.29223490       5.31413984       5.29468012       5.25813007       5.24258995       5.22882509       5.25334024       5.21757984       5.19428015       5.23157978       5.23922491
       5.31235504       5.31189013       5.29942513       5.22228003       5.27745485       5.36294985       5.32731485       5.29408026       5.30109978       5.25583506       5.26841021       5.30730009       5.35370493       5.32370520       5.29922009       5.30883503       5.23381996       5.15026522       5.09159994       5.03774500
       4.99802494       4.92930984       4.91175508       4.88627005       4.83379984       4.77739000       4.74579000       4.78242016       4.78922987       4.80866480       4.78008986
       6.53379498       6.66957016       6.85966492       7.17320490       7.06188965       6.91897011       7.07800961       7.26513958       7.29588032       7.14074993       7.21957970       7.43150997       7.80587959       8.94956017      10.33953953      12.58615017      15.72672081      20.22436905      24.69531059      27.40819931
      28.87515068      29.73870087      29.24000931      27.75992966      25.11067963      23.34300995      25.04120064      28.94503021      31.71992874      31.84634018      31.29690170      31.67800140      31.53187943      30.64593124      30.70204163      31.91334152      34.53807068      37.78689957      40.52450943      41.41970825
      41.30500031      40.52930069      39.25210953      37.93143082      38.67647171      40.87985992      43.53139877      45.87509155      47.78165054      48.63459015      48.99869919      49.32619858      50.08177948      51.76609039      52.23928070      53.58338165      54.85937881      56.02893829      57.60857010      60.23138809
      63.04116821      65.08235168      66.66503143      68.41856384      69.83927155      71.70311737      72.73552704      73.16834259      72.94120789      72.91123962      72.82907867      72.44127655      72.29689026      71.93994141      71.05188751      69.44360352      67.41526794      65.13619995      59.66534042      55.10998154
      54.52429199      53.89445877      51.40951920      47.39242935      44.43978119      41.96179962      38.74607849      35.86922073      33.28686905      30.94807053      28.10683060      19.40574074      17.17793083      16.71704979      13.08750534       7.43951015       5.77478504       5.88251019       6.16183519       6.02735996
       5.58707523       5.29180479       4.83677006       4.57835484       5.28630018       5.32998514       5.32663488       5.35914516       5.34785986       5.30050993       5.26501989       5.24410486       5.24496508       5.24458504       5.22821999       5.22482491       5.20106983       5.22290516       5.27262020       5.28704500
       5.28734493       5.31274986       5.31543016       5.26047516       5.27650499       5.36784506       5.36565018       5.34133005       5.28841496       5.24019480       5.24548483       5.25960493       5.30393505       5.34376478       5.30683994       5.30178976       5.25860500       5.22448492       5.14925003       5.12180996
       5.04881477       4.98304510       4.96225023       4.93214512       4.94587517       4.88853979       4.83293009       4.80928516       4.75277519       4.78495502       4.77283478
       7.18691511       7.19107990       7.00282001       6.80251026       7.04553986       7.38891029       7.29246998       7.22620010       7.22140980       7.39013958       7.64216995       7.87353039       9.33606052      11.75456047      13.59206009      15.27087021      17.82604980      21.66772079      25.84996033      28.83346939
      30.46059036      31.68558884      32.04999161      31.01839828      27.78727913      25.45594978      27.48760986      29.60461044      32.12223816      32.54861832      32.69766998      33.65856171      33.03282166      32.11645126      32.19075012      33.48955154      36.06388092      39.61671829      41.88671112      42.85573196
      43.00086975      42.11109924      41.02233124      39.92391968      40.49805069      42.45869827      45.20508194      47.88951874      50.15365982      51.11217117      51.11109161      51.42171860      52.24943924      53.82725906      54.32801056      55.48157883      56.49493027      57.74185944      60.05001831      62.81529999
      65.64298248      67.56294250      69.18395233      70.83318329      72.29493713      73.89611053      75.64753723      76.52799225      76.95160675      77.12069702      76.86332703      76.85537720      76.86891937      76.58891296      75.94632721      74.42397308      72.02129364      69.24664307      65.95567322      61.22241974
      55.88222122      53.76385880      51.45238113      48.46540070      45.48289108      42.32532120      39.06679916      35.97565842      33.07308960      30.66204071      28.11012077      20.89679909      19.08902931      18.06467495      14.33665047       7.93202505       5.62570524       5.84108019       6.13302994       6.00774002
       5.55454493       5.34053516       4.70523977       4.62503481       5.35092497       5.38416004       5.37357521       5.34008980       5.32595015       5.27240992       5.26258993       5.26184511       5.27943993       5.27752018       5.25196505       5.21609020       5.19131517       5.20934010       5.27222490       5.30487013
       5.30257988       5.33014488       5.33883524       5.28106499       5.25728989       5.33986998       5.37778521       5.36159992       5.31309986       5.27386522       5.23945999       5.25411987       5.25803518       5.32636499       5.30080986       5.29758501       5.26810503       5.26734495       5.21978998       5.20728493
       5.11639500       5.05759001       5.03050518       4.99403524       4.95768023       4.93880987       4.90352011       4.84417009       4.77182484       4.74165010       4.74259520
       6.84047031       6.89062023       7.22068977       7.36380005       7.40530014       7.27873039       7.34436035       7.45429039       7.66510010       7.84438038       7.95011997       9.03090000      11.72723961      14.57212067      16.41172981      17.92231941      20.28100014      23.60253906      27.23188019      30.08065033
      31.73218918      32.88776016      33.29344177      32.38919830      29.21332932      27.96450043      30.55017853      32.03340912      32.79803085      33.35707092      34.22042847      34.82316971      34.18724823      33.44079971      33.69546127      35.02930832      37.43762970      40.56716156      42.76980972      44.07210922
      44.46804810      43.67498016      42.49705887      41.82714844      42.34086990      44.34862137      46.89051056      49.38756943      51.80212021      53.17927170      53.38718033      53.59899139      54.29663849      55.29833984      56.11658859      56.94913101      58.00265884      60.25500107      62.82050323      65.34822845
      67.90647125      70.16747284      72.04740906      73.55213928      74.81661224      76.33384705      78.26618958      79.90219879      80.75363922      80.87843323      81.01934052      81.08940887      81.31604004      81.45484924      81.26757812      79.00158798      76.18338455      72.92570892      69.11260986      65.38072205
      60.99789047      56.51401138      50.81975174      48.44731140      45.43127060      41.94316864      38.54618835      35.10709000      31.98682022      29.38948059      27.08614922      22.11364937      19.16291046      18.62438011      15.01237507       8.54466000       5.61614990       5.80649519       6.09508991       5.97519493
       5.59600019       5.28166008       4.64087009       4.86966991       5.36976480       5.36141491       5.35286999       5.33231020       5.33750486       5.30237007       5.27820492       5.27516985       5.29541492       5.28646517       5.25675011       5.24055481       5.19786501       5.18573523       5.21796989       5.26059008
       5.27199507       5.30848503       5.31732988       5.29476023       5.25542021       5.32199001       5.37156487       5.34857512       5.34889984       5.28389978       5.22066021       5.24333477       5.24647999       5.30819511       5.31898499       5.30236006       5.29553986       5.27362013       5.25463486       5.24860477
       5.20603991       5.15653515       5.09698009       5.05664015       5.00495481       4.96689987       4.91900492       4.89968014       4.84066486       4.77297020       4.74415016
       7.29792023       7.52519989       7.44408989       7.52884007       7.73985958       7.75158024       7.75543976       8.00444984       8.12010956       8.13311958       8.71893024      10.81525040      14.20141029      17.04084015      19.23492050      20.80658913      22.77803993      25.97266006      29.14236832      31.69939041
      33.04993057      33.83177948      33.97623062      32.93785858      30.20510864      30.54542160      33.11845016      34.15969849      34.57546997      35.18302917      35.99505997      36.39870071      35.67797089      34.91054153      35.20441818      36.73968124      39.13871002      41.88796997      43.92348099      45.16867065
      45.71744919      45.09999847      43.95483017      43.55118179      44.21749115      46.31597900      48.77923965      50.99794006      53.05390167      54.68679810      55.10739136      55.54481888      56.41276169      57.18301010      57.80677032      58.71403885      60.64078903      62.62544250      65.45307922      67.74994659
      70.33950043      72.95532227      74.90133667      76.15524292      77.29469299      78.79087830      80.97332764      83.05947113      84.27793121      84.82238007      84.94624329      85.22498322      85.47572327      85.49929810      84.40885849      82.14056580      79.02380432      75.37895523      71.08860016      66.89137268
      62.18289948      57.31309128      51.30126953      47.74655914      44.54978943      40.90121841      37.19203186      33.71931839      30.52944183      27.98492050      25.48748016      22.68041992      19.08333015      17.91650963      14.76908989       8.91129019       5.65080500       5.78630018       6.05235481       5.92091513
       5.52020025       5.19955492       4.39734983       5.01325989       5.35554981       5.35964012       5.34124517       5.32738018       5.33029985       5.32353497       5.27954483       5.27698517       5.27159500       5.27286005       5.25227499       5.24931479       5.19867516       5.20700502       5.25357008       5.23035479
       5.23830986       5.23318005       5.26372004       5.27683020       5.24530506       5.26670504       5.29170990       5.28467989       5.31894493       5.30072498       5.23479986       5.24574995       5.27091026       5.27311516       5.32342482       5.30233002       5.29329491       5.26105499       5.27201986       5.26003504
       5.28980494       5.26204014       5.19564486       5.10529518       5.04451990       5.00657988       4.95527506       4.92427492       4.88393021       4.83819485       4.77649975
       8.07378960       8.12197018       7.95355034       7.92887974       8.11297989       8.36371040       8.37226963       8.48754025       8.59259033       8.77536964       9.90894985      13.02930069      16.43909073      19.43445015      21.72141075      23.33558083      25.61544037      28.58452988      31.77359009      33.86901093
      34.67137146      34.78778076      34.50434875      33.33501816      31.81964874      32.69211197      34.67654800      35.80820084      36.52236176      37.22024155      38.04473114      38.51198959      37.77851105      36.69379807      37.06813049      39.15887070      41.60535812      43.64949036      45.33501053      46.63434982
      47.22201157      46.94282913      46.06188965      45.76612854      46.43423080      48.53929901      51.21678925      53.54130936      54.79946136      55.78218079      56.56119156      57.17607880      58.12017059      59.01153946      60.07178879      60.97584152      62.84599304      65.37299347      67.94689178      70.36557770
      72.98206329      75.76660919      77.78646088      79.21650696      80.44129944      81.91857910      83.83885956      86.08718872      87.84620667      88.44991302      88.79157257      89.25923157      89.43991089      88.87361664      86.75514374      84.22419525      80.88614456      76.82975967      72.15837097      67.18856812
      62.30232239      57.29095840      51.91732025      46.93667984      43.65628052      39.85313034      35.98894119      32.36447144      29.29988861      26.54235077      23.88846970      21.36739922      18.65934944      15.79525948      13.40246544       8.86165997       5.70316982       5.75542498       6.01041985       5.83588982
       5.35057497       4.81906986       4.42073011       5.26212978       5.37305498       5.35797501       5.33026505       5.30646515       5.32727480       5.31620979       5.29010010       5.27194023       5.26192522       5.25184488       5.24507523       5.22453499       5.18089008       5.20614004       5.26513004       5.29273510
       5.26922989       5.24087477       5.23614025       5.23756981       5.20736980       5.23959017       5.25344992       5.26867008       5.27128983       5.28388023       5.24621487       5.25635481       5.29720020       5.23828983       5.31419516       5.29177523       5.27709484       5.27046013       5.27970982       5.29793501
       5.35377979       5.33237505       5.26717520       5.15499020       5.09638500       5.04419994       4.98039484       4.94962502       4.92243481       4.88787985       4.83265018
       9.03952026       8.85457039       8.55945015       8.47309017       8.63605022       8.80889988       8.99998951       8.89599037       8.95254993       9.46837997      11.15550041      14.83760071      18.50637054      21.50056076      23.81114006      25.77109909      28.27356911      31.31203079      34.37633896      36.13750076
      36.62049866      36.21976089      35.37360001      34.39764023      33.70700836      34.52510834      35.99798965      37.19747162      38.31291962      39.26736069      40.23735046      40.87773895      40.44363022      39.31143951      39.21014023      41.48326111      44.06061935      45.79219055      47.25584030      48.25798035
      48.95272827      48.90956879      48.53844833      48.34920883      48.93540955      50.78435135      53.58897018      56.33554077      57.53919983      57.86188889      58.34991074      59.09535980      59.93965149      61.09633636      63.25662231      64.02616119      66.13620758      68.52748108      71.11203766      73.55758667
      76.15534973      78.65662384      80.61509705      82.34152222      83.97441864      85.27172089      86.92189789      89.47529602      91.36302185      92.08519745      92.61495972      93.23152924      93.40958481      91.28087463      88.88687515      86.01622543      82.41590042      77.84489899      72.46224976      67.11657715
      61.96556854      56.83518982      51.64825058      46.15106964      43.42081833      38.89736176      35.20182037      31.60995865      28.34049988      25.35928917      22.55760002      19.73963928      17.09501076      13.93556023      11.39970970       8.58588495       5.79307985       5.76112509       5.96414518       5.71892500
       5.17068005       4.48035479       4.95309496       5.30873013       5.35814524       5.36113024       5.34587002       5.33353519       5.30159521       5.30216503       5.30833483       5.26968479       5.25384521       5.23748493       5.21180487       5.22716999       5.18004513       5.16844988       5.24009514       5.28991985
       5.28697014       5.25580502       5.23341990       5.22336006       5.21062994       5.23274994       5.24754000       5.27741003       5.24854994       5.26557016       5.24616003       5.25070477       5.25535011       5.20634508       5.25921488       5.30848503       5.28068018       5.25574493       5.28835487       5.32701015
       5.36637497       5.37465000       5.28838491       5.21084499       5.15255499       5.09478521       5.04461002       4.99665022       4.96438980       4.95222521       4.94107485
      11.40174961      10.72424984      10.13440990       9.45314026       9.16489029       9.16786003       9.30241013       9.78565025       9.88829041      10.35054016      12.02787971      15.80143929      19.80438042      23.26256943      26.08929062      28.24739075      30.61862946      33.45938545      36.25635956      38.31830444
      38.58544922      37.85169983      36.77910995      35.92721176      35.66051102      36.23933029      37.45706177      38.63206863      39.87984085      41.08230972      42.23102951      43.29005051      43.34365845      41.94913864      41.33224106      43.38827896      46.04618835      47.99422073      49.09608841      50.04917908
      50.80186844      51.13275146      51.11436844      51.11236954      51.73073959      53.25614166      55.82415009      59.02920151      60.45967102      60.30606079      60.43500900      61.04316711      62.17894745      63.52633667      65.22261047      66.81974030      69.00113678      71.72371674      74.51860046      77.26812744
      79.85975647      82.04298401      84.08242798      86.05436707      87.60389709      88.74461365      90.45674133      92.98251343      94.65704315      95.32223129      95.96103317      96.55671371      95.88186676      93.76059662      90.90800323      87.63421005      83.38914536      78.39223053      72.61280823      66.94316101
      61.71251678      56.31774902      51.10998917      46.19499969      42.63623047      38.70138168      34.77767181      31.07410049      27.49677086      24.32500076      21.34211922      18.47513962      15.51678085      12.71893978      10.55261993       8.40361485       5.85020018       5.77300978       5.91204977       5.64049006
       4.98749495       4.53905487       5.23202515       5.30204487       5.30400515       5.32648516       5.35039997       5.33022499       5.31070995       5.27789974       5.28832483       5.26689482       5.26013517       5.23425007       5.20797491       5.21827984       5.17205000       5.12912512       5.22451019       5.26974010
       5.28383017       5.25861502       5.22045994       5.20539522       5.21336508       5.23225498       5.22395515       5.23732996       5.26337481       5.25006485       5.25745487       5.25425482       5.24275017       5.22288990       5.21955013       5.32039499       5.26986504       5.22180986       5.24500513       5.33043003
       5.40137005       5.38859987       5.31868505       5.26713514       5.19737482       5.15814018       5.11880493       5.10900974       5.09588480       5.04316998       4.97287989
      14.92296028      14.17094994      13.06600952      11.52297974      10.11866951       9.92166042       9.82304001      10.30010986      10.86118031      11.44758987      12.72620964      16.14677048      20.49256897      24.74114037      27.75719509      30.14238457      32.52768562      35.28557579      37.95553528      39.89218979
      40.24705124      39.34059143      38.29954910      37.63890839      37.47154999      38.06855011      39.03371048      40.14503098      41.45330048      42.81106186      44.03628159      45.34910965      45.94847870      44.51673126      43.59983063      45.15859985      47.81507874      49.73588181      50.70104980      51.60311890
      52.26797104      52.81996155      53.20756912      53.69918823      54.62958908      55.94760132      58.01779938      60.75373077      62.52722168      62.39222717      62.53418732      63.25681305      64.46295166      65.95092773      67.46904755      69.60404205      72.48419189      75.69346619      78.67385864      81.23578644
      83.63027191      85.92263794      87.85585785      89.47093964      90.60182190      91.91271210      93.76087189      96.11132385      97.23227859      98.13095093      99.19647812     100.01807449      98.91053375      95.84628326      92.68381958      88.70670441      83.78635574      78.87235092      72.96607971      66.98941803
      61.43920898      56.03596115      51.06081009      46.70993042      41.59920883      38.80001068      34.19831085      30.61008072      26.78474045      23.38701057      20.48156929      17.41391945      14.39262009      11.94536018      10.48462009       8.38103989       5.91097498       5.76980495       5.87313509       5.50034475
       4.65607023       4.87212992       5.28830481       5.27087021       5.25257015       5.30282021       5.35789013       5.32782984       5.28894520       5.26616001       5.27076006       5.26153517       5.25246477       5.24105501       5.21528482       5.19674015       5.17078495       5.13765001       5.21417522       5.26521492
       5.28957510       5.25065517       5.19661522       5.18978024       5.22696018       5.24253988       5.22993994       5.24901485       5.26089478       5.26912022       5.29089022       5.26561499       5.24901485       5.23795986       5.20788479       5.29202509       5.28653002       5.22174501       5.22692013       5.29978991
       5.39117479       5.37728500       5.33295012       5.30556488       5.26558018       5.27638483       5.25040007       5.16788483       5.08123493       5.00721502       4.95359516
      18.71884918      17.69186974      16.40122986      14.09198952      11.34780979      10.63848019      10.82369041      11.55169010      12.07843018      12.59961987      13.61544037      16.67280960      21.02387047      25.63924026      29.12220421      31.70167480      34.18693001      37.04207924      39.48552536      41.28913994
      41.64315033      40.77471924      39.83110809      39.24991989      39.29759979      39.83520126      40.77912140      41.83876038      43.15251923      44.46331024      45.80018997      47.10052109      47.76821136      46.84645844      45.84164047      46.91386032      49.45103073      51.23146820      52.34664917      53.08422089
      53.78509903      54.64632034      55.48683929      56.44208908      57.57315063      59.01358032      60.28445816      62.29062653      63.94107819      64.18559265      64.43270111      65.32785797      66.78607941      68.70648193      70.39633942      73.00652313      76.06803894      79.26405334      82.56040955      85.37515259
      87.63262177      89.96559143      91.66941833      92.68302155      93.74018097      95.26970673      97.28176117      99.00449341     100.10321030     101.14392471     102.31139008     102.53609879     101.14612900      97.66274002      93.92854614      89.39991867      84.38910583      79.23663330      73.31787109      67.15547180
      61.41497040      56.28947830      51.56016922      46.92449951      41.83488083      38.17161942      33.93611145      29.89807892      26.48880959      22.87128067      19.73355103      16.60548973      13.45037079      11.54839039      10.36559963       8.32943508       5.89386511       5.75468493       5.85577011       5.42464018
       4.55987501       5.12147999       5.25812006       5.26940012       5.28059006       5.27593517       5.34150505       5.32647991       5.27776480       5.26639509       5.25853491       5.25265503       5.24585485       5.24431515       5.22908497       5.19867516       5.16753483       5.12604523       5.20814991       5.26637983
       5.29236984       5.21560001       5.19545984       5.17953491       5.21515512       5.24247980       5.25306511       5.23762512       5.25059509       5.24954987       5.25573492       5.26625013       5.24109507       5.20591497       5.21051502       5.26773977       5.29060507       5.23121500       5.23711014       5.27308512
       5.35291004       5.35697985       5.33894491       5.38539982       5.38424492       5.29247522       5.21558523       5.15605497       5.08489513       5.05140018       4.99553013
      21.61583027      20.88839977      19.38892937      16.12532997      12.69365025      11.74242020      12.72459030      13.66938972      13.76366997      13.98954964      14.87237930      17.25419044      21.52795029      26.39579010      30.28048058      33.02968567      35.60923592      38.38909973      40.87383568      42.54157982
      42.81343079      42.12464905      41.27719116      40.92987823      41.32735062      42.17430878      43.08784103      43.98027039      45.03464890      46.23884964      47.60541916      48.78348160      49.45357132      48.90200043      48.05609894      48.89490891      51.08401108      52.66659164      53.75532913      54.63499832
      55.71181870      56.88628006      58.08995056      59.03380966      60.46963120      62.24807739      63.11206055      64.25940704      65.16945648      65.70066833      66.53430939      68.00788116      69.80204773      71.55979156      73.86917877      76.56539154      79.65431976      83.15326691      86.38494110      89.06983185
      91.08759308      93.23963165      94.90207672      95.76236725      97.16452026      99.23319244     100.90153671     101.96097931     102.98193924     103.91653824     104.30285080     103.86706558     101.84548080      98.77371048      94.85553894      90.03816315      85.16668350      79.74476624      73.35630798      67.52295685
      62.17857361      57.15008163      52.20392990      47.38574982      42.64812088      37.08023071      34.01766968      29.57854843      26.01409912      22.97150040      19.72093964      16.48978996      13.30200958      11.30498028      10.16005039       8.28826490       5.89078522       5.72870016       5.83715010       5.40768480
       4.59202480       5.16450500       5.25878000       5.27177477       5.29516983       5.28687477       5.30601978       5.33545494       5.29676008       5.26426983       5.24410009       5.24700022       5.22987986       5.23429012       5.23427010       5.23187017       5.19750500       5.13072014       5.17792511       5.25676489
       5.26536512       5.18367481       5.18450499       5.20348978       5.20432520       5.23516989       5.25490999       5.25321484       5.21608019       5.24176979       5.25184011       5.24571991       5.25011015       5.21680498       5.21282005       5.27502489       5.32822514       5.26692486       5.25830984       5.26913977
       5.34519005       5.35714483       5.31983519       5.33947992       5.37230015       5.30275011       5.24444485       5.18661022       5.12674999       5.08684015       5.05210495
      22.64401054      21.32788086      19.70291901      16.44754982      13.45421028      13.45219040      15.17033005      16.34618950      15.78475952      15.42239952      16.22723961      17.74461937      21.43676949      26.61973000      30.84723473      33.70819473      36.37173080      39.07180977      41.56852531      43.48571968
      43.72134018      43.35873032      42.90298080      42.87860870      43.53512192      44.68307114      45.71997070      46.41386032      47.26892090      48.52087021      49.69659042      50.86595917      51.57107925      50.90528870      50.48567963      51.11561966      52.76533890      54.33943176      55.73723984      57.11650085
      58.73315048      60.43531036      61.43553925      62.35108948      63.68900299      64.78791809      65.26200104      65.71498871      66.43374634      67.28253937      68.64920044      70.87816620      73.08831024      75.15445709      77.34156799      80.24603271      83.65373230      87.05052185      89.91078949      92.43083954
      94.39225769      96.32623291      97.53578186      98.83213043     101.12702942     103.16771317     104.10202026     104.87954712     105.65097809     106.13816833     105.86122894     104.81919479     102.43522491      99.16374512      96.05969620      91.66241913      86.44077072      80.63313293      74.01074982      67.70258331
      62.80931854      57.84915924      52.71004105      47.62844086      42.69433975      37.67961884      33.57588959      29.90711975      26.18354988      22.73978043      19.82444954      16.61841011      13.46048927      11.18136024       9.94219971       8.30336008       5.91885996       5.72890520       5.81865978       5.32325983
       4.56985998       5.17991018       5.20910978       5.25605488       5.28291512       5.29758024       5.30159521       5.31819010       5.29615021       5.29017496       5.25029993       5.24699497       5.25310516       5.24163008       5.22028494       5.22408009       5.21163988       5.18241024       5.16846991       5.22629976
       5.22157478       5.17159986       5.18637514       5.19070482       5.19334984       5.21550512       5.24222994       5.26176977       5.20947504       5.25168991       5.26214504       5.27529001       5.24788523       5.22264481       5.23406506       5.26616001       5.32882977       5.31715488       5.29700994       5.31067991
       5.31823492       5.31758022       5.32032013       5.33486509       5.34600496       5.27426481       5.24975014       5.21360016       5.15167475       5.10690022       5.09868002
      20.95960999      19.54995918      17.64267921      15.60367012      14.79208946      15.75927925      18.12459946      19.31896019      18.49876976      17.43856049      17.47970963      18.60700989      20.92539024      25.04877090      29.35747147      32.37042999      35.31782913      38.55516052      41.55966187      43.67686844
      44.59477997      44.70592117      44.61671829      44.79254913      45.39886093      46.60023117      47.93677139      48.96250153      49.98738861      51.08958817      52.26607132      53.45175934      54.05559921      53.61338043      53.00350952      53.46928024      54.85530853      56.63484192      58.31734848      60.25815201
      62.65862274      64.47791290      65.56562805      66.12246704      67.08341217      67.29342651      67.27586365      67.64853668      68.41287994      69.63571930      71.55106354      74.35864258      76.91696167      79.15048981      80.98123932      83.75891876      87.19036102      90.31700897      93.02046204      95.37435913
      97.14644623      99.00475311     100.30558777     102.39830017     104.81488800     106.29401428     107.07145905     107.44757858     107.58547409     107.18194580     106.33500473     105.07618698     102.61134903      99.33840958      96.59332123      93.33665909      87.83021820      82.14035034      75.28176880      69.23002625
      63.82721710      58.49816895      53.27027893      48.26195145      43.28739929      38.49539185      33.77656937      30.32176208      26.66078949      23.20148087      20.00283051      16.66778946      13.76217079      11.29971981      10.04932976       8.29559998       5.98253489       5.74120998       5.81809998       5.25576019
       4.57744503       5.21436977       5.22634983       5.24042988       5.26833487       5.29847479       5.27879000       5.32561493       5.31763983       5.29914522       5.26304007       5.23017502       5.22557020       5.23245478       5.22397518       5.20465517       5.22101498       5.19427490       5.17267513       5.22216988
       5.19081020       5.16796494       5.17784023       5.18203497       5.18198490       5.21395493       5.22549486       5.25863504       5.27253485       5.27453518       5.29968023       5.33998013       5.26574516       5.23035002       5.25430489       5.29151487       5.26940489       5.32686520       5.27933502       5.28192997
       5.28956985       5.31359482       5.33748007       5.34262991       5.32929516       5.27629995       5.24358511       5.20395994       5.12559509       5.12047482       5.15721989
      21.01469994      19.74995041      18.54128075      17.42441940      17.25897980      18.06069946      20.58083916      22.37924004      21.70574951      20.23827934      19.25370979      19.60975075      20.83366966      23.01921082      26.17749023      29.28036880      32.69255829      36.61481857      40.66992950      43.69451904
      45.90053177      46.55002975      46.65113068      46.82371902      47.42525864      48.41104889      49.73371887      51.08512878      52.28726959      53.61885834      55.08808136      56.19686127      56.81188965      56.51087952      55.95557022      56.05002975      57.23672867      59.07141113      61.37738037      64.21649170
      66.67433929      68.61102295      69.07118988      69.30818939      69.55954742      69.72071838      69.91811371      70.49317169      71.43656158      72.86155701      75.04579926      78.21681976      80.77141571      82.58099365      84.28343201      86.98487091      90.25849915      93.11166382      96.15355682      98.31739807
     100.07643127     101.91236877     103.34007263     105.50636292     107.79418945     108.97890152     109.62633179     109.57171661     108.73748795     107.50309372     105.72162628     103.26194000     100.98374176      99.15483856      97.05548172      94.05122040      88.85884491      82.97718811      76.61113739      70.58969879
      65.03188324      59.43669128      54.12435150      49.13071823      44.30105972      39.61162949      35.24866867      30.52598953      27.59281921      24.07674980      20.60688019      17.24258995      14.13628006      11.79214001      10.52910042       8.28059481       5.97480488       5.75509501       5.83970022       5.10736513
       4.61404991       5.26978493       5.23479986       5.23920012       5.27280998       5.29253483       5.26832008       5.27897024       5.29671478       5.26837015       5.26181507       5.24322987       5.21626997       5.20762014       5.22909498       5.22686005       5.22728491       5.19827509       5.15593481       5.18397999
       5.14666986       5.14359522       5.16042995       5.17821980       5.17943478       5.18718004       5.21053505       5.27335501       5.29449511       5.29302502       5.30763006       5.33122492       5.31979513       5.32962513       5.27677011       5.23871517       5.22291994       5.28469515       5.36658001       5.29821014
       5.29455996       5.31818485       5.35120487       5.34970999       5.32928991       5.32168484       5.26549006       5.20130491       5.14112520       5.14801979       5.19057512
      22.99238014      22.89855957      21.82832909      20.59270096      20.07958984      20.82263947      23.26889038      25.47443008      25.40126991      23.80060005      22.15694046      21.49139977      21.86190987      23.02795029      24.66840935      27.17439079      30.82759094      35.51160049      40.16526031      43.76794815
      46.98770905      48.58856201      49.13549042      49.61988831      50.06890869      50.78031158      51.76797867      53.02627182      54.34349060      55.98217010      57.62144852      58.69274139      59.46939087      59.54064178      58.94905090      58.83335876      59.67856979      61.62760925      64.74063873      68.05258942
      70.62030792      71.84664917      72.35839081      72.65058136      72.63027954      72.53002930      72.82950592      73.69383240      74.76693726      76.33470154      78.96333313      82.11087799      84.53254700      86.11663818      87.88266754      90.21101379      93.11637115      96.14257812      99.36646271     101.57041931
     103.63326263     105.44380188     106.74474335     108.27084351     110.16311646     110.91724991     111.46379364     110.90779068     109.18909470     106.52671051     103.47586060     101.30464935      99.76985931      99.01351929      97.40893326      94.65733078      89.52952667      84.26633896      78.29802704      71.97712708
      66.36515045      60.53828049      55.34659958      50.38307953      45.38864136      40.74776077      36.58414841      32.51906967      27.82258034      25.10751915      21.39839935      18.17678070      15.16510010      13.00925064      11.17883968       8.44898506       5.99529982       5.78499985       5.86649513       4.96079016
       4.55992985       5.26996994       5.22773504       5.22547483       5.23886013       5.27801514       5.27162981       5.26543999       5.26596498       5.24647522       5.25527477       5.25053978       5.24218512       5.21784019       5.23513508       5.22043514       5.22103977       5.20126486       5.16729498       5.16658497
       5.11630011       5.13704014       5.15688992       5.17760992       5.16450024       5.18406010       5.22402000       5.27083015       5.28190517       5.30788517       5.34334993       5.30752516       5.23114014       5.20302486       5.19971514       5.20917988       5.24324512       5.24273491       5.33087492       5.32601976
       5.33033991       5.33756018       5.37301016       5.35763502       5.33133507       5.32508993       5.28755522       5.23290014       5.16099024       5.12090015       5.18626022
      25.92431068      26.29468918      25.58571053      24.65299988      23.47580910      23.86029053      26.36277962      28.96545029      29.63108063      28.24828911      26.45087051      25.07752037      24.31040955      24.51943970      25.62899971      27.07386971      29.91651154      34.44400024      39.13425064      43.50148010
      47.34115982      49.93645859      51.42913055      52.39154816      53.16870117      53.95827866      54.59363174      55.26424026      56.31148911      58.13024139      59.95212173      61.24284363      62.35400391      62.71089935      62.56009674      62.35944366      62.82083893      64.48075867      67.79679108      71.12583923
      72.96507263      74.17017365      75.03717041      75.63197327      75.44885254      75.46437836      76.00431061      76.98227692      78.30034637      80.16951752      82.72702789      85.73159027      88.06762695      89.98052979      91.67189026      93.76513672      96.40872192      99.38983154     102.55930328     104.75981903
     106.77644348     108.12393951     109.22125244     110.81419373     111.65576630     111.98462021     111.88105911     110.67413498     108.68086060     105.01043701     102.00282288     100.65979004      99.98690796      99.20932770      97.46129684      95.05124573      90.52446106      85.47113373      80.33354355      74.17089081
      68.12484741      62.35420990      56.90821075      51.87878036      46.84053040      42.52722931      38.42082977      34.00893021      29.58742905      25.16787910      22.63067055      19.59836960      16.41856003      14.32308960      11.45656013       9.04722021       6.18794514       5.81874514       5.86697006       4.85184479
       4.65771008       5.24785995       5.29996490       5.20792007       5.21862984       5.25681496       5.26602507       5.24466515       5.24220991       5.24177504       5.25258493       5.25443983       5.24960518       5.21629000       5.19970989       5.20884991       5.18967485       5.18143511       5.19453001       5.17785978
       5.10773993       5.13198996       5.14408016       5.16103506       5.15281010       5.17937517       5.23114014       5.28489494       5.32180023       5.28805017       5.20686483       5.20371008       5.20772982       5.19391012       5.18472004       5.16776991       5.20104504       5.22160006       5.27712488       5.32581520
       5.35456514       5.34984016       5.35529995       5.34288979       5.33169508       5.29677486       5.30421019       5.23488522       5.15720987       5.13566017       5.17340517
      29.08926010      29.45851898      29.43526840      28.96438980      27.50148010      27.07670975      29.85306931      32.47999954      33.69654083      33.21812820      31.55335999      30.09143066      28.74663925      27.84939003      27.72381973      28.45904922      29.89286041      33.27486038      37.79114914      42.66920090
      47.32312012      50.89812851      53.17314911      54.66252899      55.80113983      56.83385086      57.58747864      58.11457825      58.93984985      60.29077911      61.81921387      63.35028076      64.76471710      65.82348633      66.29579926      66.35910797      66.48870087      67.77171326      70.46675110      73.05242157
      74.51940918      75.70178223      77.01058960      77.79808044      77.92350006      78.44207001      79.26360321      80.61504364      82.23519135      84.09676361      86.42549133      89.28795624      91.95848846      93.94146729      95.57180786      97.67125702     100.40145874     102.76149750     105.07241821     107.33167267
     109.20101166     109.90384674     110.86406708     112.46410370     112.45024109     112.25122070     111.48877335     109.86695099     106.85314178     103.68109894     101.72110748     100.92378235     100.23724365      99.31062317      97.45752335      95.33174591      91.92245636      87.00486603      81.73119659      76.57916260
      70.73497009      64.83354187      59.02698898      53.88628006      48.97269821      44.11420059      39.51319122      35.33275986      31.17927933      27.21714020      22.80795097      20.22554016      17.65455055      15.71677017      12.29356003       9.69395018       6.53495502       5.84960985       5.84331989       4.85155487
       4.58543491       5.23126984       5.30702019       5.20275497       5.20343018       5.22965002       5.25243998       5.23568010       5.25312519       5.24814510       5.22700977       5.23182011       5.22991514       5.21619987       5.17924976       5.17854977       5.18056488       5.18188000       5.19619989       5.20798016
       5.08596516       5.10283995       5.11897516       5.15460014       5.19563484       5.22502518       5.25663519       5.20800495       5.17862511       5.17623997       5.17193985       5.19147491       5.22379494       5.18869019       5.17683506       5.17459488       5.20585489       5.22242022       5.23233509       5.29811001
       5.33244991       5.33671999       5.32943010       5.32791519       5.31532001       5.26512003       5.28254509       5.21454477       5.15006495       5.16422510       5.14081001
