time,HEADWATER,TAILWATER,GAGE-1
3652.500000000,500.0000000000000,.000000000000000,.000000000000000
