  -1.33226763E-15       0.00000000  -1.33226763E-15       0.00000000       0.00000000  -1.33226763E-15  1.33226763E-15  1.33226763E-15  1.33226763E-15       0.00000000  1.33226763E-15  4.44089210E-16  -4.44089210E-16  -4.44089210E-16  4.44089210E-16  -4.44089210E-16  -4.44089210E-16  -4.44089210E-16  -4.44089210E-16  -4.44089210E-16
  4.44089210E-16       0.00000000  -1.33226763E-15  4.44089210E-16  4.44089210E-16  4.44089210E-16       0.00000000       0.00000000  4.44089210E-16       0.00000000  4.44089210E-16  -4.44089210E-16  4.44089210E-16  4.44089210E-16       0.00000000  4.44089210E-16       0.00000000       0.00000000       0.00000000  -4.44089210E-16
  -4.44089210E-16       0.00000000  -4.44089210E-16       0.00000000  -4.44089210E-16       0.00000000  4.44089210E-16  4.44089210E-16       0.00000000       0.00000000       0.00000000  4.44089210E-16  4.44089210E-16  4.44089210E-16       0.00000000  4.44089210E-16  4.44089210E-16  4.44089210E-16       0.00000000  -4.44089210E-16
  -4.44089210E-16  -4.44089210E-16  4.44089210E-16       0.00000000  4.44089210E-16  4.44089210E-16  -4.44089210E-16  4.44089210E-16       0.00000000       0.00000000       0.00000000  4.44089210E-16       0.00000000  4.44089210E-16       0.00000000  4.44089210E-16  -4.44089210E-16       0.00000000  -4.44089210E-16  -4.44089210E-16
       0.00000000       0.00000000  4.44089210E-16  4.44089210E-16       0.00000000  4.44089210E-16  4.44089210E-16  -4.44089210E-16  4.44089210E-16  -4.44089210E-16  -4.44089210E-16  -4.44089210E-16       0.00000000  4.44089210E-16  4.44089210E-16       0.00000000  -4.44089210E-16  -4.44089210E-16  4.44089210E-16  4.44089210E-16
  -4.44089210E-16  -4.44089210E-16       0.00000000  -4.44089210E-16       0.00000000  4.44089210E-16       0.00000000  -4.44089210E-16  -4.44089210E-16  -4.44089210E-16       0.00000000  4.44089210E-16  -4.44089210E-16       0.00000000  -4.44089210E-16       0.00000000  -4.44089210E-16  4.44089210E-16  -4.44089210E-16  4.44089210E-16
  4.44089210E-16  4.44089210E-16       0.00000000  -4.44089210E-16       0.00000000  4.44089210E-16  -4.44089210E-16       0.00000000  4.44089210E-16  -4.44089210E-16  4.44089210E-16  4.44089210E-16  4.44089210E-16  4.44089210E-16  4.44089210E-16       0.00000000  -4.44089210E-16       0.00000000  4.44089210E-16  -1.33226763E-15
       0.00000000  -1.33226763E-15  1.33226763E-15  4.44089210E-16       0.00000000       0.00000000  4.44089210E-16       0.00000000  -1.33226763E-15       0.00000000       0.00000000
       0.00000000       0.00000000  -1.33226763E-15  -1.33226763E-15       0.00000000       0.00000000  -1.33226763E-15       0.00000000  1.33226763E-15       0.00000000  1.33226763E-15       0.00000000  -4.44089210E-16       0.00000000       0.00000000  4.44089210E-16  4.44089210E-16  4.44089210E-16       0.00000000  -4.44089210E-16
  4.44089210E-16       0.00000000  -1.33226763E-15  4.44089210E-16  -4.44089210E-16  -4.44089210E-16  -4.44089210E-16  -4.44089210E-16  -4.44089210E-16       0.00000000  -4.44089210E-16       0.00000000       0.00000000  4.44089210E-16       0.00000000       0.00000000  4.44089210E-16  -4.44089210E-16  -4.44089210E-16  -4.44089210E-16
       0.00000000  4.44089210E-16  4.44089210E-16  -4.44089210E-16       0.00000000       0.00000000       0.00000000  -4.44089210E-16  4.44089210E-16       0.00000000  -4.44089210E-16  4.44089210E-16  -4.44089210E-16  -4.44089210E-16       0.00000000       0.00000000  -4.44089210E-16       0.00000000  4.44089210E-16       0.00000000
       0.00000000  4.44089210E-16       0.00000000  4.44089210E-16       0.00000000  4.44089210E-16  -4.44089210E-16  4.44089210E-16  4.44089210E-16  4.44089210E-16  -4.44089210E-16  4.44089210E-16  -4.44089210E-16       0.00000000  -4.44089210E-16  4.44089210E-16  -4.44089210E-16  -4.44089210E-16       0.00000000  -4.44089210E-16
       0.00000000       0.00000000       0.00000000       0.00000000  -4.44089210E-16  4.44089210E-16  4.44089210E-16  4.44089210E-16  -4.44089210E-16  4.44089210E-16       0.00000000  -4.44089210E-16       0.00000000       0.00000000  4.44089210E-16       0.00000000  4.44089210E-16  -4.44089210E-16       0.00000000       0.00000000
       0.00000000  -4.44089210E-16  -4.44089210E-16  -4.44089210E-16  -4.44089210E-16       0.00000000       0.00000000  -4.44089210E-16  -4.44089210E-16       0.00000000       0.00000000  -4.44089210E-16  -4.44089210E-16  4.44089210E-16  4.44089210E-16  -4.44089210E-16       0.00000000       0.00000000       0.00000000       0.00000000
  4.44089210E-16  -4.44089210E-16       0.00000000  -4.44089210E-16       0.00000000  -4.44089210E-16  4.44089210E-16  -4.44089210E-16  4.44089210E-16       0.00000000  -4.44089210E-16       0.00000000  4.44089210E-16       0.00000000  -4.44089210E-16  4.44089210E-16       0.00000000       0.00000000       0.00000000  4.44089210E-16
       0.00000000       0.00000000  -1.33226763E-15  -1.33226763E-15  -4.44089210E-16       0.00000000       0.00000000  -4.44089210E-16  -1.33226763E-15  -1.33226763E-15  1.33226763E-15
       0.00000000       0.00000000       0.00000000  -1.33226763E-15       0.00000000  1.33226763E-15  1.33226763E-15  1.33226763E-15  -1.33226763E-15  -1.33226763E-15  1.33226763E-15       0.00000000  -4.44089210E-16       0.00000000  4.44089210E-16  -4.44089210E-16  4.44089210E-16  4.44089210E-16  -4.44089210E-16  -4.44089210E-16
       0.00000000       0.00000000  -1.33226763E-15       0.00000000  4.44089210E-16  4.44089210E-16  -4.44089210E-16  -4.44089210E-16  4.44089210E-16  4.44089210E-16  4.44089210E-16  -4.44089210E-16  -4.44089210E-16  -4.44089210E-16  -4.44089210E-16  -4.44089210E-16  -4.44089210E-16  4.44089210E-16  -4.44089210E-16       0.00000000
  4.44089210E-16  4.44089210E-16  -4.44089210E-16       0.00000000  4.44089210E-16  -4.44089210E-16       0.00000000  4.44089210E-16       0.00000000  -4.44089210E-16  4.44089210E-16  -4.44089210E-16       0.00000000  -4.44089210E-16       0.00000000       0.00000000       0.00000000  -4.44089210E-16  4.44089210E-16  -4.44089210E-16
       0.00000000  -4.44089210E-16  4.44089210E-16       0.00000000  4.44089210E-16  4.44089210E-16  -4.44089210E-16  4.44089210E-16  4.44089210E-16  4.44089210E-16       0.00000000  4.44089210E-16  -4.44089210E-16  4.44089210E-16  4.44089210E-16  -4.44089210E-16  4.44089210E-16  4.44089210E-16  -4.44089210E-16  4.44089210E-16
       0.00000000       0.00000000  4.44089210E-16       0.00000000  4.44089210E-16  4.44089210E-16       0.00000000       0.00000000       0.00000000       0.00000000  4.44089210E-16       0.00000000       0.00000000  -4.44089210E-16  4.44089210E-16       0.00000000       0.00000000  4.44089210E-16       0.00000000       0.00000000
       0.00000000  4.44089210E-16       0.00000000  -4.44089210E-16       0.00000000  -4.44089210E-16       0.00000000  4.44089210E-16  4.44089210E-16  4.44089210E-16  -4.44089210E-16  -4.44089210E-16  -4.44089210E-16  4.44089210E-16       0.00000000  -4.44089210E-16       0.00000000  -4.44089210E-16  -4.44089210E-16       0.00000000
  4.44089210E-16  -4.44089210E-16       0.00000000  -4.44089210E-16  4.44089210E-16  -4.44089210E-16       0.00000000       0.00000000       0.00000000  4.44089210E-16  -4.44089210E-16  -1.33226763E-15  1.33226763E-15  4.44089210E-16       0.00000000  -4.44089210E-16       0.00000000  -4.44089210E-16  -4.44089210E-16  -4.44089210E-16
  4.44089210E-16  -4.44089210E-16       0.00000000  1.33226763E-15       0.00000000  4.44089210E-16  4.44089210E-16  4.44089210E-16  -1.33226763E-15       0.00000000  -1.33226763E-15
       0.00000000       0.00000000       0.00000000  1.33226763E-15  -1.33226763E-15  -1.33226763E-15  -1.33226763E-15  1.33226763E-15  1.33226763E-15  -1.33226763E-15  1.33226763E-15       0.00000000  -4.44089210E-16       0.00000000       0.00000000  4.44089210E-16  4.44089210E-16  -4.44089210E-16       0.00000000  -4.44089210E-16
       0.00000000  -4.44089210E-16  -1.33226763E-15  1.33226763E-15  -4.44089210E-16  4.44089210E-16  4.44089210E-16  -4.44089210E-16  4.44089210E-16  -4.44089210E-16  -4.44089210E-16  -4.44089210E-16       0.00000000  -4.44089210E-16  -4.44089210E-16  4.44089210E-16  -4.44089210E-16  4.44089210E-16       0.00000000  -4.44089210E-16
  -4.44089210E-16       0.00000000  -4.44089210E-16  4.44089210E-16       0.00000000       0.00000000       0.00000000  -4.44089210E-16       0.00000000       0.00000000  4.44089210E-16  -4.44089210E-16  -4.44089210E-16       0.00000000  -4.44089210E-16       0.00000000  -4.44089210E-16  4.44089210E-16       0.00000000       0.00000000
  -4.44089210E-16  -4.44089210E-16  -4.44089210E-16  4.44089210E-16       0.00000000  -4.44089210E-16  -4.44089210E-16       0.00000000  -4.44089210E-16  -4.44089210E-16  -4.44089210E-16  4.44089210E-16  -4.44089210E-16  -4.44089210E-16  4.44089210E-16  -4.44089210E-16       0.00000000       0.00000000       0.00000000  -4.44089210E-16
  -4.44089210E-16  -4.44089210E-16       0.00000000       0.00000000       0.00000000       0.00000000  -4.44089210E-16       0.00000000  -4.44089210E-16  4.44089210E-16  4.44089210E-16  4.44089210E-16  -4.44089210E-16       0.00000000  4.44089210E-16  4.44089210E-16  -4.44089210E-16  -4.44089210E-16  4.44089210E-16       0.00000000
  -4.44089210E-16       0.00000000  -4.44089210E-16  4.44089210E-16       0.00000000  4.44089210E-16  4.44089210E-16       0.00000000  -4.44089210E-16       0.00000000  4.44089210E-16  -4.44089210E-16  -4.44089210E-16  4.44089210E-16  4.44089210E-16       0.00000000  -4.44089210E-16       0.00000000  -4.44089210E-16  -4.44089210E-16
       0.00000000       0.00000000  -4.44089210E-16  -4.44089210E-16  -4.44089210E-16  -4.44089210E-16  4.44089210E-16  -4.44089210E-16  -4.44089210E-16       0.00000000       0.00000000  4.44089210E-16       0.00000000       0.00000000       0.00000000       0.00000000  1.33226763E-15  1.33226763E-15  -4.44089210E-16  -4.44089210E-16
  4.44089210E-16  4.44089210E-16  1.33226763E-15  1.33226763E-15  1.33226763E-15       0.00000000  -4.44089210E-16       0.00000000       0.00000000  1.33226763E-15       0.00000000
  -1.33226763E-15  -1.33226763E-15  -1.33226763E-15  1.33226763E-15       0.00000000  -1.33226763E-15  -1.33226763E-15  1.33226763E-15       0.00000000  1.33226763E-15       0.00000000  -1.33226763E-15  -1.33226763E-15  -4.44089210E-16  -4.44089210E-16  -4.44089210E-16  4.44089210E-16  -4.44089210E-16  4.44089210E-16  4.44089210E-16
  4.44089210E-16  4.44089210E-16  4.44089210E-16       0.00000000  1.33226763E-15  4.44089210E-16  -4.44089210E-16       0.00000000       0.00000000  -4.44089210E-16  -4.44089210E-16  4.44089210E-16  -4.44089210E-16       0.00000000  -4.44089210E-16  -4.44089210E-16  -4.44089210E-16  -4.44089210E-16       0.00000000  4.44089210E-16
  -4.44089210E-16       0.00000000       0.00000000  -4.44089210E-16  -4.44089210E-16  4.44089210E-16  -4.44089210E-16  4.44089210E-16  -4.44089210E-16       0.00000000       0.00000000  4.44089210E-16  -4.44089210E-16  -4.44089210E-16       0.00000000  4.44089210E-16  -4.44089210E-16       0.00000000       0.00000000       0.00000000
  -4.44089210E-16  4.44089210E-16       0.00000000  4.44089210E-16  -4.44089210E-16  -4.44089210E-16  4.44089210E-16  4.44089210E-16  4.44089210E-16  -4.44089210E-16  4.44089210E-16  4.44089210E-16  4.44089210E-16  -4.44089210E-16  -4.44089210E-16       0.00000000  -4.44089210E-16       0.00000000       0.00000000       0.00000000
       0.00000000       0.00000000  -4.44089210E-16  -4.44089210E-16       0.00000000  -4.44089210E-16  -4.44089210E-16  -4.44089210E-16  -4.44089210E-16       0.00000000       0.00000000       0.00000000       0.00000000       0.00000000       0.00000000       0.00000000  -4.44089210E-16       0.00000000  -4.44089210E-16       0.00000000
  -4.44089210E-16       0.00000000       0.00000000  4.44089210E-16       0.00000000       0.00000000       0.00000000       0.00000000       0.00000000  -4.44089210E-16  -4.44089210E-16  -4.44089210E-16  4.44089210E-16       0.00000000       0.00000000  4.44089210E-16       0.00000000  -4.44089210E-16  -4.44089210E-16  -4.44089210E-16
  -4.44089210E-16  4.44089210E-16  -4.44089210E-16       0.00000000  4.44089210E-16  -4.44089210E-16  4.44089210E-16       0.00000000  -4.44089210E-16  4.44089210E-16  4.44089210E-16  -4.44089210E-16  -4.44089210E-16  -1.33226763E-15  -4.44089210E-16       0.00000000  -1.33226763E-15  -1.33226763E-15  4.44089210E-16       0.00000000
       0.00000000  -4.44089210E-16  -4.44089210E-16  1.33226763E-15       0.00000000  1.33226763E-15       0.00000000  -4.44089210E-16       0.00000000       0.00000000       0.00000000
  -1.33226763E-15  -1.33226763E-15  1.33226763E-15       0.00000000  1.33226763E-15       0.00000000  -1.33226763E-15  1.33226763E-15  1.33226763E-15  -1.33226763E-15  -1.33226763E-15  -1.33226763E-15  -1.33226763E-15       0.00000000  4.44089210E-16       0.00000000  4.44089210E-16  4.44089210E-16  -4.44089210E-16  4.44089210E-16
       0.00000000  -4.44089210E-16  -4.44089210E-16  -4.44089210E-16  -1.33226763E-15       0.00000000  4.44089210E-16       0.00000000  -4.44089210E-16       0.00000000  4.44089210E-16       0.00000000  -4.44089210E-16       0.00000000  4.44089210E-16       0.00000000  4.44089210E-16  -4.44089210E-16  -4.44089210E-16       0.00000000
  4.44089210E-16  -4.44089210E-16       0.00000000  -4.44089210E-16  4.44089210E-16  4.44089210E-16  4.44089210E-16  -4.44089210E-16       0.00000000       0.00000000       0.00000000       0.00000000  4.44089210E-16       0.00000000  -4.44089210E-16       0.00000000       0.00000000  4.44089210E-16  -4.44089210E-16  -4.44089210E-16
  4.44089210E-16  4.44089210E-16       0.00000000  -4.44089210E-16  4.44089210E-16  -4.44089210E-16       0.00000000  4.44089210E-16  -4.44089210E-16       0.00000000  4.44089210E-16  -4.44089210E-16  4.44089210E-16       0.00000000  -4.44089210E-16       0.00000000  4.44089210E-16       0.00000000  -4.44089210E-16       0.00000000
  -4.44089210E-16       0.00000000  4.44089210E-16  4.44089210E-16  -4.44089210E-16  -4.44089210E-16       0.00000000  4.44089210E-16       0.00000000  4.44089210E-16  -4.44089210E-16       0.00000000  -4.44089210E-16  4.44089210E-16       0.00000000       0.00000000  -4.44089210E-16  -4.44089210E-16       0.00000000  4.44089210E-16
  4.44089210E-16  4.44089210E-16       0.00000000       0.00000000       0.00000000  4.44089210E-16  -4.44089210E-16  -4.44089210E-16  -4.44089210E-16  -4.44089210E-16  -4.44089210E-16  -4.44089210E-16  -4.44089210E-16  -4.44089210E-16       0.00000000  4.44089210E-16  4.44089210E-16  -4.44089210E-16  4.44089210E-16  -4.44089210E-16
  4.44089210E-16       0.00000000  4.44089210E-16  -4.44089210E-16  4.44089210E-16  4.44089210E-16       0.00000000  -4.44089210E-16  -4.44089210E-16       0.00000000  -4.44089210E-16  -4.44089210E-16  4.44089210E-16  1.33226763E-15  4.44089210E-16  -4.44089210E-16  1.33226763E-15  -1.33226763E-15       0.00000000  4.44089210E-16
       0.00000000  -4.44089210E-16  -4.44089210E-16  1.33226763E-15       0.00000000       0.00000000       0.00000000  -1.33226763E-15  -4.44089210E-16       0.00000000  -4.44089210E-16
  -1.33226763E-15  1.33226763E-15  1.33226763E-15  -1.33226763E-15  -1.33226763E-15  1.33226763E-15  1.33226763E-15  -1.33226763E-15       0.00000000       0.00000000  -1.33226763E-15       0.00000000  -1.33226763E-15  4.44089210E-16       0.00000000  -4.44089210E-16  4.44089210E-16       0.00000000       0.00000000       0.00000000
  -4.44089210E-16       0.00000000  4.44089210E-16  4.44089210E-16  -1.33226763E-15  -1.33226763E-15  4.44089210E-16  4.44089210E-16       0.00000000  4.44089210E-16  4.44089210E-16  4.44089210E-16       0.00000000       0.00000000  4.44089210E-16  -4.44089210E-16  -4.44089210E-16  4.44089210E-16  4.44089210E-16       0.00000000
  -4.44089210E-16  -4.44089210E-16       0.00000000       0.00000000  -4.44089210E-16  4.44089210E-16  4.44089210E-16  4.44089210E-16       0.00000000       0.00000000  4.44089210E-16  -4.44089210E-16  4.44089210E-16  -4.44089210E-16       0.00000000  4.44089210E-16  -4.44089210E-16       0.00000000       0.00000000  -4.44089210E-16
  -4.44089210E-16       0.00000000  -4.44089210E-16  4.44089210E-16       0.00000000       0.00000000  4.44089210E-16  -4.44089210E-16  -4.44089210E-16       0.00000000       0.00000000  -4.44089210E-16       0.00000000  4.44089210E-16  -4.44089210E-16       0.00000000  4.44089210E-16  -4.44089210E-16  -4.44089210E-16  4.44089210E-16
  4.44089210E-16  4.44089210E-16  4.44089210E-16  4.44089210E-16  4.44089210E-16  -4.44089210E-16       0.00000000  4.44089210E-16       0.00000000       0.00000000  -4.44089210E-16       0.00000000  4.44089210E-16       0.00000000       0.00000000  -4.44089210E-16  -4.44089210E-16  4.44089210E-16       0.00000000       0.00000000
  4.44089210E-16  -4.44089210E-16       0.00000000  4.44089210E-16  4.44089210E-16       0.00000000  4.44089210E-16  4.44089210E-16  4.44089210E-16  -4.44089210E-16  -4.44089210E-16  -4.44089210E-16  -4.44089210E-16  -4.44089210E-16  4.44089210E-16  -4.44089210E-16  4.44089210E-16       0.00000000  4.44089210E-16  4.44089210E-16
  4.44089210E-16       0.00000000  -4.44089210E-16       0.00000000  4.44089210E-16  -4.44089210E-16  4.44089210E-16       0.00000000  -4.44089210E-16  -4.44089210E-16       0.00000000       0.00000000       0.00000000       0.00000000  -4.44089210E-16  4.44089210E-16  -1.33226763E-15  -1.33226763E-15  -1.33226763E-15       0.00000000
       0.00000000  4.44089210E-16       0.00000000  -1.33226763E-15  -1.33226763E-15  1.33226763E-15  -4.44089210E-16  4.44089210E-16  -4.44089210E-16  -1.33226763E-15  -1.33226763E-15
  -1.33226763E-15  -1.33226763E-15       0.00000000  -1.33226763E-15  -1.33226763E-15  -1.33226763E-15  1.33226763E-15       0.00000000       0.00000000  -1.33226763E-15       0.00000000  1.33226763E-15  -1.33226763E-15  1.33226763E-15  4.44089210E-16  -4.44089210E-16  4.44089210E-16       0.00000000  4.44089210E-16       0.00000000
       0.00000000  4.44089210E-16       0.00000000  4.44089210E-16       0.00000000  1.33226763E-15  1.33226763E-15       0.00000000  4.44089210E-16       0.00000000  -4.44089210E-16  4.44089210E-16  4.44089210E-16  -4.44089210E-16  4.44089210E-16  -4.44089210E-16       0.00000000       0.00000000  4.44089210E-16  -4.44089210E-16
  4.44089210E-16  4.44089210E-16  4.44089210E-16  4.44089210E-16       0.00000000  -4.44089210E-16       0.00000000  4.44089210E-16  -4.44089210E-16       0.00000000       0.00000000       0.00000000  -4.44089210E-16  -4.44089210E-16       0.00000000  4.44089210E-16  4.44089210E-16  4.44089210E-16       0.00000000  4.44089210E-16
  4.44089210E-16       0.00000000  4.44089210E-16  4.44089210E-16       0.00000000  -4.44089210E-16  4.44089210E-16       0.00000000       0.00000000  4.44089210E-16       0.00000000  4.44089210E-16       0.00000000  4.44089210E-16  4.44089210E-16       0.00000000  4.44089210E-16  4.44089210E-16  -4.44089210E-16  4.44089210E-16
  4.44089210E-16  -4.44089210E-16       0.00000000  -4.44089210E-16  4.44089210E-16  4.44089210E-16  4.44089210E-16       0.00000000       0.00000000  -4.44089210E-16       0.00000000  4.44089210E-16  -4.44089210E-16  -4.44089210E-16       0.00000000  4.44089210E-16  4.44089210E-16       0.00000000  4.44089210E-16       0.00000000
       0.00000000  -4.44089210E-16  4.44089210E-16  4.44089210E-16  4.44089210E-16  -4.44089210E-16       0.00000000  -4.44089210E-16  -4.44089210E-16  4.44089210E-16  -4.44089210E-16  4.44089210E-16  4.44089210E-16  -4.44089210E-16       0.00000000       0.00000000       0.00000000       0.00000000       0.00000000       0.00000000
  -4.44089210E-16       0.00000000  -4.44089210E-16  -4.44089210E-16  4.44089210E-16       0.00000000  -4.44089210E-16  4.44089210E-16  -4.44089210E-16  -4.44089210E-16  -4.44089210E-16  -4.44089210E-16  4.44089210E-16       0.00000000  4.44089210E-16       0.00000000  1.33226763E-15       0.00000000       0.00000000  4.44089210E-16
  4.44089210E-16  4.44089210E-16  -1.33226763E-15       0.00000000       0.00000000  -4.44089210E-16  1.33226763E-15  1.33226763E-15       0.00000000  -1.33226763E-15  -1.33226763E-15
       0.00000000       0.00000000       0.00000000  1.33226763E-15  1.33226763E-15  1.33226763E-15  1.33226763E-15       0.00000000  -1.33226763E-15  -1.33226763E-15  1.33226763E-15  1.33226763E-15  -1.33226763E-15       0.00000000       0.00000000  -4.44089210E-16       0.00000000  4.44089210E-16       0.00000000       0.00000000
       0.00000000       0.00000000  4.44089210E-16       0.00000000       0.00000000  4.44089210E-16  -1.33226763E-15  -1.33226763E-15       0.00000000       0.00000000       0.00000000  -4.44089210E-16       0.00000000       0.00000000  4.44089210E-16  -4.44089210E-16       0.00000000  -4.44089210E-16  4.44089210E-16       0.00000000
  4.44089210E-16  4.44089210E-16       0.00000000  -4.44089210E-16       0.00000000  -4.44089210E-16  -4.44089210E-16       0.00000000  4.44089210E-16  -4.44089210E-16  -4.44089210E-16       0.00000000       0.00000000  4.44089210E-16  4.44089210E-16  4.44089210E-16  -4.44089210E-16  -4.44089210E-16       0.00000000  -4.44089210E-16
  -4.44089210E-16  -4.44089210E-16  -4.44089210E-16  -4.44089210E-16  -4.44089210E-16  -4.44089210E-16  -4.44089210E-16  4.44089210E-16       0.00000000  -4.44089210E-16  4.44089210E-16       0.00000000  4.44089210E-16  4.44089210E-16  4.44089210E-16  4.44089210E-16  4.44089210E-16       0.00000000  -4.44089210E-16  4.44089210E-16
  -4.44089210E-16       0.00000000  -4.44089210E-16  4.44089210E-16       0.00000000  4.44089210E-16  -4.44089210E-16       0.00000000  -4.44089210E-16       0.00000000  4.44089210E-16  4.44089210E-16  -4.44089210E-16  -4.44089210E-16       0.00000000       0.00000000       0.00000000  -4.44089210E-16  4.44089210E-16  -4.44089210E-16
       0.00000000       0.00000000       0.00000000       0.00000000       0.00000000  -4.44089210E-16       0.00000000  -4.44089210E-16  -4.44089210E-16       0.00000000       0.00000000  -4.44089210E-16  4.44089210E-16  -4.44089210E-16  4.44089210E-16  4.44089210E-16       0.00000000  -4.44089210E-16  4.44089210E-16  4.44089210E-16
  -4.44089210E-16  -4.44089210E-16       0.00000000       0.00000000  4.44089210E-16  -4.44089210E-16       0.00000000  4.44089210E-16  4.44089210E-16  -4.44089210E-16  4.44089210E-16  4.44089210E-16  4.44089210E-16  -4.44089210E-16  -4.44089210E-16  -4.44089210E-16  -4.44089210E-16  -1.33226763E-15       0.00000000       0.00000000
  1.33226763E-15  4.44089210E-16  -4.44089210E-16  4.44089210E-16       0.00000000       0.00000000  -1.33226763E-15       0.00000000  -1.33226763E-15  -1.33226763E-15  1.33226763E-15
  -1.33226763E-15  1.33226763E-15  -1.33226763E-15  1.33226763E-15  4.44089210E-16       0.00000000       0.00000000  -1.33226763E-15  -1.33226763E-15  -1.33226763E-15  1.33226763E-15       0.00000000       0.00000000       0.00000000       0.00000000       0.00000000  -4.44089210E-16  -4.44089210E-16  4.44089210E-16       0.00000000
  4.44089210E-16       0.00000000       0.00000000       0.00000000       0.00000000       0.00000000  -1.33226763E-15       0.00000000  -4.44089210E-16       0.00000000  -4.44089210E-16  -4.44089210E-16  4.44089210E-16  -4.44089210E-16       0.00000000  -4.44089210E-16  4.44089210E-16  4.44089210E-16  -4.44089210E-16  -4.44089210E-16
  4.44089210E-16       0.00000000       0.00000000  4.44089210E-16  4.44089210E-16  4.44089210E-16  -4.44089210E-16       0.00000000  4.44089210E-16  -4.44089210E-16       0.00000000  4.44089210E-16  4.44089210E-16  -4.44089210E-16  4.44089210E-16       0.00000000  4.44089210E-16       0.00000000  4.44089210E-16  4.44089210E-16
  -4.44089210E-16  -4.44089210E-16  -4.44089210E-16  -4.44089210E-16       0.00000000       0.00000000  -4.44089210E-16  4.44089210E-16  -4.44089210E-16  -4.44089210E-16  -4.44089210E-16  4.44089210E-16  -4.44089210E-16  4.44089210E-16  4.44089210E-16  4.44089210E-16       0.00000000       0.00000000  -4.44089210E-16  4.44089210E-16
       0.00000000  -4.44089210E-16       0.00000000  4.44089210E-16       0.00000000  -4.44089210E-16  -4.44089210E-16       0.00000000  4.44089210E-16       0.00000000  -4.44089210E-16  4.44089210E-16  -4.44089210E-16       0.00000000  -4.44089210E-16       0.00000000  -4.44089210E-16       0.00000000  4.44089210E-16  4.44089210E-16
       0.00000000  -4.44089210E-16  4.44089210E-16  -4.44089210E-16  -4.44089210E-16       0.00000000       0.00000000  -4.44089210E-16  4.44089210E-16       0.00000000  -4.44089210E-16       0.00000000  -4.44089210E-16  4.44089210E-16  -4.44089210E-16       0.00000000  -2.66453526E-15  4.44089210E-16  -4.44089210E-16  -4.44089210E-16
  4.44089210E-16       0.00000000  -4.44089210E-16       0.00000000  4.44089210E-16  4.44089210E-16       0.00000000  -4.44089210E-16  -4.44089210E-16  -4.44089210E-16  -4.44089210E-16  4.44089210E-16       0.00000000  -4.44089210E-16  -4.44089210E-16  4.44089210E-16       0.00000000       0.00000000  -1.33226763E-15  4.44089210E-16
  4.44089210E-16       0.00000000  -4.44089210E-16       0.00000000  1.33226763E-15       0.00000000  -1.33226763E-15  -1.33226763E-15  1.33226763E-15  1.33226763E-15       0.00000000
  -1.33226763E-15  -1.33226763E-15  -1.33226763E-15  1.33226763E-15  -1.33226763E-15  1.33226763E-15  -1.33226763E-15  1.33226763E-15  -1.33226763E-15       0.00000000  1.33226763E-15  -1.33226763E-15       0.00000000       0.00000000       0.00000000       0.00000000  -1.33226763E-15       0.00000000       0.00000000       0.00000000
  -4.44089210E-16       0.00000000  4.44089210E-16       0.00000000  4.44089210E-16  4.44089210E-16       0.00000000  -1.33226763E-15  1.33226763E-15  4.44089210E-16  4.44089210E-16  -4.44089210E-16  4.44089210E-16  4.44089210E-16  4.44089210E-16  4.44089210E-16  -4.44089210E-16       0.00000000  -4.44089210E-16  -4.44089210E-16
       0.00000000  -4.44089210E-16  -4.44089210E-16  -4.44089210E-16  4.44089210E-16       0.00000000  4.44089210E-16  -4.44089210E-16  -4.44089210E-16  4.44089210E-16  -4.44089210E-16  -4.44089210E-16  4.44089210E-16  4.44089210E-16  -4.44089210E-16  4.44089210E-16  4.44089210E-16  -4.44089210E-16       0.00000000       0.00000000
       0.00000000  4.44089210E-16       0.00000000  -4.44089210E-16  4.44089210E-16       0.00000000  4.44089210E-16  -4.44089210E-16  4.44089210E-16  -4.44089210E-16  -4.44089210E-16       0.00000000       0.00000000  4.44089210E-16  -4.44089210E-16  -4.44089210E-16  4.44089210E-16  4.44089210E-16  4.44089210E-16  4.44089210E-16
  -4.44089210E-16  4.44089210E-16       0.00000000  4.44089210E-16  -4.44089210E-16  -4.44089210E-16  4.44089210E-16       0.00000000  4.44089210E-16  4.44089210E-16  4.44089210E-16  4.44089210E-16  4.44089210E-16  -4.44089210E-16  -4.44089210E-16       0.00000000  4.44089210E-16  4.44089210E-16       0.00000000       0.00000000
  -4.44089210E-16  4.44089210E-16       0.00000000       0.00000000       0.00000000       0.00000000  -4.44089210E-16  4.44089210E-16  -4.44089210E-16  4.44089210E-16  -4.44089210E-16  -4.44089210E-16  -4.44089210E-16  4.44089210E-16  4.44089210E-16  2.66453526E-15  -2.66453526E-15  4.44089210E-16  4.44089210E-16       0.00000000
  4.44089210E-16  1.33226763E-15  -4.44089210E-16  4.44089210E-16  4.44089210E-16  -4.44089210E-16       0.00000000       0.00000000       0.00000000  4.44089210E-16  -4.44089210E-16  -4.44089210E-16       0.00000000  -4.44089210E-16  -4.44089210E-16       0.00000000  -1.33226763E-15       0.00000000  4.44089210E-16  -4.44089210E-16
       0.00000000  4.44089210E-16  -1.33226763E-15  -1.33226763E-15  1.33226763E-15       0.00000000       0.00000000  1.33226763E-15  1.33226763E-15  1.33226763E-15  1.33226763E-15
  1.33226763E-15       0.00000000       0.00000000  -1.33226763E-15  -1.33226763E-15       0.00000000  1.33226763E-15  1.33226763E-15  -1.33226763E-15       0.00000000  1.33226763E-15  -1.33226763E-15       0.00000000  1.33226763E-15       0.00000000  -1.33226763E-15  -1.33226763E-15       0.00000000  -1.33226763E-15  4.44089210E-16
       0.00000000       0.00000000       0.00000000       0.00000000       0.00000000       0.00000000  -4.44089210E-16  1.33226763E-15  -1.33226763E-15  -4.44089210E-16       0.00000000  4.44089210E-16  4.44089210E-16       0.00000000  4.44089210E-16  4.44089210E-16  4.44089210E-16       0.00000000  4.44089210E-16       0.00000000
  -4.44089210E-16       0.00000000  -4.44089210E-16  -4.44089210E-16  4.44089210E-16  -4.44089210E-16  -4.44089210E-16  -4.44089210E-16  -4.44089210E-16  -4.44089210E-16  -4.44089210E-16  -4.44089210E-16  -4.44089210E-16  4.44089210E-16  -4.44089210E-16  -4.44089210E-16  4.44089210E-16  4.44089210E-16       0.00000000  -4.44089210E-16
       0.00000000  4.44089210E-16       0.00000000  -4.44089210E-16       0.00000000       0.00000000  -4.44089210E-16  -4.44089210E-16       0.00000000       0.00000000       0.00000000       0.00000000  -4.44089210E-16  4.44089210E-16  4.44089210E-16  4.44089210E-16  4.44089210E-16  -4.44089210E-16       0.00000000  4.44089210E-16
  4.44089210E-16  4.44089210E-16  4.44089210E-16       0.00000000  4.44089210E-16  4.44089210E-16  4.44089210E-16  4.44089210E-16  -4.44089210E-16       0.00000000       0.00000000       0.00000000  4.44089210E-16       0.00000000       0.00000000  -4.44089210E-16  4.44089210E-16       0.00000000  4.44089210E-16  4.44089210E-16
  -4.44089210E-16  -4.44089210E-16  4.44089210E-16  -4.44089210E-16  4.44089210E-16       0.00000000       0.00000000  4.44089210E-16  -4.44089210E-16  -4.44089210E-16       0.00000000  -4.44089210E-16  -4.44089210E-16  -4.44089210E-16  -4.44089210E-16  4.44089210E-16  -4.44089210E-16       0.00000000  4.44089210E-16  -4.44089210E-16
  4.44089210E-16  -4.44089210E-16       0.00000000       0.00000000  1.33226763E-15  -1.33226763E-15  1.33226763E-15       0.00000000  1.33226763E-15  -1.33226763E-15  1.33226763E-15  -4.44089210E-16  -4.44089210E-16  -4.44089210E-16  -4.44089210E-16  4.44089210E-16  4.44089210E-16       0.00000000       0.00000000       0.00000000
  -1.33226763E-15  -1.33226763E-15  1.33226763E-15       0.00000000  -1.33226763E-15  -1.33226763E-15       0.00000000  1.33226763E-15  1.33226763E-15  -1.33226763E-15       0.00000000
  -1.33226763E-15  1.33226763E-15  -1.33226763E-15       0.00000000  4.44089210E-16  4.44089210E-16  1.33226763E-15  -1.33226763E-15  1.33226763E-15       0.00000000  -1.33226763E-15  1.33226763E-15  1.33226763E-15  -1.33226763E-15  1.33226763E-15  1.33226763E-15  1.33226763E-15       0.00000000  -1.33226763E-15  4.44089210E-16
  -4.44089210E-16  1.33226763E-15       0.00000000       0.00000000  -4.44089210E-16  -4.44089210E-16  4.44089210E-16  -4.44089210E-16  1.33226763E-15  -1.33226763E-15  4.44089210E-16       0.00000000  -4.44089210E-16  -4.44089210E-16       0.00000000  -4.44089210E-16  4.44089210E-16  4.44089210E-16       0.00000000  -4.44089210E-16
  4.44089210E-16  -4.44089210E-16  -4.44089210E-16  4.44089210E-16  -4.44089210E-16  -4.44089210E-16  -4.44089210E-16  4.44089210E-16       0.00000000  -4.44089210E-16  -4.44089210E-16       0.00000000  -4.44089210E-16       0.00000000  4.44089210E-16       0.00000000       0.00000000  4.44089210E-16  4.44089210E-16  -4.44089210E-16
  -4.44089210E-16       0.00000000  4.44089210E-16  4.44089210E-16  -4.44089210E-16  4.44089210E-16  4.44089210E-16  -4.44089210E-16       0.00000000  4.44089210E-16       0.00000000  -4.44089210E-16  4.44089210E-16  4.44089210E-16  4.44089210E-16       0.00000000  -4.44089210E-16  4.44089210E-16  -4.44089210E-16       0.00000000
  -4.44089210E-16  -4.44089210E-16       0.00000000  -4.44089210E-16       0.00000000  4.44089210E-16  -4.44089210E-16       0.00000000  -4.44089210E-16  -4.44089210E-16  4.44089210E-16       0.00000000  4.44089210E-16  -4.44089210E-16       0.00000000       0.00000000  -4.44089210E-16  4.44089210E-16  -4.44089210E-16       0.00000000
  4.44089210E-16  4.44089210E-16  -4.44089210E-16       0.00000000  -4.44089210E-16  4.44089210E-16  -4.44089210E-16  4.44089210E-16       0.00000000       0.00000000  -4.44089210E-16  -4.44089210E-16  -4.44089210E-16       0.00000000  4.44089210E-16  4.44089210E-16       0.00000000  -4.44089210E-16       0.00000000  4.44089210E-16
  -4.44089210E-16       0.00000000       0.00000000  4.44089210E-16  1.33226763E-15  -1.33226763E-15  1.33226763E-15  1.33226763E-15       0.00000000  1.33226763E-15  1.33226763E-15  1.33226763E-15  -1.33226763E-15  -1.33226763E-15       0.00000000  4.44089210E-16  -1.33226763E-15  4.44089210E-16  -1.33226763E-15       0.00000000
  -1.33226763E-15       0.00000000  1.33226763E-15       0.00000000  1.33226763E-15       0.00000000  -1.33226763E-15  -1.33226763E-15  1.33226763E-15       0.00000000  -1.33226763E-15
  1.33226763E-15  -1.33226763E-15  -1.33226763E-15  -1.33226763E-15  4.44089210E-16  4.44089210E-16  -1.33226763E-15  1.33226763E-15  -1.33226763E-15       0.00000000  -1.33226763E-15  1.33226763E-15       0.00000000  -1.33226763E-15       0.00000000  1.33226763E-15  -1.33226763E-15  1.33226763E-15  1.33226763E-15  -1.33226763E-15
  -1.33226763E-15  -1.33226763E-15  1.33226763E-15  1.33226763E-15  -1.33226763E-15  -4.44089210E-16       0.00000000  4.44089210E-16  1.33226763E-15  -1.33226763E-15  4.44089210E-16       0.00000000  4.44089210E-16       0.00000000  4.44089210E-16  4.44089210E-16       0.00000000  4.44089210E-16       0.00000000  -4.44089210E-16
       0.00000000  4.44089210E-16       0.00000000  4.44089210E-16  -4.44089210E-16  4.44089210E-16  -4.44089210E-16  -4.44089210E-16       0.00000000  -4.44089210E-16       0.00000000  -4.44089210E-16  -4.44089210E-16  4.44089210E-16       0.00000000  4.44089210E-16  -4.44089210E-16  4.44089210E-16       0.00000000       0.00000000
       0.00000000  -4.44089210E-16  -4.44089210E-16       0.00000000  -4.44089210E-16       0.00000000       0.00000000       0.00000000  -4.44089210E-16  4.44089210E-16  4.44089210E-16       0.00000000       0.00000000  -4.44089210E-16  -4.44089210E-16  4.44089210E-16  4.44089210E-16  -4.44089210E-16       0.00000000  -4.44089210E-16
  4.44089210E-16       0.00000000       0.00000000  4.44089210E-16  4.44089210E-16  -4.44089210E-16       0.00000000  4.44089210E-16  -4.44089210E-16  4.44089210E-16  4.44089210E-16  -4.44089210E-16  -4.44089210E-16  -4.44089210E-16  -4.44089210E-16  -4.44089210E-16       0.00000000  -4.44089210E-16  -4.44089210E-16  -4.44089210E-16
  -4.44089210E-16  4.44089210E-16       0.00000000       0.00000000  4.44089210E-16       0.00000000  4.44089210E-16       0.00000000  4.44089210E-16  -4.44089210E-16       0.00000000  4.44089210E-16  -4.44089210E-16  -2.66453526E-15  -4.44089210E-16       0.00000000  -4.44089210E-16  -4.44089210E-16       0.00000000  4.44089210E-16
  4.44089210E-16  -4.44089210E-16  -4.44089210E-16  -4.44089210E-16       0.00000000       0.00000000  4.44089210E-16       0.00000000  4.44089210E-16  1.33226763E-15  1.33226763E-15       0.00000000  4.44089210E-16  -4.44089210E-16  -4.44089210E-16  -1.33226763E-15       0.00000000  1.33226763E-15  1.33226763E-15  1.33226763E-15
  1.33226763E-15  1.33226763E-15  1.33226763E-15  -1.33226763E-15  -1.33226763E-15  -1.33226763E-15       0.00000000  -1.33226763E-15  -1.33226763E-15       0.00000000  -1.33226763E-15
  -1.33226763E-15       0.00000000       0.00000000       0.00000000  -4.44089210E-16  4.44089210E-16       0.00000000       0.00000000       0.00000000  -1.33226763E-15       0.00000000       0.00000000  1.33226763E-15  -1.33226763E-15       0.00000000  -1.33226763E-15  4.44089210E-16  1.33226763E-15  -1.33226763E-15       0.00000000
  1.33226763E-15       0.00000000  1.33226763E-15       0.00000000  1.33226763E-15  -1.33226763E-15  -4.44089210E-16       0.00000000       0.00000000       0.00000000  1.33226763E-15       0.00000000  4.44089210E-16  4.44089210E-16  4.44089210E-16       0.00000000  4.44089210E-16  4.44089210E-16  -4.44089210E-16  -4.44089210E-16
       0.00000000  4.44089210E-16  4.44089210E-16  4.44089210E-16       0.00000000       0.00000000  -4.44089210E-16  -4.44089210E-16  4.44089210E-16  4.44089210E-16  -4.44089210E-16  -4.44089210E-16  -4.44089210E-16       0.00000000       0.00000000  -4.44089210E-16       0.00000000       0.00000000  4.44089210E-16       0.00000000
  -4.44089210E-16  4.44089210E-16  -4.44089210E-16  -4.44089210E-16  -4.44089210E-16       0.00000000       0.00000000       0.00000000       0.00000000  4.44089210E-16       0.00000000  -4.44089210E-16       0.00000000  -4.44089210E-16  4.44089210E-16  -4.44089210E-16  -4.44089210E-16  -4.44089210E-16       0.00000000  4.44089210E-16
  4.44089210E-16       0.00000000  -4.44089210E-16  -4.44089210E-16       0.00000000  4.44089210E-16       0.00000000       0.00000000  4.44089210E-16       0.00000000  -4.44089210E-16  4.44089210E-16       0.00000000       0.00000000  4.44089210E-16       0.00000000  4.44089210E-16  -4.44089210E-16  4.44089210E-16  4.44089210E-16
  4.44089210E-16       0.00000000  -4.44089210E-16  4.44089210E-16       0.00000000  4.44089210E-16  4.44089210E-16       0.00000000       0.00000000  -4.44089210E-16  -4.44089210E-16  4.44089210E-16  -4.44089210E-16       0.00000000       0.00000000  4.44089210E-16  -4.44089210E-16  4.44089210E-16  4.44089210E-16  -4.44089210E-16
  4.44089210E-16       0.00000000  4.44089210E-16  -4.44089210E-16  -4.44089210E-16       0.00000000  -4.44089210E-16  -4.44089210E-16  -4.44089210E-16       0.00000000  -4.44089210E-16  -1.33226763E-15       0.00000000  1.33226763E-15  -1.33226763E-15  -1.33226763E-15       0.00000000       0.00000000       0.00000000       0.00000000
  -1.33226763E-15  -1.33226763E-15  -1.33226763E-15       0.00000000  1.33226763E-15       0.00000000       0.00000000  1.33226763E-15  4.44089210E-16  4.44089210E-16  -4.44089210E-16
  1.33226763E-15  1.33226763E-15       0.00000000  -4.44089210E-16  4.44089210E-16  -4.44089210E-16       0.00000000  1.33226763E-15  1.33226763E-15  -1.33226763E-15  1.33226763E-15       0.00000000  1.33226763E-15       0.00000000  1.33226763E-15       0.00000000       0.00000000  -4.44089210E-16       0.00000000       0.00000000
  1.33226763E-15  1.33226763E-15  -1.33226763E-15  1.33226763E-15  -1.33226763E-15  1.33226763E-15  1.33226763E-15  -4.44089210E-16  1.33226763E-15  1.33226763E-15  -4.44089210E-16  -4.44089210E-16       0.00000000       0.00000000  -4.44089210E-16  4.44089210E-16  -4.44089210E-16  4.44089210E-16       0.00000000       0.00000000
  -4.44089210E-16       0.00000000       0.00000000       0.00000000       0.00000000       0.00000000       0.00000000  -4.44089210E-16  4.44089210E-16       0.00000000  4.44089210E-16  -4.44089210E-16  4.44089210E-16  -4.44089210E-16  4.44089210E-16       0.00000000       0.00000000       0.00000000  -4.44089210E-16  -4.44089210E-16
  4.44089210E-16  4.44089210E-16  4.44089210E-16  4.44089210E-16  -4.44089210E-16  4.44089210E-16       0.00000000  -4.44089210E-16  -4.44089210E-16  4.44089210E-16       0.00000000  -4.44089210E-16  4.44089210E-16  -4.44089210E-16  4.44089210E-16       0.00000000       0.00000000       0.00000000       0.00000000  -4.44089210E-16
       0.00000000       0.00000000  4.44089210E-16  4.44089210E-16  4.44089210E-16       0.00000000  4.44089210E-16  4.44089210E-16  -4.44089210E-16       0.00000000       0.00000000       0.00000000  4.44089210E-16  -4.44089210E-16  4.44089210E-16  4.44089210E-16  4.44089210E-16  4.44089210E-16  -4.44089210E-16  -4.44089210E-16
       0.00000000  4.44089210E-16  4.44089210E-16       0.00000000  -4.44089210E-16       0.00000000       0.00000000  4.44089210E-16       0.00000000  -4.44089210E-16  4.44089210E-16       0.00000000       0.00000000  4.44089210E-16       0.00000000  -4.44089210E-16  4.44089210E-16  -4.44089210E-16  4.44089210E-16  4.44089210E-16
  -4.44089210E-16  -4.44089210E-16  4.44089210E-16  4.44089210E-16  -4.44089210E-16  -4.44089210E-16  4.44089210E-16  4.44089210E-16       0.00000000  1.33226763E-15       0.00000000  -1.33226763E-15       0.00000000  1.33226763E-15  1.33226763E-15       0.00000000       0.00000000  -1.33226763E-15  1.33226763E-15  1.33226763E-15
       0.00000000  1.33226763E-15  1.33226763E-15  -1.33226763E-15  -4.44089210E-16  4.44089210E-16  -4.44089210E-16       0.00000000  -4.44089210E-16  -1.33226763E-15  -1.33226763E-15
       0.00000000       0.00000000  -4.44089210E-16  -4.44089210E-16       0.00000000  4.44089210E-16  1.33226763E-15       0.00000000  1.33226763E-15  1.33226763E-15  1.33226763E-15       0.00000000  -1.33226763E-15  1.33226763E-15       0.00000000  -4.44089210E-16       0.00000000  4.44089210E-16       0.00000000  -4.44089210E-16
  4.44089210E-16  -4.44089210E-16       0.00000000       0.00000000  1.33226763E-15  1.33226763E-15  -1.33226763E-15  4.44089210E-16       0.00000000       0.00000000  -4.44089210E-16  -4.44089210E-16  4.44089210E-16  -4.44089210E-16  4.44089210E-16       0.00000000       0.00000000  4.44089210E-16  4.44089210E-16       0.00000000
  4.44089210E-16  4.44089210E-16  -4.44089210E-16  -4.44089210E-16  4.44089210E-16  4.44089210E-16  4.44089210E-16  -4.44089210E-16  4.44089210E-16  4.44089210E-16  4.44089210E-16       0.00000000  4.44089210E-16  4.44089210E-16  -4.44089210E-16  -4.44089210E-16       0.00000000  4.44089210E-16       0.00000000  -4.44089210E-16
  4.44089210E-16       0.00000000  4.44089210E-16  -4.44089210E-16       0.00000000  -4.44089210E-16  -4.44089210E-16       0.00000000  4.44089210E-16  -4.44089210E-16  -4.44089210E-16  -4.44089210E-16  4.44089210E-16  4.44089210E-16  4.44089210E-16  4.44089210E-16  -4.44089210E-16       0.00000000       0.00000000       0.00000000
       0.00000000  -4.44089210E-16  -4.44089210E-16       0.00000000  4.44089210E-16  4.44089210E-16       0.00000000  -4.44089210E-16  -4.44089210E-16  -4.44089210E-16       0.00000000       0.00000000  4.44089210E-16       0.00000000       0.00000000  4.44089210E-16       0.00000000  4.44089210E-16  4.44089210E-16  4.44089210E-16
  -4.44089210E-16  -4.44089210E-16  4.44089210E-16  4.44089210E-16  4.44089210E-16  -4.44089210E-16       0.00000000       0.00000000  -4.44089210E-16  4.44089210E-16       0.00000000  -4.44089210E-16       0.00000000       0.00000000  4.44089210E-16       0.00000000  -4.44089210E-16  -4.44089210E-16       0.00000000       0.00000000
  4.44089210E-16  -4.44089210E-16  -4.44089210E-16  -4.44089210E-16  -4.44089210E-16       0.00000000  4.44089210E-16  1.33226763E-15  -1.33226763E-15       0.00000000  -1.33226763E-15  1.33226763E-15       0.00000000       0.00000000       0.00000000       0.00000000  1.33226763E-15  -1.33226763E-15  4.44089210E-16  4.44089210E-16
  4.44089210E-16       0.00000000       0.00000000  4.44089210E-16  4.44089210E-16       0.00000000  1.33226763E-15  1.33226763E-15       0.00000000  -1.33226763E-15  1.33226763E-15
  4.44089210E-16       0.00000000  4.44089210E-16       0.00000000  -4.44089210E-16       0.00000000       0.00000000  -1.33226763E-15  1.33226763E-15       0.00000000  -1.33226763E-15  1.33226763E-15  -1.33226763E-15  -1.33226763E-15  -4.44089210E-16  -4.44089210E-16       0.00000000  -4.44089210E-16       0.00000000       0.00000000
  -4.44089210E-16  -4.44089210E-16  -4.44089210E-16       0.00000000  -4.44089210E-16       0.00000000  4.44089210E-16       0.00000000  -1.33226763E-15  -1.33226763E-15  -4.44089210E-16       0.00000000       0.00000000  -4.44089210E-16       0.00000000  4.44089210E-16  -4.44089210E-16  -4.44089210E-16       0.00000000  4.44089210E-16
       0.00000000  4.44089210E-16  4.44089210E-16  4.44089210E-16  -4.44089210E-16       0.00000000  -4.44089210E-16  4.44089210E-16       0.00000000  -4.44089210E-16  4.44089210E-16  -4.44089210E-16  4.44089210E-16  -4.44089210E-16       0.00000000  4.44089210E-16  -4.44089210E-16  -4.44089210E-16  -4.44089210E-16  4.44089210E-16
  4.44089210E-16       0.00000000  4.44089210E-16  -4.44089210E-16  -4.44089210E-16       0.00000000  -4.44089210E-16  -4.44089210E-16  4.44089210E-16  -4.44089210E-16  4.44089210E-16  -4.44089210E-16  4.44089210E-16  -4.44089210E-16  -4.44089210E-16       0.00000000       0.00000000  -4.44089210E-16  4.44089210E-16  4.44089210E-16
       0.00000000       0.00000000       0.00000000  4.44089210E-16  -4.44089210E-16  4.44089210E-16       0.00000000  4.44089210E-16  -4.44089210E-16  4.44089210E-16       0.00000000  -4.44089210E-16       0.00000000  4.44089210E-16  -4.44089210E-16  4.44089210E-16       0.00000000  4.44089210E-16  -4.44089210E-16  -4.44089210E-16
  -4.44089210E-16  -4.44089210E-16  4.44089210E-16  -4.44089210E-16       0.00000000       0.00000000  4.44089210E-16  -4.44089210E-16       0.00000000       0.00000000  -4.44089210E-16       0.00000000  4.44089210E-16       0.00000000  4.44089210E-16  4.44089210E-16  4.44089210E-16       0.00000000  -4.44089210E-16  -4.44089210E-16
  4.44089210E-16  4.44089210E-16  -4.44089210E-16       0.00000000  4.44089210E-16       0.00000000  1.33226763E-15       0.00000000  -1.33226763E-15       0.00000000  1.33226763E-15  -1.33226763E-15       0.00000000       0.00000000  1.33226763E-15  -4.44089210E-16  4.44089210E-16  4.44089210E-16       0.00000000       0.00000000
  -1.33226763E-15  1.33226763E-15       0.00000000       0.00000000  1.33226763E-15  1.33226763E-15  -1.33226763E-15  -1.33226763E-15  -1.33226763E-15  1.33226763E-15  -1.33226763E-15
  -4.44089210E-16  4.44089210E-16       0.00000000  -4.44089210E-16  -4.44089210E-16       0.00000000  -4.44089210E-16  1.33226763E-15       0.00000000  -1.33226763E-15  -1.33226763E-15  -1.33226763E-15  -1.33226763E-15  1.33226763E-15  4.44089210E-16       0.00000000  -4.44089210E-16  4.44089210E-16       0.00000000       0.00000000
  -4.44089210E-16  -4.44089210E-16  -4.44089210E-16  -4.44089210E-16       0.00000000  4.44089210E-16       0.00000000       0.00000000  1.33226763E-15       0.00000000       0.00000000  4.44089210E-16       0.00000000  -4.44089210E-16  4.44089210E-16  -4.44089210E-16  -4.44089210E-16  4.44089210E-16  4.44089210E-16  -4.44089210E-16
  -4.44089210E-16       0.00000000       0.00000000  4.44089210E-16       0.00000000  -4.44089210E-16  -4.44089210E-16  -4.44089210E-16  4.44089210E-16  -4.44089210E-16  -4.44089210E-16  -4.44089210E-16  4.44089210E-16  4.44089210E-16       0.00000000  4.44089210E-16  4.44089210E-16  4.44089210E-16  -4.44089210E-16  -4.44089210E-16
       0.00000000       0.00000000  4.44089210E-16       0.00000000       0.00000000       0.00000000  -4.44089210E-16  -4.44089210E-16       0.00000000  -4.44089210E-16       0.00000000       0.00000000  -4.44089210E-16  4.44089210E-16  4.44089210E-16  4.44089210E-16  -4.44089210E-16  4.44089210E-16       0.00000000  4.44089210E-16
  4.44089210E-16       0.00000000       0.00000000  4.44089210E-16       0.00000000       0.00000000  4.44089210E-16       0.00000000  -4.44089210E-16  4.44089210E-16  4.44089210E-16  4.44089210E-16  4.44089210E-16       0.00000000  -4.44089210E-16  4.44089210E-16  -4.44089210E-16  -4.44089210E-16       0.00000000  -4.44089210E-16
  -4.44089210E-16  -4.44089210E-16  -4.44089210E-16  -4.44089210E-16  -4.44089210E-16       0.00000000       0.00000000       0.00000000  -4.44089210E-16  -4.44089210E-16       0.00000000       0.00000000  -4.44089210E-16       0.00000000  4.44089210E-16  4.44089210E-16  -4.44089210E-16  4.44089210E-16  4.44089210E-16  -4.44089210E-16
  4.44089210E-16  4.44089210E-16       0.00000000  -1.33226763E-15  1.33226763E-15  1.33226763E-15  1.33226763E-15       0.00000000       0.00000000       0.00000000  -1.33226763E-15  -1.33226763E-15       0.00000000  -4.44089210E-16  -4.44089210E-16  4.44089210E-16  4.44089210E-16  -1.33226763E-15  -1.33226763E-15  1.33226763E-15
  1.33226763E-15  1.33226763E-15  1.33226763E-15       0.00000000  -1.33226763E-15  1.33226763E-15       0.00000000  -1.33226763E-15       0.00000000  -1.33226763E-15  1.33226763E-15
  -4.44089210E-16  4.44089210E-16  4.44089210E-16       0.00000000  -4.44089210E-16       0.00000000  4.44089210E-16       0.00000000  -1.33226763E-15  1.33226763E-15       0.00000000  -1.33226763E-15  -1.33226763E-15  1.33226763E-15       0.00000000       0.00000000  -4.44089210E-16  4.44089210E-16       0.00000000  4.44089210E-16
       0.00000000  -4.44089210E-16       0.00000000  4.44089210E-16  4.44089210E-16  4.44089210E-16  4.44089210E-16  -4.44089210E-16  4.44089210E-16  -1.33226763E-15  1.33226763E-15  1.33226763E-15       0.00000000  -4.44089210E-16  -4.44089210E-16  -4.44089210E-16  -4.44089210E-16  -4.44089210E-16       0.00000000  4.44089210E-16
  -4.44089210E-16       0.00000000       0.00000000       0.00000000  -4.44089210E-16  -4.44089210E-16       0.00000000  -4.44089210E-16  -4.44089210E-16  -4.44089210E-16       0.00000000  -4.44089210E-16  -4.44089210E-16  -4.44089210E-16  4.44089210E-16  4.44089210E-16  -4.44089210E-16  -4.44089210E-16  4.44089210E-16  -4.44089210E-16
  4.44089210E-16       0.00000000  4.44089210E-16  4.44089210E-16       0.00000000  4.44089210E-16  4.44089210E-16  -4.44089210E-16       0.00000000  4.44089210E-16  -4.44089210E-16  4.44089210E-16       0.00000000       0.00000000       0.00000000       0.00000000  4.44089210E-16  -4.44089210E-16  4.44089210E-16  4.44089210E-16
  4.44089210E-16  -4.44089210E-16  4.44089210E-16       0.00000000       0.00000000       0.00000000  -4.44089210E-16       0.00000000  4.44089210E-16  4.44089210E-16  4.44089210E-16       0.00000000  4.44089210E-16  4.44089210E-16  -4.44089210E-16  -4.44089210E-16  4.44089210E-16  4.44089210E-16  4.44089210E-16  -4.44089210E-16
  4.44089210E-16       0.00000000  4.44089210E-16       0.00000000  -4.44089210E-16  4.44089210E-16       0.00000000  -4.44089210E-16  4.44089210E-16  -4.44089210E-16  4.44089210E-16  -4.44089210E-16  4.44089210E-16  4.44089210E-16       0.00000000  4.44089210E-16  -4.44089210E-16       0.00000000  4.44089210E-16  4.44089210E-16
  4.44089210E-16  -1.33226763E-15  1.33226763E-15  -1.33226763E-15  -1.33226763E-15  -1.33226763E-15       0.00000000       0.00000000       0.00000000       0.00000000       0.00000000  1.33226763E-15  4.44089210E-16  -4.44089210E-16       0.00000000  -1.33226763E-15  1.33226763E-15  -1.33226763E-15       0.00000000  1.33226763E-15
       0.00000000  1.33226763E-15  1.33226763E-15       0.00000000       0.00000000  1.33226763E-15  1.33226763E-15  -4.44089210E-16  -4.44089210E-16  4.44089210E-16  4.44089210E-16
  -4.44089210E-16  4.44089210E-16  4.44089210E-16  4.44089210E-16       0.00000000  4.44089210E-16       0.00000000  1.33226763E-15  -1.33226763E-15  -1.33226763E-15  1.33226763E-15  1.33226763E-15  1.33226763E-15  -1.33226763E-15  -4.44089210E-16       0.00000000       0.00000000  4.44089210E-16  -4.44089210E-16  4.44089210E-16
       0.00000000       0.00000000       0.00000000       0.00000000  4.44089210E-16       0.00000000  -4.44089210E-16  4.44089210E-16  -4.44089210E-16  -4.44089210E-16  1.33226763E-15  -1.33226763E-15  -1.33226763E-15       0.00000000  4.44089210E-16  4.44089210E-16       0.00000000  4.44089210E-16  4.44089210E-16  -4.44089210E-16
       0.00000000  -4.44089210E-16       0.00000000  -4.44089210E-16  -4.44089210E-16       0.00000000  -4.44089210E-16  4.44089210E-16       0.00000000       0.00000000  -4.44089210E-16  -4.44089210E-16  -4.44089210E-16  -4.44089210E-16       0.00000000  -4.44089210E-16  -4.44089210E-16  4.44089210E-16       0.00000000       0.00000000
  4.44089210E-16  4.44089210E-16  -4.44089210E-16  -4.44089210E-16       0.00000000  4.44089210E-16  4.44089210E-16  -4.44089210E-16       0.00000000       0.00000000       0.00000000       0.00000000  -4.44089210E-16  -4.44089210E-16  -4.44089210E-16  4.44089210E-16       0.00000000  -4.44089210E-16  -4.44089210E-16       0.00000000
       0.00000000  4.44089210E-16  -4.44089210E-16       0.00000000  -4.44089210E-16       0.00000000  4.44089210E-16  -4.44089210E-16  4.44089210E-16       0.00000000  -4.44089210E-16  4.44089210E-16  4.44089210E-16       0.00000000  4.44089210E-16  4.44089210E-16  -4.44089210E-16       0.00000000  4.44089210E-16       0.00000000
  -4.44089210E-16  4.44089210E-16  -4.44089210E-16       0.00000000       0.00000000       0.00000000  -4.44089210E-16  4.44089210E-16  4.44089210E-16       0.00000000  4.44089210E-16  4.44089210E-16  -4.44089210E-16  -4.44089210E-16  -4.44089210E-16  -4.44089210E-16  -4.44089210E-16  -4.44089210E-16  4.44089210E-16       0.00000000
  1.33226763E-15  1.33226763E-15  -1.33226763E-15       0.00000000       0.00000000  -1.33226763E-15  -1.33226763E-15  -1.33226763E-15       0.00000000  1.33226763E-15       0.00000000       0.00000000       0.00000000  1.33226763E-15  -1.33226763E-15  1.33226763E-15  1.33226763E-15  -1.33226763E-15  1.33226763E-15       0.00000000
       0.00000000  4.44089210E-16       0.00000000       0.00000000       0.00000000  -4.44089210E-16  -4.44089210E-16  -4.44089210E-16       0.00000000  -1.33226763E-15  1.33226763E-15
  -4.44089210E-16       0.00000000  -4.44089210E-16  4.44089210E-16  4.44089210E-16       0.00000000       0.00000000  -1.33226763E-15  -1.33226763E-15       0.00000000  1.33226763E-15  -1.33226763E-15  -1.33226763E-15  -1.33226763E-15  -4.44089210E-16       0.00000000       0.00000000       0.00000000  4.44089210E-16       0.00000000
  -4.44089210E-16  4.44089210E-16       0.00000000  4.44089210E-16  4.44089210E-16  4.44089210E-16  4.44089210E-16  -4.44089210E-16  -4.44089210E-16  4.44089210E-16  -4.44089210E-16  4.44089210E-16       0.00000000  -1.33226763E-15  1.33226763E-15       0.00000000  -4.44089210E-16       0.00000000       0.00000000       0.00000000
       0.00000000  -4.44089210E-16  1.33226763E-15       0.00000000       0.00000000  4.44089210E-16       0.00000000       0.00000000  -4.44089210E-16       0.00000000  4.44089210E-16  4.44089210E-16  4.44089210E-16       0.00000000  -4.44089210E-16  4.44089210E-16       0.00000000       0.00000000       0.00000000  -4.44089210E-16
  -4.44089210E-16  4.44089210E-16       0.00000000       0.00000000  4.44089210E-16  4.44089210E-16       0.00000000  -4.44089210E-16  -4.44089210E-16  -4.44089210E-16       0.00000000  4.44089210E-16       0.00000000  -4.44089210E-16  -4.44089210E-16  4.44089210E-16       0.00000000       0.00000000       0.00000000       0.00000000
       0.00000000  4.44089210E-16       0.00000000       0.00000000  -4.44089210E-16  4.44089210E-16  -4.44089210E-16       0.00000000  4.44089210E-16  -4.44089210E-16       0.00000000  4.44089210E-16  4.44089210E-16  4.44089210E-16  4.44089210E-16  -4.44089210E-16  4.44089210E-16  4.44089210E-16  -4.44089210E-16  4.44089210E-16
  4.44089210E-16  -2.66453526E-15       0.00000000  2.66453526E-15       0.00000000  -4.44089210E-16  -4.44089210E-16  4.44089210E-16       0.00000000  -4.44089210E-16  -4.44089210E-16       0.00000000  -4.44089210E-16  4.44089210E-16       0.00000000  -4.44089210E-16  -4.44089210E-16  -1.33226763E-15  -1.33226763E-15  1.33226763E-15
       0.00000000  1.33226763E-15  -1.33226763E-15  -1.33226763E-15  1.33226763E-15       0.00000000       0.00000000       0.00000000  4.44089210E-16  -4.44089210E-16       0.00000000  1.33226763E-15  1.33226763E-15       0.00000000       0.00000000       0.00000000       0.00000000  -1.33226763E-15  -4.44089210E-16  4.44089210E-16
  -4.44089210E-16  4.44089210E-16  -4.44089210E-16  -4.44089210E-16       0.00000000       0.00000000  -1.33226763E-15  1.33226763E-15  -1.33226763E-15  1.33226763E-15  1.33226763E-15
  4.44089210E-16  -4.44089210E-16  4.44089210E-16       0.00000000  -4.44089210E-16       0.00000000  -1.33226763E-15       0.00000000       0.00000000  -1.33226763E-15  -1.33226763E-15  1.33226763E-15  1.33226763E-15  -1.33226763E-15  -4.44089210E-16  -4.44089210E-16  -4.44089210E-16  4.44089210E-16  4.44089210E-16       0.00000000
       0.00000000  4.44089210E-16       0.00000000       0.00000000  -4.44089210E-16  -4.44089210E-16       0.00000000       0.00000000  4.44089210E-16  -4.44089210E-16       0.00000000  -4.44089210E-16       0.00000000       0.00000000  1.33226763E-15       0.00000000  1.33226763E-15  -1.33226763E-15  1.33226763E-15  -1.33226763E-15
       0.00000000  -1.33226763E-15  -1.33226763E-15       0.00000000  1.33226763E-15       0.00000000  -4.44089210E-16  4.44089210E-16       0.00000000       0.00000000  4.44089210E-16  -4.44089210E-16  4.44089210E-16  4.44089210E-16       0.00000000  4.44089210E-16  4.44089210E-16  -4.44089210E-16       0.00000000  -4.44089210E-16
  -4.44089210E-16       0.00000000       0.00000000       0.00000000  4.44089210E-16  -4.44089210E-16  4.44089210E-16  -4.44089210E-16  4.44089210E-16  4.44089210E-16  4.44089210E-16  -4.44089210E-16  4.44089210E-16  -4.44089210E-16  -4.44089210E-16       0.00000000       0.00000000  -4.44089210E-16       0.00000000  4.44089210E-16
  -4.44089210E-16  4.44089210E-16  -4.44089210E-16  4.44089210E-16  4.44089210E-16  -4.44089210E-16  4.44089210E-16  -4.44089210E-16  -4.44089210E-16       0.00000000  -4.44089210E-16  4.44089210E-16       0.00000000  4.44089210E-16  -4.44089210E-16  -4.44089210E-16       0.00000000       0.00000000  -4.44089210E-16       0.00000000
  2.66453526E-15       0.00000000       0.00000000  2.66453526E-15  -2.66453526E-15  4.44089210E-16       0.00000000  -4.44089210E-16  -4.44089210E-16  -4.44089210E-16  4.44089210E-16  4.44089210E-16  4.44089210E-16  4.44089210E-16  4.44089210E-16  -4.44089210E-16  1.33226763E-15       0.00000000  1.33226763E-15  1.33226763E-15
       0.00000000       0.00000000       0.00000000  -1.33226763E-15  1.33226763E-15       0.00000000  4.44089210E-16  -4.44089210E-16  4.44089210E-16       0.00000000  -1.33226763E-15  1.33226763E-15  1.33226763E-15  1.33226763E-15       0.00000000  1.33226763E-15  4.44089210E-16       0.00000000  1.33226763E-15  1.33226763E-15
  -1.33226763E-15  -1.33226763E-15  -1.33226763E-15  1.33226763E-15  -1.33226763E-15  -1.33226763E-15  -1.33226763E-15       0.00000000       0.00000000  1.33226763E-15  1.33226763E-15
       0.00000000  4.44089210E-16  4.44089210E-16  -4.44089210E-16  -4.44089210E-16  -4.44089210E-16       0.00000000  -4.44089210E-16  -1.33226763E-15  -1.33226763E-15       0.00000000  1.33226763E-15  -1.33226763E-15  -1.33226763E-15  1.33226763E-15       0.00000000  -4.44089210E-16       0.00000000  4.44089210E-16       0.00000000
       0.00000000  4.44089210E-16  4.44089210E-16  -4.44089210E-16       0.00000000       0.00000000  4.44089210E-16  -4.44089210E-16  -4.44089210E-16  4.44089210E-16  4.44089210E-16       0.00000000  -4.44089210E-16  -4.44089210E-16       0.00000000       0.00000000  1.33226763E-15  1.33226763E-15       0.00000000       0.00000000
       0.00000000       0.00000000  -4.44089210E-16  -4.44089210E-16       0.00000000  1.33226763E-15       0.00000000       0.00000000       0.00000000  -4.44089210E-16  -4.44089210E-16  4.44089210E-16  4.44089210E-16       0.00000000  -4.44089210E-16  4.44089210E-16  -4.44089210E-16       0.00000000  4.44089210E-16  4.44089210E-16
  -4.44089210E-16  4.44089210E-16       0.00000000  4.44089210E-16  4.44089210E-16       0.00000000       0.00000000  -4.44089210E-16  -4.44089210E-16  -4.44089210E-16  -4.44089210E-16       0.00000000  -4.44089210E-16       0.00000000  4.44089210E-16  4.44089210E-16  -4.44089210E-16       0.00000000  -4.44089210E-16  4.44089210E-16
  4.44089210E-16  -4.44089210E-16  -4.44089210E-16       0.00000000       0.00000000       0.00000000  -4.44089210E-16  -4.44089210E-16  -4.44089210E-16       0.00000000  -4.44089210E-16  -4.44089210E-16  4.44089210E-16  -4.44089210E-16  -4.44089210E-16  -4.44089210E-16  -4.44089210E-16  -4.44089210E-16  -4.44089210E-16  -4.44089210E-16
  2.66453526E-15  -2.66453526E-15  2.66453526E-15       0.00000000  -2.66453526E-15       0.00000000  4.44089210E-16  -4.44089210E-16  -4.44089210E-16       0.00000000       0.00000000  4.44089210E-16  4.44089210E-16  4.44089210E-16  4.44089210E-16  -1.33226763E-15  -1.33226763E-15  1.33226763E-15  -1.33226763E-15       0.00000000
  -1.33226763E-15       0.00000000  1.33226763E-15  -1.33226763E-15  -1.33226763E-15  4.44089210E-16  4.44089210E-16  4.44089210E-16  1.33226763E-15  -1.33226763E-15  1.33226763E-15       0.00000000  1.33226763E-15  -1.33226763E-15       0.00000000       0.00000000  1.33226763E-15       0.00000000  -1.33226763E-15  1.33226763E-15
  -1.33226763E-15  -1.33226763E-15  -1.33226763E-15  -1.33226763E-15  1.33226763E-15  1.33226763E-15  1.33226763E-15  1.33226763E-15  -1.33226763E-15       0.00000000       0.00000000
  4.44089210E-16  4.44089210E-16  -4.44089210E-16  4.44089210E-16  -4.44089210E-16  4.44089210E-16  -4.44089210E-16  -4.44089210E-16       0.00000000  1.33226763E-15       0.00000000       0.00000000       0.00000000       0.00000000  -1.33226763E-15  -4.44089210E-16  4.44089210E-16  -4.44089210E-16  4.44089210E-16  4.44089210E-16
  4.44089210E-16       0.00000000  -4.44089210E-16       0.00000000  -4.44089210E-16  4.44089210E-16  -4.44089210E-16       0.00000000       0.00000000  4.44089210E-16  -4.44089210E-16  -4.44089210E-16       0.00000000  -4.44089210E-16  -4.44089210E-16  4.44089210E-16  4.44089210E-16       0.00000000  4.44089210E-16  -1.33226763E-15
       0.00000000  -1.33226763E-15  -1.33226763E-15       0.00000000  -1.33226763E-15  -1.33226763E-15  -1.33226763E-15       0.00000000  -4.44089210E-16  4.44089210E-16       0.00000000  4.44089210E-16  -4.44089210E-16       0.00000000       0.00000000       0.00000000  -4.44089210E-16  4.44089210E-16  4.44089210E-16       0.00000000
       0.00000000  4.44089210E-16       0.00000000  -4.44089210E-16  -4.44089210E-16       0.00000000       0.00000000       0.00000000  4.44089210E-16  4.44089210E-16  -4.44089210E-16  -4.44089210E-16  -4.44089210E-16       0.00000000  -4.44089210E-16  4.44089210E-16  4.44089210E-16  4.44089210E-16       0.00000000  -4.44089210E-16
       0.00000000  -4.44089210E-16       0.00000000  -4.44089210E-16       0.00000000       0.00000000  -4.44089210E-16       0.00000000  -4.44089210E-16       0.00000000  4.44089210E-16  4.44089210E-16  -4.44089210E-16       0.00000000  -4.44089210E-16  4.44089210E-16  4.44089210E-16  -4.44089210E-16  4.44089210E-16  4.44089210E-16
  2.66453526E-15  2.66453526E-15       0.00000000  -2.66453526E-15  2.66453526E-15       0.00000000  -4.44089210E-16  -4.44089210E-16  -4.44089210E-16       0.00000000       0.00000000       0.00000000       0.00000000  -4.44089210E-16  -4.44089210E-16       0.00000000  -1.33226763E-15  1.33226763E-15  1.33226763E-15  4.44089210E-16
       0.00000000  1.33226763E-15  -4.44089210E-16  -4.44089210E-16  -4.44089210E-16  -4.44089210E-16       0.00000000       0.00000000  1.33226763E-15       0.00000000       0.00000000       0.00000000  4.44089210E-16  -4.44089210E-16  -4.44089210E-16  -1.33226763E-15       0.00000000  -1.33226763E-15  1.33226763E-15  1.33226763E-15
       0.00000000  1.33226763E-15  -1.33226763E-15  -1.33226763E-15  -1.33226763E-15       0.00000000  1.33226763E-15  -1.33226763E-15  1.33226763E-15  -1.33226763E-15       0.00000000
  -4.44089210E-16  -4.44089210E-16  4.44089210E-16  4.44089210E-16  -4.44089210E-16       0.00000000  -4.44089210E-16       0.00000000  1.33226763E-15       0.00000000  -1.33226763E-15  -1.33226763E-15  1.33226763E-15       0.00000000       0.00000000       0.00000000  -4.44089210E-16  4.44089210E-16  4.44089210E-16  4.44089210E-16
  4.44089210E-16  -4.44089210E-16  -4.44089210E-16  4.44089210E-16       0.00000000  -4.44089210E-16       0.00000000       0.00000000       0.00000000  -4.44089210E-16  -4.44089210E-16  -4.44089210E-16  4.44089210E-16  -4.44089210E-16  4.44089210E-16  -4.44089210E-16  -4.44089210E-16  -4.44089210E-16       0.00000000  4.44089210E-16
       0.00000000       0.00000000       0.00000000       0.00000000       0.00000000  1.33226763E-15  1.33226763E-15       0.00000000       0.00000000       0.00000000       0.00000000  -4.44089210E-16  -4.44089210E-16       0.00000000  -4.44089210E-16       0.00000000  -4.44089210E-16       0.00000000       0.00000000       0.00000000
       0.00000000       0.00000000  4.44089210E-16  4.44089210E-16       0.00000000  -4.44089210E-16  4.44089210E-16  4.44089210E-16       0.00000000       0.00000000  -4.44089210E-16  -4.44089210E-16  4.44089210E-16  -4.44089210E-16       0.00000000  4.44089210E-16  -4.44089210E-16  -4.44089210E-16  -4.44089210E-16       0.00000000
       0.00000000  -4.44089210E-16  -4.44089210E-16       0.00000000       0.00000000       0.00000000  -4.44089210E-16  -4.44089210E-16  -4.44089210E-16  -4.44089210E-16  4.44089210E-16  -4.44089210E-16       0.00000000       0.00000000  4.44089210E-16  -4.44089210E-16  4.44089210E-16       0.00000000  4.44089210E-16  -4.44089210E-16
  -2.66453526E-15  2.66453526E-15  -2.66453526E-15  -2.66453526E-15  4.44089210E-16       0.00000000  -4.44089210E-16       0.00000000  4.44089210E-16       0.00000000  4.44089210E-16  -4.44089210E-16       0.00000000  -4.44089210E-16       0.00000000       0.00000000       0.00000000       0.00000000       0.00000000  4.44089210E-16
  -4.44089210E-16       0.00000000  4.44089210E-16       0.00000000       0.00000000  1.33226763E-15  -1.33226763E-15  1.33226763E-15       0.00000000  -1.33226763E-15  1.33226763E-15       0.00000000  -1.33226763E-15  -1.33226763E-15  1.33226763E-15       0.00000000       0.00000000  1.33226763E-15       0.00000000  1.33226763E-15
       0.00000000  1.33226763E-15       0.00000000  1.33226763E-15  -1.33226763E-15  1.33226763E-15       0.00000000       0.00000000       0.00000000       0.00000000  -1.33226763E-15
       0.00000000       0.00000000  4.44089210E-16  -4.44089210E-16  -4.44089210E-16       0.00000000  -4.44089210E-16  -4.44089210E-16  1.33226763E-15       0.00000000       0.00000000  1.33226763E-15       0.00000000  -1.33226763E-15  -1.33226763E-15  1.33226763E-15  -4.44089210E-16  4.44089210E-16  -4.44089210E-16  -4.44089210E-16
  -4.44089210E-16       0.00000000  -4.44089210E-16       0.00000000  -4.44089210E-16  -4.44089210E-16  4.44089210E-16       0.00000000  -4.44089210E-16  4.44089210E-16       0.00000000  4.44089210E-16       0.00000000  -4.44089210E-16  -4.44089210E-16       0.00000000       0.00000000       0.00000000  4.44089210E-16  -4.44089210E-16
  -4.44089210E-16       0.00000000  -4.44089210E-16  4.44089210E-16  -4.44089210E-16  4.44089210E-16  1.33226763E-15       0.00000000  -1.33226763E-15  1.33226763E-15       0.00000000  1.33226763E-15       0.00000000  4.44089210E-16  -4.44089210E-16       0.00000000  -4.44089210E-16       0.00000000  -4.44089210E-16  -4.44089210E-16
       0.00000000       0.00000000  4.44089210E-16  4.44089210E-16       0.00000000  4.44089210E-16  -4.44089210E-16  -4.44089210E-16  4.44089210E-16       0.00000000  4.44089210E-16  -4.44089210E-16       0.00000000       0.00000000  -4.44089210E-16       0.00000000       0.00000000  4.44089210E-16       0.00000000       0.00000000
       0.00000000       0.00000000       0.00000000  -4.44089210E-16  4.44089210E-16       0.00000000  4.44089210E-16  4.44089210E-16  -4.44089210E-16       0.00000000       0.00000000  4.44089210E-16  4.44089210E-16  4.44089210E-16       0.00000000  -4.44089210E-16       0.00000000       0.00000000  -4.44089210E-16  4.44089210E-16
       0.00000000  -4.44089210E-16       0.00000000  4.44089210E-16       0.00000000  4.44089210E-16  4.44089210E-16       0.00000000  -4.44089210E-16  -4.44089210E-16       0.00000000  4.44089210E-16  -4.44089210E-16  -4.44089210E-16  -4.44089210E-16       0.00000000  -4.44089210E-16  4.44089210E-16  4.44089210E-16  4.44089210E-16
       0.00000000       0.00000000  1.33226763E-15       0.00000000  1.33226763E-15  1.33226763E-15       0.00000000  -1.33226763E-15  -1.33226763E-15       0.00000000  1.33226763E-15       0.00000000  1.33226763E-15  -1.33226763E-15       0.00000000  1.33226763E-15  1.33226763E-15       0.00000000  -1.33226763E-15  1.33226763E-15
  1.33226763E-15  1.33226763E-15  -1.33226763E-15  -1.33226763E-15       0.00000000  -1.33226763E-15       0.00000000       0.00000000  -1.33226763E-15  1.33226763E-15  -1.33226763E-15
       0.00000000  4.44089210E-16  4.44089210E-16  -4.44089210E-16  -4.44089210E-16       0.00000000  4.44089210E-16  -4.44089210E-16  1.33226763E-15  1.33226763E-15  1.33226763E-15  1.33226763E-15  -1.33226763E-15       0.00000000  -1.33226763E-15  1.33226763E-15       0.00000000  -4.44089210E-16  4.44089210E-16  -4.44089210E-16
  4.44089210E-16       0.00000000       0.00000000       0.00000000  4.44089210E-16       0.00000000       0.00000000       0.00000000  4.44089210E-16       0.00000000  4.44089210E-16  -4.44089210E-16  -4.44089210E-16  4.44089210E-16  -4.44089210E-16       0.00000000  4.44089210E-16  -4.44089210E-16  4.44089210E-16       0.00000000
       0.00000000  -4.44089210E-16  4.44089210E-16  -4.44089210E-16       0.00000000  -4.44089210E-16  4.44089210E-16  4.44089210E-16       0.00000000  -1.33226763E-15  1.33226763E-15       0.00000000  -1.33226763E-15  -4.44089210E-16       0.00000000  -4.44089210E-16  4.44089210E-16  -4.44089210E-16  4.44089210E-16       0.00000000
  4.44089210E-16       0.00000000  4.44089210E-16  4.44089210E-16  -4.44089210E-16  -4.44089210E-16  4.44089210E-16  4.44089210E-16       0.00000000       0.00000000       0.00000000  4.44089210E-16  4.44089210E-16       0.00000000  -4.44089210E-16  -4.44089210E-16  -4.44089210E-16  -4.44089210E-16  -4.44089210E-16  4.44089210E-16
  -4.44089210E-16  -4.44089210E-16  -4.44089210E-16  4.44089210E-16       0.00000000       0.00000000       0.00000000  4.44089210E-16       0.00000000  4.44089210E-16  -4.44089210E-16  -4.44089210E-16       0.00000000       0.00000000       0.00000000  -4.44089210E-16       0.00000000  -4.44089210E-16  4.44089210E-16  4.44089210E-16
       0.00000000  4.44089210E-16  -4.44089210E-16       0.00000000  -4.44089210E-16  4.44089210E-16  -4.44089210E-16  4.44089210E-16       0.00000000  4.44089210E-16       0.00000000       0.00000000  4.44089210E-16  4.44089210E-16       0.00000000  4.44089210E-16  4.44089210E-16       0.00000000  -1.33226763E-15  1.33226763E-15
       0.00000000  1.33226763E-15  -1.33226763E-15  -1.33226763E-15       0.00000000  -1.33226763E-15  -1.33226763E-15       0.00000000       0.00000000  1.33226763E-15       0.00000000  1.33226763E-15  -1.33226763E-15  1.33226763E-15  1.33226763E-15       0.00000000  -1.33226763E-15  -1.33226763E-15  1.33226763E-15       0.00000000
  -1.33226763E-15       0.00000000       0.00000000  -1.33226763E-15  -1.33226763E-15  -1.33226763E-15  1.33226763E-15       0.00000000  1.33226763E-15  -1.33226763E-15  1.33226763E-15
  1.33226763E-15  4.44089210E-16  4.44089210E-16  4.44089210E-16       0.00000000  -4.44089210E-16       0.00000000  4.44089210E-16       0.00000000       0.00000000  -1.33226763E-15  -1.33226763E-15       0.00000000  -1.33226763E-15  1.33226763E-15  1.33226763E-15  -4.44089210E-16  4.44089210E-16  4.44089210E-16       0.00000000
  4.44089210E-16  4.44089210E-16       0.00000000  4.44089210E-16  -4.44089210E-16  -4.44089210E-16  4.44089210E-16  -4.44089210E-16  4.44089210E-16  4.44089210E-16       0.00000000       0.00000000  -4.44089210E-16  4.44089210E-16  4.44089210E-16  -4.44089210E-16       0.00000000  -4.44089210E-16       0.00000000  -4.44089210E-16
  4.44089210E-16  4.44089210E-16  4.44089210E-16  4.44089210E-16  -4.44089210E-16       0.00000000  -4.44089210E-16  4.44089210E-16  4.44089210E-16       0.00000000  -1.33226763E-15  1.33226763E-15  -1.33226763E-15  1.33226763E-15  -4.44089210E-16  4.44089210E-16       0.00000000  4.44089210E-16       0.00000000  4.44089210E-16
       0.00000000  -4.44089210E-16  4.44089210E-16  4.44089210E-16  -4.44089210E-16  -4.44089210E-16       0.00000000       0.00000000       0.00000000       0.00000000       0.00000000  4.44089210E-16  -4.44089210E-16  4.44089210E-16  -4.44089210E-16  4.44089210E-16  4.44089210E-16  4.44089210E-16  -4.44089210E-16  -4.44089210E-16
  -4.44089210E-16  -4.44089210E-16  4.44089210E-16  -4.44089210E-16       0.00000000       0.00000000  4.44089210E-16  4.44089210E-16       0.00000000       0.00000000       0.00000000  -4.44089210E-16  4.44089210E-16  4.44089210E-16  -4.44089210E-16       0.00000000  -4.44089210E-16  4.44089210E-16       0.00000000  -4.44089210E-16
       0.00000000  -4.44089210E-16  -4.44089210E-16       0.00000000       0.00000000       0.00000000       0.00000000  4.44089210E-16  -4.44089210E-16       0.00000000  -4.44089210E-16       0.00000000  -4.44089210E-16       0.00000000  1.33226763E-15  -1.33226763E-15  -1.33226763E-15  1.33226763E-15  -1.33226763E-15       0.00000000
       0.00000000  -1.33226763E-15  -1.33226763E-15  -1.33226763E-15  -1.33226763E-15       0.00000000       0.00000000  -1.33226763E-15  -1.33226763E-15  -1.33226763E-15  1.33226763E-15  1.33226763E-15       0.00000000  1.33226763E-15  -1.33226763E-15  -1.33226763E-15  1.33226763E-15  1.33226763E-15  1.33226763E-15       0.00000000
  1.33226763E-15  -1.33226763E-15  1.33226763E-15       0.00000000  1.33226763E-15       0.00000000       0.00000000       0.00000000       0.00000000       0.00000000  -1.33226763E-15
       0.00000000  -1.33226763E-15       0.00000000  4.44089210E-16  4.44089210E-16  1.33226763E-15  1.33226763E-15       0.00000000  -1.33226763E-15       0.00000000  -4.44089210E-16  4.44089210E-16  -1.33226763E-15  -1.33226763E-15       0.00000000       0.00000000  1.33226763E-15       0.00000000  -4.44089210E-16  4.44089210E-16
  4.44089210E-16       0.00000000  4.44089210E-16       0.00000000  4.44089210E-16       0.00000000  4.44089210E-16  4.44089210E-16  4.44089210E-16  4.44089210E-16  -4.44089210E-16       0.00000000       0.00000000  -4.44089210E-16       0.00000000  -4.44089210E-16  4.44089210E-16  4.44089210E-16  4.44089210E-16  4.44089210E-16
       0.00000000  4.44089210E-16  -4.44089210E-16  -4.44089210E-16  -4.44089210E-16       0.00000000       0.00000000  4.44089210E-16       0.00000000  4.44089210E-16  4.44089210E-16  4.44089210E-16       0.00000000       0.00000000       0.00000000  -1.33226763E-15  4.44089210E-16  4.44089210E-16  -4.44089210E-16  4.44089210E-16
  -4.44089210E-16  4.44089210E-16  -4.44089210E-16       0.00000000  -4.44089210E-16       0.00000000       0.00000000       0.00000000  -4.44089210E-16  4.44089210E-16  4.44089210E-16  4.44089210E-16       0.00000000  4.44089210E-16  -4.44089210E-16       0.00000000  4.44089210E-16       0.00000000       0.00000000  -4.44089210E-16
  4.44089210E-16  4.44089210E-16       0.00000000  4.44089210E-16  4.44089210E-16  -4.44089210E-16  4.44089210E-16  4.44089210E-16       0.00000000  4.44089210E-16  4.44089210E-16       0.00000000  4.44089210E-16       0.00000000  -4.44089210E-16  -4.44089210E-16       0.00000000       0.00000000  4.44089210E-16       0.00000000
       0.00000000  4.44089210E-16  4.44089210E-16  -4.44089210E-16  -4.44089210E-16       0.00000000       0.00000000  4.44089210E-16       0.00000000       0.00000000       0.00000000       0.00000000  -1.33226763E-15       0.00000000  -1.33226763E-15  -1.33226763E-15  1.33226763E-15  1.33226763E-15       0.00000000  -1.33226763E-15
       0.00000000  4.44089210E-16  4.44089210E-16  -4.44089210E-16  -1.33226763E-15  -1.33226763E-15       0.00000000       0.00000000  -1.33226763E-15  1.33226763E-15       0.00000000  1.33226763E-15       0.00000000  -1.33226763E-15  -1.33226763E-15  -1.33226763E-15  -1.33226763E-15  1.33226763E-15       0.00000000  1.33226763E-15
       0.00000000       0.00000000  1.33226763E-15       0.00000000  1.33226763E-15  -1.33226763E-15  1.33226763E-15       0.00000000  1.33226763E-15  1.33226763E-15  -1.33226763E-15
  1.33226763E-15  1.33226763E-15       0.00000000  1.33226763E-15  -1.33226763E-15       0.00000000  -1.33226763E-15  1.33226763E-15  -1.33226763E-15       0.00000000  1.33226763E-15  4.44089210E-16  -1.33226763E-15  -1.33226763E-15  1.33226763E-15  -1.33226763E-15  1.33226763E-15       0.00000000  -4.44089210E-16  -4.44089210E-16
  4.44089210E-16  4.44089210E-16       0.00000000  4.44089210E-16  -4.44089210E-16  4.44089210E-16  -4.44089210E-16       0.00000000       0.00000000  -4.44089210E-16  -4.44089210E-16       0.00000000       0.00000000  -4.44089210E-16  4.44089210E-16  -4.44089210E-16       0.00000000  4.44089210E-16  -4.44089210E-16  -4.44089210E-16
  4.44089210E-16       0.00000000  -4.44089210E-16       0.00000000  -4.44089210E-16       0.00000000       0.00000000       0.00000000  4.44089210E-16       0.00000000       0.00000000  4.44089210E-16  -4.44089210E-16  4.44089210E-16  -1.33226763E-15  1.33226763E-15  -1.33226763E-15  4.44089210E-16  -4.44089210E-16       0.00000000
  4.44089210E-16  -4.44089210E-16       0.00000000       0.00000000  -4.44089210E-16  -4.44089210E-16       0.00000000  4.44089210E-16  4.44089210E-16  4.44089210E-16  4.44089210E-16       0.00000000       0.00000000  -4.44089210E-16       0.00000000       0.00000000  4.44089210E-16  4.44089210E-16       0.00000000       0.00000000
       0.00000000  -4.44089210E-16  -4.44089210E-16  -4.44089210E-16       0.00000000  4.44089210E-16  -4.44089210E-16       0.00000000  4.44089210E-16       0.00000000  -4.44089210E-16       0.00000000  4.44089210E-16       0.00000000  4.44089210E-16  4.44089210E-16       0.00000000  -4.44089210E-16  4.44089210E-16  -4.44089210E-16
  4.44089210E-16  -4.44089210E-16  -4.44089210E-16  -4.44089210E-16       0.00000000  -4.44089210E-16       0.00000000  4.44089210E-16  4.44089210E-16  -4.44089210E-16  1.33226763E-15  1.33226763E-15  1.33226763E-15       0.00000000       0.00000000  -1.33226763E-15  1.33226763E-15       0.00000000  4.44089210E-16  -4.44089210E-16
  -4.44089210E-16  -4.44089210E-16  1.33226763E-15  -1.33226763E-15       0.00000000  -1.33226763E-15  1.33226763E-15       0.00000000       0.00000000       0.00000000       0.00000000  1.33226763E-15  -1.33226763E-15  1.33226763E-15  1.33226763E-15  1.33226763E-15  1.33226763E-15  1.33226763E-15       0.00000000  1.33226763E-15
  -1.33226763E-15       0.00000000       0.00000000  -1.33226763E-15  1.33226763E-15  -1.33226763E-15  1.33226763E-15  -1.33226763E-15  -1.33226763E-15       0.00000000  -1.33226763E-15
  1.33226763E-15  1.33226763E-15       0.00000000       0.00000000       0.00000000  -1.33226763E-15       0.00000000  1.33226763E-15  -1.33226763E-15  -1.33226763E-15  -1.33226763E-15  1.33226763E-15  1.33226763E-15  -1.33226763E-15  1.33226763E-15  4.44089210E-16  -4.44089210E-16  4.44089210E-16  4.44089210E-16  -4.44089210E-16
       0.00000000  -4.44089210E-16  4.44089210E-16       0.00000000  -4.44089210E-16       0.00000000  -4.44089210E-16  4.44089210E-16  -4.44089210E-16       0.00000000  -4.44089210E-16       0.00000000  4.44089210E-16       0.00000000       0.00000000  -4.44089210E-16       0.00000000  -4.44089210E-16  4.44089210E-16  4.44089210E-16
       0.00000000  4.44089210E-16  4.44089210E-16  -4.44089210E-16       0.00000000  -4.44089210E-16       0.00000000       0.00000000       0.00000000       0.00000000  4.44089210E-16  4.44089210E-16  -4.44089210E-16  -4.44089210E-16  4.44089210E-16       0.00000000       0.00000000       0.00000000       0.00000000  -4.44089210E-16
       0.00000000  -4.44089210E-16  -4.44089210E-16  4.44089210E-16  4.44089210E-16  4.44089210E-16  4.44089210E-16       0.00000000  -4.44089210E-16  4.44089210E-16  -4.44089210E-16  4.44089210E-16  4.44089210E-16       0.00000000  -4.44089210E-16       0.00000000       0.00000000  -4.44089210E-16       0.00000000       0.00000000
  -4.44089210E-16  -4.44089210E-16       0.00000000       0.00000000       0.00000000  4.44089210E-16  4.44089210E-16       0.00000000  -4.44089210E-16       0.00000000  4.44089210E-16  4.44089210E-16  4.44089210E-16       0.00000000  4.44089210E-16  -4.44089210E-16       0.00000000  4.44089210E-16  4.44089210E-16       0.00000000
  4.44089210E-16  4.44089210E-16       0.00000000  -4.44089210E-16  4.44089210E-16  4.44089210E-16  -4.44089210E-16  4.44089210E-16  4.44089210E-16  4.44089210E-16       0.00000000       0.00000000       0.00000000       0.00000000  -4.44089210E-16  -4.44089210E-16  -4.44089210E-16  4.44089210E-16  -4.44089210E-16  -4.44089210E-16
  1.33226763E-15       0.00000000  1.33226763E-15  -1.33226763E-15  -1.33226763E-15       0.00000000  -1.33226763E-15       0.00000000       0.00000000  1.33226763E-15  1.33226763E-15  1.33226763E-15  1.33226763E-15  -1.33226763E-15       0.00000000  1.33226763E-15       0.00000000  1.33226763E-15  1.33226763E-15  1.33226763E-15
       0.00000000  1.33226763E-15  -1.33226763E-15  -1.33226763E-15  1.33226763E-15  1.33226763E-15  -1.33226763E-15  -1.33226763E-15       0.00000000  1.33226763E-15  1.33226763E-15
  -1.33226763E-15  -1.33226763E-15  1.33226763E-15       0.00000000       0.00000000  1.33226763E-15  -1.33226763E-15  1.33226763E-15  1.33226763E-15  1.33226763E-15  1.33226763E-15  1.33226763E-15  -1.33226763E-15  -1.33226763E-15  4.44089210E-16       0.00000000       0.00000000  4.44089210E-16       0.00000000  -4.44089210E-16
       0.00000000  -4.44089210E-16       0.00000000  -4.44089210E-16  4.44089210E-16  -4.44089210E-16  4.44089210E-16  4.44089210E-16  4.44089210E-16  4.44089210E-16       0.00000000       0.00000000       0.00000000       0.00000000  -4.44089210E-16  4.44089210E-16  4.44089210E-16  4.44089210E-16  -4.44089210E-16       0.00000000
  4.44089210E-16  -4.44089210E-16  4.44089210E-16  4.44089210E-16  4.44089210E-16       0.00000000  -4.44089210E-16  4.44089210E-16  4.44089210E-16  -4.44089210E-16  4.44089210E-16       0.00000000  -4.44089210E-16  -4.44089210E-16  4.44089210E-16  4.44089210E-16  4.44089210E-16       0.00000000  -1.33226763E-15  1.33226763E-15
  4.44089210E-16  4.44089210E-16  4.44089210E-16  -4.44089210E-16  4.44089210E-16       0.00000000  4.44089210E-16  4.44089210E-16       0.00000000  -4.44089210E-16  -4.44089210E-16       0.00000000  -4.44089210E-16       0.00000000       0.00000000       0.00000000  4.44089210E-16  -4.44089210E-16       0.00000000  -4.44089210E-16
  4.44089210E-16       0.00000000       0.00000000  4.44089210E-16  4.44089210E-16  4.44089210E-16  4.44089210E-16       0.00000000       0.00000000  4.44089210E-16  -4.44089210E-16  -4.44089210E-16       0.00000000  4.44089210E-16  -4.44089210E-16  -4.44089210E-16  4.44089210E-16       0.00000000  4.44089210E-16  -4.44089210E-16
  4.44089210E-16  -4.44089210E-16  -4.44089210E-16       0.00000000  -4.44089210E-16  4.44089210E-16       0.00000000       0.00000000       0.00000000       0.00000000  1.33226763E-15  -1.33226763E-15  1.33226763E-15  -4.44089210E-16  -4.44089210E-16       0.00000000       0.00000000       0.00000000  1.33226763E-15       0.00000000
  1.33226763E-15       0.00000000       0.00000000  1.33226763E-15  -1.33226763E-15  1.33226763E-15  -1.33226763E-15  1.33226763E-15  1.33226763E-15       0.00000000  1.33226763E-15  1.33226763E-15  -1.33226763E-15       0.00000000       0.00000000  -1.33226763E-15  -1.33226763E-15  -1.33226763E-15  -1.33226763E-15  1.33226763E-15
  1.33226763E-15  -1.33226763E-15  -1.33226763E-15  -1.33226763E-15       0.00000000  1.33226763E-15  1.33226763E-15  -1.33226763E-15  1.33226763E-15       0.00000000  -1.33226763E-15
       0.00000000  -1.33226763E-15       0.00000000  1.33226763E-15  -1.33226763E-15  1.33226763E-15  1.33226763E-15       0.00000000  1.33226763E-15  1.33226763E-15  -1.33226763E-15       0.00000000       0.00000000  1.33226763E-15       0.00000000  -4.44089210E-16  4.44089210E-16  4.44089210E-16  -4.44089210E-16       0.00000000
  -4.44089210E-16  -4.44089210E-16       0.00000000  -4.44089210E-16       0.00000000       0.00000000  -4.44089210E-16       0.00000000  -4.44089210E-16  4.44089210E-16  -4.44089210E-16  4.44089210E-16  4.44089210E-16       0.00000000  -4.44089210E-16  4.44089210E-16       0.00000000       0.00000000  4.44089210E-16  -4.44089210E-16
       0.00000000  4.44089210E-16  4.44089210E-16  4.44089210E-16  4.44089210E-16  -4.44089210E-16  4.44089210E-16  4.44089210E-16       0.00000000       0.00000000  -4.44089210E-16  -4.44089210E-16  4.44089210E-16  4.44089210E-16  -4.44089210E-16       0.00000000       0.00000000  -4.44089210E-16  -1.33226763E-15  1.33226763E-15
  4.44089210E-16  -4.44089210E-16  4.44089210E-16  4.44089210E-16  4.44089210E-16       0.00000000       0.00000000       0.00000000  -4.44089210E-16  4.44089210E-16  4.44089210E-16  4.44089210E-16       0.00000000  -4.44089210E-16  -4.44089210E-16       0.00000000       0.00000000       0.00000000       0.00000000       0.00000000
  -4.44089210E-16  -4.44089210E-16       0.00000000       0.00000000  -4.44089210E-16  -4.44089210E-16       0.00000000  4.44089210E-16  4.44089210E-16  4.44089210E-16  4.44089210E-16       0.00000000  4.44089210E-16  -4.44089210E-16  -4.44089210E-16  -4.44089210E-16  -4.44089210E-16  -4.44089210E-16       0.00000000  4.44089210E-16
  -4.44089210E-16       0.00000000       0.00000000       0.00000000  4.44089210E-16  -4.44089210E-16  -4.44089210E-16  -4.44089210E-16       0.00000000  -1.33226763E-15  1.33226763E-15  1.33226763E-15       0.00000000  4.44089210E-16       0.00000000  -4.44089210E-16       0.00000000  -1.33226763E-15       0.00000000       0.00000000
  -1.33226763E-15       0.00000000  -1.33226763E-15  1.33226763E-15  -1.33226763E-15  1.33226763E-15  1.33226763E-15  -1.33226763E-15       0.00000000  -1.33226763E-15       0.00000000  -1.33226763E-15       0.00000000  -1.33226763E-15       0.00000000       0.00000000  -1.33226763E-15  1.33226763E-15  1.33226763E-15       0.00000000
  -1.33226763E-15  1.33226763E-15  1.33226763E-15       0.00000000  -1.33226763E-15       0.00000000       0.00000000  1.33226763E-15  -1.33226763E-15       0.00000000  1.33226763E-15
  1.33226763E-15  -1.33226763E-15  -1.33226763E-15  -1.33226763E-15       0.00000000  1.33226763E-15       0.00000000  -1.33226763E-15  1.33226763E-15  -1.33226763E-15  -1.33226763E-15  1.33226763E-15       0.00000000       0.00000000  1.33226763E-15       0.00000000  4.44089210E-16  -4.44089210E-16  -4.44089210E-16  4.44089210E-16
  -4.44089210E-16  -4.44089210E-16  -4.44089210E-16  4.44089210E-16  -4.44089210E-16  -4.44089210E-16       0.00000000  -4.44089210E-16       0.00000000  4.44089210E-16  4.44089210E-16  4.44089210E-16  -4.44089210E-16  4.44089210E-16       0.00000000       0.00000000  -4.44089210E-16       0.00000000  4.44089210E-16  -4.44089210E-16
  -4.44089210E-16       0.00000000  4.44089210E-16       0.00000000  4.44089210E-16  4.44089210E-16       0.00000000  -4.44089210E-16       0.00000000       0.00000000  4.44089210E-16  4.44089210E-16  4.44089210E-16       0.00000000       0.00000000  4.44089210E-16       0.00000000  4.44089210E-16  4.44089210E-16       0.00000000
       0.00000000  -4.44089210E-16       0.00000000       0.00000000  -4.44089210E-16       0.00000000  4.44089210E-16       0.00000000  4.44089210E-16       0.00000000  -4.44089210E-16  4.44089210E-16       0.00000000  -4.44089210E-16  -4.44089210E-16  4.44089210E-16       0.00000000  -4.44089210E-16  4.44089210E-16  -4.44089210E-16
  -4.44089210E-16       0.00000000       0.00000000       0.00000000       0.00000000  4.44089210E-16       0.00000000  -4.44089210E-16       0.00000000  -4.44089210E-16       0.00000000       0.00000000  4.44089210E-16  -4.44089210E-16  4.44089210E-16  -4.44089210E-16       0.00000000  4.44089210E-16  4.44089210E-16  4.44089210E-16
  4.44089210E-16  -4.44089210E-16  -4.44089210E-16  -4.44089210E-16       0.00000000  -4.44089210E-16       0.00000000  -4.44089210E-16  -4.44089210E-16       0.00000000  1.33226763E-15  -1.33226763E-15       0.00000000  -4.44089210E-16  -4.44089210E-16  1.33226763E-15       0.00000000       0.00000000  -1.33226763E-15  -1.33226763E-15
  1.33226763E-15  1.33226763E-15  1.33226763E-15       0.00000000  -1.33226763E-15  1.33226763E-15  -1.33226763E-15       0.00000000  -1.33226763E-15  -1.33226763E-15  -1.33226763E-15       0.00000000  -1.33226763E-15       0.00000000       0.00000000  -1.33226763E-15  -1.33226763E-15  1.33226763E-15  -1.33226763E-15  1.33226763E-15
  1.33226763E-15  -1.33226763E-15  1.33226763E-15  -1.33226763E-15  -1.33226763E-15  -1.33226763E-15  1.33226763E-15       0.00000000  1.33226763E-15  1.33226763E-15  -1.33226763E-15
  -1.33226763E-15  -1.33226763E-15  -1.33226763E-15  -1.33226763E-15  -1.33226763E-15  1.33226763E-15       0.00000000       0.00000000  -1.33226763E-15  -1.33226763E-15  -1.33226763E-15  -1.33226763E-15  -1.33226763E-15  -1.33226763E-15  -4.44089210E-16  4.44089210E-16  4.44089210E-16  4.44089210E-16  -4.44089210E-16  4.44089210E-16
  4.44089210E-16       0.00000000  4.44089210E-16  -4.44089210E-16       0.00000000  -4.44089210E-16       0.00000000  -4.44089210E-16       0.00000000       0.00000000       0.00000000       0.00000000  -4.44089210E-16       0.00000000       0.00000000       0.00000000  -4.44089210E-16  -4.44089210E-16  4.44089210E-16       0.00000000
  -4.44089210E-16       0.00000000  -4.44089210E-16       0.00000000  -4.44089210E-16  -4.44089210E-16  -4.44089210E-16       0.00000000  4.44089210E-16  -4.44089210E-16  4.44089210E-16  4.44089210E-16       0.00000000       0.00000000  4.44089210E-16  -4.44089210E-16       0.00000000       0.00000000  4.44089210E-16       0.00000000
  4.44089210E-16  -1.33226763E-15  4.44089210E-16       0.00000000       0.00000000  4.44089210E-16  4.44089210E-16  -4.44089210E-16       0.00000000       0.00000000  4.44089210E-16  4.44089210E-16  4.44089210E-16  4.44089210E-16       0.00000000       0.00000000       0.00000000       0.00000000       0.00000000  4.44089210E-16
       0.00000000       0.00000000  4.44089210E-16       0.00000000       0.00000000  -4.44089210E-16  -4.44089210E-16  4.44089210E-16  -4.44089210E-16  -4.44089210E-16  -4.44089210E-16       0.00000000  4.44089210E-16  4.44089210E-16  -4.44089210E-16  4.44089210E-16  4.44089210E-16  4.44089210E-16  -4.44089210E-16  -4.44089210E-16
  4.44089210E-16  4.44089210E-16  4.44089210E-16  4.44089210E-16  -4.44089210E-16       0.00000000  -4.44089210E-16       0.00000000  -4.44089210E-16  -1.33226763E-15  1.33226763E-15  1.33226763E-15  -4.44089210E-16  4.44089210E-16  1.33226763E-15  -1.33226763E-15  -1.33226763E-15  -1.33226763E-15       0.00000000       0.00000000
       0.00000000       0.00000000  1.33226763E-15       0.00000000  1.33226763E-15  -1.33226763E-15       0.00000000  -1.33226763E-15  -1.33226763E-15       0.00000000  -1.33226763E-15  -1.33226763E-15       0.00000000  -1.33226763E-15       0.00000000  -1.33226763E-15       0.00000000  -1.33226763E-15       0.00000000  -1.33226763E-15
  1.33226763E-15  1.33226763E-15  -1.33226763E-15       0.00000000  -1.33226763E-15  -1.33226763E-15  1.33226763E-15  1.33226763E-15  1.33226763E-15  -1.33226763E-15  -1.33226763E-15
       0.00000000       0.00000000  -1.33226763E-15       0.00000000  1.33226763E-15  -1.33226763E-15  -1.33226763E-15       0.00000000  -1.33226763E-15  1.33226763E-15       0.00000000  -1.33226763E-15       0.00000000  -1.33226763E-15  1.33226763E-15  4.44089210E-16  -4.44089210E-16  4.44089210E-16       0.00000000       0.00000000
       0.00000000  -4.44089210E-16  -4.44089210E-16  -4.44089210E-16       0.00000000       0.00000000  -4.44089210E-16       0.00000000  -4.44089210E-16  4.44089210E-16  4.44089210E-16  -4.44089210E-16  4.44089210E-16       0.00000000  -4.44089210E-16       0.00000000  -4.44089210E-16  4.44089210E-16       0.00000000       0.00000000
  4.44089210E-16  -4.44089210E-16       0.00000000  4.44089210E-16  4.44089210E-16  4.44089210E-16  4.44089210E-16  4.44089210E-16  4.44089210E-16  -4.44089210E-16       0.00000000       0.00000000       0.00000000  -4.44089210E-16       0.00000000  -4.44089210E-16  -4.44089210E-16       0.00000000  4.44089210E-16  -4.44089210E-16
  -4.44089210E-16  4.44089210E-16       0.00000000  4.44089210E-16       0.00000000  4.44089210E-16       0.00000000  -4.44089210E-16       0.00000000       0.00000000  -4.44089210E-16  -4.44089210E-16  -4.44089210E-16       0.00000000  -4.44089210E-16       0.00000000  4.44089210E-16       0.00000000       0.00000000  4.44089210E-16
       0.00000000  4.44089210E-16  4.44089210E-16  -4.44089210E-16  4.44089210E-16  4.44089210E-16       0.00000000       0.00000000       0.00000000       0.00000000       0.00000000  -4.44089210E-16       0.00000000  -4.44089210E-16  4.44089210E-16  -4.44089210E-16       0.00000000       0.00000000       0.00000000  4.44089210E-16
  -4.44089210E-16  4.44089210E-16       0.00000000  4.44089210E-16  4.44089210E-16       0.00000000       0.00000000  -4.44089210E-16  4.44089210E-16  -1.33226763E-15  -1.33226763E-15  -1.33226763E-15  -4.44089210E-16  4.44089210E-16  1.33226763E-15  1.33226763E-15  1.33226763E-15  1.33226763E-15       0.00000000  -1.33226763E-15
  -1.33226763E-15       0.00000000       0.00000000  1.33226763E-15  1.33226763E-15       0.00000000  1.33226763E-15       0.00000000       0.00000000  1.33226763E-15       0.00000000       0.00000000  1.33226763E-15  -1.33226763E-15       0.00000000       0.00000000  -1.33226763E-15  -1.33226763E-15  -1.33226763E-15  1.33226763E-15
  1.33226763E-15       0.00000000  1.33226763E-15       0.00000000  -1.33226763E-15  -1.33226763E-15  1.33226763E-15  1.33226763E-15  -1.33226763E-15       0.00000000  1.33226763E-15
       0.00000000  1.33226763E-15  1.33226763E-15  1.33226763E-15  -1.33226763E-15       0.00000000  1.33226763E-15       0.00000000  1.33226763E-15       0.00000000       0.00000000  1.33226763E-15       0.00000000  -1.33226763E-15  1.33226763E-15       0.00000000  4.44089210E-16  4.44089210E-16       0.00000000  4.44089210E-16
  -4.44089210E-16  -4.44089210E-16       0.00000000  -4.44089210E-16       0.00000000  -4.44089210E-16  -4.44089210E-16       0.00000000  -4.44089210E-16  -4.44089210E-16       0.00000000  -4.44089210E-16  -4.44089210E-16  -4.44089210E-16  4.44089210E-16  -4.44089210E-16       0.00000000       0.00000000       0.00000000  4.44089210E-16
       0.00000000       0.00000000  4.44089210E-16       0.00000000  -4.44089210E-16  -4.44089210E-16  -4.44089210E-16  -4.44089210E-16  4.44089210E-16  -4.44089210E-16  -4.44089210E-16  -4.44089210E-16  -4.44089210E-16  -4.44089210E-16  4.44089210E-16  4.44089210E-16       0.00000000       0.00000000  -4.44089210E-16       0.00000000
  -4.44089210E-16  -4.44089210E-16       0.00000000  -1.33226763E-15  4.44089210E-16       0.00000000  4.44089210E-16  -4.44089210E-16  -4.44089210E-16       0.00000000  4.44089210E-16  -4.44089210E-16  4.44089210E-16  4.44089210E-16  4.44089210E-16  4.44089210E-16  -4.44089210E-16  4.44089210E-16  4.44089210E-16       0.00000000
  -4.44089210E-16       0.00000000  -4.44089210E-16       0.00000000  4.44089210E-16       0.00000000       0.00000000  -4.44089210E-16  -4.44089210E-16  4.44089210E-16       0.00000000  -4.44089210E-16  -4.44089210E-16       0.00000000  4.44089210E-16       0.00000000  -4.44089210E-16       0.00000000       0.00000000  4.44089210E-16
  -4.44089210E-16       0.00000000  -4.44089210E-16  4.44089210E-16  4.44089210E-16       0.00000000  -4.44089210E-16  -4.44089210E-16  4.44089210E-16  -1.33226763E-15  1.33226763E-15       0.00000000  4.44089210E-16  4.44089210E-16  1.33226763E-15       0.00000000  -1.33226763E-15       0.00000000  -1.33226763E-15  1.33226763E-15
  -1.33226763E-15  1.33226763E-15       0.00000000       0.00000000  -1.33226763E-15       0.00000000       0.00000000  1.33226763E-15  1.33226763E-15  1.33226763E-15  -1.33226763E-15  -1.33226763E-15       0.00000000  -1.33226763E-15       0.00000000       0.00000000       0.00000000  1.33226763E-15  -1.33226763E-15       0.00000000
  -1.33226763E-15       0.00000000  -1.33226763E-15  1.33226763E-15       0.00000000  -1.33226763E-15  1.33226763E-15       0.00000000       0.00000000  -1.33226763E-15  1.33226763E-15
  -1.33226763E-15  1.33226763E-15  1.33226763E-15       0.00000000  1.33226763E-15       0.00000000  1.33226763E-15  -1.33226763E-15  1.33226763E-15       0.00000000       0.00000000       0.00000000  1.33226763E-15  -1.33226763E-15       0.00000000  4.44089210E-16  -4.44089210E-16  -4.44089210E-16  4.44089210E-16       0.00000000
  4.44089210E-16  4.44089210E-16  4.44089210E-16  -4.44089210E-16       0.00000000       0.00000000  4.44089210E-16       0.00000000       0.00000000  4.44089210E-16       0.00000000       0.00000000  4.44089210E-16  -4.44089210E-16  4.44089210E-16  -4.44089210E-16       0.00000000       0.00000000  -4.44089210E-16       0.00000000
       0.00000000  -4.44089210E-16       0.00000000       0.00000000       0.00000000  -4.44089210E-16  4.44089210E-16  4.44089210E-16  -4.44089210E-16  -4.44089210E-16       0.00000000  4.44089210E-16  -4.44089210E-16       0.00000000  -4.44089210E-16  -4.44089210E-16  -4.44089210E-16       0.00000000  4.44089210E-16  4.44089210E-16
       0.00000000  -4.44089210E-16  -4.44089210E-16       0.00000000       0.00000000       0.00000000  4.44089210E-16       0.00000000  4.44089210E-16  -4.44089210E-16  4.44089210E-16  -4.44089210E-16  4.44089210E-16  -4.44089210E-16       0.00000000       0.00000000       0.00000000       0.00000000  4.44089210E-16       0.00000000
  4.44089210E-16  4.44089210E-16  4.44089210E-16  -4.44089210E-16  4.44089210E-16  -4.44089210E-16       0.00000000  -4.44089210E-16  -4.44089210E-16  4.44089210E-16  4.44089210E-16       0.00000000  -4.44089210E-16       0.00000000  -4.44089210E-16  4.44089210E-16  -4.44089210E-16       0.00000000       0.00000000       0.00000000
       0.00000000  4.44089210E-16  4.44089210E-16  1.33226763E-15  1.33226763E-15  4.44089210E-16  4.44089210E-16       0.00000000  4.44089210E-16       0.00000000       0.00000000  -1.33226763E-15       0.00000000       0.00000000       0.00000000  1.33226763E-15  -1.33226763E-15       0.00000000       0.00000000       0.00000000
       0.00000000  1.33226763E-15       0.00000000  4.44089210E-16  1.33226763E-15  -1.33226763E-15  1.33226763E-15       0.00000000  1.33226763E-15  -1.33226763E-15  1.33226763E-15       0.00000000       0.00000000  -1.33226763E-15  1.33226763E-15  1.33226763E-15       0.00000000  -1.33226763E-15  -1.33226763E-15  -1.33226763E-15
  1.33226763E-15  1.33226763E-15       0.00000000  -1.33226763E-15  -1.33226763E-15  -1.33226763E-15  -1.33226763E-15  -1.33226763E-15  1.33226763E-15  1.33226763E-15  -1.33226763E-15
  -1.33226763E-15  -1.33226763E-15  -1.33226763E-15  -1.33226763E-15  1.33226763E-15  -1.33226763E-15  -1.33226763E-15  1.33226763E-15  -1.33226763E-15  1.33226763E-15  1.33226763E-15  -1.33226763E-15  -1.33226763E-15  1.33226763E-15  -1.33226763E-15  4.44089210E-16  -4.44089210E-16       0.00000000  4.44089210E-16  -4.44089210E-16
       0.00000000       0.00000000       0.00000000       0.00000000       0.00000000  -4.44089210E-16  -4.44089210E-16  4.44089210E-16  4.44089210E-16       0.00000000       0.00000000  -4.44089210E-16  -4.44089210E-16  -4.44089210E-16  -4.44089210E-16  -4.44089210E-16       0.00000000       0.00000000  -4.44089210E-16  4.44089210E-16
       0.00000000  4.44089210E-16  -4.44089210E-16  -4.44089210E-16       0.00000000       0.00000000       0.00000000  4.44089210E-16       0.00000000       0.00000000  -4.44089210E-16  -4.44089210E-16  4.44089210E-16  4.44089210E-16  -4.44089210E-16  -4.44089210E-16       0.00000000  4.44089210E-16  -4.44089210E-16  4.44089210E-16
  -4.44089210E-16       0.00000000  4.44089210E-16  -4.44089210E-16  -1.33226763E-15  1.33226763E-15  -4.44089210E-16  -4.44089210E-16  4.44089210E-16  4.44089210E-16       0.00000000  -4.44089210E-16       0.00000000  -4.44089210E-16  -4.44089210E-16  4.44089210E-16  4.44089210E-16  4.44089210E-16  -4.44089210E-16  -4.44089210E-16
  -4.44089210E-16  -4.44089210E-16  -4.44089210E-16  -4.44089210E-16  -4.44089210E-16       0.00000000       0.00000000  -4.44089210E-16  4.44089210E-16  -4.44089210E-16       0.00000000  4.44089210E-16  4.44089210E-16  -4.44089210E-16       0.00000000  4.44089210E-16  -4.44089210E-16  1.33226763E-15  1.33226763E-15  -1.33226763E-15
  -4.44089210E-16       0.00000000  4.44089210E-16  -1.33226763E-15  1.33226763E-15       0.00000000  -1.33226763E-15  -1.33226763E-15  1.33226763E-15  -1.33226763E-15  -1.33226763E-15       0.00000000  -4.44089210E-16  -1.33226763E-15  -1.33226763E-15       0.00000000  1.33226763E-15  1.33226763E-15       0.00000000  -4.44089210E-16
  4.44089210E-16  4.44089210E-16       0.00000000  4.44089210E-16  4.44089210E-16  4.44089210E-16       0.00000000  4.44089210E-16       0.00000000  1.33226763E-15  1.33226763E-15  1.33226763E-15       0.00000000  1.33226763E-15  1.33226763E-15  -1.33226763E-15  -1.33226763E-15  1.33226763E-15       0.00000000  1.33226763E-15
  -1.33226763E-15  1.33226763E-15  -1.33226763E-15  -1.33226763E-15  1.33226763E-15  1.33226763E-15  -1.33226763E-15       0.00000000  1.33226763E-15  1.33226763E-15       0.00000000
       0.00000000  1.33226763E-15  -1.33226763E-15  -1.33226763E-15       0.00000000       0.00000000  1.33226763E-15  1.33226763E-15  -1.33226763E-15  1.33226763E-15  -1.33226763E-15       0.00000000  1.33226763E-15  -1.33226763E-15  1.33226763E-15  -1.33226763E-15  4.44089210E-16       0.00000000  -4.44089210E-16  -4.44089210E-16
       0.00000000  -4.44089210E-16  -4.44089210E-16  4.44089210E-16       0.00000000  -4.44089210E-16  4.44089210E-16  -4.44089210E-16       0.00000000       0.00000000  -4.44089210E-16  -4.44089210E-16  -4.44089210E-16  -4.44089210E-16  -4.44089210E-16       0.00000000  -4.44089210E-16       0.00000000  -4.44089210E-16  4.44089210E-16
       0.00000000  -4.44089210E-16       0.00000000  4.44089210E-16  -4.44089210E-16  -4.44089210E-16       0.00000000       0.00000000       0.00000000       0.00000000  4.44089210E-16       0.00000000       0.00000000       0.00000000       0.00000000  4.44089210E-16       0.00000000  4.44089210E-16  4.44089210E-16  -4.44089210E-16
  4.44089210E-16  4.44089210E-16  4.44089210E-16  4.44089210E-16  4.44089210E-16       0.00000000  -1.33226763E-15  -1.33226763E-15       0.00000000       0.00000000  -4.44089210E-16  4.44089210E-16  4.44089210E-16  4.44089210E-16  4.44089210E-16  4.44089210E-16       0.00000000       0.00000000       0.00000000  4.44089210E-16
       0.00000000       0.00000000  4.44089210E-16  4.44089210E-16       0.00000000  4.44089210E-16       0.00000000       0.00000000       0.00000000       0.00000000       0.00000000       0.00000000  4.44089210E-16  4.44089210E-16  -4.44089210E-16  4.44089210E-16  -1.33226763E-15  -1.33226763E-15  1.33226763E-15  -4.44089210E-16
  4.44089210E-16  -4.44089210E-16  4.44089210E-16  4.44089210E-16  4.44089210E-16  -1.33226763E-15       0.00000000  -1.33226763E-15  -1.33226763E-15       0.00000000  1.33226763E-15       0.00000000  4.44089210E-16  1.33226763E-15       0.00000000  1.33226763E-15  -1.33226763E-15  1.33226763E-15       0.00000000       0.00000000
  4.44089210E-16  -4.44089210E-16  2.66453526E-15  2.66453526E-15       0.00000000  -2.66453526E-15  2.66453526E-15       0.00000000  4.44089210E-16  4.44089210E-16  -4.44089210E-16  -1.33226763E-15       0.00000000  1.33226763E-15       0.00000000  -1.33226763E-15  1.33226763E-15  -1.33226763E-15  1.33226763E-15  1.33226763E-15
  1.33226763E-15       0.00000000       0.00000000       0.00000000  -1.33226763E-15  1.33226763E-15  -1.33226763E-15       0.00000000  -1.33226763E-15  1.33226763E-15  -1.33226763E-15
  -4.44089210E-16  4.44089210E-16       0.00000000  -1.33226763E-15  -1.33226763E-15  1.33226763E-15       0.00000000  1.33226763E-15       0.00000000       0.00000000       0.00000000  1.33226763E-15  -1.33226763E-15  1.33226763E-15  -1.33226763E-15  1.33226763E-15  1.33226763E-15       0.00000000       0.00000000  4.44089210E-16
       0.00000000  4.44089210E-16  4.44089210E-16  -4.44089210E-16  4.44089210E-16  4.44089210E-16       0.00000000  4.44089210E-16       0.00000000  4.44089210E-16  -4.44089210E-16       0.00000000  4.44089210E-16  -4.44089210E-16  -4.44089210E-16  4.44089210E-16  -4.44089210E-16       0.00000000  -4.44089210E-16  4.44089210E-16
  4.44089210E-16  -4.44089210E-16  -4.44089210E-16  4.44089210E-16       0.00000000  -4.44089210E-16  -4.44089210E-16  4.44089210E-16       0.00000000  -4.44089210E-16  -4.44089210E-16  -4.44089210E-16  -4.44089210E-16  -4.44089210E-16       0.00000000       0.00000000  -4.44089210E-16  4.44089210E-16  -4.44089210E-16  -4.44089210E-16
  -4.44089210E-16  -4.44089210E-16  4.44089210E-16  4.44089210E-16       0.00000000  4.44089210E-16  4.44089210E-16  1.33226763E-15  1.33226763E-15  1.33226763E-15  4.44089210E-16  -4.44089210E-16  4.44089210E-16  -4.44089210E-16  -4.44089210E-16  -4.44089210E-16  4.44089210E-16       0.00000000  4.44089210E-16  4.44089210E-16
  -4.44089210E-16  4.44089210E-16  -4.44089210E-16       0.00000000  -4.44089210E-16  4.44089210E-16       0.00000000       0.00000000  4.44089210E-16  4.44089210E-16       0.00000000  4.44089210E-16  4.44089210E-16  4.44089210E-16  4.44089210E-16  -1.33226763E-15       0.00000000  -1.33226763E-15       0.00000000  4.44089210E-16
  4.44089210E-16       0.00000000       0.00000000       0.00000000       0.00000000       0.00000000  1.33226763E-15       0.00000000  1.33226763E-15  1.33226763E-15  4.44089210E-16  -4.44089210E-16  -1.33226763E-15  -1.33226763E-15       0.00000000       0.00000000  -1.33226763E-15       0.00000000  -4.44089210E-16  4.44089210E-16
  -4.44089210E-16  2.66453526E-15  -2.66453526E-15  2.66453526E-15       0.00000000  -2.66453526E-15  2.66453526E-15  -2.66453526E-15  2.66453526E-15  4.44089210E-16  4.44089210E-16  -4.44089210E-16  1.33226763E-15       0.00000000  -1.33226763E-15       0.00000000       0.00000000       0.00000000       0.00000000       0.00000000
  -1.33226763E-15  1.33226763E-15  -1.33226763E-15       0.00000000  -1.33226763E-15  1.33226763E-15       0.00000000       0.00000000       0.00000000  1.33226763E-15       0.00000000
  -4.44089210E-16       0.00000000  -4.44089210E-16       0.00000000  -1.33226763E-15  -1.33226763E-15       0.00000000       0.00000000  -1.33226763E-15  1.33226763E-15       0.00000000       0.00000000       0.00000000       0.00000000  1.33226763E-15       0.00000000  1.33226763E-15  -1.33226763E-15       0.00000000  4.44089210E-16
  4.44089210E-16  -4.44089210E-16       0.00000000  4.44089210E-16  4.44089210E-16  -4.44089210E-16  4.44089210E-16       0.00000000  -4.44089210E-16  -4.44089210E-16       0.00000000       0.00000000       0.00000000  4.44089210E-16  4.44089210E-16  4.44089210E-16  4.44089210E-16  -4.44089210E-16  -4.44089210E-16       0.00000000
       0.00000000  4.44089210E-16  4.44089210E-16  4.44089210E-16  4.44089210E-16  -4.44089210E-16  4.44089210E-16  -4.44089210E-16  -4.44089210E-16  -4.44089210E-16  -4.44089210E-16  4.44089210E-16  -4.44089210E-16  -4.44089210E-16  4.44089210E-16  -4.44089210E-16  4.44089210E-16  -4.44089210E-16  4.44089210E-16  -4.44089210E-16
       0.00000000       0.00000000  -4.44089210E-16       0.00000000  -4.44089210E-16  4.44089210E-16  4.44089210E-16  -4.44089210E-16       0.00000000  1.33226763E-15  -1.33226763E-15  4.44089210E-16  4.44089210E-16       0.00000000  -4.44089210E-16  4.44089210E-16       0.00000000  4.44089210E-16  -4.44089210E-16       0.00000000
       0.00000000  -4.44089210E-16  4.44089210E-16       0.00000000       0.00000000  4.44089210E-16  -4.44089210E-16       0.00000000  4.44089210E-16  4.44089210E-16  4.44089210E-16  -4.44089210E-16  -4.44089210E-16  4.44089210E-16  1.33226763E-15       0.00000000       0.00000000  -4.44089210E-16  4.44089210E-16  -4.44089210E-16
  -4.44089210E-16  -4.44089210E-16  4.44089210E-16  4.44089210E-16  -4.44089210E-16  -1.33226763E-15       0.00000000       0.00000000  4.44089210E-16       0.00000000  4.44089210E-16       0.00000000       0.00000000  -1.33226763E-15       0.00000000  1.33226763E-15  -1.33226763E-15  -1.33226763E-15  4.44089210E-16  2.66453526E-15
  2.66453526E-15  -2.66453526E-15       0.00000000  -2.66453526E-15  2.66453526E-15  2.66453526E-15       0.00000000       0.00000000  -2.66453526E-15       0.00000000  -4.44089210E-16       0.00000000  4.44089210E-16  1.33226763E-15       0.00000000  -1.33226763E-15  -1.33226763E-15  1.33226763E-15  1.33226763E-15  -1.33226763E-15
       0.00000000  1.33226763E-15  1.33226763E-15  -1.33226763E-15       0.00000000  -1.33226763E-15  1.33226763E-15  -1.33226763E-15  -1.33226763E-15  -1.33226763E-15  1.33226763E-15
  -4.44089210E-16       0.00000000  4.44089210E-16  -4.44089210E-16       0.00000000  1.33226763E-15  1.33226763E-15  1.33226763E-15       0.00000000  -1.33226763E-15  1.33226763E-15  1.33226763E-15       0.00000000  1.33226763E-15       0.00000000  -1.33226763E-15  -1.33226763E-15  1.33226763E-15  4.44089210E-16  4.44089210E-16
       0.00000000  4.44089210E-16       0.00000000  -4.44089210E-16  -4.44089210E-16       0.00000000  -4.44089210E-16  4.44089210E-16  4.44089210E-16       0.00000000  -4.44089210E-16       0.00000000  -4.44089210E-16  -4.44089210E-16  -4.44089210E-16  -4.44089210E-16  -4.44089210E-16  4.44089210E-16  4.44089210E-16       0.00000000
  -4.44089210E-16       0.00000000       0.00000000  -4.44089210E-16  -4.44089210E-16       0.00000000       0.00000000  4.44089210E-16  4.44089210E-16       0.00000000       0.00000000  4.44089210E-16  4.44089210E-16  4.44089210E-16  -4.44089210E-16  4.44089210E-16  4.44089210E-16  -4.44089210E-16  4.44089210E-16  -4.44089210E-16
  4.44089210E-16  4.44089210E-16  -4.44089210E-16  -4.44089210E-16  4.44089210E-16  4.44089210E-16  4.44089210E-16  -4.44089210E-16  -4.44089210E-16  4.44089210E-16  -1.33226763E-15  1.33226763E-15  1.33226763E-15       0.00000000  4.44089210E-16       0.00000000  -4.44089210E-16  -4.44089210E-16  -4.44089210E-16  -4.44089210E-16
       0.00000000       0.00000000  -4.44089210E-16  4.44089210E-16  -4.44089210E-16       0.00000000  -4.44089210E-16  -4.44089210E-16       0.00000000       0.00000000  4.44089210E-16       0.00000000  -4.44089210E-16       0.00000000  1.33226763E-15  -1.33226763E-15  -4.44089210E-16       0.00000000       0.00000000       0.00000000
  4.44089210E-16  4.44089210E-16  -4.44089210E-16       0.00000000  -4.44089210E-16  1.33226763E-15  1.33226763E-15  -4.44089210E-16  4.44089210E-16  -4.44089210E-16  -4.44089210E-16  -4.44089210E-16       0.00000000  1.33226763E-15  -1.33226763E-15  1.33226763E-15       0.00000000  4.44089210E-16  4.44089210E-16  -2.66453526E-15
  2.66453526E-15  -2.66453526E-15  -2.66453526E-15  -2.66453526E-15       0.00000000  -8.88178420E-16       0.00000000  8.88178420E-16  8.88178420E-16  2.66453526E-15  2.66453526E-15       0.00000000  -4.44089210E-16  -4.44089210E-16  -4.44089210E-16  1.33226763E-15       0.00000000  -1.33226763E-15  -1.33226763E-15       0.00000000
  1.33226763E-15       0.00000000       0.00000000  -1.33226763E-15       0.00000000       0.00000000       0.00000000       0.00000000  1.33226763E-15       0.00000000       0.00000000
  4.44089210E-16       0.00000000  -4.44089210E-16  4.44089210E-16       0.00000000       0.00000000       0.00000000  -1.33226763E-15       0.00000000  1.33226763E-15  -1.33226763E-15       0.00000000  -1.33226763E-15       0.00000000       0.00000000  -1.33226763E-15       0.00000000       0.00000000  1.33226763E-15       0.00000000
       0.00000000  -4.44089210E-16  -4.44089210E-16  -4.44089210E-16       0.00000000  -4.44089210E-16  -4.44089210E-16  4.44089210E-16  4.44089210E-16       0.00000000       0.00000000       0.00000000       0.00000000  4.44089210E-16  -4.44089210E-16  4.44089210E-16  4.44089210E-16  -4.44089210E-16  -4.44089210E-16  -4.44089210E-16
  4.44089210E-16       0.00000000  4.44089210E-16       0.00000000       0.00000000  4.44089210E-16  4.44089210E-16  4.44089210E-16  -4.44089210E-16  -4.44089210E-16       0.00000000  4.44089210E-16  -4.44089210E-16  -4.44089210E-16       0.00000000       0.00000000  4.44089210E-16  -4.44089210E-16  4.44089210E-16  4.44089210E-16
  4.44089210E-16  -4.44089210E-16       0.00000000       0.00000000  -4.44089210E-16       0.00000000  -4.44089210E-16       0.00000000  4.44089210E-16  -4.44089210E-16  4.44089210E-16  1.33226763E-15  -1.33226763E-15  -1.33226763E-15  4.44089210E-16  -4.44089210E-16  -4.44089210E-16  4.44089210E-16       0.00000000       0.00000000
  4.44089210E-16  -4.44089210E-16  4.44089210E-16       0.00000000       0.00000000  -4.44089210E-16  -4.44089210E-16       0.00000000  -4.44089210E-16  4.44089210E-16  4.44089210E-16       0.00000000  -1.33226763E-15  1.33226763E-15  1.33226763E-15  -4.44089210E-16       0.00000000       0.00000000  -4.44089210E-16       0.00000000
       0.00000000  4.44089210E-16       0.00000000  -4.44089210E-16       0.00000000  1.33226763E-15  4.44089210E-16       0.00000000       0.00000000  -4.44089210E-16  4.44089210E-16  -4.44089210E-16  1.33226763E-15  1.33226763E-15  1.33226763E-15  4.44089210E-16  -4.44089210E-16       0.00000000  -4.44089210E-16       0.00000000
  2.66453526E-15       0.00000000       0.00000000  8.88178420E-16  -8.88178420E-16  -8.88178420E-16       0.00000000       0.00000000       0.00000000  -8.88178420E-16  2.66453526E-15  2.66453526E-15       0.00000000  4.44089210E-16  -4.44089210E-16       0.00000000  -4.44089210E-16  -1.33226763E-15  -1.33226763E-15  1.33226763E-15
  1.33226763E-15  1.33226763E-15       0.00000000  -1.33226763E-15  -1.33226763E-15       0.00000000  -1.33226763E-15  -1.33226763E-15  -1.33226763E-15  -1.33226763E-15       0.00000000
  1.33226763E-15       0.00000000       0.00000000       0.00000000       0.00000000  1.33226763E-15  -1.33226763E-15  1.33226763E-15  1.33226763E-15       0.00000000       0.00000000  1.33226763E-15  1.33226763E-15       0.00000000  1.33226763E-15       0.00000000       0.00000000  1.33226763E-15  1.33226763E-15       0.00000000
  -4.44089210E-16  -4.44089210E-16  -4.44089210E-16       0.00000000  -4.44089210E-16  4.44089210E-16  -4.44089210E-16  -4.44089210E-16  4.44089210E-16  4.44089210E-16  4.44089210E-16  -4.44089210E-16  -4.44089210E-16  4.44089210E-16  -4.44089210E-16  -4.44089210E-16  -4.44089210E-16  4.44089210E-16       0.00000000  4.44089210E-16
       0.00000000  4.44089210E-16  4.44089210E-16       0.00000000  4.44089210E-16       0.00000000  -4.44089210E-16  -4.44089210E-16  4.44089210E-16  4.44089210E-16  -4.44089210E-16  4.44089210E-16  -4.44089210E-16  4.44089210E-16       0.00000000  -4.44089210E-16  -4.44089210E-16  -4.44089210E-16       0.00000000  4.44089210E-16
  -4.44089210E-16  -4.44089210E-16  4.44089210E-16  -4.44089210E-16  -4.44089210E-16       0.00000000       0.00000000       0.00000000  4.44089210E-16  4.44089210E-16       0.00000000  -4.44089210E-16  1.33226763E-15  -1.33226763E-15  -1.33226763E-15  -4.44089210E-16  4.44089210E-16  -4.44089210E-16       0.00000000       0.00000000
  -4.44089210E-16       0.00000000  4.44089210E-16       0.00000000  -4.44089210E-16  -4.44089210E-16       0.00000000  -4.44089210E-16       0.00000000  4.44089210E-16       0.00000000  1.33226763E-15  1.33226763E-15       0.00000000       0.00000000  4.44089210E-16  -4.44089210E-16  4.44089210E-16  -4.44089210E-16  -4.44089210E-16
  4.44089210E-16  4.44089210E-16       0.00000000       0.00000000  -1.33226763E-15  1.33226763E-15  -4.44089210E-16  4.44089210E-16  4.44089210E-16  4.44089210E-16       0.00000000       0.00000000  1.33226763E-15  -4.44089210E-16       0.00000000  4.44089210E-16  -4.44089210E-16  4.44089210E-16       0.00000000       0.00000000
  -2.66453526E-15  8.88178420E-16  8.88178420E-16  8.88178420E-16  8.88178420E-16  -8.88178420E-16       0.00000000       0.00000000  -5.32907052E-15  8.88178420E-16       0.00000000  -2.66453526E-15  -2.66453526E-15  -2.66453526E-15  -4.44089210E-16  4.44089210E-16  4.44089210E-16  4.44089210E-16  -4.44089210E-16       0.00000000
  -1.33226763E-15  1.33226763E-15       0.00000000       0.00000000  -1.33226763E-15       0.00000000       0.00000000  -1.33226763E-15  -1.33226763E-15  1.33226763E-15  1.33226763E-15
  1.33226763E-15       0.00000000       0.00000000  4.44089210E-16  -4.44089210E-16  4.44089210E-16       0.00000000  1.33226763E-15  1.33226763E-15  -1.33226763E-15       0.00000000  -1.33226763E-15  1.33226763E-15  1.33226763E-15       0.00000000  -1.33226763E-15  -1.33226763E-15  1.33226763E-15  -1.33226763E-15       0.00000000
  -4.44089210E-16  -4.44089210E-16  -4.44089210E-16       0.00000000       0.00000000  4.44089210E-16  4.44089210E-16  -4.44089210E-16  4.44089210E-16       0.00000000  4.44089210E-16       0.00000000  -4.44089210E-16  4.44089210E-16       0.00000000  -4.44089210E-16  -4.44089210E-16  -4.44089210E-16       0.00000000  -4.44089210E-16
       0.00000000       0.00000000  4.44089210E-16  -4.44089210E-16       0.00000000  4.44089210E-16  -4.44089210E-16  -4.44089210E-16       0.00000000       0.00000000       0.00000000  4.44089210E-16  -4.44089210E-16  -4.44089210E-16  4.44089210E-16  4.44089210E-16  4.44089210E-16       0.00000000  -4.44089210E-16  -4.44089210E-16
  -4.44089210E-16       0.00000000  4.44089210E-16  -4.44089210E-16       0.00000000       0.00000000  -4.44089210E-16       0.00000000  4.44089210E-16  4.44089210E-16  -4.44089210E-16       0.00000000  -4.44089210E-16  1.33226763E-15  -1.33226763E-15       0.00000000       0.00000000       0.00000000  4.44089210E-16  -4.44089210E-16
       0.00000000  -4.44089210E-16       0.00000000  -4.44089210E-16       0.00000000  -4.44089210E-16  4.44089210E-16       0.00000000  4.44089210E-16  1.33226763E-15       0.00000000  -1.33226763E-15  1.33226763E-15       0.00000000  -4.44089210E-16  4.44089210E-16       0.00000000  -4.44089210E-16  -4.44089210E-16  4.44089210E-16
  4.44089210E-16       0.00000000       0.00000000  -1.33226763E-15  -1.33226763E-15  -4.44089210E-16  4.44089210E-16  -4.44089210E-16  4.44089210E-16  -4.44089210E-16  -4.44089210E-16  -4.44089210E-16  4.44089210E-16       0.00000000       0.00000000       0.10500000       0.93500000       1.76500000       2.59500000       3.42500000
       4.25500000       5.08500000       5.49000000       5.47000000       5.45000000       5.43000000       5.41000000       5.39000000       5.37000000       5.35000000       5.33000000       5.31000000       4.53000000       2.99000000       1.45000000       0.00000000  -4.44089210E-16       0.00000000       0.00000000       0.00000000
       0.00000000       0.00000000  -1.33226763E-15  -1.33226763E-15  1.33226763E-15       0.00000000  1.33226763E-15  1.33226763E-15       0.00000000  1.33226763E-15       0.00000000
  4.44089210E-16  4.44089210E-16       0.00000000       0.00000000  -4.44089210E-16       0.00000000  4.44089210E-16       0.00000000  1.33226763E-15       0.00000000  -1.33226763E-15  -1.33226763E-15       0.00000000       0.00000000  1.33226763E-15       0.00000000  -1.33226763E-15  1.33226763E-15  1.33226763E-15  1.33226763E-15
       0.00000000  4.44089210E-16       0.00000000       0.00000000  -4.44089210E-16       0.00000000       0.00000000  4.44089210E-16       0.00000000  4.44089210E-16  4.44089210E-16  4.44089210E-16  -4.44089210E-16  4.44089210E-16  -4.44089210E-16  -4.44089210E-16  4.44089210E-16  -4.44089210E-16       0.00000000       0.00000000
  -4.44089210E-16  4.44089210E-16  -4.44089210E-16  -4.44089210E-16  -4.44089210E-16  4.44089210E-16  4.44089210E-16  -4.44089210E-16  -4.44089210E-16  4.44089210E-16  -4.44089210E-16  -4.44089210E-16  4.44089210E-16  -4.44089210E-16  -4.44089210E-16  4.44089210E-16       0.00000000       0.00000000       0.00000000  4.44089210E-16
  -4.44089210E-16       0.00000000  4.44089210E-16  4.44089210E-16  4.44089210E-16       0.00000000       0.00000000  4.44089210E-16       0.00000000       0.00000000       0.00000000  4.44089210E-16       0.00000000  -4.44089210E-16  4.44089210E-16  1.33226763E-15  -1.33226763E-15       0.00000000  4.44089210E-16       0.00000000
  4.44089210E-16  4.44089210E-16  4.44089210E-16  -4.44089210E-16  -4.44089210E-16       0.00000000  -4.44089210E-16  4.44089210E-16  -1.33226763E-15  1.33226763E-15       0.00000000  4.44089210E-16       0.00000000       0.00000000  -4.44089210E-16       0.00000000  -4.44089210E-16       0.00000000  4.44089210E-16  -4.44089210E-16
       0.00000000  -4.44089210E-16  -4.44089210E-16  -1.33226763E-15  -1.33226763E-15       0.00000000  -4.44089210E-16  -4.44089210E-16  4.44089210E-16  -4.44089210E-16  4.44089210E-16       2.74000000       4.09375000       4.14690018       4.20394039       4.43212032       5.04409027       6.80578995       9.48626041      11.59716988
      13.94569969      15.89500000      16.63000000      16.89000000      17.15000000      17.41000000      17.67000000      17.93000000      18.19000000      18.45000000      18.71000000      18.27301979      15.42337036      13.14365005      11.14160919       9.39105034       7.80500984       6.22879028       5.05142021       4.34669971
       3.94102001       3.74820042  4.44089210E-16       0.00000000  1.33226763E-15  -1.33226763E-15  1.33226763E-15  -1.33226763E-15  1.33226763E-15       0.00000000  1.33226763E-15
  4.44089210E-16  4.44089210E-16  4.44089210E-16  4.44089210E-16  4.44089210E-16  -4.44089210E-16       0.00000000  4.44089210E-16  1.33226763E-15       0.00000000  1.33226763E-15       0.00000000       0.00000000  1.33226763E-15  1.33226763E-15       0.00000000       0.00000000  -1.33226763E-15       0.00000000  1.33226763E-15
  -1.33226763E-15  4.44089210E-16       0.00000000  4.44089210E-16  -4.44089210E-16  4.44089210E-16       0.00000000       0.00000000       0.00000000       0.00000000  4.44089210E-16       0.00000000  -4.44089210E-16       0.00000000  -4.44089210E-16       0.00000000  4.44089210E-16  4.44089210E-16       0.00000000       0.00000000
       0.00000000       0.00000000  -4.44089210E-16  -4.44089210E-16  4.44089210E-16       0.00000000       0.00000000  -4.44089210E-16  -4.44089210E-16  4.44089210E-16  4.44089210E-16  4.44089210E-16  4.44089210E-16  -4.44089210E-16  4.44089210E-16  4.44089210E-16  4.44089210E-16  -4.44089210E-16       0.00000000  -4.44089210E-16
  4.44089210E-16  4.44089210E-16  4.44089210E-16  4.44089210E-16  4.44089210E-16       0.00000000  -4.44089210E-16  4.44089210E-16       0.00000000  4.44089210E-16  4.44089210E-16       0.00000000  -4.44089210E-16  -4.44089210E-16       0.00000000  -4.44089210E-16       0.00000000       0.00000000       0.00000000       0.00000000
  4.44089210E-16  4.44089210E-16  4.44089210E-16  4.44089210E-16       0.00000000  4.44089210E-16  -4.44089210E-16  -4.44089210E-16  1.33226763E-15       0.00000000  4.44089210E-16  4.44089210E-16  4.44089210E-16       0.00000000  4.44089210E-16  -4.44089210E-16       0.00000000       0.00000000  -4.44089210E-16  4.44089210E-16
  4.44089210E-16  4.44089210E-16       0.00000000  1.33226763E-15  -4.44089210E-16  4.44089210E-16  4.44089210E-16  4.44089210E-16  -4.44089210E-16       0.20000000       3.68000000       4.16322041       4.20392990       4.26278019       4.31999016       4.63399982       5.82946014       8.75527954      11.35898972      13.65678978
      15.70383072      17.61128044      18.91451073      19.91005898      20.97834969      22.11672020      23.14558029      24.04825974      24.44038963      24.10437012      22.91197014      20.95496941      18.56061935      16.50410080      14.63319016      12.91659927      11.13035011       8.68247986       6.42592049       5.16084003
       4.60074997       4.40585995       4.01264000  4.44089210E-16  -4.44089210E-16  -1.33226763E-15       0.00000000  1.33226763E-15       0.00000000       0.00000000       0.00000000
  -4.44089210E-16  4.44089210E-16       0.00000000  -4.44089210E-16  4.44089210E-16  4.44089210E-16  4.44089210E-16       0.00000000  -4.44089210E-16  1.33226763E-15  1.33226763E-15  1.33226763E-15  1.33226763E-15  -1.33226763E-15  1.33226763E-15  -1.33226763E-15  -1.33226763E-15  -1.33226763E-15       0.00000000       0.00000000
       0.00000000  -1.33226763E-15       0.00000000  4.44089210E-16  -4.44089210E-16       0.00000000  4.44089210E-16  4.44089210E-16  -4.44089210E-16  4.44089210E-16       0.00000000  -4.44089210E-16  4.44089210E-16  -4.44089210E-16       0.00000000       0.00000000  4.44089210E-16       0.00000000  4.44089210E-16  -4.44089210E-16
  4.44089210E-16       0.00000000       0.00000000       0.00000000       0.00000000       0.00000000  -4.44089210E-16  -4.44089210E-16  4.44089210E-16  -4.44089210E-16       0.00000000  -4.44089210E-16       0.00000000  4.44089210E-16       0.00000000  -4.44089210E-16  4.44089210E-16  4.44089210E-16  4.44089210E-16  4.44089210E-16
  -4.44089210E-16  4.44089210E-16  4.44089210E-16  4.44089210E-16  -4.44089210E-16  -4.44089210E-16  -4.44089210E-16  4.44089210E-16  -4.44089210E-16  -4.44089210E-16  4.44089210E-16  -4.44089210E-16  4.44089210E-16  4.44089210E-16  4.44089210E-16       0.00000000       0.00000000  1.33226763E-15  -1.33226763E-15       0.00000000
  4.44089210E-16       0.00000000       0.00000000  4.44089210E-16  -4.44089210E-16  -4.44089210E-16       0.00000000  1.33226763E-15  -1.33226763E-15       0.00000000       0.00000000  -4.44089210E-16       0.00000000       0.00000000  -4.44089210E-16  -4.44089210E-16  4.44089210E-16  4.44089210E-16  4.44089210E-16       0.00000000
  4.44089210E-16  -4.44089210E-16  1.33226763E-15  -1.33226763E-15       0.00000000  -4.44089210E-16       0.00000000  4.44089210E-16  4.44089210E-16       2.60000000       4.21197033       4.28127956       4.30478001       4.39058971       4.55150986       4.97478008       5.75586033       8.00127983      11.63055038      14.92333984
      17.44499969      19.51184082      20.61701012      21.50637054      22.66749954      23.67410088      24.55335045      25.40560913      25.98393059      25.79165077      24.85131073      23.46010017      21.53602028      19.51094055      17.72410011      15.89602089      13.70466042      11.19840050       9.39437962       8.01204014
       6.89295959       6.14811039       5.33238983       0.00000000  -4.44089210E-16  -4.44089210E-16  -4.44089210E-16       0.00000000  -4.44089210E-16  -4.44089210E-16       0.00000000
  -4.44089210E-16  -4.44089210E-16  -1.33226763E-15  1.33226763E-15  -1.33226763E-15  1.33226763E-15  1.33226763E-15  1.33226763E-15  1.33226763E-15       0.00000000  -1.33226763E-15       0.00000000       0.00000000  -1.33226763E-15  1.33226763E-15  -1.33226763E-15       0.00000000  1.33226763E-15  1.33226763E-15  1.33226763E-15
       0.00000000  1.33226763E-15       0.00000000  1.33226763E-15       0.00000000       0.00000000       0.00000000  -4.44089210E-16       0.00000000  4.44089210E-16       0.00000000       0.00000000       0.00000000  -4.44089210E-16  4.44089210E-16       0.00000000  4.44089210E-16  -4.44089210E-16       0.00000000  4.44089210E-16
       0.00000000  4.44089210E-16  -4.44089210E-16  -4.44089210E-16  4.44089210E-16  -4.44089210E-16  -4.44089210E-16  -4.44089210E-16  4.44089210E-16       0.00000000  -4.44089210E-16  4.44089210E-16  4.44089210E-16  4.44089210E-16  4.44089210E-16       0.00000000  4.44089210E-16  4.44089210E-16  4.44089210E-16       0.00000000
  -4.44089210E-16       0.00000000  -4.44089210E-16  -4.44089210E-16  4.44089210E-16  -4.44089210E-16  -4.44089210E-16  -4.44089210E-16       0.00000000       0.00000000  -4.44089210E-16       0.00000000  -4.44089210E-16       0.00000000  -4.44089210E-16       0.00000000  -4.44089210E-16       0.00000000  -1.33226763E-15  1.33226763E-15
  -1.33226763E-15  4.44089210E-16  -4.44089210E-16  -4.44089210E-16  4.44089210E-16  -4.44089210E-16  4.44089210E-16  1.33226763E-15  -1.33226763E-15  4.44089210E-16  4.44089210E-16  4.44089210E-16  -4.44089210E-16  -4.44089210E-16  -4.44089210E-16  4.44089210E-16  4.44089210E-16       0.00000000  4.44089210E-16  4.44089210E-16
       0.00000000  4.44089210E-16  1.33226763E-15       0.00000000  4.44089210E-16  -4.44089210E-16       0.00000000  4.44089210E-16       2.00000000       4.49829006       4.57791042       4.62590027       4.69301033       4.66921997       4.78536987       5.22220993       5.70273018       6.77962971       9.33856010      12.24411011
      15.27012062      18.76844025      21.26300049      22.40663910      23.86956978      24.95874023      25.75856972      26.71451187      27.64881897      27.83496094      27.10194016      25.70113945      24.46817017      22.21350098      20.03508949      17.82526970      15.77227020      14.05257988      12.77508926      11.51660919
      10.18206978       8.82971954       7.43976974       0.00000000       0.00000000       0.00000000       0.00000000  4.44089210E-16  -4.44089210E-16  -4.44089210E-16  -4.44089210E-16
  -4.44089210E-16       0.00000000       0.00000000       0.00000000       0.00000000  1.33226763E-15  1.33226763E-15  1.33226763E-15  -1.33226763E-15  1.33226763E-15       0.00000000       0.00000000       0.00000000  -1.33226763E-15  -1.33226763E-15  -1.33226763E-15  -1.33226763E-15  -1.33226763E-15       0.00000000  1.33226763E-15
  1.33226763E-15  -1.33226763E-15  1.33226763E-15       0.00000000  1.33226763E-15       0.00000000       0.00000000  -1.33226763E-15  4.44089210E-16  4.44089210E-16  4.44089210E-16  -4.44089210E-16       0.00000000       0.00000000       0.00000000       0.00000000       0.00000000  4.44089210E-16  4.44089210E-16  -4.44089210E-16
  -4.44089210E-16       0.00000000       0.00000000       0.00000000  -4.44089210E-16       0.00000000  4.44089210E-16  -4.44089210E-16       0.00000000  -4.44089210E-16       0.00000000  4.44089210E-16  -4.44089210E-16       0.00000000  4.44089210E-16  4.44089210E-16  4.44089210E-16  -4.44089210E-16  4.44089210E-16       0.00000000
  -4.44089210E-16  4.44089210E-16  4.44089210E-16  4.44089210E-16       0.00000000  -4.44089210E-16  4.44089210E-16  4.44089210E-16       0.00000000  4.44089210E-16       0.00000000       0.00000000  -4.44089210E-16  -4.44089210E-16       0.00000000  -4.44089210E-16  4.44089210E-16       0.00000000       0.00000000  1.33226763E-15
       0.00000000  1.33226763E-15  -1.33226763E-15  -1.33226763E-15  4.44089210E-16       0.00000000  1.33226763E-15  -1.33226763E-15       0.00000000  -4.44089210E-16  -4.44089210E-16  4.44089210E-16  -4.44089210E-16  -4.44089210E-16  4.44089210E-16  -4.44089210E-16  4.44089210E-16  -4.44089210E-16  -4.44089210E-16       0.00000000
       0.00000000  1.33226763E-15       0.00000000       0.00000000       0.00000000  4.44089210E-16       0.00000000       1.88000000       4.64000000       4.88475037       4.95695972       5.03682995       5.08638000       5.06665993       5.07831955       5.53164005       6.27632046       6.99110985       8.40583038      10.16320992
      12.37503052      15.09308052      17.87347031      20.31735992      23.04924965      25.17878914      26.50331879      27.92646027      29.31002045      29.80638123      29.29616165      27.54444122      26.20341873      23.88087082      21.26684952      19.40214920      18.22145081      16.95606995      15.47723961      14.42779922
      13.49920082      12.00260925       8.81000000       0.00000000  2.66453526E-15  -4.44089210E-16  -4.44089210E-16  4.44089210E-16  4.44089210E-16  4.44089210E-16  -1.33226763E-15
       0.00000000  -4.44089210E-16  4.44089210E-16       0.00000000  4.44089210E-16  1.33226763E-15  1.33226763E-15  1.33226763E-15  1.33226763E-15       0.00000000       0.00000000       0.00000000       0.00000000  -1.33226763E-15  -1.33226763E-15  1.33226763E-15       0.00000000  -1.33226763E-15       0.00000000       0.00000000
  1.33226763E-15  1.33226763E-15       0.00000000       0.00000000  1.33226763E-15  1.33226763E-15  1.33226763E-15       0.00000000  1.33226763E-15       0.00000000  4.44089210E-16  4.44089210E-16  -4.44089210E-16  -4.44089210E-16  -4.44089210E-16  4.44089210E-16  4.44089210E-16  -4.44089210E-16       0.00000000       0.00000000
  -4.44089210E-16       0.00000000  -4.44089210E-16  -4.44089210E-16  4.44089210E-16  -4.44089210E-16  -4.44089210E-16  -4.44089210E-16  4.44089210E-16       0.00000000  4.44089210E-16       0.00000000  -4.44089210E-16  4.44089210E-16       0.00000000  -4.44089210E-16       0.00000000  4.44089210E-16  -4.44089210E-16       0.00000000
  4.44089210E-16       0.00000000       0.00000000  4.44089210E-16       0.00000000  4.44089210E-16       0.00000000  -4.44089210E-16       0.00000000  -4.44089210E-16  -4.44089210E-16       0.00000000       0.00000000       0.00000000       0.00000000       0.00000000       0.00000000  1.33226763E-15       0.00000000       0.00000000
  1.33226763E-15  1.33226763E-15  1.33226763E-15  1.33226763E-15       0.00000000       0.00000000  -1.33226763E-15  -1.33226763E-15  1.33226763E-15       0.00000000  4.44089210E-16  -4.44089210E-16       0.00000000       0.00000000       0.00000000  -4.44089210E-16  4.44089210E-16  -4.44089210E-16       0.00000000       0.00000000
  -4.44089210E-16       0.00000000  1.33226763E-15  -4.44089210E-16       0.00000000       0.00000000       2.24000000       4.76000000       4.96862984       5.22883987       5.78800964       6.25298977       6.22204971       5.91086006       6.08166027       7.42469978       8.94925022       9.96895981      10.24814987      10.79129982
      12.24806976      13.64946938      15.81936073      18.66859055      22.26094055      25.54962921      27.61832809      29.45785141      30.83174896      31.40232849      31.04571152      29.36853027      27.57910919      25.10293007      22.55467987      21.29516029      20.66604996      19.09531021      17.38532066      16.48381996
      15.80814934      14.66736984      10.07000000  2.66453526E-15  2.66453526E-15  -2.66453526E-15       0.00000000  4.44089210E-16  4.44089210E-16       0.00000000       0.00000000
       0.00000000  -4.44089210E-16       0.00000000       0.00000000  1.33226763E-15  -4.44089210E-16  -1.33226763E-15       0.00000000       0.00000000       0.00000000  -1.33226763E-15  -1.33226763E-15  -1.33226763E-15       0.00000000       0.00000000       0.00000000  1.33226763E-15  -1.33226763E-15       0.00000000       0.00000000
       0.00000000       0.00000000  -1.33226763E-15       0.00000000  1.33226763E-15  1.33226763E-15  -1.33226763E-15  -1.33226763E-15  4.44089210E-16       0.00000000  -1.33226763E-15  -1.33226763E-15  -4.44089210E-16       0.00000000       0.00000000  -4.44089210E-16  -4.44089210E-16  -4.44089210E-16       0.00000000  -4.44089210E-16
  -4.44089210E-16  4.44089210E-16  -4.44089210E-16  4.44089210E-16       0.00000000  -4.44089210E-16  4.44089210E-16       0.00000000  -4.44089210E-16  4.44089210E-16  4.44089210E-16       0.00000000  -4.44089210E-16  4.44089210E-16  -4.44089210E-16       0.00000000       0.00000000  4.44089210E-16       0.00000000  -4.44089210E-16
  -4.44089210E-16  -4.44089210E-16       0.00000000       0.00000000  -4.44089210E-16  4.44089210E-16       0.00000000  4.44089210E-16  -4.44089210E-16  -4.44089210E-16  4.44089210E-16       0.00000000       0.00000000  -4.44089210E-16  -4.44089210E-16  4.44089210E-16  4.44089210E-16       0.00000000       0.00000000       0.00000000
       0.00000000       0.00000000  1.33226763E-15  -1.33226763E-15       0.00000000       0.00000000       0.00000000  1.33226763E-15  1.33226763E-15  4.44089210E-16       0.00000000       0.00000000  4.44089210E-16       0.00000000       0.00000000  4.44089210E-16  4.44089210E-16  4.44089210E-16       0.00000000  -4.44089210E-16
       0.00000000       0.00000000  4.44089210E-16       0.00000000       0.80000000       3.08000000       4.82509041       5.14605045       5.62660980       6.61013031       7.73610020       8.56363964       8.67150974       8.01395035       8.01043034       9.91816998      12.16732025      13.65369034      13.99039078      13.86421967
      14.31580925      15.10749054      16.86741066      18.68112946      22.01407051      26.17319107      29.57418060      31.49647903      32.58887863      32.91136932      32.43291855      30.96876907      29.21448898      26.94372177      24.50540924      23.42334938      22.21825981      20.29303932      18.95413017      18.14732933
      17.67958069      16.58021927      11.33000000       0.79000000  -2.66453526E-15  -2.66453526E-15  4.44089210E-16  4.44089210E-16  4.44089210E-16       0.00000000  -1.33226763E-15
       0.00000000  -4.44089210E-16       0.00000000  -4.44089210E-16  -4.44089210E-16  -4.44089210E-16  -1.33226763E-15  1.33226763E-15       0.00000000  -1.33226763E-15  -1.33226763E-15  -1.33226763E-15       0.00000000  -1.33226763E-15       0.00000000  1.33226763E-15  1.33226763E-15  1.33226763E-15       0.00000000       0.00000000
  1.33226763E-15  -1.33226763E-15       0.00000000  1.33226763E-15       0.00000000  1.33226763E-15  1.33226763E-15  -1.33226763E-15  -4.44089210E-16       0.00000000  1.33226763E-15  -1.33226763E-15  -1.33226763E-15       0.00000000       0.00000000       0.00000000  -4.44089210E-16  -4.44089210E-16       0.00000000  -4.44089210E-16
  4.44089210E-16       0.00000000  4.44089210E-16  -4.44089210E-16       0.00000000  4.44089210E-16  -4.44089210E-16  -4.44089210E-16  4.44089210E-16       0.00000000       0.00000000  4.44089210E-16  -4.44089210E-16  4.44089210E-16  4.44089210E-16  4.44089210E-16  4.44089210E-16  4.44089210E-16       0.00000000       0.00000000
  4.44089210E-16       0.00000000  -4.44089210E-16  4.44089210E-16       0.00000000       0.00000000  -4.44089210E-16  4.44089210E-16  4.44089210E-16  -4.44089210E-16       0.00000000       0.00000000       0.00000000       0.00000000  -4.44089210E-16  4.44089210E-16       0.00000000  -1.33226763E-15  -4.44089210E-16  -4.44089210E-16
  -1.33226763E-15  1.33226763E-15  1.33226763E-15  -1.33226763E-15       0.00000000  -1.33226763E-15  -4.44089210E-16       0.00000000       0.00000000  4.44089210E-16       0.00000000       0.00000000  -4.44089210E-16       0.00000000       0.00000000  -4.44089210E-16  -4.44089210E-16       0.00000000  -4.44089210E-16  -4.44089210E-16
  1.33226763E-15       0.00000000       0.32000000       2.36000000       4.40000000       5.29963970       5.63640022       6.11651039       7.41858006       8.84914017      10.19368935      11.20713997      11.51140976      10.89896011      10.62406921      12.56458092      15.55536079      17.76827049      18.03829002      17.71896935
      17.64789963      18.51899910      19.46701050      20.24758911      22.56631088      26.25672913      30.82759857      33.61705017      34.50598145      34.72296143      34.26544952      32.91159058      31.17887115      29.11671829      26.93181992      25.23181915      23.19894028      21.34589958      20.18613052      19.18358994
      18.36660004      16.98218918      12.59000000       2.17000000  2.66453526E-15       0.00000000  2.66453526E-15  -4.44089210E-16       0.00000000  -4.44089210E-16       0.00000000
  4.44089210E-16       0.00000000  4.44089210E-16  -4.44089210E-16       0.00000000       0.00000000  -1.33226763E-15  4.44089210E-16  4.44089210E-16       0.00000000  -4.44089210E-16  -1.33226763E-15       0.00000000  -1.33226763E-15  1.33226763E-15       0.00000000  1.33226763E-15       0.00000000  -1.33226763E-15       0.00000000
       0.00000000  1.33226763E-15  1.33226763E-15  4.44089210E-16  -4.44089210E-16  -4.44089210E-16  -1.33226763E-15  4.44089210E-16  4.44089210E-16  -1.33226763E-15  -1.33226763E-15  -1.33226763E-15  1.33226763E-15  1.33226763E-15  4.44089210E-16  -4.44089210E-16  4.44089210E-16       0.00000000  4.44089210E-16       0.00000000
  -4.44089210E-16  4.44089210E-16  -4.44089210E-16       0.00000000  4.44089210E-16  4.44089210E-16  -4.44089210E-16       0.00000000  -4.44089210E-16  -4.44089210E-16       0.00000000       0.00000000       0.00000000  4.44089210E-16  4.44089210E-16  4.44089210E-16  -4.44089210E-16       0.00000000  4.44089210E-16  4.44089210E-16
  4.44089210E-16  -4.44089210E-16  -4.44089210E-16  4.44089210E-16  4.44089210E-16  -4.44089210E-16  -4.44089210E-16       0.00000000       0.00000000  -4.44089210E-16       0.00000000  -4.44089210E-16       0.00000000       0.00000000  -4.44089210E-16       0.00000000  4.44089210E-16  -4.44089210E-16       0.00000000       0.00000000
       0.00000000  4.44089210E-16  4.44089210E-16       0.00000000  4.44089210E-16       0.00000000  4.44089210E-16  1.33226763E-15  -1.33226763E-15  -4.44089210E-16       0.00000000  4.44089210E-16  -4.44089210E-16  -4.44089210E-16  -4.44089210E-16  -4.44089210E-16  -4.44089210E-16       0.00000000  -4.44089210E-16  -4.44089210E-16
       1.02500000       2.67500000       4.25568008       5.08102989       6.33885956       7.72597980       8.34383011       8.90653992      10.16346931      11.69491959      13.17067909      14.12258911      14.40464020      13.64772034      13.18481064      14.94860077      18.13088989      20.99721909      21.73387909      21.74546051
      22.36759949      23.30352974      23.03347015      23.00536919      24.43869019      27.37694931      31.54317856      35.33032990      36.37139893      36.56512070      36.07233810      34.57678986      33.17187119      31.17565155      29.46525192      27.25067902      24.76605034      22.75608063      21.39398003      20.11129951
      18.73485947      16.87528992      13.85000000       3.55000000  -2.66453526E-15  2.66453526E-15  2.66453526E-15  4.44089210E-16  -4.44089210E-16  -4.44089210E-16       0.00000000
  4.44089210E-16  4.44089210E-16  4.44089210E-16  4.44089210E-16  4.44089210E-16  1.33226763E-15  -1.33226763E-15       0.00000000  -4.44089210E-16       0.00000000  4.44089210E-16  4.44089210E-16  -1.33226763E-15       0.00000000       0.00000000       0.00000000       0.00000000       0.00000000       0.00000000  1.33226763E-15
       0.00000000  1.33226763E-15  4.44089210E-16  4.44089210E-16  -4.44089210E-16  -4.44089210E-16       0.00000000  1.33226763E-15  1.33226763E-15  -1.33226763E-15  -1.33226763E-15  1.33226763E-15  1.33226763E-15       0.00000000  -1.33226763E-15  4.44089210E-16  -4.44089210E-16       0.00000000  4.44089210E-16  4.44089210E-16
  -4.44089210E-16  4.44089210E-16  4.44089210E-16       0.00000000  -4.44089210E-16  -4.44089210E-16       0.00000000       0.00000000       0.00000000  4.44089210E-16       0.00000000  -4.44089210E-16  4.44089210E-16  -4.44089210E-16  -4.44089210E-16  4.44089210E-16       0.00000000       0.00000000       0.00000000  -4.44089210E-16
       0.00000000  4.44089210E-16  -4.44089210E-16  4.44089210E-16       0.00000000  4.44089210E-16  -4.44089210E-16  -4.44089210E-16       0.00000000  -4.44089210E-16  -4.44089210E-16  4.44089210E-16  4.44089210E-16       0.00000000  -4.44089210E-16  4.44089210E-16  4.44089210E-16       0.00000000       0.00000000  -1.33226763E-15
       0.00000000       0.00000000  4.44089210E-16  4.44089210E-16  -4.44089210E-16  -4.44089210E-16       0.00000000       0.00000000  1.33226763E-15  -4.44089210E-16       0.00000000  4.44089210E-16  -4.44089210E-16       0.00000000  -4.44089210E-16       0.00000000  4.44089210E-16  4.44089210E-16       0.87500000       2.44785976
       2.27260017       4.29162979       5.55603981       7.33716965       9.53429985      11.70191956      12.81916046      13.27975082      13.95467949      15.14291954      16.54006958      17.31543922      17.16793060      16.17600060      15.49271011      17.03755951      19.98069000      22.96434975      24.61360931      25.35590935
      26.63058090      28.14923859      28.21480942      27.39160156      27.86846161      29.35268021      32.82099915      36.70671082      37.95269012      38.01309967      37.54391861      36.21826172      34.99570847      33.19322968      31.50690842      29.48524857      27.03255844      24.59210014      22.71213913      20.88245010
      18.72514915      16.30188942      13.71235085       4.93000000       0.00000000  -2.66453526E-15  2.66453526E-15  -4.44089210E-16  -4.44089210E-16  1.33226763E-15  -1.33226763E-15
  -4.44089210E-16  -4.44089210E-16  4.44089210E-16  -4.44089210E-16       0.00000000  -4.44089210E-16  -4.44089210E-16       0.00000000       0.00000000       0.00000000  -4.44089210E-16  1.33226763E-15  -1.33226763E-15  1.33226763E-15  -1.33226763E-15  -1.33226763E-15  -1.33226763E-15  1.33226763E-15  1.33226763E-15       0.00000000
  1.33226763E-15       0.00000000  -1.33226763E-15       0.00000000  4.44089210E-16       0.00000000  1.33226763E-15  1.33226763E-15  1.33226763E-15  1.33226763E-15  -1.33226763E-15  1.33226763E-15  1.33226763E-15  1.33226763E-15       0.00000000  -1.33226763E-15  4.44089210E-16  -4.44089210E-16  -4.44089210E-16       0.00000000
  4.44089210E-16  4.44089210E-16       0.00000000  -4.44089210E-16  4.44089210E-16       0.00000000  -4.44089210E-16       0.00000000  4.44089210E-16  4.44089210E-16       0.00000000  4.44089210E-16  -4.44089210E-16  4.44089210E-16       0.00000000  -4.44089210E-16       0.00000000  4.44089210E-16       0.00000000  -4.44089210E-16
  4.44089210E-16  -4.44089210E-16  -4.44089210E-16  -4.44089210E-16       0.00000000  -4.44089210E-16  -4.44089210E-16  -4.44089210E-16  4.44089210E-16       0.00000000  -4.44089210E-16       0.00000000  4.44089210E-16       0.00000000  -4.44089210E-16       0.00000000  4.44089210E-16       0.00000000       0.00000000  4.44089210E-16
  4.44089210E-16       0.00000000  -4.44089210E-16  4.44089210E-16  1.33226763E-15       0.00000000  -1.33226763E-15  -1.33226763E-15  4.44089210E-16  -4.44089210E-16  -4.44089210E-16  4.44089210E-16  -4.44089210E-16  4.44089210E-16  -4.44089210E-16       0.00000000       0.00000000       1.77500000       4.02500000       1.75602007
       3.38574028       5.80613995       8.18966007      10.71873093      12.97183990      15.30233002      16.60713959      17.33155060      17.75366020      18.60062027      19.50412941      19.83538055      19.39226913      18.27688980      17.61638069      18.72347069      21.33266068      24.56217957      26.98720932      28.54513168
      29.92766190      31.50759888      32.62488174      32.42374039      31.85437012      32.23220062      34.63970184      38.03725815      39.43098068      39.51007843      38.93373108      37.91461945      36.63991165      34.91992188      33.23785019      31.43225098      29.24760056      26.77993011      24.26549911      21.96326065
      19.26481056      16.45895004      14.02968025       6.31000000       0.00000000       0.00000000       0.00000000  4.44089210E-16  4.44089210E-16       0.00000000       0.00000000
  -4.44089210E-16  -4.44089210E-16  -4.44089210E-16  4.44089210E-16  4.44089210E-16  4.44089210E-16  -4.44089210E-16  4.44089210E-16  -4.44089210E-16  -4.44089210E-16       0.00000000  4.44089210E-16  -4.44089210E-16  4.44089210E-16       0.00000000  4.44089210E-16  -1.33226763E-15       0.00000000       0.00000000  1.33226763E-15
       0.00000000  1.33226763E-15       0.00000000       0.00000000  -4.44089210E-16       0.00000000  -1.33226763E-15  -1.33226763E-15  1.33226763E-15  -1.33226763E-15  -1.33226763E-15  1.33226763E-15       0.00000000  1.33226763E-15  1.33226763E-15  -1.33226763E-15  1.33226763E-15  -4.44089210E-16  4.44089210E-16  4.44089210E-16
  4.44089210E-16  -4.44089210E-16       0.00000000  4.44089210E-16  4.44089210E-16  4.44089210E-16       0.00000000  -4.44089210E-16       0.00000000       0.00000000  4.44089210E-16  -4.44089210E-16       0.00000000       0.00000000  -4.44089210E-16  4.44089210E-16       0.00000000  4.44089210E-16  4.44089210E-16  -4.44089210E-16
  4.44089210E-16  -4.44089210E-16  -4.44089210E-16  -4.44089210E-16  4.44089210E-16  4.44089210E-16       0.00000000       0.00000000  4.44089210E-16  4.44089210E-16  -4.44089210E-16       0.00000000       0.00000000       0.00000000  -4.44089210E-16  -4.44089210E-16  4.44089210E-16  1.33226763E-15  4.44089210E-16  -1.33226763E-15
  -1.33226763E-15  1.33226763E-15  -4.44089210E-16  -1.33226763E-15  1.33226763E-15  1.33226763E-15  1.33226763E-15       0.00000000  -4.44089210E-16  4.44089210E-16       0.00000000  4.44089210E-16       0.00000000  -4.44089210E-16       0.00000000  4.44089210E-16       0.48000000       2.72000000       4.58302975       1.91212988
       5.32518005       8.08010006      11.71721077      13.85429001      16.02500000      17.31500000      18.60500000      19.89500000      21.06418037      21.95166969      22.51926041      22.34333038      21.63957024      20.16045952      19.42342949      20.31135941      22.83629036      26.54404068      29.05355835      31.15369034
      33.22238922      34.97737885      35.76826096      35.94939041      35.50732040      35.59410095      36.52389145      38.60374069      40.09751892      40.48168945      40.14820099      39.28330994      37.84532928      36.31018066      34.69353867      33.20901108      31.12141037      28.89393997      26.46704865      23.91654968
      20.72176933      17.74485970      14.85843086       6.85000000  2.66453526E-15  2.66453526E-15  -2.66453526E-15  4.44089210E-16  -4.44089210E-16       0.00000000  1.33226763E-15
  -4.44089210E-16  4.44089210E-16  4.44089210E-16  -4.44089210E-16  -4.44089210E-16  -4.44089210E-16  -4.44089210E-16       0.00000000  -4.44089210E-16       0.00000000  4.44089210E-16  -4.44089210E-16  4.44089210E-16  -4.44089210E-16  -4.44089210E-16       0.00000000  -4.44089210E-16  -4.44089210E-16  -4.44089210E-16  -4.44089210E-16
  4.44089210E-16  4.44089210E-16       0.00000000  -4.44089210E-16  4.44089210E-16       0.00000000  -1.33226763E-15  -1.33226763E-15  -1.33226763E-15  -1.33226763E-15       0.00000000  1.33226763E-15       0.00000000  1.33226763E-15       0.00000000  1.33226763E-15       0.00000000  -1.33226763E-15  -4.44089210E-16  4.44089210E-16
  -4.44089210E-16  -4.44089210E-16  -4.44089210E-16  4.44089210E-16  4.44089210E-16  4.44089210E-16       0.00000000       0.00000000       0.00000000  -4.44089210E-16  -4.44089210E-16  -4.44089210E-16  -4.44089210E-16       0.00000000  4.44089210E-16       0.00000000       0.00000000  4.44089210E-16  -4.44089210E-16  -4.44089210E-16
       0.00000000  -4.44089210E-16       0.00000000       0.00000000  4.44089210E-16       0.00000000  -4.44089210E-16  -4.44089210E-16  4.44089210E-16  -4.44089210E-16  -4.44089210E-16  -4.44089210E-16  -4.44089210E-16  4.44089210E-16  4.44089210E-16       0.00000000  -4.44089210E-16  -4.44089210E-16       0.00000000  1.33226763E-15
       0.00000000       0.00000000  4.44089210E-16  1.33226763E-15       0.00000000       0.00000000       0.00000000  4.44089210E-16  -4.44089210E-16       0.00000000  -4.44089210E-16  4.44089210E-16  4.44089210E-16  4.44089210E-16  4.44089210E-16  4.44089210E-16       0.00000000       1.76000000       3.56404018       2.97294998
       7.26537991       9.44000000      11.13500000      12.60500000      14.07500000      15.54500000      17.01500000      18.48500000      19.95500000      21.42500000      22.89500000      24.36500000      23.37482071      21.78738022      21.05415916      21.98617935      25.10386086      28.23920059      32.54008102      35.61669922
      37.50825882      38.70804977      39.79534149      40.18088150      39.01314163      37.84589005      38.03205109      39.01591110      40.18360901      41.03884888      41.15652847      40.30569077      38.82749939      37.41508102      36.17621994      34.99898148      33.43262863      30.87488937      28.30612183      25.59929085
      22.34540939      19.34693909      16.11643028       6.55000000  2.66453526E-15  2.66453526E-15  4.44089210E-16       0.00000000  -4.44089210E-16       0.00000000  1.33226763E-15
  4.44089210E-16       0.00000000       0.00000000  -4.44089210E-16  -4.44089210E-16       0.00000000  -4.44089210E-16  4.44089210E-16  -4.44089210E-16  -4.44089210E-16  4.44089210E-16  -4.44089210E-16       0.00000000  4.44089210E-16  -4.44089210E-16       0.00000000  -4.44089210E-16       0.00000000  -4.44089210E-16  4.44089210E-16
  -4.44089210E-16  4.44089210E-16       0.00000000       0.00000000  -4.44089210E-16  1.33226763E-15  1.33226763E-15       0.00000000  -1.33226763E-15  1.33226763E-15       0.00000000  -1.33226763E-15  -1.33226763E-15  -1.33226763E-15  1.33226763E-15  -1.33226763E-15       0.00000000       0.00000000  -4.44089210E-16       0.00000000
  -4.44089210E-16  4.44089210E-16  -4.44089210E-16  4.44089210E-16  -4.44089210E-16  -4.44089210E-16  -4.44089210E-16       0.00000000  -4.44089210E-16  4.44089210E-16  4.44089210E-16  -4.44089210E-16       0.00000000  -4.44089210E-16       0.00000000  -4.44089210E-16  -4.44089210E-16  -4.44089210E-16       0.00000000       0.00000000
       0.00000000  4.44089210E-16  -4.44089210E-16       0.00000000  -4.44089210E-16  -4.44089210E-16       0.00000000       0.00000000  4.44089210E-16  -4.44089210E-16  -4.44089210E-16  4.44089210E-16  4.44089210E-16  -4.44089210E-16       0.00000000       0.00000000  4.44089210E-16  -4.44089210E-16  1.33226763E-15  4.44089210E-16
  4.44089210E-16       0.00000000       0.00000000  1.33226763E-15  -4.44089210E-16  4.44089210E-16  -4.44089210E-16  4.44089210E-16  4.44089210E-16  -4.44089210E-16  -4.44089210E-16       0.00000000  -4.44089210E-16  -4.44089210E-16  4.44089210E-16  -1.33226763E-15  4.44089210E-16       0.80000000       2.40000000       4.00000000
       5.60000000       7.20000000       8.82500000      10.47500000      12.12500000      13.77500000      15.42500000      17.07500000      18.72500000      20.37500000      22.02500000      23.67500000      23.73282051      22.55541992      22.05603027      23.62991905      26.48675156      31.40859985      36.24185181      38.75000000
      40.65000000      42.09416962      42.67412949      42.66831970      41.55807114      40.28540802      39.65018845      39.74707031      40.62176895      41.49300003      41.71393967      41.06253052      39.79600143      38.36581039      37.14743042      35.77500000      33.42500000      31.07500000      28.72500000      26.37500000
      24.02500000      21.21768951      15.75000000       6.25000000  -2.66453526E-15       0.00000000  -4.44089210E-16       0.00000000  4.44089210E-16  1.33226763E-15  1.33226763E-15
  -4.44089210E-16       0.00000000  4.44089210E-16  -4.44089210E-16       0.00000000  4.44089210E-16       0.00000000  -4.44089210E-16  -4.44089210E-16       0.00000000       0.00000000  -4.44089210E-16       0.00000000       0.00000000  4.44089210E-16  -4.44089210E-16       0.00000000  -4.44089210E-16  -4.44089210E-16  4.44089210E-16
  4.44089210E-16       0.00000000  4.44089210E-16       0.00000000  4.44089210E-16       0.00000000  -1.33226763E-15  -1.33226763E-15  -1.33226763E-15  -1.33226763E-15       0.00000000  -1.33226763E-15  -1.33226763E-15  1.33226763E-15  1.33226763E-15  1.33226763E-15       0.00000000  1.33226763E-15  1.33226763E-15  4.44089210E-16
  4.44089210E-16       0.00000000       0.00000000  -4.44089210E-16  4.44089210E-16  -4.44089210E-16  -4.44089210E-16  -4.44089210E-16       0.00000000       0.00000000  -4.44089210E-16  4.44089210E-16       0.00000000  4.44089210E-16  4.44089210E-16  4.44089210E-16  4.44089210E-16       0.00000000  4.44089210E-16       0.00000000
       0.00000000       0.00000000  -4.44089210E-16       0.00000000  4.44089210E-16  -4.44089210E-16  4.44089210E-16  4.44089210E-16       0.00000000       0.00000000       0.00000000       0.00000000  4.44089210E-16       0.00000000       0.00000000  -4.44089210E-16  -4.44089210E-16       0.00000000       0.00000000       0.00000000
  -4.44089210E-16       0.00000000       0.00000000  1.33226763E-15  -1.33226763E-15  4.44089210E-16  -4.44089210E-16  -4.44089210E-16       0.00000000  -4.44089210E-16  -4.44089210E-16  -4.44089210E-16       0.00000000  -4.44089210E-16  -4.44089210E-16  1.33226763E-15       0.00000000       0.00000000       1.12000000       2.40000000
       3.68000000       4.96000000       6.51500000       8.34500000      10.17500000      12.00500000      13.83500000      15.66500000      17.49500000      19.32500000      21.15500000      22.98500000      23.48435974      22.73397064      22.91575050      24.59790039      28.45705032      33.07508087      37.55000000      39.65000000
      41.75000000      43.68103027      43.95555878      44.06549072      43.75825119      42.90303040      41.81412888      41.48820877      42.01351166      42.38042831      42.33158875      41.58288956      40.55567169      39.26232147      37.90513992      35.56500000      33.15500000      30.74500000      28.33500000      25.92500000
      23.51500000      21.10500000      15.25000000       5.95000000  2.66453526E-15  2.66453526E-15       0.00000000       0.00000000       0.00000000       0.00000000       0.00000000
  -4.44089210E-16  4.44089210E-16       0.00000000  4.44089210E-16  -4.44089210E-16  4.44089210E-16       0.00000000  -4.44089210E-16       0.00000000  4.44089210E-16  4.44089210E-16  -4.44089210E-16  -4.44089210E-16       0.00000000  4.44089210E-16       0.00000000       0.00000000       0.00000000  -4.44089210E-16  4.44089210E-16
       0.00000000  -4.44089210E-16  4.44089210E-16  -4.44089210E-16       0.00000000  1.33226763E-15  -1.33226763E-15  1.33226763E-15  1.33226763E-15       0.00000000  -1.33226763E-15  -1.33226763E-15       0.00000000  -1.33226763E-15  1.33226763E-15  -1.33226763E-15  1.33226763E-15  1.33226763E-15  1.33226763E-15  -4.44089210E-16
  -4.44089210E-16  4.44089210E-16  4.44089210E-16  -4.44089210E-16  4.44089210E-16  4.44089210E-16  4.44089210E-16       0.00000000       0.00000000       0.00000000  4.44089210E-16  4.44089210E-16  4.44089210E-16  4.44089210E-16  -4.44089210E-16       0.00000000       0.00000000       0.00000000  -4.44089210E-16  4.44089210E-16
       0.00000000  4.44089210E-16  4.44089210E-16  -4.44089210E-16       0.00000000  -4.44089210E-16  4.44089210E-16       0.00000000  -4.44089210E-16  4.44089210E-16  4.44089210E-16  4.44089210E-16  -1.33226763E-15       0.00000000  1.33226763E-15  4.44089210E-16  4.44089210E-16  -4.44089210E-16  -4.44089210E-16  4.44089210E-16
  -1.33226763E-15  -1.33226763E-15       0.00000000  -1.33226763E-15  -1.33226763E-15  4.44089210E-16       0.00000000       0.00000000  4.44089210E-16       0.00000000  4.44089210E-16       0.00000000  4.44089210E-16       0.00000000       0.00000000  4.44089210E-16       0.00000000       0.00000000  -1.33226763E-15       0.80000000
       1.76000000       2.72000000       4.20500000       6.21500000       8.22500000      10.23500000      12.24500000      14.25500000      16.26500000      18.27500000      20.28500000      22.29500000      22.96290970      22.39211082      22.76552963      25.49786949      29.55865097      34.37707901      38.25000000      40.55000000
      42.85000000      44.52103043      44.90718079      45.14519882      45.30992889      44.92702866      44.03773880      43.71120071      44.23995972      44.18741989      43.12585831      41.94396973      40.78398895      39.62934113      37.82500000      35.35500000      32.88500000      30.41500000      27.94500000      25.47500000
      23.00500000      20.53500000      14.75000000       5.65000000  -2.66453526E-15       0.00000000  -2.66453526E-15  4.44089210E-16  1.33226763E-15  -1.33226763E-15  1.33226763E-15
       0.00000000  4.44089210E-16       0.00000000  -4.44089210E-16  -4.44089210E-16  4.44089210E-16  4.44089210E-16  -4.44089210E-16       0.00000000  -4.44089210E-16  -4.44089210E-16  -4.44089210E-16       0.00000000  -4.44089210E-16       0.00000000  4.44089210E-16  -4.44089210E-16       0.00000000  -4.44089210E-16       0.00000000
  4.44089210E-16  -4.44089210E-16  4.44089210E-16  4.44089210E-16  -4.44089210E-16  4.44089210E-16  -1.33226763E-15  1.33226763E-15  1.33226763E-15  -1.33226763E-15  1.33226763E-15  -1.33226763E-15  1.33226763E-15       0.00000000  1.33226763E-15  -1.33226763E-15  -1.33226763E-15       0.00000000       0.00000000  1.33226763E-15
  4.44089210E-16  4.44089210E-16  4.44089210E-16  -4.44089210E-16  -4.44089210E-16  4.44089210E-16  -4.44089210E-16  -4.44089210E-16  4.44089210E-16       0.00000000  -4.44089210E-16       0.00000000  4.44089210E-16       0.00000000       0.00000000  -4.44089210E-16       0.00000000  -4.44089210E-16       0.00000000  -4.44089210E-16
  -4.44089210E-16       0.00000000  4.44089210E-16  -4.44089210E-16  -4.44089210E-16  4.44089210E-16       0.00000000  4.44089210E-16  -4.44089210E-16  4.44089210E-16  -4.44089210E-16  4.44089210E-16  -1.33226763E-15       0.00000000       0.00000000       0.00000000       0.00000000  -4.44089210E-16  4.44089210E-16  4.44089210E-16
  -1.33226763E-15  1.33226763E-15       0.00000000  1.33226763E-15  -4.44089210E-16  4.44089210E-16  -4.44089210E-16  4.44089210E-16  4.44089210E-16       0.00000000  -4.44089210E-16       0.00000000       0.00000000  -4.44089210E-16       0.00000000       0.00000000  -4.44089210E-16  4.44089210E-16  -1.33226763E-15  -2.66453526E-15
  -2.66453526E-15       0.48000000       1.89500000       4.08500000       6.27500000       8.46500000      10.65500000      12.84500000      15.03500000      17.22500000      19.41500000      21.60500000      21.98316002      21.07641983      23.07859039      26.55403137      30.80577087      35.73062134      38.95000000      41.45000000
      43.95000000      44.94916916      45.63182831      46.08911133      46.18444061      45.93095016      45.54544830      45.36594009      45.29500000      44.92500000      43.84751129      42.36161041      40.95692062      39.56087875      37.67500000      35.14500000      32.61500000      30.08500000      27.55500000      25.02500000
      22.49500000      19.96500000      14.25000000       5.35000000  -8.88178420E-16  -2.66453526E-15       0.00000000  -4.44089210E-16       0.00000000  -1.33226763E-15  4.44089210E-16
       0.00000000  4.44089210E-16  4.44089210E-16  4.44089210E-16  -4.44089210E-16       0.00000000  -4.44089210E-16  -4.44089210E-16  4.44089210E-16  -4.44089210E-16  4.44089210E-16       0.00000000       0.00000000       0.00000000  -4.44089210E-16       0.00000000  -4.44089210E-16  4.44089210E-16       0.00000000  -4.44089210E-16
  4.44089210E-16       0.00000000  -4.44089210E-16       0.00000000  -4.44089210E-16  4.44089210E-16  -4.44089210E-16  -1.33226763E-15  -1.33226763E-15  1.33226763E-15       0.00000000  1.33226763E-15  1.33226763E-15  -1.33226763E-15  1.33226763E-15       0.00000000  1.33226763E-15       0.00000000  1.33226763E-15  -1.33226763E-15
  -4.44089210E-16  4.44089210E-16  4.44089210E-16  4.44089210E-16  4.44089210E-16  4.44089210E-16       0.00000000  4.44089210E-16  -4.44089210E-16       0.00000000       0.00000000       0.00000000  4.44089210E-16  4.44089210E-16       0.00000000  4.44089210E-16  -4.44089210E-16  4.44089210E-16  -4.44089210E-16  4.44089210E-16
       0.00000000  4.44089210E-16       0.00000000  -4.44089210E-16  -4.44089210E-16  -4.44089210E-16  -4.44089210E-16       0.00000000  -4.44089210E-16  4.44089210E-16       0.00000000  -4.44089210E-16       0.00000000  -1.33226763E-15  1.33226763E-15       0.00000000  -4.44089210E-16  4.44089210E-16  -4.44089210E-16       0.00000000
  1.33226763E-15       0.00000000  -4.44089210E-16       0.00000000  4.44089210E-16  4.44089210E-16       0.00000000       0.00000000       0.00000000  4.44089210E-16  -4.44089210E-16       0.00000000  4.44089210E-16       0.00000000  -4.44089210E-16  4.44089210E-16       0.00000000  4.44089210E-16  -4.44089210E-16  2.66453526E-15
  2.66453526E-15       0.00000000       0.00000000       1.95500000       4.32500000       6.69500000       9.06500000      11.43500000      13.80500000      16.17500000      18.54500000      20.85141945      19.92828941      20.21694946      23.63747978      27.59146118      32.48469925      36.95000000      39.65000000      42.35000000
      44.42417145      45.47399902      46.43957138      47.01271820      47.20362854      46.99819946      46.71654129      46.29500000      45.77154160      45.13063049      43.93170929      42.42382812      40.79198837      39.30310059      37.52500000      34.93500000      32.34500000      29.75500000      27.16500000      24.57500000
      21.98500000      19.39500000      13.75000000       5.05000000       0.00000000  2.66453526E-15  -4.44089210E-16       0.00000000       0.00000000  4.44089210E-16  4.44089210E-16
  -4.44089210E-16       0.00000000  -4.44089210E-16       0.00000000       0.00000000       0.00000000       0.00000000  -4.44089210E-16  4.44089210E-16       0.00000000  -4.44089210E-16  -4.44089210E-16  4.44089210E-16  4.44089210E-16  -4.44089210E-16  -4.44089210E-16       0.00000000  4.44089210E-16       0.00000000  4.44089210E-16
  -4.44089210E-16  -4.44089210E-16  4.44089210E-16       0.00000000       0.00000000  4.44089210E-16  4.44089210E-16       0.00000000       0.00000000       0.00000000  1.33226763E-15       0.00000000  -1.33226763E-15       0.00000000  1.33226763E-15       0.00000000  -1.33226763E-15       0.00000000       0.00000000  1.33226763E-15
  -4.44089210E-16       0.00000000  4.44089210E-16  -4.44089210E-16       0.00000000  4.44089210E-16  4.44089210E-16  -4.44089210E-16       0.00000000  4.44089210E-16  4.44089210E-16  -4.44089210E-16       0.00000000  4.44089210E-16       0.00000000  4.44089210E-16  4.44089210E-16  -4.44089210E-16  4.44089210E-16       0.00000000
  -4.44089210E-16  -4.44089210E-16  -4.44089210E-16  -4.44089210E-16       0.00000000       0.00000000  -4.44089210E-16  -4.44089210E-16       0.00000000  4.44089210E-16  -4.44089210E-16       0.00000000       0.00000000       0.00000000  -1.33226763E-15       0.00000000  4.44089210E-16  4.44089210E-16       0.00000000  1.33226763E-15
       0.00000000       0.00000000  1.33226763E-15       0.00000000  -1.33226763E-15  4.44089210E-16  -4.44089210E-16  -4.44089210E-16  4.44089210E-16       0.00000000  -4.44089210E-16  -4.44089210E-16       0.00000000       0.00000000  4.44089210E-16       0.00000000  -4.44089210E-16  4.44089210E-16  4.44089210E-16       0.00000000
  2.66453526E-15  -2.66453526E-15  2.66453526E-15       0.00000000       2.37500000       4.92500000       7.47500000      10.02500000      12.57500000      15.12500000      17.31718063      17.65928078      17.56538010      20.60920906      24.54425049      29.63240814      34.55000000      37.45000000      40.35000000      43.25000000
      45.42802048      46.46445847      47.28453827      47.79468918      48.02429962      47.96371078      47.57500000      46.92500000      46.19305038      45.14178848      44.00114059      42.37134171      40.63558960      39.18896103      37.37500000      34.72500000      32.07500000      29.42500000      26.77500000      24.12500000
      21.47500000      18.82500000      13.25000000       4.75000000       0.00000000       0.00000000  -4.44089210E-16       0.00000000       0.00000000  -4.44089210E-16  -4.44089210E-16
       0.00000000  4.44089210E-16       0.00000000  4.44089210E-16       0.00000000  -4.44089210E-16  4.44089210E-16  4.44089210E-16  4.44089210E-16  -4.44089210E-16       0.00000000  -4.44089210E-16       0.00000000       0.00000000  -4.44089210E-16  4.44089210E-16  -4.44089210E-16       0.00000000  -4.44089210E-16       0.00000000
  4.44089210E-16  4.44089210E-16       0.00000000       0.00000000       0.00000000  -4.44089210E-16  4.44089210E-16  4.44089210E-16       0.00000000       0.00000000  1.33226763E-15  1.33226763E-15  -1.33226763E-15  1.33226763E-15  1.33226763E-15  1.33226763E-15  -1.33226763E-15  -1.33226763E-15  1.33226763E-15  -1.33226763E-15
  -4.44089210E-16       0.00000000  -4.44089210E-16  -4.44089210E-16       0.00000000  -4.44089210E-16       0.00000000       0.00000000  -4.44089210E-16       0.00000000  4.44089210E-16  -4.44089210E-16  -4.44089210E-16  -4.44089210E-16       0.00000000  4.44089210E-16  4.44089210E-16  -4.44089210E-16  4.44089210E-16  4.44089210E-16
  4.44089210E-16  4.44089210E-16  4.44089210E-16       0.00000000  -4.44089210E-16       0.00000000  -4.44089210E-16  -4.44089210E-16  -4.44089210E-16  -4.44089210E-16       0.00000000  -1.33226763E-15  -1.33226763E-15       0.00000000  1.33226763E-15  1.33226763E-15  -1.33226763E-15  4.44089210E-16       0.00000000       0.00000000
  -1.33226763E-15       0.00000000       0.00000000       0.00000000  -4.44089210E-16  4.44089210E-16  4.44089210E-16  4.44089210E-16       0.00000000  4.44089210E-16  4.44089210E-16  -4.44089210E-16       0.00000000  -4.44089210E-16  -4.44089210E-16  -4.44089210E-16  4.44089210E-16  4.44089210E-16       0.00000000  4.44089210E-16
  -4.44089210E-16  2.66453526E-15       0.00000000  -2.66453526E-15       0.42500000       3.15500000       5.88500000       8.61500000      10.59803009      11.97911072      13.17605972      14.82280922      16.98027039      21.42251968      26.59049988      31.32545090      34.85000000      37.95000000      41.05000000      44.15000000
      46.77219009      47.55739975      48.23176956      48.53752899      48.64754868      48.57321930      48.18584061      47.33649826      46.45729828      45.38331985      43.97378922      42.32141113      40.48826981      38.84029007      37.22500000      34.51500000      31.80500000      29.09500000      26.38500000      23.67500000
      20.51847076      16.64435959      12.75000000       4.45000000  -2.66453526E-15       0.00000000       0.00000000  -1.33226763E-15  -1.33226763E-15  4.44089210E-16       0.00000000
  4.44089210E-16  4.44089210E-16       0.00000000  -4.44089210E-16       0.00000000  4.44089210E-16  -4.44089210E-16       0.00000000       0.00000000  -4.44089210E-16  4.44089210E-16       0.00000000  -4.44089210E-16  4.44089210E-16  4.44089210E-16  4.44089210E-16  4.44089210E-16       0.00000000  4.44089210E-16  4.44089210E-16
  4.44089210E-16  4.44089210E-16  -4.44089210E-16       0.00000000  4.44089210E-16  -4.44089210E-16       0.00000000       0.00000000  4.44089210E-16  -4.44089210E-16  4.44089210E-16       0.00000000  -1.33226763E-15  -1.33226763E-15       0.00000000       0.00000000  1.33226763E-15  1.33226763E-15  1.33226763E-15  -1.33226763E-15
       0.00000000  -4.44089210E-16  4.44089210E-16  4.44089210E-16       0.00000000  4.44089210E-16  4.44089210E-16  4.44089210E-16       0.00000000  -4.44089210E-16  -4.44089210E-16  -4.44089210E-16  -4.44089210E-16       0.00000000       0.00000000       0.00000000       0.00000000       0.00000000       0.00000000       0.00000000
  4.44089210E-16  4.44089210E-16       0.00000000  4.44089210E-16  -4.44089210E-16  4.44089210E-16       0.00000000       0.00000000  4.44089210E-16       0.00000000  -4.44089210E-16  4.44089210E-16  -1.33226763E-15  1.33226763E-15       0.00000000       0.00000000  1.33226763E-15  4.44089210E-16  -4.44089210E-16  1.33226763E-15
       0.00000000  -1.33226763E-15  -1.33226763E-15  -4.44089210E-16  -4.44089210E-16  -4.44089210E-16  4.44089210E-16  -4.44089210E-16  4.44089210E-16  4.44089210E-16  -4.44089210E-16  4.44089210E-16  -4.44089210E-16       0.00000000       0.00000000  -4.44089210E-16       0.00000000  -4.44089210E-16       0.00000000  4.44089210E-16
  -4.44089210E-16  4.44089210E-16  -4.44089210E-16  -2.66453526E-15       0.00000000       1.38500000       4.29500000       6.29183960       6.96712971       8.42646027      10.65859032      14.04479027      17.85289001      23.43029976      28.55000000      31.85000000      35.15000000      38.45000000      41.75000000      45.05000000
      47.41933060      48.41754913      48.94371033      49.13259125      49.06887054      48.78152084      48.18569946      47.36505890      46.52753830      45.38245010      43.85543823      41.92166901      39.42049026      37.18698883      35.46981812      33.38932037      29.82923126      25.83189011      22.75692940      19.84997940
      16.67443085      13.40353966      10.37070084       4.15000000       0.00000000       0.00000000  -1.33226763E-15  1.33226763E-15  1.33226763E-15       0.00000000  -4.44089210E-16
  -4.44089210E-16  -4.44089210E-16  -4.44089210E-16       0.00000000  4.44089210E-16       0.00000000  4.44089210E-16       0.00000000       0.00000000  -4.44089210E-16  4.44089210E-16  -4.44089210E-16  4.44089210E-16  4.44089210E-16  -4.44089210E-16  4.44089210E-16  -4.44089210E-16       0.00000000  4.44089210E-16  -4.44089210E-16
  4.44089210E-16       0.00000000       0.00000000       0.00000000  -4.44089210E-16  4.44089210E-16  4.44089210E-16       0.00000000       0.00000000       0.00000000  -4.44089210E-16  4.44089210E-16  4.44089210E-16  -1.33226763E-15       0.00000000       0.00000000       0.00000000  -1.33226763E-15  1.33226763E-15  1.33226763E-15
  4.44089210E-16  -4.44089210E-16  4.44089210E-16  4.44089210E-16  -4.44089210E-16  4.44089210E-16  4.44089210E-16  -4.44089210E-16       0.00000000  4.44089210E-16  4.44089210E-16  4.44089210E-16       0.00000000  4.44089210E-16  -4.44089210E-16  -4.44089210E-16  4.44089210E-16  4.44089210E-16       0.00000000       0.00000000
       0.00000000       0.00000000  -4.44089210E-16  4.44089210E-16  4.44089210E-16       0.00000000  -4.44089210E-16       0.00000000  -4.44089210E-16  4.44089210E-16       0.00000000  -4.44089210E-16  1.33226763E-15  1.33226763E-15  -1.33226763E-15  1.33226763E-15  -4.44089210E-16  -4.44089210E-16       0.00000000       0.00000000
  1.33226763E-15       0.00000000  1.33226763E-15  1.33226763E-15  -1.33226763E-15  -4.44089210E-16  1.33226763E-15  1.33226763E-15       0.00000000       0.00000000  -4.44089210E-16  -4.44089210E-16  1.33226763E-15  -4.44089210E-16  -4.44089210E-16  -4.44089210E-16  2.66453526E-15  4.44089210E-16  1.33226763E-15       0.00000000
  4.44089210E-16  4.44089210E-16       0.00000000  -4.44089210E-16  -4.44089210E-16       0.02500000       2.97500000       5.69009972       5.94429016       6.80881023      10.58999062      13.95253944      19.02123070      24.13500000      27.42500000      30.71500000      34.00500000      37.29500000      40.58500000      43.87500000
      47.16500000      48.35911179      48.83596039      49.03776169      48.90341187      48.62044144      47.87000000      46.93000000      45.99000000      44.91762924      43.42010117      40.21508026      36.83309174      33.96390915      32.13259888      30.58940887      27.34022903      23.04232025      19.32262993      16.09329987
      13.10794067      10.35577965       7.93393040       1.44000000  4.44089210E-16  -4.44089210E-16       0.00000000       0.00000000  4.44089210E-16  4.44089210E-16  4.44089210E-16
  4.44089210E-16       0.00000000  -4.44089210E-16       0.00000000  -4.44089210E-16  -4.44089210E-16       0.00000000  -4.44089210E-16  4.44089210E-16       0.00000000  4.44089210E-16  -4.44089210E-16  -4.44089210E-16  4.44089210E-16  4.44089210E-16  -4.44089210E-16  -4.44089210E-16       0.00000000  4.44089210E-16  -4.44089210E-16
  4.44089210E-16       0.00000000       0.00000000  4.44089210E-16       0.00000000  4.44089210E-16       0.00000000  4.44089210E-16       0.00000000  -4.44089210E-16  -4.44089210E-16  -4.44089210E-16  4.44089210E-16  -1.33226763E-15       0.00000000  1.33226763E-15  -1.33226763E-15       0.00000000       0.00000000       0.00000000
       0.00000000  1.33226763E-15  4.44089210E-16  -4.44089210E-16  4.44089210E-16  -4.44089210E-16  -4.44089210E-16       0.00000000  4.44089210E-16       0.00000000       0.00000000       0.00000000       0.00000000  4.44089210E-16  4.44089210E-16       0.00000000  4.44089210E-16  4.44089210E-16       0.00000000  -4.44089210E-16
       0.00000000  -4.44089210E-16       0.00000000  -4.44089210E-16  -4.44089210E-16  -4.44089210E-16  -4.44089210E-16  4.44089210E-16       0.00000000  4.44089210E-16       0.00000000  -1.33226763E-15  1.33226763E-15  1.33226763E-15  4.44089210E-16  -1.33226763E-15  -1.33226763E-15  -1.33226763E-15  -1.33226763E-15  4.44089210E-16
  -4.44089210E-16  1.33226763E-15       0.00000000       0.00000000  1.33226763E-15  -1.33226763E-15  1.33226763E-15  -1.33226763E-15       0.00000000       0.00000000  1.33226763E-15       0.00000000  4.44089210E-16  4.44089210E-16       0.00000000       0.00000000  -4.44089210E-16  4.44089210E-16  1.33226763E-15  -4.44089210E-16
  4.44089210E-16  -4.44089210E-16  4.44089210E-16  4.44089210E-16  -4.44089210E-16  4.44089210E-16       1.92500000       4.77500000       5.63741016       6.50525951      10.55529976      14.70070076      19.13500000      22.20500000      25.27500000      28.34500000      31.41500000      34.48500000      37.55500000      40.62500000
      43.69500000      46.76500000      47.89000000      47.07000000      46.25000000      45.43000000      44.61000000      43.79000000      42.97000000      42.15000000      41.21033096      37.50712967      33.41403961      29.97946167      27.40213013      25.45148087      23.22677040      20.20645905      16.54540062      13.31815910
      10.51285934       8.10988998       3.24000000  -4.44089210E-16  -4.44089210E-16  1.33226763E-15  -1.33226763E-15       0.00000000  -4.44089210E-16  -4.44089210E-16       0.00000000
  4.44089210E-16       0.00000000       0.00000000  4.44089210E-16       0.00000000  -4.44089210E-16  4.44089210E-16  -4.44089210E-16  -4.44089210E-16  4.44089210E-16  4.44089210E-16  4.44089210E-16       0.00000000  -4.44089210E-16  -4.44089210E-16  4.44089210E-16  -4.44089210E-16  4.44089210E-16       0.00000000  4.44089210E-16
       0.00000000       0.00000000  4.44089210E-16  -4.44089210E-16       0.00000000  4.44089210E-16       0.00000000       0.00000000  4.44089210E-16  -4.44089210E-16       0.00000000       0.00000000  -4.44089210E-16  4.44089210E-16       0.00000000       0.00000000  -1.33226763E-15  -1.33226763E-15  1.33226763E-15  -1.33226763E-15
  -1.33226763E-15  -1.33226763E-15  4.44089210E-16       0.00000000  -4.44089210E-16  4.44089210E-16  -4.44089210E-16  4.44089210E-16  -4.44089210E-16  4.44089210E-16  4.44089210E-16       0.00000000  -4.44089210E-16       0.00000000  4.44089210E-16       0.00000000       0.00000000       0.00000000       0.00000000       0.00000000
       0.00000000  -4.44089210E-16  4.44089210E-16  -4.44089210E-16  -4.44089210E-16  -4.44089210E-16  -4.44089210E-16  -4.44089210E-16  4.44089210E-16       0.00000000       0.00000000  1.33226763E-15  -1.33226763E-15  1.33226763E-15  -1.33226763E-15       0.00000000  -1.33226763E-15  -1.33226763E-15  -4.44089210E-16       0.00000000
  -4.44089210E-16  4.44089210E-16  1.33226763E-15       0.00000000  -1.33226763E-15       0.00000000  -1.33226763E-15  1.33226763E-15  -4.44089210E-16       0.00000000       0.00000000       0.00000000  -4.44089210E-16       0.00000000  -4.44089210E-16  4.44089210E-16  4.44089210E-16       0.00000000       0.00000000  -4.44089210E-16
  4.44089210E-16  4.44089210E-16       0.00000000  -4.44089210E-16  4.44089210E-16  -4.44089210E-16       0.87500000       3.62500000       5.38803005       6.49654961      10.15222931      14.62500000      17.42500000      20.27500000      23.12500000      25.97500000      28.82500000      31.67500000      34.52500000      37.37500000
      40.22500000      43.07500000      44.15000000      43.45000000      42.75000000      42.05000000      41.35000000      40.65000000      39.95000000      39.25000000      38.55000000      34.66598129      30.25825882      26.42121124      23.38747025      21.24559021      19.73166084      17.15000000      13.45000000       9.75000000
       6.05000000       2.35000000       0.00000000  -4.44089210E-16       0.00000000  1.33226763E-15       0.00000000       0.00000000  -4.44089210E-16       0.00000000  -4.44089210E-16
  4.44089210E-16       0.00000000       0.00000000       0.00000000       0.00000000  4.44089210E-16       0.00000000       0.00000000  -4.44089210E-16       0.00000000  4.44089210E-16  4.44089210E-16  4.44089210E-16  4.44089210E-16  -4.44089210E-16  -4.44089210E-16  -4.44089210E-16  4.44089210E-16       0.00000000       0.00000000
       0.00000000       0.00000000  4.44089210E-16       0.00000000       0.00000000  -4.44089210E-16  4.44089210E-16  -4.44089210E-16  4.44089210E-16  -4.44089210E-16       0.00000000       0.00000000  4.44089210E-16       0.00000000  -4.44089210E-16       0.00000000  1.33226763E-15  -1.33226763E-15  -1.33226763E-15       0.00000000
  -1.33226763E-15       0.00000000       0.00000000  -4.44089210E-16  -4.44089210E-16  4.44089210E-16       0.00000000       0.00000000  4.44089210E-16  -4.44089210E-16  -4.44089210E-16  -4.44089210E-16       0.00000000       0.00000000  4.44089210E-16  -4.44089210E-16  4.44089210E-16       0.00000000       0.00000000  -4.44089210E-16
       0.00000000  4.44089210E-16  4.44089210E-16       0.00000000       0.00000000  4.44089210E-16       0.00000000  4.44089210E-16  4.44089210E-16  4.44089210E-16  -1.33226763E-15       0.00000000       0.00000000       0.00000000       0.00000000       0.00000000  -4.44089210E-16  -4.44089210E-16       0.00000000  -4.44089210E-16
  4.44089210E-16       0.00000000       0.00000000  -4.44089210E-16  -1.33226763E-15  -1.33226763E-15       0.00000000  -1.33226763E-15  4.44089210E-16  -1.33226763E-15  1.33226763E-15  -4.44089210E-16       0.00000000       0.00000000  4.44089210E-16       0.00000000  -4.44089210E-16       0.00000000  -4.44089210E-16  -4.44089210E-16
  -4.44089210E-16  4.44089210E-16  -4.44089210E-16  4.44089210E-16  4.44089210E-16       0.00000000  -4.44089210E-16       2.47500000       5.10529041       6.20954037       9.56457996      13.07500000      15.71500000      18.34500000      20.97500000      23.60500000      26.23500000      28.86500000      31.49500000      34.12500000
      36.75500000      39.38500000      40.41000000      39.83000000      39.25000000      38.67000000      38.09000000      37.51000000      36.93000000      36.35000000      35.77000000      32.40977859      27.86207962      23.53115082      20.10277939      17.81842995      16.57369995      12.57000000       8.51000000       4.45000000
       0.39000000  -4.44089210E-16  4.44089210E-16  4.44089210E-16       0.00000000       0.00000000       0.00000000       0.00000000       0.00000000  -4.44089210E-16  -4.44089210E-16
       0.00000000  4.44089210E-16       0.00000000  4.44089210E-16  4.44089210E-16  -4.44089210E-16  -4.44089210E-16       0.00000000  4.44089210E-16  4.44089210E-16  -4.44089210E-16  -4.44089210E-16  -4.44089210E-16  4.44089210E-16  4.44089210E-16       0.00000000  -4.44089210E-16       0.00000000       0.00000000       0.00000000
       0.00000000  -4.44089210E-16  -4.44089210E-16  -4.44089210E-16  -4.44089210E-16  -4.44089210E-16  4.44089210E-16  -4.44089210E-16  4.44089210E-16       0.00000000       0.00000000  4.44089210E-16  -4.44089210E-16  -4.44089210E-16  -4.44089210E-16       0.00000000  -1.33226763E-15  -1.33226763E-15       0.00000000       0.00000000
       0.00000000       0.00000000  -1.33226763E-15       0.00000000  -4.44089210E-16  4.44089210E-16       0.00000000  4.44089210E-16  4.44089210E-16  4.44089210E-16  4.44089210E-16  -4.44089210E-16  4.44089210E-16  -4.44089210E-16       0.00000000  -4.44089210E-16  4.44089210E-16       0.00000000  4.44089210E-16       0.00000000
       0.00000000  -4.44089210E-16  -4.44089210E-16  4.44089210E-16       0.00000000       0.00000000       0.00000000  1.33226763E-15  1.33226763E-15  1.33226763E-15       0.00000000  -1.33226763E-15  -1.33226763E-15  -4.44089210E-16       0.00000000  4.44089210E-16  4.44089210E-16  -4.44089210E-16  -4.44089210E-16  -4.44089210E-16
  4.44089210E-16  -4.44089210E-16  -4.44089210E-16  1.33226763E-15  -1.33226763E-15  -1.33226763E-15       0.00000000       0.00000000  4.44089210E-16       0.00000000       0.00000000  4.44089210E-16  4.44089210E-16  4.44089210E-16  -4.44089210E-16  4.44089210E-16  -4.44089210E-16       0.00000000  -1.33226763E-15  4.44089210E-16
  4.44089210E-16  -4.44089210E-16       0.00000000  4.44089210E-16  4.44089210E-16       0.00000000  -4.44089210E-16       1.32500000       3.87500000       5.75596046       8.67218018      11.52500000      14.00500000      16.41500000      18.82500000      21.23500000      23.64500000      26.05500000      28.46500000      30.87500000
      33.28500000      35.69500000      36.67000000      36.21000000      35.75000000      35.29000000      34.83000000      34.37000000      33.91000000      33.45000000      32.99000000      30.40616989      25.44562912      21.01958084      17.40393066      15.06337929      12.41000000       7.99000000       3.57000000       0.00000000
  -2.66453526E-15  4.44089210E-16  4.44089210E-16       0.00000000  -1.33226763E-15  1.33226763E-15  -4.44089210E-16  -4.44089210E-16  4.44089210E-16  -4.44089210E-16       0.00000000
  4.44089210E-16  4.44089210E-16  4.44089210E-16       0.00000000  4.44089210E-16  4.44089210E-16  4.44089210E-16       0.00000000  -4.44089210E-16       0.00000000       0.00000000  -4.44089210E-16       0.00000000  4.44089210E-16       0.00000000  4.44089210E-16  4.44089210E-16       0.00000000  -4.44089210E-16  4.44089210E-16
  4.44089210E-16  4.44089210E-16  -4.44089210E-16       0.00000000  4.44089210E-16       0.00000000  -4.44089210E-16       0.00000000  -4.44089210E-16       0.00000000  -4.44089210E-16  4.44089210E-16  -4.44089210E-16       0.00000000       0.00000000  -4.44089210E-16       0.00000000  -4.44089210E-16  -1.33226763E-15  -1.33226763E-15
  -1.33226763E-15       0.00000000       0.00000000  1.33226763E-15       0.00000000  4.44089210E-16  -4.44089210E-16  4.44089210E-16  -4.44089210E-16       0.00000000  4.44089210E-16  -4.44089210E-16  -4.44089210E-16  4.44089210E-16  4.44089210E-16       0.00000000       0.00000000  1.33226763E-15       0.00000000       0.00000000
  -4.44089210E-16  -4.44089210E-16       0.00000000  4.44089210E-16  4.44089210E-16       0.00000000  -1.33226763E-15  -1.33226763E-15  1.33226763E-15       0.00000000  -4.44089210E-16  4.44089210E-16  4.44089210E-16  4.44089210E-16  -4.44089210E-16       0.00000000  -4.44089210E-16  4.44089210E-16  4.44089210E-16       0.00000000
  4.44089210E-16       0.00000000       0.00000000  -1.33226763E-15  4.44089210E-16       0.00000000  4.44089210E-16  4.44089210E-16  -4.44089210E-16  -4.44089210E-16  -1.33226763E-15  -4.44089210E-16  -4.44089210E-16  -4.44089210E-16  4.44089210E-16  -4.44089210E-16       0.00000000       0.00000000  -4.44089210E-16  -1.33226763E-15
       0.00000000  -4.44089210E-16       0.00000000       0.00000000       0.00000000  4.44089210E-16       0.00000000       0.17500000       2.62500000       5.07500000       7.45201015       9.97500000      12.29500000      14.48500000      16.67500000      18.86500000      21.05500000      23.24500000      25.43500000      27.62500000
      29.81500000      32.00500000      32.93000000      32.59000000      32.25000000      31.91000000      31.57000000      31.23000000      30.89000000      30.55000000      30.21000000      27.58607101      23.06106949      18.68976974      15.06049919      12.65282059       8.19000000       3.41000000  2.66453526E-15  -2.66453526E-15
       0.00000000       0.00000000       0.00000000  -1.33226763E-15  -1.33226763E-15  -4.44089210E-16       0.00000000  4.44089210E-16  -4.44089210E-16  -4.44089210E-16  4.44089210E-16
       0.00000000  -4.44089210E-16  -4.44089210E-16       0.00000000  4.44089210E-16       0.00000000  4.44089210E-16  -4.44089210E-16  4.44089210E-16  4.44089210E-16  4.44089210E-16       0.00000000  -4.44089210E-16       0.00000000       0.00000000       0.00000000       0.00000000       0.00000000  4.44089210E-16  4.44089210E-16
  -4.44089210E-16  4.44089210E-16       0.00000000  4.44089210E-16  -4.44089210E-16  -4.44089210E-16       0.00000000       0.00000000  -4.44089210E-16       0.00000000  -4.44089210E-16  -4.44089210E-16  4.44089210E-16  4.44089210E-16       0.00000000  -4.44089210E-16  -4.44089210E-16  4.44089210E-16  -4.44089210E-16       0.00000000
       0.00000000  -1.33226763E-15       0.00000000  1.33226763E-15       0.00000000       0.00000000       0.00000000  -4.44089210E-16  -4.44089210E-16  4.44089210E-16  -1.33226763E-15  -1.33226763E-15  -1.33226763E-15       0.00000000  -1.33226763E-15  -1.33226763E-15  1.33226763E-15  -1.33226763E-15  1.33226763E-15       0.00000000
  1.33226763E-15  -1.33226763E-15       0.00000000  -1.33226763E-15  -1.33226763E-15  1.33226763E-15       0.00000000       0.00000000  -4.44089210E-16  4.44089210E-16  4.44089210E-16  1.33226763E-15  -4.44089210E-16       0.00000000       0.00000000       0.00000000       0.00000000  4.44089210E-16  4.44089210E-16  -4.44089210E-16
  -4.44089210E-16  -4.44089210E-16  4.44089210E-16       0.00000000  -4.44089210E-16       0.00000000  4.44089210E-16  -4.44089210E-16  4.44089210E-16  1.33226763E-15  -1.33226763E-15  -4.44089210E-16  -4.44089210E-16  4.44089210E-16       0.00000000  4.44089210E-16       0.00000000       0.00000000  -4.44089210E-16  1.33226763E-15
       0.00000000       0.00000000  -4.44089210E-16  4.44089210E-16  -4.44089210E-16  4.44089210E-16  4.44089210E-16  -1.33226763E-15       1.37500000       3.72500000       5.70468998       8.42500000      10.58500000      12.55500000      14.52500000      16.49500000      18.46500000      20.43500000      22.40500000      24.37500000
      26.34500000      28.31500000      29.19000000      28.97000000      28.75000000      28.53000000      28.31000000      28.09000000      27.87000000      27.65000000      27.43000000      24.70140076      20.51106071      16.33050919      12.85051918       9.11000000       3.97000000       0.00000000  -2.66453526E-15  -2.66453526E-15
  4.44089210E-16  -4.44089210E-16  -1.33226763E-15       0.00000000  -1.33226763E-15       0.00000000  -4.44089210E-16  -4.44089210E-16  4.44089210E-16       0.00000000  4.44089210E-16
  -4.44089210E-16       0.00000000       0.00000000  -4.44089210E-16  -4.44089210E-16  -4.44089210E-16       0.00000000  4.44089210E-16  4.44089210E-16  4.44089210E-16  4.44089210E-16  4.44089210E-16  4.44089210E-16  4.44089210E-16  4.44089210E-16  4.44089210E-16  4.44089210E-16  -4.44089210E-16  -4.44089210E-16  4.44089210E-16
  4.44089210E-16  -4.44089210E-16       0.00000000       0.00000000       0.00000000  4.44089210E-16  4.44089210E-16  4.44089210E-16  -4.44089210E-16       0.00000000       0.00000000  -4.44089210E-16       0.00000000  4.44089210E-16       0.00000000       0.00000000  4.44089210E-16  4.44089210E-16       0.00000000  -4.44089210E-16
  1.33226763E-15       0.00000000  -1.33226763E-15  1.33226763E-15       0.00000000       0.00000000  -1.33226763E-15  -1.33226763E-15       0.00000000  -1.33226763E-15  -1.33226763E-15  1.33226763E-15  -1.33226763E-15       0.00000000  1.33226763E-15  -4.44089210E-16  1.33226763E-15  -1.33226763E-15  1.33226763E-15       0.00000000
  1.33226763E-15       0.00000000  -1.33226763E-15  1.33226763E-15       0.00000000  4.44089210E-16       0.00000000  4.44089210E-16  -4.44089210E-16       0.00000000  -1.33226763E-15       0.00000000  4.44089210E-16       0.00000000  -4.44089210E-16  -4.44089210E-16       0.00000000       0.00000000  4.44089210E-16       0.00000000
       0.00000000  4.44089210E-16  4.44089210E-16  -4.44089210E-16  -4.44089210E-16       0.00000000  -4.44089210E-16  -1.33226763E-15       0.00000000  1.33226763E-15  1.33226763E-15       0.00000000       0.00000000  -4.44089210E-16  -4.44089210E-16  -4.44089210E-16       0.00000000  4.44089210E-16  -4.44089210E-16       0.00000000
  -1.33226763E-15       0.00000000       0.00000000  -1.33226763E-15       0.00000000       0.00000000       0.00000000  1.33226763E-15       0.12500000       2.37500000       4.48635006       6.87500000       8.87500000      10.62500000      12.37500000      14.12500000      15.87500000      17.62500000      19.37500000      21.12500000
      22.87500000      24.62500000      24.44404984      24.87445068      25.25000000      25.15000000      25.05000000      24.95000000      24.85000000      24.75000000      24.65000000      21.38306999      17.71644974      13.85495949      10.45486069       5.25000000  -2.66453526E-15  -4.44089210E-16  -4.44089210E-16  -4.44089210E-16
       0.00000000  1.33226763E-15  4.44089210E-16       0.00000000  -4.44089210E-16  4.44089210E-16  4.44089210E-16       0.00000000  4.44089210E-16  4.44089210E-16  -4.44089210E-16
       0.00000000  4.44089210E-16  4.44089210E-16  -4.44089210E-16  -4.44089210E-16  -4.44089210E-16  4.44089210E-16  4.44089210E-16       0.00000000  4.44089210E-16  4.44089210E-16  -4.44089210E-16  4.44089210E-16  -4.44089210E-16  4.44089210E-16       0.00000000       0.00000000       0.00000000       0.00000000  4.44089210E-16
  4.44089210E-16  -4.44089210E-16       0.00000000  -4.44089210E-16  4.44089210E-16       0.00000000       0.00000000  -4.44089210E-16       0.00000000       0.00000000  4.44089210E-16       0.00000000  -4.44089210E-16  -4.44089210E-16  4.44089210E-16       0.00000000  4.44089210E-16       0.00000000       0.00000000  -4.44089210E-16
       0.00000000  1.33226763E-15       0.00000000  -4.44089210E-16  4.44089210E-16  -4.44089210E-16       0.00000000  1.33226763E-15       0.00000000  -1.33226763E-15       0.00000000  1.33226763E-15       0.00000000       0.00000000       0.00000000       0.00000000  1.33226763E-15  -1.33226763E-15  -1.33226763E-15       0.00000000
       0.20000000       0.40000000       0.43000000       0.29000000       0.15000000       0.01000000  -4.44089210E-16  -4.44089210E-16  1.33226763E-15       0.00000000       0.00000000       0.00000000  4.44089210E-16  4.44089210E-16  4.44089210E-16       0.00000000       0.00000000       0.00000000  4.44089210E-16  -4.44089210E-16
  -4.44089210E-16  -4.44089210E-16  -4.44089210E-16  4.44089210E-16  4.44089210E-16  -4.44089210E-16       0.00000000  1.33226763E-15  -1.33226763E-15  1.33226763E-15  -1.33226763E-15  1.33226763E-15  1.33226763E-15       0.00000000       0.00000000  4.44089210E-16  -4.44089210E-16       0.00000000  4.44089210E-16  -1.33226763E-15
       0.00000000  -4.44089210E-16       0.00000000  1.33226763E-15  -1.33226763E-15  1.33226763E-15       0.00000000  1.33226763E-15  1.33226763E-15       1.02500000       3.17500000       4.26525021       7.16500000       8.69500000      10.22500000      11.75500000      13.28500000      14.81500000      16.34500000      17.87500000
      19.40500000      20.58876038      19.60005951      20.12659073      21.75000000      21.77000000      21.79000000      21.81000000      21.83000000      21.85000000      21.59427071      18.34592056      14.85272026      11.29476929       7.25000000       1.39000000  4.44089210E-16  4.44089210E-16       0.00000000       0.00000000
  -4.44089210E-16  -4.44089210E-16       0.00000000  -4.44089210E-16  -4.44089210E-16  -4.44089210E-16  4.44089210E-16  4.44089210E-16  -4.44089210E-16  -4.44089210E-16  4.44089210E-16
  -4.44089210E-16       0.00000000       0.00000000  -4.44089210E-16  -4.44089210E-16       0.00000000       0.00000000  4.44089210E-16  4.44089210E-16       0.00000000  -4.44089210E-16  4.44089210E-16  4.44089210E-16       0.00000000  -4.44089210E-16       0.00000000  4.44089210E-16       0.00000000  4.44089210E-16       0.00000000
       0.00000000       0.00000000       0.00000000  -4.44089210E-16  -4.44089210E-16  -4.44089210E-16       0.00000000       0.00000000  -4.44089210E-16       0.00000000       0.00000000       0.00000000  -4.44089210E-16  -4.44089210E-16  -4.44089210E-16  -4.44089210E-16  -4.44089210E-16  4.44089210E-16  4.44089210E-16       0.00000000
  -4.44089210E-16  -1.33226763E-15       0.00000000  1.33226763E-15  -1.33226763E-15       0.00000000  -1.33226763E-15  1.33226763E-15  -1.33226763E-15  1.33226763E-15  -1.33226763E-15       0.00000000  -4.44089210E-16  4.44089210E-16  4.44089210E-16       0.20000000       0.40000000       0.60000000       0.80000000       1.00000000
       1.20000000       1.40000000       1.41000000       1.23000000       1.05000000       0.87000000       0.69000000       0.51000000       0.33000000       0.15000000  -1.33226763E-15       0.00000000  -4.44089210E-16  -4.44089210E-16       0.00000000  4.44089210E-16       0.00000000  4.44089210E-16  -4.44089210E-16  -4.44089210E-16
  -4.44089210E-16  -4.44089210E-16  -4.44089210E-16       0.00000000       0.00000000       0.00000000  -4.44089210E-16  -1.33226763E-15  1.33226763E-15       0.00000000       0.00000000       0.00000000  -4.44089210E-16  -4.44089210E-16  -4.44089210E-16       0.00000000  4.44089210E-16  -4.44089210E-16  -4.44089210E-16  -1.33226763E-15
       0.00000000  4.44089210E-16  -4.44089210E-16       0.00000000  -1.33226763E-15       0.00000000  -1.33226763E-15  -1.33226763E-15  1.33226763E-15  1.33226763E-15       1.72500000       3.03229046       3.88449955       5.33955002       6.66537952       8.22035980      10.16991997      12.00500000      13.31500000      14.62500000
      15.87697983      15.72007942      14.81741905      15.37509918      17.32341003      18.39000000      18.53000000      18.67000000      18.81000000      18.95000000      18.64596939      15.74048996      12.14493942       8.81746006       3.75000000  4.44089210E-16  1.33226763E-15  4.44089210E-16       0.00000000  4.44089210E-16
  -4.44089210E-16  -4.44089210E-16  4.44089210E-16  -4.44089210E-16  4.44089210E-16       0.00000000       0.00000000  -4.44089210E-16  -4.44089210E-16  -4.44089210E-16  4.44089210E-16
       0.00000000  -4.44089210E-16       0.00000000  4.44089210E-16       0.00000000       0.00000000  4.44089210E-16       0.00000000       0.00000000       0.00000000  4.44089210E-16  4.44089210E-16  4.44089210E-16       0.00000000       0.00000000  4.44089210E-16  4.44089210E-16  -4.44089210E-16  -4.44089210E-16  -4.44089210E-16
       0.00000000  4.44089210E-16  4.44089210E-16       0.00000000  -4.44089210E-16  4.44089210E-16  4.44089210E-16  4.44089210E-16  4.44089210E-16  4.44089210E-16  -4.44089210E-16  -4.44089210E-16       0.00000000  4.44089210E-16       0.00000000       0.00000000       0.00000000  4.44089210E-16  4.44089210E-16       0.00000000
  -1.33226763E-15       0.00000000  1.33226763E-15  -4.44089210E-16  -4.44089210E-16       0.00000000  -4.44089210E-16       0.00000000       0.00000000       0.00000000  -4.44089210E-16       0.60000000       1.01500000       1.24500000       1.47500000       1.70500000       1.93500000       2.16500000       2.39500000       2.62500000
       2.85500000       3.08500000       3.15000000       3.05000000       2.95000000       2.85000000       2.75000000       2.65000000       2.55000000       2.45000000       2.35000000       2.25000000       1.93000000       1.39000000       0.85000000       0.31000000  4.44089210E-16  4.44089210E-16  -4.44089210E-16       0.00000000
       0.00000000  4.44089210E-16  4.44089210E-16  4.44089210E-16       0.00000000  -4.44089210E-16  1.33226763E-15  1.33226763E-15       0.00000000       0.00000000       0.00000000       0.00000000  4.44089210E-16       0.00000000  -4.44089210E-16  -4.44089210E-16       0.00000000       0.00000000  4.44089210E-16       0.00000000
  -1.33226763E-15       0.00000000  4.44089210E-16  -1.33226763E-15  1.33226763E-15  -1.33226763E-15  1.33226763E-15  -1.33226763E-15  -1.33226763E-15  -1.33226763E-15  -1.33226763E-15       1.45500000       2.59348011       2.81087971       3.94176960       5.22093010       6.93904018       8.50500000       9.61500000      10.72500000
      11.32464981      11.30677032      11.08742905      11.86569023      13.17588043      14.06000000      14.22000000      14.38000000      14.54000000      14.70000000      14.86000000      13.37595940       9.85653019       5.95000000       0.00000000       0.00000000       0.00000000  -4.44089210E-16       0.00000000  -4.44089210E-16
       0.00000000       0.00000000       0.00000000  -4.44089210E-16  -4.44089210E-16  -4.44089210E-16       0.00000000  4.44089210E-16  4.44089210E-16  -4.44089210E-16  -1.33226763E-15
  -4.44089210E-16       0.00000000       0.00000000       0.00000000  -4.44089210E-16       0.00000000       0.00000000  -4.44089210E-16       0.00000000       0.00000000  4.44089210E-16  -4.44089210E-16       0.00000000  -4.44089210E-16  4.44089210E-16  4.44089210E-16       0.00000000  -4.44089210E-16  4.44089210E-16       0.00000000
  -4.44089210E-16  -4.44089210E-16  -4.44089210E-16       0.00000000  -4.44089210E-16       0.00000000       0.00000000  -4.44089210E-16  -4.44089210E-16  -4.44089210E-16       0.00000000  4.44089210E-16       0.00000000  4.44089210E-16  -4.44089210E-16       0.00000000  4.44089210E-16       0.00000000       0.00000000  -1.33226763E-15
  1.33226763E-15  4.44089210E-16  -4.44089210E-16  4.44089210E-16  -4.44089210E-16       0.00000000  4.44089210E-16  3.92219590E-11       0.60000000       1.20000000       1.80000000       2.40000000       2.84500000       3.13500000       3.42500000       3.43381023       3.46837044       3.45746040       3.51482010       3.51568985
       3.51688957       3.51404953       3.51774025       3.52915955       3.50667000       3.52320957       3.54668999       3.54074001       3.49794960       3.48241997       3.46568012       3.45454025       3.73857975       4.28184032       4.38545036       3.73000000       2.91000000       2.09000000       1.27000000       0.45000000
  -4.44089210E-16       0.00000000  -2.66453526E-15  -4.44089210E-16  -4.44089210E-16       0.00000000       0.00000000  -1.33226763E-15       0.00000000  4.44089210E-16  4.44089210E-16       0.00000000       0.00000000       0.00000000       0.00000000  4.44089210E-16  -4.44089210E-16       0.00000000  -4.44089210E-16  4.44089210E-16
  -1.33226763E-15  -4.44089210E-16       0.00000000  -1.33226763E-15  -1.33226763E-15  1.33226763E-15       0.00000000  -1.33226763E-15  -1.33226763E-15  -1.33226763E-15  -1.33226763E-15       0.00000000  -1.33226763E-15       0.59500000       1.52500000       2.45500000       3.38500000       4.31500000       5.24500000       6.17500000
       7.10500000       7.58983040       7.97235012       8.14492035       8.70000000       8.78000000       8.86000000       8.94000000       9.02000000       9.10000000       9.18000000       9.26000000       6.55000000       1.05000000  -1.33226763E-15       0.00000000  4.44089210E-16       0.00000000  -4.44089210E-16       0.00000000
  4.44089210E-16       0.00000000  -4.44089210E-16  4.44089210E-16  -4.44089210E-16  4.44089210E-16       0.00000000  4.44089210E-16       0.00000000  -4.44089210E-16  -1.33226763E-15
       0.00000000  4.44089210E-16       0.00000000       0.00000000  -4.44089210E-16       0.00000000       0.00000000       0.00000000       0.00000000       0.00000000  -4.44089210E-16       0.00000000  4.44089210E-16       0.00000000       0.00000000       0.00000000  -4.44089210E-16  4.44089210E-16  4.44089210E-16  -4.44089210E-16
  4.44089210E-16  4.44089210E-16  4.44089210E-16       0.00000000  -4.44089210E-16  -4.44089210E-16  -4.44089210E-16       0.00000000       0.00000000  -4.44089210E-16  4.44089210E-16  4.44089210E-16       0.00000000       0.00000000  4.44089210E-16  4.44089210E-16  -4.44089210E-16       0.00000000  1.33226763E-15       0.00000000
       0.00000000       0.00000000  4.44089210E-16  4.44089210E-16  1.29607436E-11       0.60000000       1.20000000       1.80000000       2.40000000       3.00000000       3.60000000       3.58699989       3.56711006       3.53785038       3.50568008       3.46586037       3.48219967       3.47754002       3.50924015       3.55152988
       3.58718014       3.61452961       3.61662006       3.58930016       3.58660030       3.60540962       3.70893002       3.66007042       3.61528015       3.59037971       3.58617973       3.62850952       3.74833965       3.90915012       4.12817001       4.29413033       4.41851997       4.26239014       3.85000000       2.75000000
       1.65000000       0.55000000  -4.44089210E-16  -4.44089210E-16  -4.44089210E-16  -4.44089210E-16       0.00000000       0.00000000  4.44089210E-16       0.00000000       0.00000000  4.44089210E-16  4.44089210E-16  4.44089210E-16       0.00000000  4.44089210E-16  4.44089210E-16       0.00000000       0.00000000  4.44089210E-16
       0.00000000  1.33226763E-15       0.00000000  1.33226763E-15  -4.44089210E-16  4.44089210E-16       0.00000000  1.33226763E-15  1.33226763E-15       0.00000000       0.00000000  1.33226763E-15       0.00000000  1.33226763E-15       0.00000000  -1.33226763E-15       0.00000000       0.12500000       0.87500000       1.62500000
       2.37500000       3.12500000       3.50000000       3.50000000       3.50000000       3.50000000       3.50000000       3.50000000       3.50000000       3.50000000       3.50000000       3.50000000       1.05000000  -4.44089210E-16       0.00000000  4.44089210E-16       0.00000000       0.00000000  -4.44089210E-16  4.44089210E-16
  -4.44089210E-16  -4.44089210E-16       0.00000000       0.00000000       0.00000000       0.00000000  -4.44089210E-16  -4.44089210E-16       0.00000000  1.33226763E-15  -1.33226763E-15
  -4.44089210E-16       0.00000000       0.00000000  4.44089210E-16  4.44089210E-16  -4.44089210E-16       0.00000000       0.00000000       0.00000000  -4.44089210E-16  4.44089210E-16       0.00000000  4.44089210E-16  -4.44089210E-16  -4.44089210E-16  -4.44089210E-16       0.00000000       0.00000000       0.00000000  4.44089210E-16
       0.00000000  4.44089210E-16  4.44089210E-16  4.44089210E-16  4.44089210E-16  -4.44089210E-16  4.44089210E-16  4.44089210E-16  -4.44089210E-16  4.44089210E-16  4.44089210E-16       0.00000000  4.44089210E-16  -4.44089210E-16       0.00000000       0.00000000  1.33226763E-15  -1.33226763E-15  -1.33226763E-15       0.00000000
  1.33226763E-15       0.07000000       0.60000000       1.20000000       1.80000000       2.40000000       3.00000000       3.60000000       3.99193001       3.96033955       3.88465977       3.79757023       3.74956989       3.73645020       3.70666027       3.69468975       3.80241013       3.97552967       4.08687019       4.05533981
       4.08279037       4.09381008       4.04913998       4.01599026       3.99036980       4.02791023       4.13922977       4.15318012       3.91693020       3.80862999       3.82273960       3.94645023       3.96072960       4.21434021       4.37712002       3.99063015       3.98169994       4.16666031       4.11287975       4.09533978
       3.67000000       2.29000000       0.88000000       0.00000000       0.00000000       0.00000000  4.44089210E-16  4.44089210E-16  4.44089210E-16  4.44089210E-16       0.00000000  4.44089210E-16       0.00000000  -4.44089210E-16  -4.44089210E-16  4.44089210E-16       0.00000000  -4.44089210E-16  -4.44089210E-16  -4.44089210E-16
  1.33226763E-15  -1.33226763E-15  -4.44089210E-16       0.00000000  4.44089210E-16  -4.44089210E-16       0.00000000       0.00000000  -1.33226763E-15  -1.33226763E-15  1.33226763E-15  1.33226763E-15  1.33226763E-15  1.33226763E-15       0.00000000  1.33226763E-15  1.33226763E-15  -1.33226763E-15  1.33226763E-15  -1.33226763E-15
  4.44089210E-16  4.44089210E-16  -4.44089210E-16       0.00000000  4.44089210E-16       0.00000000  2.66453526E-15  2.66453526E-15  2.66453526E-15  -2.66453526E-15  2.66453526E-15  -2.66453526E-15       0.00000000  1.33226763E-15  -4.44089210E-16  -4.44089210E-16  -4.44089210E-16       0.00000000  4.44089210E-16       0.00000000
  -4.44089210E-16       0.00000000  4.44089210E-16       0.00000000  4.44089210E-16  1.33226763E-15       0.00000000  1.33226763E-15  1.33226763E-15  -1.33226763E-15       0.00000000
  -4.44089210E-16  -4.44089210E-16       0.00000000       0.00000000       0.00000000  -4.44089210E-16       0.00000000       0.00000000       0.00000000       0.00000000       0.00000000       0.00000000  -4.44089210E-16  4.44089210E-16  -4.44089210E-16  4.44089210E-16  4.44089210E-16  -4.44089210E-16  -4.44089210E-16       0.00000000
       0.00000000  4.44089210E-16  -4.44089210E-16  4.44089210E-16  -4.44089210E-16  4.44089210E-16  4.44089210E-16  4.44089210E-16  4.44089210E-16  4.44089210E-16       0.00000000  4.44089210E-16  -4.44089210E-16  4.44089210E-16       0.00000000  -1.33226763E-15  1.33226763E-15       0.21000000       0.63000000       1.05000000
       1.47000000       1.89000000       2.40000000       3.00000000       3.60000000       4.20000000       4.80000000       4.76597023       4.68754005       4.47739029       4.38459969       4.41258049       4.30095005       4.35445976       4.20911026       4.21356010       4.75798035       5.83553028       6.31985950       6.12077999
       5.20209980       4.81054020       4.70471001       4.66788960       4.65291023       4.72467995       4.95917034       5.05799961       4.77849007       4.68432045       5.17695999       6.08672047       7.02696037       8.34274960       8.29734039       6.69639015       5.58553982       5.06620026       4.83928967       4.87543964
       5.15871048       4.03000000       2.36000000       0.68000000  4.44089210E-16  4.44089210E-16       0.00000000       0.00000000  -4.44089210E-16  4.44089210E-16  -4.44089210E-16  4.44089210E-16  4.44089210E-16  4.44089210E-16  -4.44089210E-16  4.44089210E-16  -4.44089210E-16  -4.44089210E-16       0.00000000       0.00000000
  1.33226763E-15  1.33226763E-15  -4.44089210E-16       0.00000000  4.44089210E-16       0.00000000  -4.44089210E-16       0.00000000  1.33226763E-15       0.00000000       0.00000000  -1.33226763E-15  -1.33226763E-15       0.00000000  1.33226763E-15  -1.33226763E-15  -1.33226763E-15  -1.33226763E-15  -1.33226763E-15  -1.33226763E-15
  1.33226763E-15       0.00000000  -4.44089210E-16       0.00000000  -4.44089210E-16  4.44089210E-16  -2.66453526E-15       0.00000000  2.66453526E-15  -2.66453526E-15  -2.66453526E-15  4.44089210E-16       0.00000000       0.00000000  -4.44089210E-16  4.44089210E-16       0.00000000  4.44089210E-16  4.44089210E-16  -4.44089210E-16
  4.44089210E-16  4.44089210E-16       0.00000000       0.00000000  -1.33226763E-15  1.33226763E-15  1.33226763E-15       0.00000000  -1.33226763E-15  1.33226763E-15  1.33226763E-15
       0.00000000       0.00000000  -4.44089210E-16  -4.44089210E-16  -4.44089210E-16  -4.44089210E-16  -4.44089210E-16       0.00000000       0.00000000  4.44089210E-16  4.44089210E-16  -4.44089210E-16  4.44089210E-16       0.00000000  4.44089210E-16       0.00000000  4.44089210E-16  4.44089210E-16       0.00000000  4.44089210E-16
  -4.44089210E-16  4.44089210E-16  4.44089210E-16       0.00000000  4.44089210E-16  4.44089210E-16       0.00000000  -4.44089210E-16       0.00000000       0.00000000  -4.44089210E-16  4.44089210E-16       0.29000000       0.67000000       1.05000000       1.43000000       1.81000000       2.19000000       2.57000000       2.95000000
       3.33000000       3.71000000       4.20000000       4.80000000       5.40000000       5.40985012       5.36332035       5.15176964       5.08016968       4.97148037       4.93400002       5.06114960       5.14064980       5.21984005       5.25516033       5.90524006       7.53512001       9.30543041       9.48810005       8.82750988
       6.67228985       5.61997986       5.47381020       5.40608025       5.34121990       5.39929962       5.85264969       6.46105003       7.03470993       8.38006020       9.92943001      11.17794991      12.23859978      12.32461929       8.76996040       7.25030994       6.18846989       5.58633041       5.38156986       5.32048988
       5.50026035       5.57184982       3.84000000       1.92000000  4.44089210E-16       0.00000000  -4.44089210E-16  -4.44089210E-16  -4.44089210E-16       0.00000000       0.00000000  -4.44089210E-16  4.44089210E-16  4.44089210E-16       0.00000000  4.44089210E-16  4.44089210E-16       0.00000000  -4.44089210E-16       0.00000000
  4.44089210E-16       0.00000000  -4.44089210E-16  4.44089210E-16       0.00000000  4.44089210E-16  -4.44089210E-16  -4.44089210E-16  4.44089210E-16  -4.44089210E-16  4.44089210E-16       0.00000000  4.44089210E-16  -4.44089210E-16  -4.44089210E-16  -1.33226763E-15  1.33226763E-15  -1.33226763E-15  1.33226763E-15  1.33226763E-15
  1.33226763E-15  -1.33226763E-15  -1.33226763E-15  4.44089210E-16  4.44089210E-16  4.44089210E-16  4.44089210E-16  -2.66453526E-15  -2.66453526E-15       0.00000000       0.00000000  4.44089210E-16  4.44089210E-16  -4.44089210E-16  -4.44089210E-16  -4.44089210E-16  -4.44089210E-16       0.00000000  4.44089210E-16  4.44089210E-16
  -4.44089210E-16  4.44089210E-16  4.44089210E-16  1.33226763E-15  -4.44089210E-16       0.00000000       0.00000000       0.00000000  1.33226763E-15  4.44089210E-16  4.44089210E-16
  -4.44089210E-16  -4.44089210E-16  4.44089210E-16  -4.44089210E-16       0.00000000       0.00000000       0.00000000  4.44089210E-16  -4.44089210E-16       0.00000000       0.00000000  -4.44089210E-16  -4.44089210E-16  -4.44089210E-16  4.44089210E-16  -4.44089210E-16  4.44089210E-16  4.44089210E-16       0.00000000  -4.44089210E-16
  4.44089210E-16       0.00000000       0.00000000       0.00000000  4.44089210E-16       0.00000000  4.44089210E-16       0.00000000  4.44089210E-16       0.00000000       0.42500000       1.67500000       2.37662983       1.96445990       3.00899029       3.09587955       3.28289032       3.88556004       4.51000000       4.75772953
       4.81427956       4.86056042       4.88895988       5.15536976       5.95320988       5.95932961       5.95925999       5.93877983       5.71774006       5.45143032       5.27408028       5.48054028       5.92549038       6.28932953       6.97327995       8.47101021      10.71039009      12.28918076      12.22583961      10.89942932
       8.65876961       7.86143970       8.83392048       9.35793018       9.22177029       9.10859966       9.35688019       9.69361019      11.49917030      12.86445045      15.17708015      17.11845016      18.86661911      19.22664070      13.85153961       7.41884995       6.24936962       5.80463028       5.61833000       5.63551998
       5.69760990       5.74271011       5.32000000       3.16000000       1.00000000       0.00000000  -4.44089210E-16       0.00000000  -4.44089210E-16  -4.44089210E-16  -4.44089210E-16  -4.44089210E-16  -4.44089210E-16       0.00000000       0.00000000       0.00000000  4.44089210E-16       0.00000000  4.44089210E-16  4.44089210E-16
  4.44089210E-16  -1.33226763E-15  -4.44089210E-16  4.44089210E-16  4.44089210E-16  -4.44089210E-16       0.00000000       0.00000000  -4.44089210E-16       0.00000000  4.44089210E-16       0.00000000       0.00000000  4.44089210E-16  -4.44089210E-16  -4.44089210E-16  4.44089210E-16  -4.44089210E-16       0.00000000  -1.33226763E-15
  1.33226763E-15  1.33226763E-15  -1.33226763E-15  -1.33226763E-15       0.00000000       0.00000000  -1.33226763E-15  -4.44089210E-16       0.00000000  4.44089210E-16  -4.44089210E-16  1.33226763E-15       0.00000000       0.00000000  -4.44089210E-16  4.44089210E-16       0.00000000       0.00000000  4.44089210E-16       0.00000000
  4.44089210E-16  -4.44089210E-16  4.44089210E-16       0.00000000       0.00000000  -4.44089210E-16  -4.44089210E-16  4.44089210E-16       0.00000000       0.00000000  -4.44089210E-16
  -4.44089210E-16  4.44089210E-16  -4.44089210E-16       0.00000000  -4.44089210E-16       0.00000000  -1.33226763E-15  -4.44089210E-16       0.00000000       0.00000000  4.44089210E-16  4.44089210E-16       0.00000000  4.44089210E-16  -4.44089210E-16       0.00000000       0.00000000       0.00000000  4.44089210E-16  4.44089210E-16
  4.44089210E-16  4.44089210E-16  4.44089210E-16  4.44089210E-16       0.00000000  4.44089210E-16       0.00000000  4.44089210E-16  4.44089210E-16       1.12500000       2.47500000       2.08864975       2.41127014       3.02851009       3.12326050       3.40153980       4.26632023       4.88786983       5.58051014       5.90402031
       5.44983959       4.83841991       4.61997032       4.82419014       5.80784988       6.09860992       6.15511990       6.18354988       6.09025955       5.91154003       5.70508957       6.68142986       8.15762997       8.87310028       9.50930023      10.92514992      13.36215019      14.88484001      14.74892998      12.92745972
      10.79174042      11.14359093      12.90925026      14.26837921      14.96348953      15.15653992      14.90191078      14.48983002      16.14521980      18.63932991      20.70058060      22.61841011      24.57329941      25.46608925      21.01608086       8.95423031       6.33823013       6.10956001       5.85258961       5.85521984
       5.94163036       5.95154953       6.05183029       4.40000000       2.00000000       0.00000000  -4.44089210E-16  -4.44089210E-16       0.00000000       0.00000000       0.00000000       0.00000000  4.44089210E-16  4.44089210E-16       0.00000000  -4.44089210E-16  -4.44089210E-16       0.00000000  4.44089210E-16  4.44089210E-16
       0.00000000  1.33226763E-15  -4.44089210E-16  4.44089210E-16       0.00000000  4.44089210E-16  -4.44089210E-16  4.44089210E-16  -4.44089210E-16       0.00000000       0.00000000  4.44089210E-16       0.00000000  -4.44089210E-16       0.00000000  -4.44089210E-16  4.44089210E-16       0.00000000       0.00000000       0.00000000
       0.00000000       0.00000000       0.00000000       0.00000000       0.00000000  -1.33226763E-15       0.00000000  -1.33226763E-15  1.33226763E-15       0.00000000  -1.33226763E-15  1.33226763E-15       0.00000000  -4.44089210E-16  -4.44089210E-16  -4.44089210E-16  -4.44089210E-16       0.00000000  -4.44089210E-16       0.00000000
  4.44089210E-16  -1.33226763E-15  -4.44089210E-16  -4.44089210E-16  -4.44089210E-16  4.44089210E-16       0.00000000       0.00000000  4.44089210E-16       0.00000000  4.44089210E-16
  -4.44089210E-16  -4.44089210E-16  -4.44089210E-16       0.00000000       0.00000000  -4.44089210E-16       0.00000000  1.33226763E-15  1.33226763E-15  -4.44089210E-16  4.44089210E-16  4.44089210E-16       0.00000000  4.44089210E-16  -4.44089210E-16  4.44089210E-16  4.44089210E-16  4.44089210E-16  4.44089210E-16  4.44089210E-16
  4.44089210E-16  -4.44089210E-16       0.00000000  -4.44089210E-16  4.44089210E-16  -4.44089210E-16  -4.44089210E-16       0.17500000       1.62500000       3.07500000       2.14371014       2.96708965       3.44659042       3.77785969       4.26346970       4.63346004       4.86233044       6.50979042       7.37584019       7.80671978
       7.06064034       5.42982006       4.74145031       4.73367977       5.12395954       5.67113018       6.17352009       6.30692005       6.18157005       6.18358994       6.89449024       8.75695992      10.69743919      11.57987022      11.92524910      13.84411049      16.67856026      17.38089943      16.79314995      14.75363922
      13.21830940      14.44120026      17.02820015      19.52470970      19.94253922      19.79290962      19.75001907      19.56677055      22.25991058      23.73045921      25.98282051      27.67631912      29.67406082      30.99982834      25.72089958      10.70235062       6.39210987       6.28689003       6.24400043       6.19680977
       6.14140034       6.11001015       6.29298019       5.64000000       3.00000000       0.36000000  -4.44089210E-16       0.00000000  -4.44089210E-16  4.44089210E-16  4.44089210E-16  -4.44089210E-16  -4.44089210E-16  4.44089210E-16  -4.44089210E-16       0.00000000  4.44089210E-16       0.00000000  4.44089210E-16  4.44089210E-16
       0.00000000  1.33226763E-15  4.44089210E-16  -4.44089210E-16       0.00000000  -4.44089210E-16  -4.44089210E-16  -4.44089210E-16  -4.44089210E-16  4.44089210E-16       0.00000000  -4.44089210E-16  -4.44089210E-16  4.44089210E-16       0.00000000  4.44089210E-16  -4.44089210E-16       0.00000000       0.00000000  -4.44089210E-16
       0.00000000  -4.44089210E-16  -4.44089210E-16  1.33226763E-15  -1.33226763E-15       0.00000000       0.00000000  1.33226763E-15  1.33226763E-15  1.33226763E-15  1.33226763E-15  1.33226763E-15  1.33226763E-15  -4.44089210E-16  4.44089210E-16  -4.44089210E-16  -4.44089210E-16  4.44089210E-16  -4.44089210E-16  -4.44089210E-16
  1.33226763E-15  -4.44089210E-16       0.00000000  4.44089210E-16  4.44089210E-16  4.44089210E-16  4.44089210E-16  4.44089210E-16       0.00000000  -4.44089210E-16  4.44089210E-16
  -4.44089210E-16       0.00000000  -4.44089210E-16  -4.44089210E-16  4.44089210E-16       0.00000000       0.00000000       0.00000000       0.00000000  -4.44089210E-16       0.00000000  -4.44089210E-16  4.44089210E-16       0.00000000  -4.44089210E-16       0.00000000  -4.44089210E-16       0.00000000  -4.44089210E-16  -4.44089210E-16
       0.00000000       0.00000000  4.44089210E-16  -4.44089210E-16       0.00000000  -4.44089210E-16       0.37500000       1.92500000       2.83800030       2.27700996       3.17319012       3.63959980       4.52501011       4.86157036       5.06593037       5.07273960       5.38535023       7.22008991       9.07145023       9.38088989
       8.76574039       6.49378014       5.03606987       4.85711956       5.00271034       5.20331955       5.61102009       6.18904972       6.34197998       6.62450027       8.56268024      10.98974037      13.01266098      14.10087967      15.63324928      17.26725006      18.33408928      18.44565010      18.10747910      16.50008965
      15.97595024      17.45615959      20.80429077      22.75041008      24.46599960      25.44824982      26.08263016      26.35380173      28.28279877      29.53948975      31.70838928      33.98379135      35.42794037      35.99996185      30.54312897      12.98850060       6.58143044       6.46488953       6.53125000       6.42098045
       6.49868011       6.50432014       6.66475010       6.77422047       4.00000000       1.12000000  -4.44089210E-16  4.44089210E-16  -4.44089210E-16       0.00000000  -4.44089210E-16  4.44089210E-16       0.00000000  -4.44089210E-16  -4.44089210E-16  4.44089210E-16  -4.44089210E-16  4.44089210E-16       0.00000000  -4.44089210E-16
       0.00000000       0.00000000       0.00000000  -4.44089210E-16  4.44089210E-16  4.44089210E-16  4.44089210E-16  -4.44089210E-16  -4.44089210E-16  -4.44089210E-16  -4.44089210E-16       0.00000000       0.00000000  -4.44089210E-16  -4.44089210E-16  -4.44089210E-16       0.00000000  4.44089210E-16  -4.44089210E-16  4.44089210E-16
  4.44089210E-16  -4.44089210E-16  -4.44089210E-16  4.44089210E-16  -4.44089210E-16  -1.33226763E-15  -1.33226763E-15  -1.33226763E-15  1.33226763E-15  1.33226763E-15  1.33226763E-15  1.33226763E-15       0.00000000  -1.33226763E-15  4.44089210E-16  -4.44089210E-16  4.44089210E-16  -4.44089210E-16       0.00000000  4.44089210E-16
  -4.44089210E-16  4.44089210E-16  4.44089210E-16       0.00000000  4.44089210E-16  -4.44089210E-16       0.00000000       0.00000000  4.44089210E-16  -4.44089210E-16       0.00000000
  4.44089210E-16       0.00000000  -4.44089210E-16  4.44089210E-16  -4.44089210E-16       0.00000000       0.00000000  4.44089210E-16  -1.33226763E-15  1.33226763E-15  4.44089210E-16  -4.44089210E-16       0.00000000  -4.44089210E-16  -4.44089210E-16       0.00000000  4.44089210E-16       0.00000000  4.44089210E-16       0.00000000
       0.00000000       0.00000000       0.00000000       0.00000000  -4.44089210E-16       0.53000000       2.11000000       2.55233002       2.56394958       3.63852024       3.94845009       4.85591030       5.67168999       6.04615021       5.83355999       6.19225025       7.04652023       8.54069042      10.31024933      10.75746918
      10.15427017       7.50804996       5.48612022       5.15837002       5.31320000       5.44209957       5.83084011       6.26974964       6.56175995       7.35151958       9.96010017      12.98613930      15.04690933      16.03339958      17.09008026      18.44784927      19.92584991      20.08023071      19.69660950      18.48955917
      18.29997063      20.55389023      23.43313980      26.02096939      27.74147034      29.16559982      30.70745850      32.12960815      33.60694122      35.17538834      36.62815094      38.64307022      39.91062927      39.57500000      35.06301117      16.23628998       6.90567017       6.74557972       6.81519985       6.76189995
       6.90450954       6.91110992       7.09389019       7.69468021       5.47500000       2.54500000       0.00000000  -4.44089210E-16  -4.44089210E-16       0.00000000  -4.44089210E-16  4.44089210E-16       0.00000000       0.00000000  4.44089210E-16       0.00000000       0.00000000       0.00000000       0.00000000       0.00000000
  4.44089210E-16  -4.44089210E-16  1.33226763E-15  4.44089210E-16  -4.44089210E-16       0.00000000       0.00000000  4.44089210E-16  -4.44089210E-16  4.44089210E-16  4.44089210E-16       0.00000000  -4.44089210E-16  4.44089210E-16       0.00000000  4.44089210E-16  4.44089210E-16       0.00000000  4.44089210E-16  -4.44089210E-16
       0.00000000       0.00000000  -4.44089210E-16       0.00000000  4.44089210E-16  -4.44089210E-16       0.00000000  -1.33226763E-15       0.00000000  1.33226763E-15  -1.33226763E-15  -1.33226763E-15  -1.33226763E-15  1.33226763E-15  1.33226763E-15       0.00000000  4.44089210E-16  4.44089210E-16  4.44089210E-16  4.44089210E-16
  4.44089210E-16       0.00000000  4.44089210E-16  4.44089210E-16  -4.44089210E-16  -4.44089210E-16       0.00000000       0.00000000  -4.44089210E-16       0.00000000  -4.44089210E-16
       0.00000000  -4.44089210E-16       0.00000000  -4.44089210E-16  -4.44089210E-16       0.00000000       0.00000000       0.00000000  -1.33226763E-15       0.00000000  1.33226763E-15  -1.33226763E-15  -4.44089210E-16  -4.44089210E-16  -4.44089210E-16  -4.44089210E-16  -4.44089210E-16       0.00000000  4.44089210E-16  -4.44089210E-16
       0.00000000  -1.33226763E-15       0.00000000  4.44089210E-16       0.85000000       2.39000000       2.29555035       3.16207027       3.90318966       4.09333992       4.72163010       7.03740025       8.78750038       7.87627983       7.04413033       8.22327042       8.89066029       9.71452045      11.43969917      11.90347099
      10.83041000       8.02171993       5.93257046       5.51644993       5.67663002       6.00920010       6.42716980       6.76914024       7.02552032       7.98336983      10.52770996      14.28614044      16.90467072      17.46413994      17.84675026      18.62675095      21.98834038      22.44325066      21.74492073      20.42309952
      20.57316971      23.32555008      25.84367943      28.39368820      30.31042099      32.33370972      34.54655838      36.42267990      38.17795944      39.73611069      40.99444962      42.44131851      43.37500000      40.32500000      37.27500000      20.17707062       7.29026985       6.99761009       7.12913036       7.07170963
       7.26385975       7.65079021       8.26222038       9.19528961       7.42500000       4.63500000       1.84500000  4.44089210E-16  4.44089210E-16       0.00000000  4.44089210E-16  -4.44089210E-16  4.44089210E-16  4.44089210E-16  4.44089210E-16  4.44089210E-16       0.00000000  4.44089210E-16  -4.44089210E-16  -4.44089210E-16
  4.44089210E-16  4.44089210E-16  -1.33226763E-15  -4.44089210E-16       0.00000000       0.00000000  -4.44089210E-16       0.00000000  4.44089210E-16  -4.44089210E-16  4.44089210E-16  -4.44089210E-16  -4.44089210E-16  -4.44089210E-16  -4.44089210E-16  4.44089210E-16       0.00000000       0.00000000       0.00000000  4.44089210E-16
  -4.44089210E-16       0.00000000  4.44089210E-16       0.00000000  -4.44089210E-16  4.44089210E-16  4.44089210E-16  4.44089210E-16       0.00000000       0.00000000       0.00000000  1.33226763E-15       0.00000000  -1.33226763E-15  -1.33226763E-15       0.00000000  -1.33226763E-15       0.00000000       0.00000000  4.44089210E-16
       0.00000000       0.00000000  -4.44089210E-16       0.00000000  4.44089210E-16       0.00000000  -4.44089210E-16  4.44089210E-16  -4.44089210E-16       0.00000000       0.00000000
  4.44089210E-16  -4.44089210E-16  -4.44089210E-16  4.44089210E-16  -4.44089210E-16  4.44089210E-16  4.44089210E-16  1.33226763E-15       0.00000000       0.00000000  1.33226763E-15  1.33226763E-15       0.00000000       0.00000000       0.00000000       0.00000000  1.33226763E-15  1.33226763E-15  4.44089210E-16  -4.44089210E-16
  -1.33226763E-15  -4.44089210E-16  4.44089210E-16       1.25000000       2.75000000       2.29790020       3.64377975       3.96177959       4.05574989       4.43900013       6.65964031       9.16104984      10.31794930       9.78952026       8.82898998       9.78211975       9.94649029      11.19857979      12.50065994      12.22591972
      10.39411926       8.08108044       6.65081978       6.20987034       6.31855965       6.73355007       7.18750954       7.46201038       7.76375961       8.77375031      11.38591003      15.24264908      18.19128036      19.02733994      19.61742973      21.02329063      23.06982040      24.16473961      23.66695023      22.52750015
      23.02132034      25.35399055      28.23598862      30.66254044      32.88917160      35.22219086      37.76264954      39.20000000      40.60000000      42.00000000      43.40000000      44.80000000      44.02500000      41.07500000      38.12500000      24.86138916       8.18474007       7.35772991       7.40036011       7.52274036
       8.15528965       8.83656025       9.75409031      10.58563995       9.19526005       6.51879978       4.07500000       1.42500000       0.00000000  4.44089210E-16  4.44089210E-16  4.44089210E-16  -4.44089210E-16  -4.44089210E-16  4.44089210E-16  -4.44089210E-16       0.00000000  4.44089210E-16       0.00000000       0.00000000
  4.44089210E-16  4.44089210E-16       0.00000000  -4.44089210E-16  -4.44089210E-16  4.44089210E-16  4.44089210E-16       0.00000000       0.00000000  4.44089210E-16       0.00000000       0.00000000       0.00000000       0.00000000  -4.44089210E-16  4.44089210E-16  -4.44089210E-16  -4.44089210E-16       0.00000000       0.00000000
  4.44089210E-16  4.44089210E-16  -4.44089210E-16  4.44089210E-16       0.00000000  4.44089210E-16       0.00000000  4.44089210E-16  4.44089210E-16  4.44089210E-16  -1.33226763E-15  -1.33226763E-15       0.00000000  1.33226763E-15  1.33226763E-15  1.33226763E-15  1.33226763E-15  -1.33226763E-15       0.00000000       0.00000000
  4.44089210E-16  -4.44089210E-16  -4.44089210E-16  4.44089210E-16       0.00000000  -4.44089210E-16  -4.44089210E-16  4.44089210E-16  4.44089210E-16  4.44089210E-16  -4.44089210E-16
  4.44089210E-16       0.00000000  -4.44089210E-16       0.00000000  4.44089210E-16       0.00000000       0.00000000       0.00000000       0.00000000  -1.33226763E-15  1.33226763E-15       0.00000000  1.33226763E-15       0.00000000  4.44089210E-16  4.44089210E-16  -1.33226763E-15       0.00000000  -4.44089210E-16  -4.44089210E-16
  -4.44089210E-16       0.62500000       1.73000000       2.47408962       2.62841034       3.89503956       3.89735985       3.96290016       4.18383026       5.87075996       8.47949028      10.65946960      11.83008003      11.55726051      10.57780075      11.13850975      11.03362083      12.79018021      13.37573051      12.42664909
      10.43894005       8.78038979       7.83428955       7.41598988       7.40567017       7.63305950       8.06462002       8.19534016       8.70928001      10.08123016      12.88161087      16.67226028      19.52705002      20.42561913      21.36627960      22.44647026      24.54195976      25.55291939      25.23542976      24.66643906
      25.21368027      27.39833832      30.25085831      32.72777939      35.39746094      37.96784973      39.28000000      40.52000000      41.76000000      43.00000000      44.24000000      45.48000000      44.67500000      41.82500000      38.97500000      30.39382935      10.20354080       7.96166992       8.01430988       8.58831978
       9.45269012      10.55032921      11.60143089      11.99578094      10.16235924       6.65579033       5.26521969       3.79500000       1.28500000  -4.44089210E-16  4.44089210E-16       0.00000000  -4.44089210E-16       0.00000000  4.44089210E-16  -4.44089210E-16  -4.44089210E-16  4.44089210E-16  -4.44089210E-16       0.00000000
  4.44089210E-16  -4.44089210E-16  1.33226763E-15  4.44089210E-16       0.00000000  4.44089210E-16  4.44089210E-16  -4.44089210E-16  4.44089210E-16       0.00000000  -4.44089210E-16       0.00000000  4.44089210E-16       0.00000000       0.00000000  4.44089210E-16  4.44089210E-16       0.00000000       0.00000000       0.00000000
       0.00000000  4.44089210E-16       0.00000000  4.44089210E-16       0.00000000  4.44089210E-16  4.44089210E-16  -4.44089210E-16       0.00000000  4.44089210E-16  4.44089210E-16  -4.44089210E-16  1.33226763E-15       0.00000000  1.33226763E-15  1.33226763E-15  4.44089210E-16  4.44089210E-16  4.44089210E-16  -4.44089210E-16
  4.44089210E-16  4.44089210E-16  4.44089210E-16  -4.44089210E-16       0.00000000       0.00000000       0.00000000       0.00000000  4.44089210E-16       0.00000000       0.00000000
       0.00000000  -4.44089210E-16  -1.33226763E-15  -1.33226763E-15  -1.33226763E-15  -1.33226763E-15       0.00000000       0.00000000  1.33226763E-15       0.00000000  -1.33226763E-15       0.00000000  -1.33226763E-15  -1.33226763E-15       0.00000000  4.44089210E-16       0.00000000  1.33226763E-15       0.02500000       0.87500000
       1.72500000       2.57500000       2.21767998       3.05523968       3.94377041       3.83232021       3.90159988       3.93616009       4.69876957       7.51451969      10.54190063      12.26143074      13.21953964      13.23632050      12.16222954      12.13377953      12.03161049      13.74927902      14.38047981      13.29018974
      11.54985046      10.19389915       9.59350014       9.56285000       9.39068985       9.10416985       9.16331005       9.27143002      10.19490051      12.22563934      15.17576027      18.87557983      21.40612030      22.24785995      23.05077934      24.57345009      26.51520920      27.61750031      27.33501816      26.98072052
      27.52901840      29.25923920      32.10184860      35.12509155      37.90110016      39.68000000      40.76000000      41.84000000      42.92000000      44.00000000      45.08000000      46.16000000      45.32500000      42.57500000      39.82500000      34.93265152      13.21726990       9.03975964       9.15289021      10.23085976
      11.31860924      12.52695084      13.63278961      14.50861931      10.24472046       6.18657017       5.11758995       4.99479008       3.79500000       1.42500000       0.00000000  -4.44089210E-16  4.44089210E-16       0.00000000  -4.44089210E-16  -4.44089210E-16  -4.44089210E-16  -4.44089210E-16  -4.44089210E-16  4.44089210E-16
  -4.44089210E-16  -4.44089210E-16  -4.44089210E-16  -4.44089210E-16  4.44089210E-16       0.00000000  4.44089210E-16  4.44089210E-16  4.44089210E-16  4.44089210E-16       0.00000000  4.44089210E-16  4.44089210E-16  -4.44089210E-16  4.44089210E-16       0.00000000  -4.44089210E-16  -4.44089210E-16  -4.44089210E-16       0.00000000
  4.44089210E-16       0.00000000  4.44089210E-16  4.44089210E-16  4.44089210E-16  -4.44089210E-16  -4.44089210E-16       0.00000000       0.00000000       0.00000000       0.00000000  4.44089210E-16       0.00000000  1.33226763E-15       0.00000000       0.00000000  -1.33226763E-15       0.00000000  1.33226763E-15  1.33226763E-15
       0.00000000  -4.44089210E-16  4.44089210E-16  -4.44089210E-16  4.44089210E-16       0.00000000  4.44089210E-16       0.00000000       0.00000000       0.00000000       0.00000000
  -1.33226763E-15  -4.44089210E-16  -1.33226763E-15       0.00000000       0.00000000  1.33226763E-15  -1.33226763E-15  1.33226763E-15  -1.33226763E-15       0.00000000  -1.33226763E-15  -1.33226763E-15  1.33226763E-15       0.00000000       0.00000000  -1.33226763E-15  1.33226763E-15       0.72500000       1.67500000       2.62500000
       2.90392971       2.13358974       3.36285973       3.85391998       3.75792980       3.89713955       3.91948032       4.35081959       6.36491966       9.80128002      12.67107010      13.89702988      14.54557037      14.68153954      13.44566917      12.95354080      12.85675049      14.80620956      15.57777977      14.83452034
      13.35812950      12.35009003      12.06859970      12.06399918      11.67839050      10.93405914      10.43520927      10.93958092      12.74710083      15.28344917      18.30089951      21.55911064      23.45862007      24.41799927      25.60022926      27.20998001      28.90861130      29.73299026      29.76321030      29.59225082
      30.00780869      31.33900833      34.31578064      37.46474075      40.40000000      41.32000000      42.24000000      43.16000000      44.08000000      45.00000000      45.92000000      46.84000000      45.97500000      43.32500000      40.67500000      36.98107147      16.11673927      10.67745972      10.81583023      11.97954941
      13.31027985      14.58128929      15.51708984      14.28099060       9.12057972       6.67317009       5.52972984       5.11641979       5.01908016       4.07500000       1.84500000       0.00000000  -4.44089210E-16       0.00000000  -4.44089210E-16       0.00000000  -4.44089210E-16  -4.44089210E-16       0.00000000       0.00000000
  -4.44089210E-16       0.00000000       0.00000000  -4.44089210E-16       0.00000000  -4.44089210E-16       0.00000000  4.44089210E-16  4.44089210E-16  -4.44089210E-16       0.00000000  4.44089210E-16  4.44089210E-16       0.00000000  4.44089210E-16  -4.44089210E-16  -4.44089210E-16  4.44089210E-16       0.00000000  4.44089210E-16
  4.44089210E-16       0.00000000  -4.44089210E-16       0.00000000       0.00000000  -4.44089210E-16  -4.44089210E-16  4.44089210E-16  -4.44089210E-16  4.44089210E-16       0.00000000  4.44089210E-16  4.44089210E-16  4.44089210E-16  -1.33226763E-15       0.00000000  -1.33226763E-15  1.33226763E-15  1.33226763E-15  -1.33226763E-15
  -1.33226763E-15       0.00000000  4.44089210E-16  4.44089210E-16       0.00000000       0.00000000  4.44089210E-16       0.00000000  4.44089210E-16  -4.44089210E-16  -4.44089210E-16
       0.00000000  -4.44089210E-16  4.44089210E-16  -4.44089210E-16  -4.44089210E-16       0.00000000  -1.33226763E-15       0.00000000  -1.33226763E-15  -1.33226763E-15       0.00000000  1.33226763E-15       0.00000000  -1.33226763E-15  -1.33226763E-15       0.17500000       1.22500000       2.27500000       3.32500000       2.55854988
       2.49682999       3.76653957       3.84953976       3.84099960       4.05751991       4.20398998       4.44851017       5.56877041       8.71854019      12.41393089      14.91276932      15.91951942      16.24400902      15.97875977      14.53170013      13.81023979      13.60489082      15.76711082      16.39485931      16.26333046
      15.33695984      14.82848930      14.79036903      14.96668053      14.32492065      12.99950027      11.89888954      13.17489052      15.85433006      18.82905006      21.95673943      24.58493996      26.10530853      27.06425858      28.20352936      29.59297943      30.65874100      31.24496078      31.75942993      32.06151962
      32.40145111      33.67456055      36.29813004      39.59949112      42.20000000      42.96000000      43.72000000      44.48000000      45.24000000      46.00000000      46.76000000      47.52000000      46.62500000      44.07500000      41.52500000      36.63996124      18.38463020      12.63736916      12.78289986      13.86070061
      15.22529984      16.51853943      16.78553009      12.15527916       9.15464973       7.43715000       6.00349045       5.34109974       5.06381989       4.82680035       4.63500000       2.54500000  -4.44089210E-16  4.44089210E-16       0.00000000       0.00000000  4.44089210E-16       0.00000000  4.44089210E-16  -4.44089210E-16
  -4.44089210E-16  -4.44089210E-16  -1.33226763E-15  4.44089210E-16  4.44089210E-16  4.44089210E-16  -4.44089210E-16  -4.44089210E-16  4.44089210E-16       0.00000000       0.00000000  4.44089210E-16  -4.44089210E-16  -4.44089210E-16       0.00000000       0.00000000       0.00000000  -4.44089210E-16  4.44089210E-16  4.44089210E-16
       0.00000000       0.00000000  4.44089210E-16  4.44089210E-16  4.44089210E-16       0.00000000       0.00000000  -4.44089210E-16       0.00000000  4.44089210E-16       0.00000000       0.00000000  -4.44089210E-16  4.44089210E-16  4.44089210E-16       0.00000000  1.33226763E-15  1.33226763E-15       0.00000000       0.00000000
  -1.33226763E-15  -1.33226763E-15  4.44089210E-16  4.44089210E-16       0.00000000  -4.44089210E-16  4.44089210E-16       0.00000000  -4.44089210E-16  4.44089210E-16  4.44089210E-16
  1.33226763E-15  1.33226763E-15  -1.33226763E-15  -1.33226763E-15       0.00000000       0.00000000       0.00000000       0.00000000       0.00000000       0.00000000  4.44089210E-16  -4.44089210E-16  4.44089210E-16  1.33226763E-15       0.37500000       1.52500000       2.67500000       3.48243999       2.23746967       3.01506042
       3.97694016       3.85867023       3.97824955       4.25800037       4.66565037       4.93638992       5.59418011       7.48517990      11.25052071      15.06336021      17.21365929      17.80707932      17.56282043      16.95747948      15.45589066      14.44573975      14.15356064      15.79512024      16.64233017      16.86804008
      17.05621910      17.11660957      17.51449013      17.68113899      16.98558044      15.03339005      13.34988022      14.89734077      18.15048027      21.94272995      25.27279091      27.37218094      28.51692963      29.33692932      30.10688019      30.98614120      31.80575943      32.67126846      33.57833862      34.30564117
      34.44609070      35.86801147      38.20619965      41.51834106      44.00000000      44.60000000      45.20000000      45.80000000      46.40000000      47.00000000      47.60000000      47.24776077      45.07326126      43.14588928      41.37142181      36.20689011      20.08984947      14.57559967      14.83152008      15.81365967
      16.92090988      18.26078987      17.83633041      12.61399078       9.93914986       8.09568977       6.86528969       5.81589031       5.37255001       5.10223007       4.84504986       4.94472980       2.75000000  4.44089210E-16       0.00000000  -4.44089210E-16  -4.44089210E-16       0.00000000  -4.44089210E-16  -4.44089210E-16
  4.44089210E-16  -4.44089210E-16  -1.33226763E-15       0.00000000  -4.44089210E-16  4.44089210E-16  -4.44089210E-16  -4.44089210E-16  -4.44089210E-16  4.44089210E-16  4.44089210E-16  -4.44089210E-16  -4.44089210E-16  4.44089210E-16  -4.44089210E-16       0.00000000  -4.44089210E-16       0.00000000       0.00000000       0.00000000
       0.00000000  4.44089210E-16       0.00000000  -4.44089210E-16  -4.44089210E-16       0.00000000  -4.44089210E-16  4.44089210E-16  -4.44089210E-16       0.00000000  -4.44089210E-16       0.00000000  -4.44089210E-16  4.44089210E-16       0.00000000       0.00000000  1.33226763E-15  -1.33226763E-15  -1.33226763E-15  -1.33226763E-15
  -1.33226763E-15       0.00000000  -4.44089210E-16  -4.44089210E-16  -4.44089210E-16       0.00000000       0.00000000  -4.44089210E-16  -4.44089210E-16       0.00000000       0.00000000
  -4.44089210E-16       0.00000000  4.44089210E-16       0.00000000  1.33226763E-15  1.33226763E-15       0.00000000  -1.33226763E-15       0.00000000  -1.33226763E-15  1.33226763E-15       0.00000000  1.33226763E-15       0.37500000       1.62500000       2.87500000       3.12473965       2.25253963       3.20705032       4.12003994
       4.11900997       4.20343018       4.83434963       5.84488964       6.37742996       6.68980026       7.62465000       9.98491001      13.71421051      17.23494911      19.27368927      19.55117035      18.96335030      17.95037079      16.28471947      15.19750023      14.88435936      15.82646942      16.96740913      17.82691956
      18.81506920      19.28704071      19.57053947      19.30687904      18.21066093      16.34659958      14.79820061      16.34613037      20.14705086      24.55565071      27.96097946      29.28710938      29.85842133      30.27178955      30.91386032      31.73321915      32.94580841      34.39609909      35.56795883      36.21012115
      36.86357117      38.02481842      40.22993088      43.52394867      45.80000000      46.24000000      46.68000000      47.12000000      47.56000000      48.00000000      48.28673935      45.42163849      42.80720139      40.38961029      37.97410965      33.93708801      24.84600067      18.42157936      17.16250038      17.81830978
      19.42073059      19.35386086      16.53178024      13.54987907      11.54734993       9.60807037       8.13591003       6.93021011       6.32384014       5.74199009       5.02274036       4.90746975       4.78069019       1.71000000  -4.44089210E-16  -4.44089210E-16       0.00000000  2.66453526E-15  -4.44089210E-16  4.44089210E-16
  4.44089210E-16  -4.44089210E-16       0.00000000       0.00000000  4.44089210E-16       0.00000000       0.00000000       0.00000000  -4.44089210E-16  -4.44089210E-16       0.00000000  4.44089210E-16  -4.44089210E-16       0.00000000  4.44089210E-16       0.00000000       0.00000000       0.00000000  4.44089210E-16  -4.44089210E-16
  4.44089210E-16       0.00000000  -4.44089210E-16       0.00000000  4.44089210E-16  4.44089210E-16  -4.44089210E-16  -4.44089210E-16  -4.44089210E-16  4.44089210E-16  4.44089210E-16       0.00000000  -4.44089210E-16  4.44089210E-16  -4.44089210E-16  4.44089210E-16       0.00000000  -4.44089210E-16       0.00000000       0.00000000
  1.33226763E-15       0.00000000       0.00000000  4.44089210E-16       0.00000000  4.44089210E-16       0.00000000  4.44089210E-16  4.44089210E-16       0.00000000  4.44089210E-16
  1.33226763E-15       0.00000000       0.00000000  -1.33226763E-15       0.00000000  -4.44089210E-16       0.00000000       0.00000000  4.44089210E-16       0.00000000  4.44089210E-16  -1.33226763E-15       0.17500000       1.52500000       2.37187958       2.29825974       2.48443031       3.80004025       4.28524971       4.36415005
       4.54267979       6.30539989       7.99108028       9.36487961      10.01605034      10.18761063      10.80616951      12.54721069      15.63003922      18.86619949      20.64295959      20.88209915      20.12155914      18.89156914      17.14888000      15.90707970      15.76461029      16.30168915      17.66274071      19.56986046
      20.57336998      21.12854958      21.07514954      20.20862007      18.82043076      17.49711990      17.21566010      18.18848991      21.30134010      25.79894066      28.78231049      29.62841034      30.22434998      30.82001114      31.50275040      32.51562119      33.96947098      35.61851120      37.02640152      37.88982010
      38.78733826      39.94308090      42.02177811      45.42671204      47.60000000      47.88000000      48.16000000      48.44000000      48.72000000      49.00000000      47.41299820      44.55329895      41.98326874      39.08584976      36.10464096      33.19908142      29.86130142      27.11890030      24.87290001      23.87639046
      22.10819054      20.11763954      18.18239975      16.18073082      14.36459923      12.82732010      11.52337074      10.03326988       8.74067020       7.65725040       6.28981972       5.56153965       5.16926003       4.17000000  4.44089210E-16       0.00000000  4.44089210E-16  2.66453526E-15       0.00000000  -4.44089210E-16
  4.44089210E-16  4.44089210E-16  1.33226763E-15  -4.44089210E-16       0.00000000  -4.44089210E-16  -4.44089210E-16  -4.44089210E-16       0.00000000  4.44089210E-16  4.44089210E-16  -4.44089210E-16       0.00000000  4.44089210E-16  4.44089210E-16  -4.44089210E-16  4.44089210E-16       0.00000000  -4.44089210E-16  -4.44089210E-16
  -4.44089210E-16  -4.44089210E-16  4.44089210E-16       0.00000000       0.00000000  -4.44089210E-16  -4.44089210E-16  -4.44089210E-16  4.44089210E-16       0.00000000  4.44089210E-16  4.44089210E-16       0.00000000  4.44089210E-16  -4.44089210E-16       0.00000000  4.44089210E-16       0.00000000       0.00000000  -1.33226763E-15
  1.33226763E-15  -1.33226763E-15       0.00000000  4.44089210E-16       0.00000000       0.00000000  -4.44089210E-16       0.00000000       0.00000000  4.44089210E-16  -4.44089210E-16
  -1.33226763E-15  -1.33226763E-15  -1.33226763E-15  -1.33226763E-15  -1.33226763E-15  1.33226763E-15       0.00000000  -4.44089210E-16  -4.44089210E-16       0.00000000  -4.44089210E-16       0.39500000       1.42000000       2.86000000       3.46809959       3.52593040       3.80663013       4.09558010       4.64011955       4.84661007
       5.35354042       7.12191010      11.07930946      13.45963097      14.25292969      14.31962013      14.30648994      15.42363930      17.62898064      20.24143028      21.92210960      21.92922020      21.05200958      19.70434952      18.05261040      17.12025070      16.87302971      17.58439064      19.20649910      21.02016068
      22.18944931      22.66345024      22.41114044      21.12791061      19.93334007      19.72738075      20.40107918      21.36845970      22.95034981      26.11371994      28.77262115      30.02336884      30.87448120      31.67007065      32.55728149      33.70309830      35.15008926      36.61428833      38.06608963      39.19145966
      40.41151810      41.88862991      43.96149063      47.05165100      49.71033859      50.27500000      50.52500000      50.77500000      51.02500000      49.68037033      47.34806061      44.85578918      42.71736908      40.51861954      38.16767120      35.66009903      33.34674835      31.34035110      29.56462097      27.82316971
      26.10836029      24.04937935      21.90858078      20.03614998      18.27371025      16.81308937      15.42848015      13.77339935      12.07891083      10.12809944       8.36273003       7.31577015       6.24855042       5.78462982       1.47500000       0.00000000  -4.44089210E-16  2.66453526E-15       0.00000000       0.00000000
  -4.44089210E-16  -4.44089210E-16  1.33226763E-15       0.00000000       0.00000000       0.00000000       0.00000000       0.00000000  4.44089210E-16  -4.44089210E-16  4.44089210E-16       0.00000000  -4.44089210E-16  4.44089210E-16  -4.44089210E-16  -4.44089210E-16  -4.44089210E-16  4.44089210E-16  -4.44089210E-16  -4.44089210E-16
  4.44089210E-16  4.44089210E-16  4.44089210E-16       0.00000000  -4.44089210E-16  -4.44089210E-16  -4.44089210E-16  4.44089210E-16  -4.44089210E-16  4.44089210E-16  4.44089210E-16  -4.44089210E-16  -4.44089210E-16  -4.44089210E-16  4.44089210E-16  4.44089210E-16  -4.44089210E-16       0.00000000  4.44089210E-16       0.00000000
  1.33226763E-15  -1.33226763E-15       0.00000000  4.44089210E-16  -4.44089210E-16  4.44089210E-16  -4.44089210E-16  4.44089210E-16  -4.44089210E-16  4.44089210E-16  -4.44089210E-16
  1.33226763E-15       0.00000000       0.00000000       0.00000000  4.44089210E-16  4.44089210E-16       0.00000000  4.44089210E-16  4.44089210E-16       0.52500000       1.15500000       1.78500000       2.86000000       3.56620026       3.57721043       3.49376011       4.05206013       4.37827969       4.93111992       5.53715038
       6.83316040       7.10799026       7.57666969      15.59483910      18.26465988      18.64719963      18.41955948      18.82131958      20.18350029      21.62488937      22.20071983      22.17621994      21.60260963      20.35387993      18.93568993      18.36453056      18.28499985      19.50576019      21.32666016      22.73719978
      23.57551003      24.20219040      23.70421982      22.27198029      21.71858025      22.61705971      24.19255066      25.50820923      26.54779816      28.10203171      29.80596924      30.99256897      32.00524139      33.06351852      34.22629929      35.40800095      36.82535934      37.98477173      39.23223877      40.68025970
      42.11077881      43.79396057      45.71752167      48.04701996      50.84975052      52.99332809      53.36169052      52.79811096      51.73165894      50.45006943      48.85340881      47.02381897      45.19879913      43.45875931      41.47397995      39.33073044      37.27761841      35.59437943      33.97290039      32.32931137
      30.64859009      28.77655792      26.49396896      24.45763016      22.67498970      20.91706085      19.19264030      17.28565979      15.45779991      13.71084976      11.75715065      10.05688095       7.68191051       5.85914040       2.42500000  -4.44089210E-16       0.00000000  2.66453526E-15  -2.66453526E-15       0.00000000
       0.00000000  4.44089210E-16  1.33226763E-15  -4.44089210E-16       0.00000000       0.00000000  -4.44089210E-16       0.00000000  -4.44089210E-16       0.00000000  4.44089210E-16  -4.44089210E-16       0.00000000       0.00000000  4.44089210E-16       0.00000000       0.00000000  4.44089210E-16       0.00000000  4.44089210E-16
       0.00000000       0.00000000  -4.44089210E-16  4.44089210E-16       0.00000000       0.00000000  4.44089210E-16  -4.44089210E-16       0.00000000  -4.44089210E-16       0.00000000  -4.44089210E-16       0.00000000       0.00000000  -4.44089210E-16       0.00000000  -4.44089210E-16  -4.44089210E-16       0.00000000  4.44089210E-16
  1.33226763E-15  1.33226763E-15       0.00000000  1.33226763E-15       0.00000000  4.44089210E-16       0.00000000  -4.44089210E-16  -4.44089210E-16       0.00000000       0.00000000
       0.00000000  1.33226763E-15  -4.44089210E-16       0.00000000  -4.44089210E-16  -4.44089210E-16  -4.44089210E-16       0.57500000       1.22500000       1.87500000       2.52500000       3.17500000       3.82853031       3.83532047       3.95263004       3.64710999       4.57267952       4.98015022       5.52221012       6.42232990
       7.37456989       9.48822975      12.29056931      16.34902954      20.43232918      22.08521080      22.31440926      22.60263062      23.37619972      23.51065063      22.91386986      22.57584000      22.13858986      21.07529068      19.83724022      19.63857079      20.28255081      21.89727020      23.52124023      24.61277008
      25.48155975      25.83054924      25.21121979      23.83576012      24.00613022      25.68955040      27.45796967      28.80973053      29.70999146      30.65869141      31.92343140      33.33105850      34.53778076      35.57492065      36.56478119      37.50722885      38.60100937      39.83686829      41.26345062      42.76752090
      44.60023117      46.23744202      47.80131149      50.17758179      52.72702026      54.38457870      54.54745865      54.16500854      53.36111069      52.48020935      51.30696869      50.16611862      48.70988083      46.91802979      45.10112000      43.32033157      41.58206940      40.09403992      38.64918900      36.96208191
      35.02067947      32.84650040      30.57371902      28.58736038      26.78984070      24.76646042      22.76390076      20.89974022      19.00515938      17.21136093      15.40827942      13.83930969       9.24983025       6.70448971       3.37500000       0.00000000  4.44089210E-16       0.00000000       0.00000000  4.44089210E-16
  -4.44089210E-16  -4.44089210E-16  1.33226763E-15  -1.33226763E-15  4.44089210E-16       0.00000000  4.44089210E-16  -4.44089210E-16       0.00000000  -4.44089210E-16  4.44089210E-16       0.00000000  4.44089210E-16  4.44089210E-16  -4.44089210E-16       0.00000000  -4.44089210E-16       0.00000000  4.44089210E-16  4.44089210E-16
  -4.44089210E-16       0.00000000       0.00000000       0.00000000       0.00000000  -4.44089210E-16  -4.44089210E-16       0.00000000  4.44089210E-16  -4.44089210E-16  4.44089210E-16  4.44089210E-16  4.44089210E-16       0.00000000  4.44089210E-16  4.44089210E-16  -4.44089210E-16  -4.44089210E-16  -4.44089210E-16  -4.44089210E-16
       0.00000000  -1.33226763E-15  1.33226763E-15  -1.33226763E-15  1.33226763E-15  -1.33226763E-15  4.44089210E-16  -4.44089210E-16  4.44089210E-16  -4.44089210E-16       0.00000000
       0.00000000       0.00000000  -4.44089210E-16  -4.44089210E-16  4.44089210E-16       0.54500000       1.21500000       1.88500000       2.55500000       3.22500000       3.79327965       3.71473980       3.68245983       3.98155975       3.63043976       4.35328960       5.28318024       6.07357979       7.96940994       9.09832954
       9.75603962      10.04793930      11.68616104      15.02622986      18.75804901      22.43363953      24.79565048      25.99877930      26.68788147      26.49132919      25.47697067      24.11866951      23.00465012      22.01054955      21.12960052      21.69030952      22.77771950      24.55065918      26.05437088      27.08309937
      27.76536179      27.88599014      26.93046951      25.80443954      26.72132111      28.56637955      29.84770966      30.99282837      32.32641983      33.51042938      34.86233139      36.34519958      38.03467178      38.78910828      39.37181854      40.24222183      41.59357071      42.69229126      44.13188171      45.82828140
      47.63621140      49.06473160      50.66249847      52.70433044      55.31459045      56.75997925      56.87022018      56.45156097      55.88785934      55.22869110      54.56869888      53.73033142      52.72085953      51.20188141      49.50098038      47.75308990      46.80218887      46.11003113      43.55144119      41.05973053
      38.75897980      36.58617020      34.21171188      31.91151047      29.98786926      28.07920837      26.19150925      24.31052017      22.41382027      20.77926064      18.96759033      16.52578926       9.11592960       7.82194042       4.32500000  4.44089210E-16  -4.44089210E-16  2.66453526E-15  2.66453526E-15  -4.44089210E-16
       0.00000000  4.44089210E-16  -1.33226763E-15  1.33226763E-15  -4.44089210E-16       0.00000000       0.00000000       0.00000000       0.00000000  -4.44089210E-16  4.44089210E-16  4.44089210E-16  -4.44089210E-16  -4.44089210E-16       0.00000000  4.44089210E-16       0.00000000       0.00000000       0.00000000  -4.44089210E-16
  -4.44089210E-16       0.00000000       0.00000000       0.00000000  -4.44089210E-16  -4.44089210E-16  4.44089210E-16  4.44089210E-16  -4.44089210E-16       0.00000000       0.00000000  4.44089210E-16       0.00000000  -4.44089210E-16  -4.44089210E-16  -4.44089210E-16  4.44089210E-16       0.00000000  -4.44089210E-16       0.00000000
  4.44089210E-16  4.44089210E-16       0.00000000  -1.33226763E-15  -1.33226763E-15  -1.33226763E-15  1.33226763E-15  4.44089210E-16  4.44089210E-16       0.00000000  -4.44089210E-16
       0.00000000  4.44089210E-16  4.44089210E-16       0.43500000       1.12500000       1.81500000       2.50500000       3.19500000       3.88500000       4.02392006       4.00047970       3.80461025       3.69130993       3.76093006       4.42467976       5.43428040       6.35249043       9.78289032      12.24761009      13.70471001
      14.25842094      14.10317039      13.35112953      13.99371910      16.80389023      20.70211983      24.67015076      27.81335831      27.98860931      27.96662903      27.66798019      26.24869919      24.45330048      23.27182961      23.00978088      23.74678993      25.26482964      27.45893097      29.21804810      29.88552856
      30.14939880      30.31858063      29.24158096      27.96110916      29.27368927      31.08118057      32.27600098      33.65625000      35.08670044      36.30274963      37.71229935      39.08184052      41.21138000      41.73833084      42.32514954      43.07149124      44.23849106      45.50825119      47.21995926      49.17520142
      51.10364914      52.46382141      53.78432846      55.70529175      58.31159210      59.82286835      60.25226593      59.68943787      59.05056000      58.41040802      57.99193954      57.55047226      56.51239014      55.27164078      54.01427841      52.58998108      51.52883148      51.46818924      49.32498169      45.94100952
      42.99573898      40.08541870      37.76977158      35.34358978      33.21376038      31.23345184      29.31961060      27.52947998      25.58989906      23.42500000      21.01500000      16.93144989       9.73565006       9.05733967       5.27500000       0.42500000       0.00000000       0.00000000  -2.66453526E-15  4.44089210E-16
  4.44089210E-16       0.00000000  4.44089210E-16  1.33226763E-15  -4.44089210E-16  4.44089210E-16  -4.44089210E-16  -4.44089210E-16       0.00000000  -4.44089210E-16  4.44089210E-16  4.44089210E-16  4.44089210E-16  -4.44089210E-16  -4.44089210E-16  -4.44089210E-16  4.44089210E-16  4.44089210E-16       0.00000000  -4.44089210E-16
  4.44089210E-16  4.44089210E-16  4.44089210E-16  -4.44089210E-16       0.00000000  -4.44089210E-16  -4.44089210E-16  -4.44089210E-16  -4.44089210E-16  -4.44089210E-16       0.00000000       0.00000000       0.00000000       0.00000000  -4.44089210E-16  -4.44089210E-16       0.00000000  4.44089210E-16  4.44089210E-16  4.44089210E-16
  4.44089210E-16  -4.44089210E-16  4.44089210E-16  -1.33226763E-15  1.33226763E-15       0.00000000  1.33226763E-15  -1.33226763E-15  -4.44089210E-16  -4.44089210E-16       0.00000000
       0.30000000       0.50000000       0.95500000       1.66500000       2.37500000       3.08500000       3.79500000       3.82409000       3.95631027       3.95499992       3.83323956       3.95837975       4.06190968       4.39239979       4.93280983       5.81124973       8.68682957      13.09722900      16.54291916      18.63488960
      19.28764915      18.96582985      17.75190926      16.52227020      16.35932922      18.82254028      23.08602905      27.69329071      28.13722992      28.15528870      28.16411972      27.89583969      26.39619827      24.77033997      24.67141914      25.68911934      27.64097977      30.24929047      32.25056839      33.01185989
      33.01358032      32.81911850      31.89743042      30.36278915      31.83063126      33.72853851      35.30566025      37.06629181      38.50584030      39.47032166      40.47898865      41.64886856      42.92127991      43.90206146      44.79901123      45.74039078      47.18288040      48.19715881      49.97272873      52.20232010
      54.39778900      55.76742935      57.25271988      59.33679199      61.62352753      63.10163116      63.64418030      63.31250763      62.66364288      61.99622345      61.42774200      60.84966278      60.14243317      59.47045898      58.39936066      56.63782883      52.07770157      51.88146973      51.79967880      50.78245163
      47.78926086      44.54001999      41.56813812      39.06082916      36.84941864      34.46411133      32.10379028      29.99977112      27.66500000      25.07500000      22.48500000      15.90180016      10.93588066      10.51862907       6.22500000       1.27500000       0.00000000       0.00000000       0.00000000  -2.66453526E-15
       0.00000000       0.00000000  -4.44089210E-16       0.00000000  -4.44089210E-16       0.00000000       0.00000000  -4.44089210E-16       0.00000000  -4.44089210E-16  4.44089210E-16  -4.44089210E-16       0.00000000  4.44089210E-16  -4.44089210E-16  4.44089210E-16  4.44089210E-16  4.44089210E-16       0.00000000       0.00000000
  -4.44089210E-16  -4.44089210E-16  -4.44089210E-16  -4.44089210E-16  4.44089210E-16  4.44089210E-16       0.00000000  -4.44089210E-16  4.44089210E-16  -4.44089210E-16       0.00000000  -4.44089210E-16  4.44089210E-16  -4.44089210E-16  4.44089210E-16  -4.44089210E-16  -4.44089210E-16  4.44089210E-16       0.00000000  -4.44089210E-16
       0.00000000  4.44089210E-16  -4.44089210E-16  -4.44089210E-16       0.00000000       0.00000000  1.33226763E-15  1.33226763E-15  1.33226763E-15       0.00000000  -4.44089210E-16
       1.50000000       1.70000000       2.16500000       2.89500000       3.62500000       4.02910995       3.88129044       3.74921989       3.85029984       4.02756977       4.26733017       4.18688965       4.26194000       4.33277988       5.25321960       7.05004978      10.78150940      15.54677010      19.62287903      22.14649963
      23.44105911      23.44827080      22.34402084      20.68989944      18.97068024      18.77103043      21.78626060      26.94150162      28.42214966      28.18424988      28.23543167      28.15184021      27.64125824      26.33209991      26.28042984      27.34638977      29.70175934      32.80934143      35.34806061      36.14279938
      35.92393112      35.24127960      34.11828995      32.73659897      33.87957001      35.95616150      38.30707932      40.25349045      41.63389969      42.63114929      43.24755859      44.12144852      45.10049820      46.51089859      47.11019135      48.16466904      49.56248856      50.71823120      52.38105011      54.63574982
      57.19789124      59.03446960      60.69544983      62.78357697      64.34230042      65.81826019      66.64089203      66.68624115      66.33808136      65.71775818      65.41735077      64.84506989      64.52677917      63.93977356      63.10060120      61.80133057      58.83889771      53.72056961      51.88616943      51.62068939
      51.26945114      48.86000000      45.48223114      42.16334915      39.78355026      37.28874969      34.40153122      31.95059204      29.49500000      26.72500000      23.95500000      15.61101913      12.50415993      12.07748985       7.17500000       2.12500000       0.00000000  -4.44089210E-16  -2.66453526E-15  -2.66453526E-15
  4.44089210E-16  4.44089210E-16       0.00000000       0.00000000       0.00000000       0.00000000  4.44089210E-16  4.44089210E-16  4.44089210E-16  -4.44089210E-16       0.00000000  4.44089210E-16  -4.44089210E-16       0.00000000  4.44089210E-16       0.00000000  4.44089210E-16       0.00000000  -4.44089210E-16  4.44089210E-16
  -4.44089210E-16  -4.44089210E-16  4.44089210E-16  -4.44089210E-16  -4.44089210E-16  4.44089210E-16       0.00000000  -4.44089210E-16  -4.44089210E-16       0.00000000  4.44089210E-16  4.44089210E-16       0.00000000  4.44089210E-16  -4.44089210E-16  4.44089210E-16  -4.44089210E-16  -4.44089210E-16  -4.44089210E-16       0.00000000
  4.44089210E-16  -4.44089210E-16  4.44089210E-16  -4.44089210E-16       0.00000000  1.33226763E-15  1.33226763E-15       0.00000000  -1.33226763E-15  -4.44089210E-16       0.00000000
       2.70000000       2.90000000       3.37500000       4.12500000       4.06188965       3.91897011       4.07800961       4.26513958       4.29588032       4.14074993       4.21957970       4.43150997       4.80587959       5.94956017       7.33953953       9.58615017      12.72672081      17.22436905      21.69531059      24.40819931
      25.87515068      26.73870087      26.24000931      24.75992966      22.11067963      20.34300995      22.04120064      25.94503021      28.71992874      28.84634018      28.29690170      28.67800140      28.53187943      27.64593124      27.70204163      28.91334152      31.53807068      34.78689957      37.52450943      38.41970825
      38.30500031      37.52930069      36.25210953      34.93143082      35.67647171      37.87985992      40.53139877      42.87509155      44.78165054      45.63459015      45.99869919      46.32619858      47.08177948      48.76609039      49.23928070      50.58338165      51.85937881      53.02893829      54.60857010      57.23138809
      60.04116821      62.08235168      63.66503143      65.41856384      66.83927155      68.70311737      69.73552704      70.16834259      69.94120789      69.91123962      69.82907867      69.44127655      69.29689026      68.93994141      68.05188751      66.44360352      64.41526794      62.13619995      56.66534042      52.10998154
      51.52429199      50.89445877      48.40951920      44.39242935      41.43978119      38.96179962      35.74607849      32.86922073      30.28686905      27.94807053      25.10683060      16.40574074      14.17793083      13.27500000       8.12500000       2.97500000  -4.44089210E-16  4.44089210E-16       0.00000000       0.00000000
  4.44089210E-16  4.44089210E-16  -4.44089210E-16       0.00000000  4.44089210E-16  4.44089210E-16  4.44089210E-16       0.00000000       0.00000000       0.00000000  4.44089210E-16       0.00000000  -4.44089210E-16  4.44089210E-16  4.44089210E-16  -4.44089210E-16  -4.44089210E-16  -4.44089210E-16  4.44089210E-16  -4.44089210E-16
       0.00000000  -4.44089210E-16       0.00000000  4.44089210E-16  -4.44089210E-16  4.44089210E-16  -4.44089210E-16  -4.44089210E-16       0.00000000  4.44089210E-16  4.44089210E-16  -4.44089210E-16  -4.44089210E-16  -4.44089210E-16       0.00000000  4.44089210E-16  -4.44089210E-16  4.44089210E-16  4.44089210E-16  4.44089210E-16
  -4.44089210E-16       0.00000000  -4.44089210E-16  -4.44089210E-16  -4.44089210E-16       0.00000000       0.00000000       0.00000000  1.33226763E-15       0.00000000  -1.33226763E-15
       3.90000000       4.10000000       4.00282001       3.80251026       4.04553986       4.38891029       4.29246998       4.22620010       4.22140980       4.39013958       4.64216995       4.87353039       6.33606052       8.75456047      10.59206009      12.27087021      14.82604980      18.66772079      22.84996033      25.83346939
      27.46059036      28.68558884      29.04999161      28.01839828      24.78727913      22.45594978      24.48760986      26.60461044      29.12223816      29.54861832      29.69766998      30.65856171      30.03282166      29.11645126      29.19075012      30.48955154      33.06388092      36.61671829      38.88671112      39.85573196
      40.00086975      39.11109924      38.02233124      36.92391968      37.49805069      39.45869827      42.20508194      44.88951874      47.15365982      48.11217117      48.11109161      48.42171860      49.24943924      50.82725906      51.32801056      52.48157883      53.49493027      54.74185944      57.05001831      59.81529999
      62.64298248      64.56294250      66.18395233      67.83318329      69.29493713      70.89611053      72.64753723      73.52799225      73.95160675      74.12069702      73.86332703      73.85537720      73.86891937      73.58891296      72.94632721      71.42397308      69.02129364      66.24664307      62.95567322      58.22241974
      52.88222122      50.76385880      48.45238113      45.46540070      42.48289108      39.32532120      36.06679916      32.97565842      30.07308960      27.66204071      25.11012077      17.89679909      16.08902931      14.32500000       9.07500000       3.82500000       0.00000000       0.00000000  -2.66453526E-15  -2.66453526E-15
  -4.44089210E-16  4.44089210E-16       0.00000000  1.33226763E-15  4.44089210E-16  4.44089210E-16  -4.44089210E-16  -4.44089210E-16       0.00000000  4.44089210E-16       0.00000000  -4.44089210E-16       0.00000000       0.00000000  4.44089210E-16  -4.44089210E-16  -4.44089210E-16  4.44089210E-16  -4.44089210E-16       0.00000000
       0.00000000  -4.44089210E-16  -4.44089210E-16       0.00000000       0.00000000  4.44089210E-16  -4.44089210E-16       0.00000000       0.00000000       0.00000000       0.00000000       0.00000000       0.00000000       0.00000000  4.44089210E-16  -4.44089210E-16  -4.44089210E-16       0.00000000  4.44089210E-16       0.00000000
  -4.44089210E-16  4.44089210E-16       0.00000000  4.44089210E-16  4.44089210E-16  -4.44089210E-16       0.00000000  -4.44089210E-16  -1.33226763E-15  1.33226763E-15  -1.33226763E-15
       3.84047031       3.89062023       4.22068977       4.36380005       4.40530014       4.27873039       4.34436035       4.45429039       4.66510010       4.84438038       4.95011997       6.03090000       8.72723961      11.57212067      13.41172981      14.92231941      17.28100014      20.60253906      24.23188019      27.08065033
      28.73218918      29.88776016      30.29344177      29.38919830      26.21332932      24.96450043      27.55017853      29.03340912      29.79803085      30.35707092      31.22042847      31.82316971      31.18724823      30.44079971      30.69546127      32.02930832      34.43762970      37.56716156      39.76980972      41.07210922
      41.46804810      40.67498016      39.49705887      38.82714844      39.34086990      41.34862137      43.89051056      46.38756943      48.80212021      50.17927170      50.38718033      50.59899139      51.29663849      52.29833984      53.11658859      53.94913101      55.00265884      57.25500107      59.82050323      62.34822845
      64.90647125      67.16747284      69.04740906      70.55213928      71.81661224      73.33384705      75.26618958      76.90219879      77.75363922      77.87843323      78.01934052      78.08940887      78.31604004      78.45484924      78.26757812      75.74000000      72.78000000      69.82000000      66.11260986      62.38072205
      57.99789047      53.51401138      47.81975174      45.44731140      42.43127060      38.94316864      35.54618835      32.10709000      28.98682022      26.38948059      24.08614922      19.11364937      16.16291046      15.37500000      10.02500000       4.67500000  -4.44089210E-16  -4.44089210E-16  -2.66453526E-15       0.00000000
  4.44089210E-16       0.00000000  -1.33226763E-15       0.00000000  4.44089210E-16  4.44089210E-16  -4.44089210E-16       0.00000000  -4.44089210E-16  -4.44089210E-16  4.44089210E-16       0.00000000  -4.44089210E-16       0.00000000  4.44089210E-16  -4.44089210E-16       0.00000000  4.44089210E-16  -4.44089210E-16       0.00000000
  4.44089210E-16       0.00000000       0.00000000  4.44089210E-16       0.00000000  4.44089210E-16       0.00000000       0.00000000       0.00000000  4.44089210E-16       0.00000000  4.44089210E-16  -4.44089210E-16  -4.44089210E-16       0.00000000  -4.44089210E-16  4.44089210E-16  4.44089210E-16       0.00000000  4.44089210E-16
  4.44089210E-16  -4.44089210E-16  -4.44089210E-16  4.44089210E-16       0.00000000  4.44089210E-16  4.44089210E-16  4.44089210E-16       0.00000000       0.00000000  -1.33226763E-15
       4.29792023       4.52519989       4.44408989       4.52884007       4.73985958       4.75158024       4.75543976       5.00444984       5.12010956       5.13311958       5.71893024       7.81525040      11.20141029      14.04084015      16.23492050      17.80658913      19.77803993      22.97266006      26.14236832      28.69939041
      30.04993057      30.83177948      30.97623062      29.93785858      27.20510864      27.54542160      30.11845016      31.15969849      31.57546997      32.18302917      32.99505997      33.39870071      32.67797089      31.91054153      32.20441818      33.73968124      36.13871002      38.88796997      40.92348099      42.16867065
      42.71744919      42.09999847      40.95483017      40.55118179      41.21749115      43.31597900      45.77923965      47.99794006      50.05390167      51.68679810      52.10739136      52.54481888      53.41276169      54.18301010      54.80677032      55.71403885      57.64078903      59.62544250      62.45307922      64.74994659
      67.33950043      69.95532227      71.90133667      73.15524292      74.29469299      75.79087830      77.97332764      80.05947113      81.27793121      81.82238007      81.94624329      82.22498322      82.47572327      82.49929810      81.15000000      78.09000000      75.03000000      71.97000000      68.08860016      63.89137268
      59.18289948      54.31309128      48.30126953      44.74655914      41.54978943      37.90121841      34.19203186      30.71931839      27.52944183      24.98492050      22.48748016      19.68041992      16.08333015      14.91650963      10.40000000       5.04000000       0.00000000       0.00000000  -2.66453526E-15  4.44089210E-16
  4.44089210E-16  -4.44089210E-16  -1.33226763E-15  4.44089210E-16  4.44089210E-16       0.00000000       0.00000000  4.44089210E-16  4.44089210E-16  4.44089210E-16  -4.44089210E-16       0.00000000       0.00000000  -4.44089210E-16  -4.44089210E-16       0.00000000  -4.44089210E-16  -4.44089210E-16  4.44089210E-16       0.00000000
       0.00000000       0.00000000       0.00000000  4.44089210E-16       0.00000000  4.44089210E-16  -4.44089210E-16       0.00000000       0.00000000  -4.44089210E-16  -4.44089210E-16       0.00000000  -4.44089210E-16  4.44089210E-16  4.44089210E-16  -4.44089210E-16  -4.44089210E-16       0.00000000       0.00000000       0.00000000
  4.44089210E-16  4.44089210E-16       0.00000000       0.00000000       0.00000000       0.00000000  -4.44089210E-16  4.44089210E-16  4.44089210E-16  -4.44089210E-16  -1.33226763E-15
       5.07378960       5.12197018       4.95355034       4.92887974       5.11297989       5.36371040       5.37226963       5.48754025       5.59259033       5.77536964       6.90894985      10.02930069      13.43909073      16.43445015      18.72141075      20.33558083      22.61544037      25.58452988      28.77359009      30.86901093
      31.67137146      31.78778076      31.50434875      30.33501816      28.81964874      29.69211197      31.67654800      32.80820084      33.52236176      34.22024155      35.04473114      35.51198959      34.77851105      33.69379807      34.06813049      36.15887070      38.60535812      40.64949036      42.33501053      43.63434982
      44.22201157      43.94282913      43.06188965      42.76612854      43.43423080      45.53929901      48.21678925      50.54130936      51.79946136      52.78218079      53.56119156      54.17607880      55.12017059      56.01153946      57.07178879      57.97584152      59.84599304      62.37299347      64.94689178      67.36557770
      69.98206329      72.76660919      74.78646088      76.21650696      77.44129944      78.91857910      80.83885956      83.08718872      84.84620667      85.44991302      85.79157257      86.25923157      86.43991089      85.63000000      82.45000000      79.27000000      76.09000000      72.91000000      69.15837097      64.18856812
      59.30232239      54.29095840      48.91732025      43.93667984      40.65628052      36.85313034      32.98894119      29.36447144      26.29988861      23.54235077      20.88846970      18.36739922      15.65934944      12.79525948      10.20000000       4.92000000  4.44089210E-16  4.44089210E-16       0.00000000  4.44089210E-16
       0.00000000       0.00000000  -1.33226763E-15  -4.44089210E-16  4.44089210E-16       0.00000000  -4.44089210E-16       0.00000000       0.00000000       0.00000000       0.00000000  -4.44089210E-16  -4.44089210E-16  4.44089210E-16  -4.44089210E-16  4.44089210E-16  4.44089210E-16  4.44089210E-16  4.44089210E-16       0.00000000
  4.44089210E-16       0.00000000  -4.44089210E-16  4.44089210E-16  -4.44089210E-16       0.00000000  4.44089210E-16  -4.44089210E-16  4.44089210E-16       0.00000000       0.00000000  -4.44089210E-16  -4.44089210E-16       0.00000000  4.44089210E-16       0.00000000  4.44089210E-16  4.44089210E-16  4.44089210E-16       0.00000000
  -4.44089210E-16  -4.44089210E-16  -4.44089210E-16  -4.44089210E-16  -4.44089210E-16  -4.44089210E-16  -4.44089210E-16  4.44089210E-16  -4.44089210E-16  4.44089210E-16  -4.44089210E-16
       6.03952026       5.85457039       5.55945015       5.47309017       5.63605022       5.80889988       5.99998951       5.89599037       5.95254993       6.46837997       8.15550041      11.83760071      15.50637054      18.50056076      20.81114006      22.77109909      25.27356911      28.31203079      31.37633896      33.13750076
      33.62049866      33.21976089      32.37360001      31.39764023      30.70700836      31.52510834      32.99798965      34.19747162      35.31291962      36.26736069      37.23735046      37.87773895      37.44363022      36.31143951      36.21014023      38.48326111      41.06061935      42.79219055      44.25584030      45.25798035
      45.95272827      45.90956879      45.53844833      45.34920883      45.93540955      47.78435135      50.58897018      53.33554077      54.53919983      54.86188889      55.34991074      56.09535980      56.93965149      58.09633636      60.25662231      61.02616119      63.13620758      65.52748108      68.11203766      70.55758667
      73.15534973      75.65662384      77.61509705      79.34152222      80.97441864      82.27172089      83.92189789      86.47529602      88.36302185      89.08519745      89.61495972      90.23152924      90.35000000      87.05000000      83.75000000      80.45000000      77.15000000      73.85000000      69.46224976      64.11657715
      58.96556854      53.83518982      48.64825058      43.15106964      40.42081833      35.89736176      32.20182037      28.60995865      25.34049988      22.35928917      19.55760002      16.73963928      14.09501076      10.93556023       8.39970970       4.80000000  -4.44089210E-16  -4.44089210E-16  4.44089210E-16  -4.44089210E-16
  -4.44089210E-16       0.00000000  -4.44089210E-16  -4.44089210E-16       0.00000000  4.44089210E-16       0.00000000  -4.44089210E-16  4.44089210E-16       0.00000000       0.00000000  4.44089210E-16       0.00000000  -4.44089210E-16  4.44089210E-16  4.44089210E-16       0.00000000  -4.44089210E-16       0.00000000       0.00000000
       0.00000000       0.00000000  4.44089210E-16  -4.44089210E-16  -4.44089210E-16  -4.44089210E-16  -4.44089210E-16       0.00000000  -4.44089210E-16  -4.44089210E-16  4.44089210E-16  4.44089210E-16       0.00000000       0.00000000  4.44089210E-16       0.00000000       0.00000000       0.00000000       0.00000000       0.00000000
       0.00000000  4.44089210E-16       0.00000000  4.44089210E-16       0.00000000       0.00000000       0.00000000  4.44089210E-16       0.00000000  -4.44089210E-16  4.44089210E-16
       8.40174961       7.72424984       7.13440990       6.45314026       6.16489029       6.16786003       6.30241013       6.78565025       6.88829041       7.35054016       9.02787971      12.80143929      16.80438042      20.26256943      23.08929062      25.24739075      27.61862946      30.37000000      32.71000000      35.05000000
      35.58544922      34.85169983      33.77910995      32.92721176      32.66051102      33.23933029      34.45706177      35.63206863      36.87984085      38.08230972      39.23102951      40.29005051      40.34365845      38.94913864      38.33224106      40.38827896      43.04618835      44.99422073      46.09608841      47.04917908
      47.80186844      48.13275146      48.11436844      48.11236954      48.73073959      50.25614166      52.82415009      56.02920151      57.45967102      57.30606079      57.43500900      58.04316711      59.17894745      60.52633667      62.22261047      63.81974030      66.00113678      68.72371674      71.51860046      74.26812744
      76.85975647      79.04298401      81.08242798      83.05436707      84.60389709      85.74461365      87.45674133      89.98251343      91.36000000      92.00000000      92.64000000      93.28000000      91.89000000      88.47000000      85.05000000      81.63000000      78.21000000      74.79000000      69.61280823      63.94316101
      58.71251678      53.31774902      48.10998917      43.19499969      39.63623047      35.70138168      31.77767181      28.07410049      24.49677086      21.32500076      18.34211922      15.47513962      12.51678085       9.71893978       7.55261993       4.68000000  -4.44089210E-16  -4.44089210E-16  -4.44089210E-16  -4.44089210E-16
  4.44089210E-16  -1.33226763E-15  4.44089210E-16       0.00000000  -4.44089210E-16       0.00000000  4.44089210E-16  -4.44089210E-16  -4.44089210E-16  -4.44089210E-16       0.00000000  -4.44089210E-16       0.00000000       0.00000000  -4.44089210E-16       0.00000000       0.00000000  -4.44089210E-16  -4.44089210E-16  -4.44089210E-16
       0.00000000  -4.44089210E-16       0.00000000       0.00000000  -4.44089210E-16  -4.44089210E-16  -4.44089210E-16       0.00000000  4.44089210E-16  -4.44089210E-16  -4.44089210E-16  -4.44089210E-16       0.00000000  4.44089210E-16       0.00000000  4.44089210E-16  4.44089210E-16  4.44089210E-16  -4.44089210E-16  4.44089210E-16
  -4.44089210E-16  -4.44089210E-16  -4.44089210E-16  -4.44089210E-16  -4.44089210E-16  -4.44089210E-16       0.00000000  4.44089210E-16  4.44089210E-16  -4.44089210E-16       0.00000000
      11.92296028      11.17094994      10.06600952       8.52297974       7.11866951       6.92166042       6.82304001       7.30010986       7.86118031       8.44758987       9.72620964      13.14677048      17.49256897      21.74114037      24.45000000      26.83000000      29.21000000      31.59000000      33.97000000      36.35000000
      37.24705124      36.34059143      35.29954910      34.63890839      34.47154999      35.06855011      36.03371048      37.14503098      38.45330048      39.81106186      41.03628159      42.34910965      42.94847870      41.51673126      40.59983063      42.15859985      44.81507874      46.73588181      47.70104980      48.60311890
      49.26797104      49.81996155      50.20756912      50.69918823      51.62958908      52.94760132      55.01779938      57.75373077      59.52722168      59.39222717      59.53418732      60.25681305      61.46295166      62.95092773      64.46904755      66.60404205      69.48419189      72.69346619      75.67385864      78.23578644
      80.63027191      82.92263794      84.85585785      86.47093964      87.60182190      88.91271210      90.76087189      93.04000000      93.52000000      94.00000000      94.48000000      94.96000000      93.43000000      89.89000000      86.35000000      82.81000000      79.27000000      75.73000000      69.96607971      63.98941803
      58.43920898      53.03596115      48.06081009      43.70993042      38.59920883      35.80001068      31.19831085      27.61008072      23.78474045      20.38701057      17.48156929      14.41391945      11.39262009       8.94536018       7.48462009       4.56000000       0.00000000       0.00000000       0.00000000  4.44089210E-16
       0.00000000  4.44089210E-16       0.00000000  -4.44089210E-16  4.44089210E-16       0.00000000  4.44089210E-16       0.00000000  4.44089210E-16  4.44089210E-16  -4.44089210E-16  4.44089210E-16       0.00000000       0.00000000  -4.44089210E-16  4.44089210E-16  4.44089210E-16  4.44089210E-16  4.44089210E-16       0.00000000
       0.00000000       0.00000000  -4.44089210E-16  -4.44089210E-16       0.00000000       0.00000000       0.00000000  -4.44089210E-16       0.00000000       0.00000000  -4.44089210E-16  4.44089210E-16  -4.44089210E-16  -4.44089210E-16  -4.44089210E-16  4.44089210E-16  -4.44089210E-16  -4.44089210E-16       0.00000000  4.44089210E-16
  -4.44089210E-16  4.44089210E-16  -4.44089210E-16  4.44089210E-16  -4.44089210E-16  -4.44089210E-16  4.44089210E-16  -4.44089210E-16  4.44089210E-16       0.00000000       0.00000000
      15.71884918      14.69186974      13.40122986      11.09198952       8.34780979       7.63848019       7.82369041       8.55169010       9.07843018       9.59961987      10.61544037      13.67280960      18.02387047      22.63924026      25.55000000      27.97000000      30.39000000      32.81000000      35.23000000      37.65000000
      38.64315033      37.77471924      36.83110809      36.24991989      36.29759979      36.83520126      37.77912140      38.83876038      40.15251923      41.46331024      42.80018997      44.10052109      44.76821136      43.84645844      42.84164047      43.91386032      46.45103073      48.23146820      49.34664917      50.08422089
      50.78509903      51.64632034      52.48683929      53.44208908      54.57315063      56.01358032      57.28445816      59.29062653      60.94107819      61.18559265      61.43270111      62.32785797      63.78607941      65.70648193      67.39633942      70.00652313      73.06803894      76.26405334      79.56040955      82.37515259
      84.63262177      86.96559143      88.66941833      89.68302155      90.74018097      92.26970673      94.28176117      95.36000000      95.68000000      96.00000000      96.32000000      96.64000000      94.97000000      91.31000000      87.65000000      83.99000000      80.33000000      76.23663330      70.31787109      64.15547180
      58.41497040      53.28947830      48.56016922      43.92449951      38.83488083      35.17161942      30.93611145      26.89807892      23.48880959      19.87128067      16.73355103      13.60548973      10.45037079       8.54839039       7.36559963       4.44000000  -4.44089210E-16  -4.44089210E-16       0.00000000  -4.44089210E-16
  1.33226763E-15       0.00000000  -4.44089210E-16  4.44089210E-16       0.00000000       0.00000000  4.44089210E-16  -4.44089210E-16       0.00000000       0.00000000  -4.44089210E-16       0.00000000  -4.44089210E-16       0.00000000  -4.44089210E-16  -4.44089210E-16  4.44089210E-16  -4.44089210E-16  4.44089210E-16  -4.44089210E-16
  4.44089210E-16  4.44089210E-16  4.44089210E-16  -4.44089210E-16  4.44089210E-16       0.00000000  4.44089210E-16  -4.44089210E-16       0.00000000  -4.44089210E-16       0.00000000  4.44089210E-16       0.00000000  -4.44089210E-16       0.00000000       0.00000000       0.00000000  -4.44089210E-16  -4.44089210E-16  4.44089210E-16
  -4.44089210E-16  -4.44089210E-16       0.00000000  -4.44089210E-16       0.00000000  -4.44089210E-16  -4.44089210E-16  4.44089210E-16  -4.44089210E-16  4.44089210E-16  4.44089210E-16
      18.18000000      17.86000000      16.38892937      13.12532997       9.69365025       8.74242020       9.72459030      10.66938972      10.76366997      10.98954964      11.87237930      14.25419044      18.52795029      23.39579010      26.65000000      29.11000000      31.57000000      34.03000000      36.49000000      38.95000000
      39.81343079      39.12464905      38.27719116      37.92987823      38.32735062      39.17430878      40.08784103      40.98027039      42.03464890      43.23884964      44.60541916      45.78348160      46.45357132      45.90200043      45.05609894      45.89490891      48.08401108      49.66659164      50.75532913      51.63499832
      52.71181870      53.88628006      55.08995056      56.03380966      57.46963120      59.24807739      60.11206055      61.25940704      62.16945648      62.70066833      63.53430939      65.00788116      66.80204773      68.55979156      70.86917877      73.56539154      76.65431976      80.15326691      83.38494110      86.06983185
      88.08759308      90.23963165      91.90207672      92.76236725      94.16452026      96.23319244      97.52000000      97.68000000      97.84000000      98.00000000      98.16000000      98.32000000      96.51000000      92.73000000      88.95000000      85.17000000      81.39000000      76.74476624      70.35630798      64.52295685
      59.17857361      54.15008163      49.20392990      44.38574982      39.64812088      34.08023071      31.01766968      26.57854843      23.01409912      19.97150040      16.72093964      13.48978996      10.30200958       8.30498028       7.16005039       4.32000000  -4.44089210E-16  4.44089210E-16  4.44089210E-16  4.44089210E-16
       0.00000000  4.44089210E-16  4.44089210E-16  4.44089210E-16       0.00000000  -4.44089210E-16  4.44089210E-16  -4.44089210E-16  4.44089210E-16  -4.44089210E-16  4.44089210E-16       0.00000000       0.00000000       0.00000000       0.00000000  -4.44089210E-16  -4.44089210E-16  -4.44089210E-16       0.00000000       0.00000000
       0.00000000  -4.44089210E-16  4.44089210E-16       0.00000000       0.00000000       0.00000000  -4.44089210E-16  -4.44089210E-16  -4.44089210E-16  4.44089210E-16  -4.44089210E-16       0.00000000       0.00000000       0.00000000  -4.44089210E-16  4.44089210E-16  -4.44089210E-16  -4.44089210E-16       0.00000000  4.44089210E-16
  4.44089210E-16  4.44089210E-16  -4.44089210E-16       0.00000000       0.00000000       0.00000000  4.44089210E-16  -4.44089210E-16       0.00000000       0.00000000  -4.44089210E-16
      19.64401054      18.32788086      16.70291901      13.44754982      10.45421028      10.45219040      12.17033005      13.34618950      12.78475952      12.42239952      13.22723961      14.74461937      18.43676949      23.61973000      27.75000000      30.25000000      32.75000000      35.25000000      37.75000000      40.25000000
      40.72134018      40.35873032      39.90298080      39.87860870      40.53512192      41.68307114      42.71997070      43.41386032      44.26892090      45.52087021      46.69659042      47.86595917      48.57107925      47.90528870      47.48567963      48.11561966      49.76533890      51.33943176      52.73723984      54.11650085
      55.73315048      57.43531036      58.43553925      59.35108948      60.68900299      61.78791809      62.26200104      62.71498871      63.43374634      64.28253937      65.64920044      67.87816620      70.08831024      72.15445709      74.34156799      77.24603271      80.65373230      84.05052185      86.91078949      89.43083954
      91.39225769      93.32623291      94.53578186      95.83213043      98.12702942     100.00000000     100.00000000     100.00000000     100.00000000     100.00000000     100.00000000     100.00000000      98.05000000      94.15000000      90.25000000      86.35000000      82.45000000      77.63313293      71.01074982      64.70258331
      59.80931854      54.84915924      49.71004105      44.62844086      39.69433975      34.67961884      30.57588959      26.90711975      23.18354988      19.73978043      16.82444954      13.61841011      10.46048927       8.18136024       6.94219971       4.20000000       0.00000000       0.00000000       0.00000000  -4.44089210E-16
  1.33226763E-15  4.44089210E-16  4.44089210E-16  4.44089210E-16  -4.44089210E-16       0.00000000  4.44089210E-16  -4.44089210E-16  -4.44089210E-16  -4.44089210E-16  4.44089210E-16  -4.44089210E-16  4.44089210E-16       0.00000000  4.44089210E-16  4.44089210E-16  -4.44089210E-16  -4.44089210E-16  -4.44089210E-16  -4.44089210E-16
  -4.44089210E-16  -4.44089210E-16       0.00000000  4.44089210E-16  4.44089210E-16  -4.44089210E-16  -4.44089210E-16  4.44089210E-16       0.00000000  -4.44089210E-16       0.00000000       0.00000000  4.44089210E-16  -4.44089210E-16  4.44089210E-16  4.44089210E-16       0.00000000  4.44089210E-16  -4.44089210E-16  -4.44089210E-16
  4.44089210E-16       0.00000000  -4.44089210E-16       0.00000000  -4.44089210E-16  -4.44089210E-16  -4.44089210E-16  4.44089210E-16  4.44089210E-16       0.00000000  4.44089210E-16
      17.95960999      16.54995918      14.64267921      12.60367012      11.79208946      12.75927925      15.12459946      16.31896019      15.49876976      14.43856049      14.47970963      15.60700989      17.92539024      22.04877090      26.35747147      29.37042999      32.31782913      35.55516052      38.55966187      40.67686844
      41.59477997      41.70592117      41.61671829      41.79254913      42.39886093      43.60023117      44.93677139      45.96250153      46.98738861      48.08958817      49.26607132      50.45175934      51.05559921      50.61338043      50.00350952      50.46928024      51.85530853      53.63484192      55.31734848      57.25815201
      59.65862274      61.47791290      62.56562805      63.12246704      64.08341217      64.29342651      64.27586365      64.64853668      65.41287994      66.63571930      68.55106354      71.35864258      73.91696167      76.15048981      77.98123932      80.75891876      84.19036102      87.31700897      90.02046204      92.37435913
      94.14644623      96.00475311      97.30558777      99.39830017     101.81488800     102.64000000     102.48000000     102.32000000     102.16000000     102.00000000     101.84000000     101.68000000      99.59000000      95.57000000      91.55000000      87.53000000      83.51000000      79.14035034      72.28176880      66.23002625
      60.82721710      55.49816895      50.27027893      45.26195145      40.28739929      35.49539185      30.77656937      27.32176208      23.66078949      20.20148087      17.00283051      13.66778946      10.76217079       8.29971981       7.04932976       4.08000000       0.00000000  4.44089210E-16  4.44089210E-16  4.44089210E-16
       0.00000000  4.44089210E-16  -4.44089210E-16       0.00000000       0.00000000  -4.44089210E-16  4.44089210E-16  4.44089210E-16  4.44089210E-16       0.00000000  4.44089210E-16  -4.44089210E-16  -4.44089210E-16       0.00000000  -4.44089210E-16  4.44089210E-16       0.00000000  -4.44089210E-16       0.00000000  -4.44089210E-16
  -4.44089210E-16  -4.44089210E-16  4.44089210E-16       0.00000000       0.00000000  4.44089210E-16  4.44089210E-16  -4.44089210E-16       0.00000000  -4.44089210E-16       0.00000000  4.44089210E-16  4.44089210E-16  4.44089210E-16  -4.44089210E-16       0.00000000       0.00000000  4.44089210E-16  4.44089210E-16  4.44089210E-16
  -4.44089210E-16       0.00000000       0.00000000       0.00000000  -4.44089210E-16       0.00000000  4.44089210E-16  4.44089210E-16  4.44089210E-16  -4.44089210E-16       0.00000000
      18.01469994      16.74995041      15.54128075      14.42441940      14.25897980      15.06069946      17.58083916      19.37924004      18.70574951      17.23827934      16.25370979      16.60975075      17.83366966      20.01921082      23.17749023      26.28036880      29.69255829      33.61481857      37.66992950      40.69451904
      42.90053177      43.55002975      43.65113068      43.82371902      44.42525864      45.41104889      46.73371887      48.08512878      49.28726959      50.61885834      52.08808136      53.19686127      53.81188965      53.51087952      52.95557022      53.05002975      54.23672867      56.07141113      58.37738037      61.21649170
      63.67433929      65.61102295      66.07118988      66.30818939      66.55954742      66.72071838      66.91811371      67.49317169      68.43656158      69.86155701      72.04579926      75.21681976      77.77141571      79.58099365      81.28343201      83.98487091      87.25849915      90.11166382      93.15355682      95.31739807
      97.07643127      98.91236877     100.34007263     102.50636292     104.79418945     105.28000000     104.96000000     104.64000000     104.32000000     104.00000000     102.72162628     100.26194000      97.98374176      96.15483856      92.85000000      88.71000000      84.57000000      79.97718811      73.61113739      67.58969879
      62.03188324      56.43669128      51.12435150      46.13071823      41.30105972      36.61162949      32.24866867      27.52598953      24.59281921      21.07674980      17.60688019      14.24258995      11.13628006       8.79214001       7.52910042       3.96000000  -4.44089210E-16       0.00000000  -4.44089210E-16       0.00000000
  1.33226763E-15  4.44089210E-16  -4.44089210E-16  -4.44089210E-16  -4.44089210E-16       0.00000000  4.44089210E-16  4.44089210E-16       0.00000000  4.44089210E-16  -4.44089210E-16  -4.44089210E-16       0.00000000  -4.44089210E-16  -4.44089210E-16       0.00000000       0.00000000  4.44089210E-16  4.44089210E-16  4.44089210E-16
       0.00000000  4.44089210E-16       0.00000000       0.00000000  -4.44089210E-16  4.44089210E-16       0.00000000  -4.44089210E-16  -4.44089210E-16  4.44089210E-16  -4.44089210E-16  -4.44089210E-16  -4.44089210E-16       0.00000000  4.44089210E-16  -4.44089210E-16  4.44089210E-16  4.44089210E-16  -4.44089210E-16  -4.44089210E-16
  4.44089210E-16  4.44089210E-16  -4.44089210E-16  -4.44089210E-16  4.44089210E-16  -4.44089210E-16  -4.44089210E-16  4.44089210E-16       0.00000000  4.44089210E-16       0.00000000
      19.99238014      19.89855957      18.82832909      17.59270096      17.07958984      17.82263947      20.26889038      22.47443008      22.40126991      20.80060005      19.15694046      18.49139977      18.86190987      20.02795029      21.66840935      24.17439079      27.82759094      32.51160049      37.16526031      40.76794815
      43.98770905      45.58856201      46.13549042      46.61988831      47.06890869      47.78031158      48.76797867      50.02627182      51.34349060      52.98217010      54.62144852      55.69274139      56.46939087      56.54064178      55.94905090      55.83335876      56.67856979      58.62760925      61.74063873      65.05258942
      67.62030792      68.84664917      69.35839081      69.65058136      69.63027954      69.53002930      69.82950592      70.69383240      71.76693726      73.33470154      75.96333313      79.11087799      81.53254700      83.11663818      84.88266754      87.21101379      90.11637115      93.14257812      96.36646271      98.57041931
     100.63326263     102.44380188     103.74474335     105.27084351     107.16311646     106.85500000     106.38500000     105.91500000     105.44500000     103.52671051     100.47586060      98.30464935      96.76985931      96.01351929      93.45000000      89.31000000      85.17000000      81.03000000      75.29802704      68.97712708
      63.36515045      57.53828049      52.34659958      47.38307953      42.38864136      37.74776077      33.58414841      29.51906967      24.82258034      22.10751915      18.39839935      15.17678070      12.16510010      10.00925064       8.17883968       4.29500000  -4.44089210E-16       0.00000000  -4.44089210E-16  4.44089210E-16
       0.00000000       0.00000000  4.44089210E-16  4.44089210E-16  4.44089210E-16       0.00000000  -4.44089210E-16  -4.44089210E-16  -4.44089210E-16       0.00000000  -4.44089210E-16  -4.44089210E-16       0.00000000  4.44089210E-16  4.44089210E-16  4.44089210E-16  -4.44089210E-16  4.44089210E-16       0.00000000  4.44089210E-16
       0.00000000  -4.44089210E-16  -4.44089210E-16  4.44089210E-16  -4.44089210E-16  4.44089210E-16  4.44089210E-16  -4.44089210E-16  -4.44089210E-16  4.44089210E-16  -4.44089210E-16       0.00000000       0.00000000       0.00000000  -4.44089210E-16  4.44089210E-16       0.00000000  -4.44089210E-16  4.44089210E-16  4.44089210E-16
  4.44089210E-16       0.00000000  -4.44089210E-16  -4.44089210E-16  -4.44089210E-16  4.44089210E-16       0.00000000  -4.44089210E-16  4.44089210E-16  4.44089210E-16  4.44089210E-16
      22.92431068      23.29468918      22.58571053      21.65299988      20.47580910      20.86029053      23.36277962      25.96545029      26.63108063      25.24828911      23.45087051      22.07752037      21.31040955      21.51943970      22.62899971      24.07386971      26.91651154      31.44400024      36.13425064      40.50148010
      44.34115982      46.93645859      48.42913055      49.39154816      50.16870117      50.95827866      51.59363174      52.26424026      53.31148911      55.13024139      56.95212173      58.24284363      59.35400391      59.71089935      59.56009674      59.35944366      59.82083893      61.48075867      64.79679108      68.12583923
      69.96507263      71.17017365      72.03717041      72.63197327      72.44885254      72.46437836      73.00431061      73.98227692      75.30034637      77.16951752      79.72702789      82.73159027      85.06762695      86.98052979      88.67189026      90.76513672      93.40872192      96.38983154      99.55930328     101.75981903
     103.77644348     105.12393951     106.22125244     107.81419373     107.97500000     107.36500000     106.75500000     106.14500000     105.53500000     102.01043701      99.00282288      97.65979004      96.98690796      96.20932770      93.35000000      89.33000000      85.31000000      81.29000000      77.27000000      71.17089081
      65.12484741      59.35420990      53.90821075      48.87878036      43.84053040      39.52722931      35.42082977      31.00893021      26.58742905      22.16787910      19.63067055      16.59836960      13.41856003      11.32308960       8.45656013       5.08500000       0.39500000  4.44089210E-16  -4.44089210E-16  -4.44089210E-16
  -1.33226763E-15       0.00000000       0.00000000       0.00000000  4.44089210E-16       0.00000000  -4.44089210E-16  4.44089210E-16  -4.44089210E-16  -4.44089210E-16       0.00000000  4.44089210E-16       0.00000000       0.00000000  4.44089210E-16       0.00000000  4.44089210E-16  4.44089210E-16  4.44089210E-16  -4.44089210E-16
       0.00000000       0.00000000  4.44089210E-16       0.00000000  -4.44089210E-16  4.44089210E-16       0.00000000  -4.44089210E-16       0.00000000       0.00000000  -4.44089210E-16       0.00000000       0.00000000  -4.44089210E-16       0.00000000       0.00000000       0.00000000       0.00000000  4.44089210E-16  4.44089210E-16
  -4.44089210E-16  -4.44089210E-16       0.00000000  4.44089210E-16       0.00000000       0.00000000  4.44089210E-16       0.00000000       0.00000000  4.44089210E-16  -4.44089210E-16
      26.08926010      26.45851898      26.43526840      25.96438980      24.50148010      24.07670975      26.85306931      29.47999954      30.69654083      30.21812820      28.55335999      27.09143066      25.74663925      24.84939003      24.72381973      25.45904922      26.89286041      30.27486038      34.79114914      39.66920090
      44.32312012      47.89812851      50.17314911      51.66252899      52.80113983      53.83385086      54.58747864      55.11457825      55.93984985      57.29077911      58.81921387      60.35028076      61.76471710      62.82348633      63.29579926      63.35910797      63.48870087      64.77171326      67.46675110      70.05242157
      71.51940918      72.70178223      74.01058960      74.79808044      74.92350006      75.44207001      76.26360321      77.61504364      79.23519135      81.09676361      83.42549133      86.28795624      88.95848846      90.94146729      92.57180786      94.67125702      97.40145874      99.76149750     102.07241821     104.33167267
     106.20101166     106.90384674     107.86406708     109.37500000     108.62500000     107.87500000     107.12500000     106.37500000     103.85314178     100.68109894      98.72110748      97.92378235      97.23724365      96.31062317      93.25000000      89.35000000      85.45000000      81.55000000      77.65000000      73.57916260
      67.73497009      61.83354187      56.02698898      50.88628006      45.97269821      41.11420059      36.51319122      32.33275986      28.17927933      24.21714020      19.80795097      17.22554016      14.65455055      12.71677017       9.29356003       5.87500000       1.12500000  4.44089210E-16  4.44089210E-16  4.44089210E-16
  -1.33226763E-15  4.44089210E-16       0.00000000  -4.44089210E-16  -4.44089210E-16  -4.44089210E-16  4.44089210E-16  4.44089210E-16  4.44089210E-16  -4.44089210E-16  4.44089210E-16  -4.44089210E-16  4.44089210E-16       0.00000000       0.00000000  4.44089210E-16  -4.44089210E-16  4.44089210E-16       0.00000000       0.00000000
  -4.44089210E-16  4.44089210E-16       0.00000000  4.44089210E-16       0.00000000  -4.44089210E-16  -4.44089210E-16  -4.44089210E-16  -4.44089210E-16       0.00000000       0.00000000       0.00000000  -4.44089210E-16  -4.44089210E-16       0.00000000       0.00000000  -4.44089210E-16  -4.44089210E-16  -4.44089210E-16  -4.44089210E-16
  4.44089210E-16  4.44089210E-16  4.44089210E-16  4.44089210E-16       0.00000000  4.44089210E-16  4.44089210E-16       0.00000000  -4.44089210E-16       0.00000000  4.44089210E-16
