     -20.00000000     -20.00000000     -20.00000000     -20.00000000     -20.00000000     -20.00000000     -20.00000000     -20.00000000     -20.00000000     -20.00000000     -20.00000000     -20.00000000     -20.00000000     -20.00000000     -20.00000000     -20.00000000     -20.00000000     -20.00000000     -20.00000000     -20.00000000
     -20.00000000     -20.00000000     -20.00000000     -20.00000000     -20.00000000     -20.00000000     -20.00000000     -20.00000000     -20.00000000     -20.00000000     -20.00000000     -20.00000000     -20.00000000     -20.00000000     -20.00000000     -20.00000000     -20.00000000     -20.00000000     -20.00000000     -20.00000000
     -20.00000000     -20.00000000     -20.00000000     -20.00000000     -20.00000000     -20.00000000     -20.00000000     -20.00000000     -20.00000000     -20.00000000     -20.00000000     -20.00000000     -20.00000000     -20.00000000     -20.00000000     -20.00000000     -20.00000000     -20.00000000     -20.00000000     -20.00000000
     -20.00000000     -20.00000000     -20.00000000     -20.00000000     -20.00000000     -20.00000000     -20.00000000     -20.00000000     -20.00000000     -20.00000000     -20.00000000     -20.00000000     -20.00000000     -20.00000000     -20.00000000     -20.00000000     -20.00000000     -20.00000000     -20.00000000     -20.00000000
     -20.00000000     -20.00000000     -20.00000000     -20.00000000     -20.00000000     -20.00000000     -20.00000000     -20.00000000     -20.00000000     -20.00000000     -20.00000000     -20.00000000     -20.00000000     -20.00000000     -20.00000000     -20.00000000     -20.00000000     -20.00000000     -20.00000000     -20.00000000
     -20.00000000     -20.00000000     -20.00000000     -20.00000000     -20.00000000     -20.00000000     -20.00000000     -20.00000000     -20.00000000     -20.00000000     -20.00000000     -20.00000000     -20.00000000     -20.00000000     -20.00000000     -20.00000000     -20.00000000     -20.00000000     -20.00000000     -20.00000000
     -20.00000000     -20.00000000     -20.00000000     -20.00000000     -20.00000000     -20.00000000     -20.00000000     -20.00000000     -20.00000000     -20.00000000     -20.00000000     -20.00000000     -20.00000000     -20.00000000     -20.00000000     -20.00000000     -20.00000000     -20.00000000     -20.00000000     -20.00000000
     -20.00000000     -20.00000000     -20.00000000     -20.00000000     -20.00000000     -20.00000000     -20.00000000     -20.00000000     -20.00000000     -20.00000000     -20.00000000
     -20.00000000     -20.00000000     -20.00000000     -20.00000000     -20.00000000     -20.00000000     -20.00000000     -20.00000000     -20.00000000     -20.00000000     -20.00000000     -20.00000000     -20.00000000     -20.00000000     -20.00000000     -20.00000000     -20.00000000     -20.00000000     -20.00000000     -20.00000000
     -20.00000000     -20.00000000     -20.00000000     -20.00000000     -20.00000000     -20.00000000     -20.00000000     -20.00000000     -20.00000000     -20.00000000     -20.00000000     -20.00000000     -20.00000000     -20.00000000     -20.00000000     -20.00000000     -20.00000000     -20.00000000     -20.00000000     -20.00000000
     -20.00000000     -20.00000000     -20.00000000     -20.00000000     -20.00000000     -20.00000000     -20.00000000     -20.00000000     -20.00000000     -20.00000000     -20.00000000     -20.00000000     -20.00000000     -20.00000000     -20.00000000     -20.00000000     -20.00000000     -20.00000000     -20.00000000     -20.00000000
     -20.00000000     -20.00000000     -20.00000000     -20.00000000     -20.00000000     -20.00000000     -20.00000000     -20.00000000     -20.00000000     -20.00000000     -20.00000000     -20.00000000     -20.00000000     -20.00000000     -20.00000000     -20.00000000     -20.00000000     -20.00000000     -20.00000000     -20.00000000
     -20.00000000     -20.00000000     -20.00000000     -20.00000000     -20.00000000     -20.00000000     -20.00000000     -20.00000000     -20.00000000     -20.00000000     -20.00000000     -20.00000000     -20.00000000     -20.00000000     -20.00000000     -20.00000000     -20.00000000     -20.00000000     -20.00000000     -20.00000000
     -20.00000000     -20.00000000     -20.00000000     -20.00000000     -20.00000000     -20.00000000     -20.00000000     -20.00000000     -20.00000000     -20.00000000     -20.00000000     -20.00000000     -20.00000000     -20.00000000     -20.00000000     -20.00000000     -20.00000000     -20.00000000     -20.00000000     -20.00000000
     -20.00000000     -20.00000000     -20.00000000     -20.00000000     -20.00000000     -20.00000000     -20.00000000     -20.00000000     -20.00000000     -20.00000000     -20.00000000     -20.00000000     -20.00000000     -20.00000000     -20.00000000     -20.00000000     -20.00000000     -20.00000000     -20.00000000     -20.00000000
     -20.00000000     -20.00000000     -20.00000000     -20.00000000     -20.00000000     -20.00000000     -20.00000000     -20.00000000     -20.00000000     -20.00000000     -20.00000000
     -20.00000000     -20.00000000     -20.00000000     -20.00000000     -20.00000000     -20.00000000     -20.00000000     -20.00000000     -20.00000000     -20.00000000     -20.00000000     -20.00000000     -20.00000000     -20.00000000     -20.00000000     -20.00000000     -20.00000000     -20.00000000     -20.00000000     -20.00000000
     -20.00000000     -20.00000000     -20.00000000     -20.00000000     -20.00000000     -20.00000000     -20.00000000     -20.00000000     -20.00000000     -20.00000000     -20.00000000     -20.00000000     -20.00000000     -20.00000000     -20.00000000     -20.00000000     -20.00000000     -20.00000000     -20.00000000     -20.00000000
     -20.00000000     -20.00000000     -20.00000000     -20.00000000     -20.00000000     -20.00000000     -20.00000000     -20.00000000     -20.00000000     -20.00000000     -20.00000000     -20.00000000     -20.00000000     -20.00000000     -20.00000000     -20.00000000     -20.00000000     -20.00000000     -20.00000000     -20.00000000
     -20.00000000     -20.00000000     -20.00000000     -20.00000000     -20.00000000     -20.00000000     -20.00000000     -20.00000000     -20.00000000     -20.00000000     -20.00000000     -20.00000000     -20.00000000     -20.00000000     -20.00000000     -20.00000000     -20.00000000     -20.00000000     -20.00000000     -20.00000000
     -20.00000000     -20.00000000     -20.00000000     -20.00000000     -20.00000000     -20.00000000     -20.00000000     -20.00000000     -20.00000000     -20.00000000     -20.00000000     -20.00000000     -20.00000000     -20.00000000     -20.00000000     -20.00000000     -20.00000000     -20.00000000     -20.00000000     -20.00000000
     -20.00000000     -20.00000000     -20.00000000     -20.00000000     -20.00000000     -20.00000000     -20.00000000     -20.00000000     -20.00000000     -20.00000000     -20.00000000     -20.00000000     -20.00000000     -20.00000000     -20.00000000     -20.00000000     -20.00000000     -20.00000000     -20.00000000     -20.00000000
     -20.00000000     -20.00000000     -20.00000000     -20.00000000     -20.00000000     -20.00000000     -20.00000000     -20.00000000     -20.00000000     -20.00000000     -20.00000000     -20.00000000     -20.00000000     -20.00000000     -20.00000000     -20.00000000     -20.00000000     -20.00000000     -20.00000000     -20.00000000
     -20.00000000     -20.00000000     -20.00000000     -20.00000000     -20.00000000     -20.00000000     -20.00000000     -20.00000000     -20.00000000     -20.00000000     -20.00000000
     -20.00000000     -20.00000000     -20.00000000     -20.00000000     -20.00000000     -20.00000000     -20.00000000     -20.00000000     -20.00000000     -20.00000000     -20.00000000     -20.00000000     -20.00000000     -20.00000000     -20.00000000     -20.00000000     -20.00000000     -20.00000000     -20.00000000     -20.00000000
     -20.00000000     -20.00000000     -20.00000000     -20.00000000     -20.00000000     -20.00000000     -20.00000000     -20.00000000     -20.00000000     -20.00000000     -20.00000000     -20.00000000     -20.00000000     -20.00000000     -20.00000000     -20.00000000     -20.00000000     -20.00000000     -20.00000000     -20.00000000
     -20.00000000     -20.00000000     -20.00000000     -20.00000000     -20.00000000     -20.00000000     -20.00000000     -20.00000000     -20.00000000     -20.00000000     -20.00000000     -20.00000000     -20.00000000     -20.00000000     -20.00000000     -20.00000000     -20.00000000     -20.00000000     -20.00000000     -20.00000000
     -20.00000000     -20.00000000     -20.00000000     -20.00000000     -20.00000000     -20.00000000     -20.00000000     -20.00000000     -20.00000000     -20.00000000     -20.00000000     -20.00000000     -20.00000000     -20.00000000     -20.00000000     -20.00000000     -20.00000000     -20.00000000     -20.00000000     -20.00000000
     -20.00000000     -20.00000000     -20.00000000     -20.00000000     -20.00000000     -20.00000000     -20.00000000     -20.00000000     -20.00000000     -20.00000000     -20.00000000     -20.00000000     -20.00000000     -20.00000000     -20.00000000     -20.00000000     -20.00000000     -20.00000000     -20.00000000     -20.00000000
     -20.00000000     -20.00000000     -20.00000000     -20.00000000     -20.00000000     -20.00000000     -20.00000000     -20.00000000     -20.00000000     -20.00000000     -20.00000000     -20.00000000     -20.00000000     -20.00000000     -20.00000000     -20.00000000     -20.00000000     -20.00000000     -20.00000000     -20.00000000
     -20.00000000     -20.00000000     -20.00000000     -20.00000000     -20.00000000     -20.00000000     -20.00000000     -20.00000000     -20.00000000     -20.00000000     -20.00000000     -20.00000000     -20.00000000     -20.00000000     -20.00000000     -20.00000000     -20.00000000     -20.00000000     -20.00000000     -20.00000000
     -20.00000000     -20.00000000     -20.00000000     -20.00000000     -20.00000000     -20.00000000     -20.00000000     -20.00000000     -20.00000000     -20.00000000     -20.00000000
     -20.00000000     -20.00000000     -20.00000000     -20.00000000     -20.00000000     -20.00000000     -20.00000000     -20.00000000     -20.00000000     -20.00000000     -20.00000000     -20.00000000     -20.00000000     -20.00000000     -20.00000000     -20.00000000     -20.00000000     -20.00000000     -20.00000000     -20.00000000
     -20.00000000     -20.00000000     -20.00000000     -20.00000000     -20.00000000     -20.00000000     -20.00000000     -20.00000000     -20.00000000     -20.00000000     -20.00000000     -20.00000000     -20.00000000     -20.00000000     -20.00000000     -20.00000000     -20.00000000     -20.00000000     -20.00000000     -20.00000000
     -20.00000000     -20.00000000     -20.00000000     -20.00000000     -20.00000000     -20.00000000     -20.00000000     -20.00000000     -20.00000000     -20.00000000     -20.00000000     -20.00000000     -20.00000000     -20.00000000     -20.00000000     -20.00000000     -20.00000000     -20.00000000     -20.00000000     -20.00000000
     -20.00000000     -20.00000000     -20.00000000     -20.00000000     -20.00000000     -20.00000000     -20.00000000     -20.00000000     -20.00000000     -20.00000000     -20.00000000     -20.00000000     -20.00000000     -20.00000000     -20.00000000     -20.00000000     -20.00000000     -20.00000000     -20.00000000     -20.00000000
     -20.00000000     -20.00000000     -20.00000000     -20.00000000     -20.00000000     -20.00000000     -20.00000000     -20.00000000     -20.00000000     -20.00000000     -20.00000000     -20.00000000     -20.00000000     -20.00000000     -20.00000000     -20.00000000     -20.00000000     -20.00000000     -20.00000000     -20.00000000
     -20.00000000     -20.00000000     -20.00000000     -20.00000000     -20.00000000     -20.00000000     -20.00000000     -20.00000000     -20.00000000     -20.00000000     -20.00000000     -20.00000000     -20.00000000     -20.00000000     -20.00000000     -20.00000000     -20.00000000     -20.00000000     -20.00000000     -20.00000000
     -20.00000000     -20.00000000     -20.00000000     -20.00000000     -20.00000000     -20.00000000     -20.00000000     -20.00000000     -20.00000000     -20.00000000     -20.00000000     -20.00000000     -20.00000000     -20.00000000     -20.00000000     -20.00000000     -20.00000000     -20.00000000     -20.00000000     -20.00000000
     -20.00000000     -20.00000000     -20.00000000     -20.00000000     -20.00000000     -20.00000000     -20.00000000     -20.00000000     -20.00000000     -20.00000000     -20.00000000
     -20.00000000     -20.00000000     -20.00000000     -20.00000000     -20.00000000     -20.00000000     -20.00000000     -20.00000000     -20.00000000     -20.00000000     -20.00000000     -20.00000000     -20.00000000     -20.00000000     -20.00000000     -20.00000000     -20.00000000     -20.00000000     -20.00000000     -20.00000000
     -20.00000000     -20.00000000     -20.00000000     -20.00000000     -20.00000000     -20.00000000     -20.00000000     -20.00000000     -20.00000000     -20.00000000     -20.00000000     -20.00000000     -20.00000000     -20.00000000     -20.00000000     -20.00000000     -20.00000000     -20.00000000     -20.00000000     -20.00000000
     -20.00000000     -20.00000000     -20.00000000     -20.00000000     -20.00000000     -20.00000000     -20.00000000     -20.00000000     -20.00000000     -20.00000000     -20.00000000     -20.00000000     -20.00000000     -20.00000000     -20.00000000     -20.00000000     -20.00000000     -20.00000000     -20.00000000     -20.00000000
     -20.00000000     -20.00000000     -20.00000000     -20.00000000     -20.00000000     -20.00000000     -20.00000000     -20.00000000     -20.00000000     -20.00000000     -20.00000000     -20.00000000     -20.00000000     -20.00000000     -20.00000000     -20.00000000     -20.00000000     -20.00000000     -20.00000000     -20.00000000
     -20.00000000     -20.00000000     -20.00000000     -20.00000000     -20.00000000     -20.00000000     -20.00000000     -20.00000000     -20.00000000     -20.00000000     -20.00000000     -20.00000000     -20.00000000     -20.00000000     -20.00000000     -20.00000000     -20.00000000     -20.00000000     -20.00000000     -20.00000000
     -20.00000000     -20.00000000     -20.00000000     -20.00000000     -20.00000000     -20.00000000     -20.00000000     -20.00000000     -20.00000000     -20.00000000     -20.00000000     -20.00000000     -20.00000000     -20.00000000     -20.00000000     -20.00000000     -20.00000000     -20.00000000     -20.00000000     -20.00000000
     -20.00000000     -20.00000000     -20.00000000     -20.00000000     -20.00000000     -20.00000000     -20.00000000     -20.00000000     -20.00000000     -20.00000000     -20.00000000     -20.00000000     -20.00000000     -20.00000000     -20.00000000     -20.00000000     -20.00000000     -20.00000000     -20.00000000     -20.00000000
     -20.00000000     -20.00000000     -20.00000000     -20.00000000     -20.00000000     -20.00000000     -20.00000000     -20.00000000     -20.00000000     -20.00000000     -20.00000000
     -20.00000000     -20.00000000     -20.00000000     -20.00000000     -20.00000000     -20.00000000     -20.00000000     -20.00000000     -20.00000000     -20.00000000     -20.00000000     -20.00000000     -20.00000000     -20.00000000     -20.00000000     -20.00000000     -20.00000000     -20.00000000     -20.00000000     -20.00000000
     -20.00000000     -20.00000000     -20.00000000     -20.00000000     -20.00000000     -20.00000000     -20.00000000     -20.00000000     -20.00000000     -20.00000000     -20.00000000     -20.00000000     -20.00000000     -20.00000000     -20.00000000     -20.00000000     -20.00000000     -20.00000000     -20.00000000     -20.00000000
     -20.00000000     -20.00000000     -20.00000000     -20.00000000     -20.00000000     -20.00000000     -20.00000000     -20.00000000     -20.00000000     -20.00000000     -20.00000000     -20.00000000     -20.00000000     -20.00000000     -20.00000000     -20.00000000     -20.00000000     -20.00000000     -20.00000000     -20.00000000
     -20.00000000     -20.00000000     -20.00000000     -20.00000000     -20.00000000     -20.00000000     -20.00000000     -20.00000000     -20.00000000     -20.00000000     -20.00000000     -20.00000000     -20.00000000     -20.00000000     -20.00000000     -20.00000000     -20.00000000     -20.00000000     -20.00000000     -20.00000000
     -20.00000000     -20.00000000     -20.00000000     -20.00000000     -20.00000000     -20.00000000     -20.00000000     -20.00000000     -20.00000000     -20.00000000     -20.00000000     -20.00000000     -20.00000000     -20.00000000     -20.00000000     -20.00000000     -20.00000000     -20.00000000     -20.00000000     -20.00000000
     -20.00000000     -20.00000000     -20.00000000     -20.00000000     -20.00000000     -20.00000000     -20.00000000     -20.00000000     -20.00000000     -20.00000000     -20.00000000     -20.00000000     -20.00000000     -20.00000000     -20.00000000     -20.00000000     -20.00000000     -20.00000000     -20.00000000     -20.00000000
     -20.00000000     -20.00000000     -20.00000000     -20.00000000     -20.00000000     -20.00000000     -20.00000000     -20.00000000     -20.00000000     -20.00000000     -20.00000000     -20.00000000     -20.00000000     -20.00000000     -20.00000000     -20.00000000     -20.00000000     -20.00000000     -20.00000000     -20.00000000
     -20.00000000     -20.00000000     -20.00000000     -20.00000000     -20.00000000     -20.00000000     -20.00000000     -20.00000000     -20.00000000     -20.00000000     -20.00000000
     -20.00000000     -20.00000000     -20.00000000     -20.00000000     -20.00000000     -20.00000000     -20.00000000     -20.00000000     -20.00000000     -20.00000000     -20.00000000     -20.00000000     -20.00000000     -20.00000000     -20.00000000     -20.00000000     -20.00000000     -20.00000000     -20.00000000     -20.00000000
     -20.00000000     -20.00000000     -20.00000000     -20.00000000     -20.00000000     -20.00000000     -20.00000000     -20.00000000     -20.00000000     -20.00000000     -20.00000000     -20.00000000     -20.00000000     -20.00000000     -20.00000000     -20.00000000     -20.00000000     -20.00000000     -20.00000000     -20.00000000
     -20.00000000     -20.00000000     -20.00000000     -20.00000000     -20.00000000     -20.00000000     -20.00000000     -20.00000000     -20.00000000     -20.00000000     -20.00000000     -20.00000000     -20.00000000     -20.00000000     -20.00000000     -20.00000000     -20.00000000     -20.00000000     -20.00000000     -20.00000000
     -20.00000000     -20.00000000     -20.00000000     -20.00000000     -20.00000000     -20.00000000     -20.00000000     -20.00000000     -20.00000000     -20.00000000     -20.00000000     -20.00000000     -20.00000000     -20.00000000     -20.00000000     -20.00000000     -20.00000000     -20.00000000     -20.00000000     -20.00000000
     -20.00000000     -20.00000000     -20.00000000     -20.00000000     -20.00000000     -20.00000000     -20.00000000     -20.00000000     -20.00000000     -20.00000000     -20.00000000     -20.00000000     -20.00000000     -20.00000000     -20.00000000     -20.00000000     -20.00000000     -20.00000000     -20.00000000     -20.00000000
     -20.00000000     -20.00000000     -20.00000000     -20.00000000     -20.00000000     -20.00000000     -20.00000000     -20.00000000     -20.00000000     -20.00000000     -20.00000000     -20.00000000     -20.00000000     -20.00000000     -20.00000000     -20.00000000     -20.00000000     -20.00000000     -20.00000000     -20.00000000
     -20.00000000     -20.00000000     -20.00000000     -20.00000000     -20.00000000     -20.00000000     -20.00000000     -20.00000000     -20.00000000     -20.00000000     -20.00000000     -20.00000000     -20.00000000     -20.00000000     -20.00000000     -20.00000000     -20.00000000     -20.00000000     -20.00000000     -20.00000000
     -20.00000000     -20.00000000     -20.00000000     -20.00000000     -20.00000000     -20.00000000     -20.00000000     -20.00000000     -20.00000000     -20.00000000     -20.00000000
     -20.00000000     -20.00000000     -20.00000000     -20.00000000     -20.00000000     -20.00000000     -20.00000000     -20.00000000     -20.00000000     -20.00000000     -20.00000000     -20.00000000     -20.00000000     -20.00000000     -20.00000000     -20.00000000     -20.00000000     -20.00000000     -20.00000000     -20.00000000
     -20.00000000     -20.00000000     -20.00000000     -20.00000000     -20.00000000     -20.00000000     -20.00000000     -20.00000000     -20.00000000     -20.00000000     -20.00000000     -20.00000000     -20.00000000     -20.00000000     -20.00000000     -20.00000000     -20.00000000     -20.00000000     -20.00000000     -20.00000000
     -20.00000000     -20.00000000     -20.00000000     -20.00000000     -20.00000000     -20.00000000     -20.00000000     -20.00000000     -20.00000000     -20.00000000     -20.00000000     -20.00000000     -20.00000000     -20.00000000     -20.00000000     -20.00000000     -20.00000000     -20.00000000     -20.00000000     -20.00000000
     -20.00000000     -20.00000000     -20.00000000     -20.00000000     -20.00000000     -20.00000000     -20.00000000     -20.00000000     -20.00000000     -20.00000000     -20.00000000     -20.00000000     -20.00000000     -20.00000000     -20.00000000     -20.00000000     -20.00000000     -20.00000000     -20.00000000     -20.00000000
     -20.00000000     -20.00000000     -20.00000000     -20.00000000     -20.00000000     -20.00000000     -20.00000000     -20.00000000     -20.00000000     -20.00000000     -20.00000000     -20.00000000     -20.00000000     -20.00000000     -20.00000000     -20.00000000     -20.00000000     -20.00000000     -20.00000000     -20.00000000
     -20.00000000     -20.00000000     -20.00000000     -20.00000000     -20.00000000     -20.00000000     -20.00000000     -20.00000000     -20.00000000     -20.00000000     -20.00000000     -20.00000000     -20.00000000     -20.00000000     -20.00000000     -20.00000000     -20.00000000     -20.00000000     -20.00000000     -20.00000000
     -20.00000000     -20.00000000     -20.00000000     -20.00000000     -20.00000000     -20.00000000     -20.00000000     -20.00000000     -20.00000000     -20.00000000     -20.00000000     -20.00000000     -20.00000000     -20.00000000     -20.00000000     -20.00000000     -20.00000000     -20.00000000     -20.00000000     -20.00000000
     -20.00000000     -20.00000000     -20.00000000     -20.00000000     -20.00000000     -20.00000000     -20.00000000     -20.00000000     -20.00000000     -20.00000000     -20.00000000
     -20.00000000     -20.00000000     -20.00000000     -20.00000000     -20.00000000     -20.00000000     -20.00000000     -20.00000000     -20.00000000     -20.00000000     -20.00000000     -20.00000000     -20.00000000     -20.00000000     -20.00000000     -20.00000000     -20.00000000     -20.00000000     -20.00000000     -20.00000000
     -20.00000000     -20.00000000     -20.00000000     -20.00000000     -20.00000000     -20.00000000     -20.00000000     -20.00000000     -20.00000000     -20.00000000     -20.00000000     -20.00000000     -20.00000000     -20.00000000     -20.00000000     -20.00000000     -20.00000000     -20.00000000     -20.00000000     -20.00000000
     -20.00000000     -20.00000000     -20.00000000     -20.00000000     -20.00000000     -20.00000000     -20.00000000     -20.00000000     -20.00000000     -20.00000000     -20.00000000     -20.00000000     -20.00000000     -20.00000000     -20.00000000     -20.00000000     -20.00000000     -20.00000000     -20.00000000     -20.00000000
     -20.00000000     -20.00000000     -20.00000000     -20.00000000     -20.00000000     -20.00000000     -20.00000000     -20.00000000     -20.00000000     -20.00000000     -20.00000000     -20.00000000     -20.00000000     -20.00000000     -20.00000000     -20.00000000     -20.00000000     -20.00000000     -20.00000000     -20.00000000
     -20.00000000     -20.00000000     -20.00000000     -20.00000000     -20.00000000     -20.00000000     -20.00000000     -20.00000000     -20.00000000     -20.00000000     -20.00000000     -20.00000000     -20.00000000     -20.00000000     -20.00000000     -20.00000000     -20.00000000     -20.00000000     -20.00000000     -20.00000000
     -20.00000000     -20.00000000     -20.00000000     -20.00000000     -20.00000000     -20.00000000     -20.00000000     -20.00000000     -20.00000000     -20.00000000     -20.00000000     -20.00000000     -20.00000000     -20.00000000     -20.00000000     -20.00000000     -20.00000000     -20.00000000     -20.00000000     -20.00000000
     -20.00000000     -20.00000000     -20.00000000     -20.00000000     -20.00000000     -20.00000000     -20.00000000     -20.00000000     -20.00000000     -20.00000000     -20.00000000     -20.00000000     -20.00000000     -20.00000000     -20.00000000     -20.00000000     -20.00000000     -20.00000000     -20.00000000     -20.00000000
     -20.00000000     -20.00000000     -20.00000000     -20.00000000     -20.00000000     -20.00000000     -20.00000000     -20.00000000     -20.00000000     -20.00000000     -20.00000000
     -20.00000000     -20.00000000     -20.00000000     -20.00000000     -20.00000000     -20.00000000     -20.00000000     -20.00000000     -20.00000000     -20.00000000     -20.00000000     -20.00000000     -20.00000000     -20.00000000     -20.00000000     -20.00000000     -20.00000000     -20.00000000     -20.00000000     -20.00000000
     -20.00000000     -20.00000000     -20.00000000     -20.00000000     -20.00000000     -20.00000000     -20.00000000     -20.00000000     -20.00000000     -20.00000000     -20.00000000     -20.00000000     -20.00000000     -20.00000000     -20.00000000     -20.00000000     -20.00000000     -20.00000000     -20.00000000     -20.00000000
     -20.00000000     -20.00000000     -20.00000000     -20.00000000     -20.00000000     -20.00000000     -20.00000000     -20.00000000     -20.00000000     -20.00000000     -20.00000000     -20.00000000     -20.00000000     -20.00000000     -20.00000000     -20.00000000     -20.00000000     -20.00000000     -20.00000000     -20.00000000
     -20.00000000     -20.00000000     -20.00000000     -20.00000000     -20.00000000     -20.00000000     -20.00000000     -20.00000000     -20.00000000     -20.00000000     -20.00000000     -20.00000000     -20.00000000     -20.00000000     -20.00000000     -20.00000000     -20.00000000     -20.00000000     -20.00000000     -20.00000000
     -20.00000000     -20.00000000     -20.00000000     -20.00000000     -20.00000000     -20.00000000     -20.00000000     -20.00000000     -20.00000000     -20.00000000     -20.00000000     -20.00000000     -20.00000000     -20.00000000     -20.00000000     -20.00000000     -20.00000000     -20.00000000     -20.00000000     -20.00000000
     -20.00000000     -20.00000000     -20.00000000     -20.00000000     -20.00000000     -20.00000000     -20.00000000     -20.00000000     -20.00000000     -20.00000000     -20.00000000     -20.00000000     -20.00000000     -20.00000000     -20.00000000     -20.00000000     -20.00000000     -20.00000000     -20.00000000     -20.00000000
     -20.00000000     -20.00000000     -20.00000000     -20.00000000     -20.00000000     -20.00000000     -20.00000000     -20.00000000     -20.00000000     -20.00000000     -20.00000000     -20.00000000     -20.00000000     -20.00000000     -20.00000000     -20.00000000     -20.00000000     -20.00000000     -20.00000000     -20.00000000
     -20.00000000     -20.00000000     -20.00000000     -20.00000000     -20.00000000     -20.00000000     -20.00000000     -20.00000000     -20.00000000     -20.00000000     -20.00000000
     -20.00000000     -20.00000000     -20.00000000     -20.00000000     -20.00000000     -20.00000000     -20.00000000     -20.00000000     -20.00000000     -20.00000000     -20.00000000     -20.00000000     -20.00000000     -20.00000000     -20.00000000     -20.00000000     -20.00000000     -20.00000000     -20.00000000     -20.00000000
     -20.00000000     -20.00000000     -20.00000000     -20.00000000     -20.00000000     -20.00000000     -20.00000000     -20.00000000     -20.00000000     -20.00000000     -20.00000000     -20.00000000     -20.00000000     -20.00000000     -20.00000000     -20.00000000     -20.00000000     -20.00000000     -20.00000000     -20.00000000
     -20.00000000     -20.00000000     -20.00000000     -20.00000000     -20.00000000     -20.00000000     -20.00000000     -20.00000000     -20.00000000     -20.00000000     -20.00000000     -20.00000000     -20.00000000     -20.00000000     -20.00000000     -20.00000000     -20.00000000     -20.00000000     -20.00000000     -20.00000000
     -20.00000000     -20.00000000     -20.00000000     -20.00000000     -20.00000000     -20.00000000     -20.00000000     -20.00000000     -20.00000000     -20.00000000     -20.00000000     -20.00000000     -20.00000000     -20.00000000     -20.00000000     -20.00000000     -20.00000000     -20.00000000     -20.00000000     -20.00000000
     -20.00000000     -20.00000000     -20.00000000     -20.00000000     -20.00000000     -20.00000000     -20.00000000     -20.00000000     -20.00000000     -20.00000000     -20.00000000     -20.00000000     -20.00000000     -20.00000000     -20.00000000     -20.00000000     -20.00000000     -20.00000000     -20.00000000     -20.00000000
     -20.00000000     -20.00000000     -20.00000000     -20.00000000     -20.00000000     -20.00000000     -20.00000000     -20.00000000     -20.00000000     -20.00000000     -20.00000000     -20.00000000     -20.00000000     -20.00000000     -20.00000000     -20.00000000     -20.00000000     -20.00000000     -20.00000000     -20.00000000
     -20.00000000     -20.00000000     -20.00000000     -20.00000000     -20.00000000     -20.00000000     -20.00000000     -20.00000000     -20.00000000     -20.00000000     -20.00000000     -20.00000000     -20.00000000     -20.00000000     -20.00000000     -20.00000000     -20.00000000     -20.00000000     -20.00000000     -20.00000000
     -20.00000000     -20.00000000     -20.00000000     -20.00000000     -20.00000000     -20.00000000     -20.00000000     -20.00000000     -20.00000000     -20.00000000     -20.00000000
     -20.00000000     -20.00000000     -20.00000000     -20.00000000     -20.00000000     -20.00000000     -20.00000000     -20.00000000     -20.00000000     -20.00000000     -20.00000000     -20.00000000     -20.00000000     -20.00000000     -20.00000000     -20.00000000     -20.00000000     -20.00000000     -20.00000000     -20.00000000
     -20.00000000     -20.00000000     -20.00000000     -20.00000000     -20.00000000     -20.00000000     -20.00000000     -20.00000000     -20.00000000     -20.00000000     -20.00000000     -20.00000000     -20.00000000     -20.00000000     -20.00000000     -20.00000000     -20.00000000     -20.00000000     -20.00000000     -20.00000000
     -20.00000000     -20.00000000     -20.00000000     -20.00000000     -20.00000000     -20.00000000     -20.00000000     -20.00000000     -20.00000000     -20.00000000     -20.00000000     -20.00000000     -20.00000000     -20.00000000     -20.00000000     -20.00000000     -20.00000000     -20.00000000     -20.00000000     -20.00000000
     -20.00000000     -20.00000000     -20.00000000     -20.00000000     -20.00000000     -20.00000000     -20.00000000     -20.00000000     -20.00000000     -20.00000000     -20.00000000     -20.00000000     -20.00000000     -20.00000000     -20.00000000     -20.00000000     -20.00000000     -20.00000000     -20.00000000     -20.00000000
     -20.00000000     -20.00000000     -20.00000000     -20.00000000     -20.00000000     -20.00000000     -20.00000000     -20.00000000     -20.00000000     -20.00000000     -20.00000000     -20.00000000     -20.00000000     -20.00000000     -20.00000000     -20.00000000     -20.00000000     -20.00000000     -20.00000000     -20.00000000
     -20.00000000     -20.00000000     -20.00000000     -20.00000000     -20.00000000     -20.00000000     -20.00000000     -20.00000000     -20.00000000     -20.00000000     -20.00000000     -20.00000000     -20.00000000     -20.00000000     -20.00000000     -20.00000000     -20.00000000     -20.00000000     -20.00000000     -20.00000000
     -20.00000000     -20.00000000     -20.00000000     -20.00000000     -20.00000000     -20.00000000     -20.00000000     -20.00000000     -20.00000000     -20.00000000     -20.00000000     -20.00000000     -20.00000000     -20.00000000     -20.00000000     -20.00000000     -20.00000000     -20.00000000     -20.00000000     -20.00000000
     -20.00000000     -20.00000000     -20.00000000     -20.00000000     -20.00000000     -20.00000000     -20.00000000     -20.00000000     -20.00000000     -20.00000000     -20.00000000
     -20.00000000     -20.00000000     -20.00000000     -20.00000000     -20.00000000     -20.00000000     -20.00000000     -20.00000000     -20.00000000     -20.00000000     -20.00000000     -20.00000000     -20.00000000     -20.00000000     -20.00000000     -20.00000000     -20.00000000     -20.00000000     -20.00000000     -20.00000000
     -20.00000000     -20.00000000     -20.00000000     -20.00000000     -20.00000000     -20.00000000     -20.00000000     -20.00000000     -20.00000000     -20.00000000     -20.00000000     -20.00000000     -20.00000000     -20.00000000     -20.00000000     -20.00000000     -20.00000000     -20.00000000     -20.00000000     -20.00000000
     -20.00000000     -20.00000000     -20.00000000     -20.00000000     -20.00000000     -20.00000000     -20.00000000     -20.00000000     -20.00000000     -20.00000000     -20.00000000     -20.00000000     -20.00000000     -20.00000000     -20.00000000     -20.00000000     -20.00000000     -20.00000000     -20.00000000     -20.00000000
     -20.00000000     -20.00000000     -20.00000000     -20.00000000     -20.00000000     -20.00000000     -20.00000000     -20.00000000     -20.00000000     -20.00000000     -20.00000000     -20.00000000     -20.00000000     -20.00000000     -20.00000000     -20.00000000     -20.00000000     -20.00000000     -20.00000000     -20.00000000
     -20.00000000     -20.00000000     -20.00000000     -20.00000000     -20.00000000     -20.00000000     -20.00000000     -20.00000000     -20.00000000     -20.00000000     -20.00000000     -20.00000000     -20.00000000     -20.00000000     -20.00000000     -20.00000000     -20.00000000     -20.00000000     -20.00000000     -20.00000000
     -20.00000000     -20.00000000     -20.00000000     -20.00000000     -20.00000000     -20.00000000     -20.00000000     -20.00000000     -20.00000000     -20.00000000     -20.00000000     -20.00000000     -20.00000000     -20.00000000     -20.00000000     -20.00000000     -20.00000000     -20.00000000     -20.00000000     -20.00000000
     -20.00000000     -20.00000000     -20.00000000     -20.00000000     -20.00000000     -20.00000000     -20.00000000     -20.00000000     -20.00000000     -20.00000000     -20.00000000     -20.00000000     -20.00000000     -20.00000000     -20.00000000     -20.00000000     -20.00000000     -20.00000000     -20.00000000     -20.00000000
     -20.00000000     -20.00000000     -20.00000000     -20.00000000     -20.00000000     -20.00000000     -20.00000000     -20.00000000     -20.00000000     -20.00000000     -20.00000000
     -20.00000000     -20.00000000     -20.00000000     -20.00000000     -20.00000000     -20.00000000     -20.00000000     -20.00000000     -20.00000000     -20.00000000     -20.00000000     -20.00000000     -20.00000000     -20.00000000     -20.00000000     -20.00000000     -20.00000000     -20.00000000     -20.00000000     -20.00000000
     -20.00000000     -20.00000000     -20.00000000     -20.00000000     -20.00000000     -20.00000000     -20.00000000     -20.00000000     -20.00000000     -20.00000000     -20.00000000     -20.00000000     -20.00000000     -20.00000000     -20.00000000     -20.00000000     -20.00000000     -20.00000000     -20.00000000     -20.00000000
     -20.00000000     -20.00000000     -20.00000000     -20.00000000     -20.00000000     -20.00000000     -20.00000000     -20.00000000     -20.00000000     -20.00000000     -20.00000000     -20.00000000     -20.00000000     -20.00000000     -20.00000000     -20.00000000     -20.00000000     -20.00000000     -20.00000000     -20.00000000
     -20.00000000     -20.00000000     -20.00000000     -20.00000000     -20.00000000     -20.00000000     -20.00000000     -20.00000000     -20.00000000     -20.00000000     -20.00000000     -20.00000000     -20.00000000     -20.00000000     -20.00000000     -20.00000000     -20.00000000     -20.00000000     -20.00000000     -20.00000000
     -20.00000000     -20.00000000     -20.00000000     -20.00000000     -20.00000000     -20.00000000     -20.00000000     -20.00000000     -20.00000000     -20.00000000     -20.00000000     -20.00000000     -20.00000000     -20.00000000     -20.00000000     -20.00000000     -20.00000000     -20.00000000     -20.00000000     -20.00000000
     -20.00000000     -20.00000000     -20.00000000     -20.00000000     -20.00000000     -20.00000000     -20.00000000     -20.00000000     -20.00000000     -20.00000000     -20.00000000     -20.00000000     -20.00000000     -20.00000000     -20.00000000     -20.00000000     -20.00000000     -20.00000000     -20.00000000     -20.00000000
     -20.00000000     -20.00000000     -20.00000000     -20.00000000     -20.00000000     -20.00000000     -20.00000000     -20.00000000     -20.00000000     -20.00000000     -20.00000000     -20.00000000     -20.00000000     -20.00000000     -20.00000000     -20.00000000     -20.00000000     -20.00000000     -20.00000000     -20.00000000
     -20.00000000     -20.00000000     -20.00000000     -20.00000000     -20.00000000     -20.00000000     -20.00000000     -20.00000000     -20.00000000     -20.00000000     -20.00000000
     -20.00000000     -20.00000000     -20.00000000     -20.00000000     -20.00000000     -20.00000000     -20.00000000     -20.00000000     -20.00000000     -20.00000000     -20.00000000     -20.00000000     -20.00000000     -20.00000000     -20.00000000     -20.00000000     -20.00000000     -20.00000000     -20.00000000     -20.00000000
     -20.00000000     -20.00000000     -20.00000000     -20.00000000     -20.00000000     -20.00000000     -20.00000000     -20.00000000     -20.00000000     -20.00000000     -20.00000000     -20.00000000     -20.00000000     -20.00000000     -20.00000000     -20.00000000     -20.00000000     -20.00000000     -20.00000000     -20.00000000
     -20.00000000     -20.00000000     -20.00000000     -20.00000000     -20.00000000     -20.00000000     -20.00000000     -20.00000000     -20.00000000     -20.00000000     -20.00000000     -20.00000000     -20.00000000     -20.00000000     -20.00000000     -20.00000000     -20.00000000     -20.00000000     -20.00000000     -20.00000000
     -20.00000000     -20.00000000     -20.00000000     -20.00000000     -20.00000000     -20.00000000     -20.00000000     -20.00000000     -20.00000000     -20.00000000     -20.00000000     -20.00000000     -20.00000000     -20.00000000     -20.00000000     -20.00000000     -20.00000000     -20.00000000     -20.00000000     -20.00000000
     -20.00000000     -20.00000000     -20.00000000     -20.00000000     -20.00000000     -20.00000000     -20.00000000     -20.00000000     -20.00000000     -20.00000000     -20.00000000     -20.00000000     -20.00000000     -20.00000000     -20.00000000     -20.00000000     -20.00000000     -20.00000000     -20.00000000     -20.00000000
     -20.00000000     -20.00000000     -20.00000000     -20.00000000     -20.00000000     -20.00000000     -20.00000000     -20.00000000     -20.00000000     -20.00000000     -20.00000000     -20.00000000     -20.00000000     -20.00000000     -20.00000000     -20.00000000     -20.00000000     -20.00000000     -20.00000000     -20.00000000
     -20.00000000     -20.00000000     -20.00000000     -20.00000000     -20.00000000     -20.00000000     -20.00000000     -20.00000000     -20.00000000     -20.00000000     -20.00000000     -20.00000000     -20.00000000     -20.00000000     -20.00000000     -20.00000000     -20.00000000     -20.00000000     -20.00000000     -20.00000000
     -20.00000000     -20.00000000     -20.00000000     -20.00000000     -20.00000000     -20.00000000     -20.00000000     -20.00000000     -20.00000000     -20.00000000     -20.00000000
     -20.00000000     -20.00000000     -20.00000000     -20.00000000     -20.00000000     -20.00000000     -20.00000000     -20.00000000     -20.00000000     -20.00000000     -20.00000000     -20.00000000     -20.00000000     -20.00000000     -20.00000000     -20.00000000     -20.00000000     -20.00000000     -20.00000000     -20.00000000
     -20.00000000     -20.00000000     -20.00000000     -20.00000000     -20.00000000     -20.00000000     -20.00000000     -20.00000000     -20.00000000     -20.00000000     -20.00000000     -20.00000000     -20.00000000     -20.00000000     -20.00000000     -20.00000000     -20.00000000     -20.00000000     -20.00000000     -20.00000000
     -20.00000000     -20.00000000     -20.00000000     -20.00000000     -20.00000000     -20.00000000     -20.00000000     -20.00000000     -20.00000000     -20.00000000     -20.00000000     -20.00000000     -20.00000000     -20.00000000     -20.00000000     -20.00000000     -20.00000000     -20.00000000     -20.00000000     -20.00000000
     -20.00000000     -20.00000000     -20.00000000     -20.00000000     -20.00000000     -20.00000000     -20.00000000     -20.00000000     -20.00000000     -20.00000000     -20.00000000     -20.00000000     -20.00000000     -20.00000000     -20.00000000     -20.00000000     -20.00000000     -20.00000000     -20.00000000     -20.00000000
     -20.00000000     -20.00000000     -20.00000000     -20.00000000     -20.00000000     -20.00000000     -20.00000000     -20.00000000     -20.00000000     -20.00000000     -20.00000000     -20.00000000     -20.00000000     -20.00000000     -20.00000000     -20.00000000     -20.00000000     -20.00000000     -20.00000000     -20.00000000
     -20.00000000     -20.00000000     -20.00000000     -20.00000000     -20.00000000     -20.00000000     -20.00000000     -20.00000000     -20.00000000     -20.00000000     -20.00000000     -20.00000000     -20.00000000     -20.00000000     -20.00000000     -20.00000000     -20.00000000     -20.00000000     -20.00000000     -20.00000000
     -20.00000000     -20.00000000     -20.00000000     -20.00000000     -20.00000000     -20.00000000     -20.00000000     -20.00000000     -20.00000000     -20.00000000     -20.00000000     -20.00000000     -20.00000000     -20.00000000     -20.00000000     -20.00000000     -20.00000000     -20.00000000     -20.00000000     -20.00000000
     -20.00000000     -20.00000000     -20.00000000     -20.00000000     -20.00000000     -20.00000000     -20.00000000     -20.00000000     -20.00000000     -20.00000000     -20.00000000
     -20.00000000     -20.00000000     -20.00000000     -20.00000000     -20.00000000     -20.00000000     -20.00000000     -20.00000000     -20.00000000     -20.00000000     -20.00000000     -20.00000000     -20.00000000     -20.00000000     -20.00000000     -20.00000000     -20.00000000     -20.00000000     -20.00000000     -20.00000000
     -20.00000000     -20.00000000     -20.00000000     -20.00000000     -20.00000000     -20.00000000     -20.00000000     -20.00000000     -20.00000000     -20.00000000     -20.00000000     -20.00000000     -20.00000000     -20.00000000     -20.00000000     -20.00000000     -20.00000000     -20.00000000     -20.00000000     -20.00000000
     -20.00000000     -20.00000000     -20.00000000     -20.00000000     -20.00000000     -20.00000000     -20.00000000     -20.00000000     -20.00000000     -20.00000000     -20.00000000     -20.00000000     -20.00000000     -20.00000000     -20.00000000     -20.00000000     -20.00000000     -20.00000000     -20.00000000     -20.00000000
     -20.00000000     -20.00000000     -20.00000000     -20.00000000     -20.00000000     -20.00000000     -20.00000000     -20.00000000     -20.00000000     -20.00000000     -20.00000000     -20.00000000     -20.00000000     -20.00000000     -20.00000000     -20.00000000     -20.00000000     -20.00000000     -20.00000000     -20.00000000
     -20.00000000     -20.00000000     -20.00000000     -20.00000000     -20.00000000     -20.00000000     -20.00000000     -20.00000000     -20.00000000     -20.00000000     -20.00000000     -20.00000000     -20.00000000     -20.00000000     -20.00000000     -20.00000000     -20.00000000     -20.00000000     -20.00000000     -20.00000000
     -20.00000000     -20.00000000     -20.00000000     -20.00000000     -20.00000000     -20.00000000     -20.00000000     -20.00000000     -20.00000000     -20.00000000     -20.00000000     -20.00000000     -20.00000000     -20.00000000     -20.00000000     -20.00000000     -20.00000000     -20.00000000     -20.00000000     -20.00000000
     -20.00000000     -20.00000000     -20.00000000     -20.00000000     -20.00000000     -20.00000000     -20.00000000     -20.00000000     -20.00000000     -20.00000000     -20.00000000     -20.00000000     -20.00000000     -20.00000000     -20.00000000     -20.00000000     -20.00000000     -20.00000000     -20.00000000     -20.00000000
     -20.00000000     -20.00000000     -20.00000000     -20.00000000     -20.00000000     -20.00000000     -20.00000000     -20.00000000     -20.00000000     -20.00000000     -20.00000000
     -20.00000000     -20.00000000     -20.00000000     -20.00000000     -20.00000000     -20.00000000     -20.00000000     -20.00000000     -20.00000000     -20.00000000     -20.00000000     -20.00000000     -20.00000000     -20.00000000     -20.00000000     -20.00000000     -20.00000000     -20.00000000     -20.00000000     -20.00000000
     -20.00000000     -20.00000000     -20.00000000     -20.00000000     -20.00000000     -20.00000000     -20.00000000     -20.00000000     -20.00000000     -20.00000000     -20.00000000     -20.00000000     -20.00000000     -20.00000000     -20.00000000     -20.00000000     -20.00000000     -20.00000000     -20.00000000     -20.00000000
     -20.00000000     -20.00000000     -20.00000000     -20.00000000     -20.00000000     -20.00000000     -20.00000000     -20.00000000     -20.00000000     -20.00000000     -20.00000000     -20.00000000     -20.00000000     -20.00000000     -20.00000000     -20.00000000     -20.00000000     -20.00000000     -20.00000000     -20.00000000
     -20.00000000     -20.00000000     -20.00000000     -20.00000000     -20.00000000     -20.00000000     -20.00000000     -20.00000000     -20.00000000     -20.00000000     -20.00000000     -20.00000000     -20.00000000     -20.00000000     -20.00000000     -20.00000000     -20.00000000     -20.00000000     -20.00000000     -20.00000000
     -20.00000000     -20.00000000     -20.00000000     -20.00000000     -20.00000000     -20.00000000     -20.00000000     -20.00000000     -20.00000000     -20.00000000     -20.00000000     -20.00000000     -20.00000000     -20.00000000     -20.00000000     -20.00000000     -20.00000000     -20.00000000     -20.00000000     -20.00000000
     -20.00000000     -20.00000000     -20.00000000     -20.00000000     -20.00000000     -20.00000000     -20.00000000     -20.00000000     -20.00000000     -20.00000000     -20.00000000     -20.00000000     -20.00000000     -20.00000000     -20.00000000     -20.00000000     -20.00000000     -20.00000000     -20.00000000     -20.00000000
     -20.00000000     -20.00000000     -20.00000000     -20.00000000     -20.00000000     -20.00000000     -20.00000000     -20.00000000     -20.00000000     -20.00000000     -20.00000000     -20.00000000     -20.00000000     -20.00000000     -20.00000000     -20.00000000     -20.00000000     -20.00000000     -20.00000000     -20.00000000
     -20.00000000     -20.00000000     -20.00000000     -20.00000000     -20.00000000     -20.00000000     -20.00000000     -20.00000000     -20.00000000     -20.00000000     -20.00000000
     -20.00000000     -20.00000000     -20.00000000     -20.00000000     -20.00000000     -20.00000000     -20.00000000     -20.00000000     -20.00000000     -20.00000000     -20.00000000     -20.00000000     -20.00000000     -20.00000000     -20.00000000     -20.00000000     -20.00000000     -20.00000000     -20.00000000     -20.00000000
     -20.00000000     -20.00000000     -20.00000000     -20.00000000     -20.00000000     -20.00000000     -20.00000000     -20.00000000     -20.00000000     -20.00000000     -20.00000000     -20.00000000     -20.00000000     -20.00000000     -20.00000000     -20.00000000     -20.00000000     -20.00000000     -20.00000000     -20.00000000
     -20.00000000     -20.00000000     -20.00000000     -20.00000000     -20.00000000     -20.00000000     -20.00000000     -20.00000000     -20.00000000     -20.00000000     -20.00000000     -20.00000000     -20.00000000     -20.00000000     -20.00000000     -20.00000000     -20.00000000     -20.00000000     -20.00000000     -20.00000000
     -20.00000000     -20.00000000     -20.00000000     -20.00000000     -20.00000000     -20.00000000     -20.00000000     -20.00000000     -20.00000000     -20.00000000     -20.00000000     -20.00000000     -20.00000000     -20.00000000     -20.00000000     -20.00000000     -20.00000000     -20.00000000     -20.00000000     -20.00000000
     -20.00000000     -20.00000000     -20.00000000     -20.00000000     -20.00000000     -20.00000000     -20.00000000     -20.00000000     -20.00000000     -20.00000000     -20.00000000     -20.00000000     -20.00000000     -20.00000000     -20.00000000     -20.00000000     -20.00000000     -20.00000000     -20.00000000     -20.00000000
     -20.00000000     -20.00000000     -20.00000000     -20.00000000     -20.00000000     -20.00000000     -20.00000000     -20.00000000     -20.00000000     -20.00000000     -20.00000000     -20.00000000     -20.00000000     -20.00000000     -20.00000000     -20.00000000     -20.00000000     -20.00000000     -20.00000000     -20.00000000
     -20.00000000     -20.00000000     -20.00000000     -20.00000000     -20.00000000     -20.00000000     -20.00000000     -20.00000000     -20.00000000     -20.00000000     -20.00000000     -20.00000000     -20.00000000     -20.00000000     -20.00000000     -20.00000000     -20.00000000     -20.00000000     -20.00000000     -20.00000000
     -20.00000000     -20.00000000     -20.00000000     -20.00000000     -20.00000000     -20.00000000     -20.00000000     -20.00000000     -20.00000000     -20.00000000     -20.00000000
     -20.00000000     -20.00000000     -20.00000000     -20.00000000     -20.00000000     -20.00000000     -20.00000000     -20.00000000     -20.00000000     -20.00000000     -20.00000000     -20.00000000     -20.00000000     -20.00000000     -20.00000000     -20.00000000     -20.00000000     -20.00000000     -20.00000000     -20.00000000
     -20.00000000     -20.00000000     -20.00000000     -20.00000000     -20.00000000     -20.00000000     -20.00000000     -20.00000000     -20.00000000     -20.00000000     -20.00000000     -20.00000000     -20.00000000     -20.00000000     -20.00000000     -20.00000000     -20.00000000     -20.00000000     -20.00000000     -20.00000000
     -20.00000000     -20.00000000     -20.00000000     -20.00000000     -20.00000000     -20.00000000     -20.00000000     -20.00000000     -20.00000000     -20.00000000     -20.00000000     -20.00000000     -20.00000000     -20.00000000     -20.00000000     -20.00000000     -20.00000000     -20.00000000     -20.00000000     -20.00000000
     -20.00000000     -20.00000000     -20.00000000     -20.00000000     -20.00000000     -20.00000000     -20.00000000     -20.00000000     -20.00000000     -20.00000000     -20.00000000     -20.00000000     -20.00000000     -20.00000000     -20.00000000     -20.00000000     -20.00000000     -20.00000000     -20.00000000     -20.00000000
     -20.00000000     -20.00000000     -20.00000000     -20.00000000     -20.00000000     -20.00000000     -20.00000000     -20.00000000     -20.00000000     -20.00000000     -20.00000000     -20.00000000     -20.00000000     -20.00000000     -20.00000000     -20.00000000     -20.00000000     -20.00000000     -20.00000000     -20.00000000
     -20.00000000     -20.00000000     -20.00000000     -20.00000000     -20.00000000     -20.00000000     -20.00000000     -20.00000000     -20.00000000     -20.00000000     -20.00000000     -20.00000000     -20.00000000     -20.00000000     -20.00000000     -20.00000000     -20.00000000     -20.00000000     -20.00000000     -20.00000000
     -20.00000000     -20.00000000     -20.00000000     -20.00000000     -20.00000000     -20.00000000     -20.00000000     -20.00000000     -20.00000000     -20.00000000     -20.00000000     -20.00000000     -20.00000000     -20.00000000     -20.00000000     -20.00000000     -20.00000000     -20.00000000     -20.00000000     -20.00000000
     -20.00000000     -20.00000000     -20.00000000     -20.00000000     -20.00000000     -20.00000000     -20.00000000     -20.00000000     -20.00000000     -20.00000000     -20.00000000
     -20.00000000     -20.00000000     -20.00000000     -20.00000000     -20.00000000     -20.00000000     -20.00000000     -20.00000000     -20.00000000     -20.00000000     -20.00000000     -20.00000000     -20.00000000     -20.00000000     -20.00000000     -20.00000000     -20.00000000     -20.00000000     -20.00000000     -20.00000000
     -20.00000000     -20.00000000     -20.00000000     -20.00000000     -20.00000000     -20.00000000     -20.00000000     -20.00000000     -20.00000000     -20.00000000     -20.00000000     -20.00000000     -20.00000000     -20.00000000     -20.00000000     -20.00000000     -20.00000000     -20.00000000     -20.00000000     -20.00000000
     -20.00000000     -20.00000000     -20.00000000     -20.00000000     -20.00000000     -20.00000000     -20.00000000     -20.00000000     -20.00000000     -20.00000000     -20.00000000     -20.00000000     -20.00000000     -20.00000000     -20.00000000     -20.00000000     -20.00000000     -20.00000000     -20.00000000     -20.00000000
     -20.00000000     -20.00000000     -20.00000000     -20.00000000     -20.00000000     -20.00000000     -20.00000000     -20.00000000     -20.00000000     -20.00000000     -20.00000000     -20.00000000     -20.00000000     -20.00000000     -20.00000000     -20.00000000     -20.00000000     -20.00000000     -20.00000000     -20.00000000
     -20.00000000     -20.00000000     -20.00000000     -20.00000000     -20.00000000     -20.00000000     -20.00000000     -20.00000000     -20.00000000     -20.00000000     -20.00000000     -20.00000000     -20.00000000     -20.00000000     -20.00000000     -20.00000000     -20.00000000     -20.00000000     -20.00000000     -20.00000000
     -20.00000000     -20.00000000     -20.00000000     -20.00000000     -20.00000000     -20.00000000     -20.00000000     -20.00000000     -20.00000000     -20.00000000     -20.00000000     -20.00000000     -20.00000000     -20.00000000     -20.00000000     -20.00000000     -20.00000000     -20.00000000     -20.00000000     -20.00000000
     -20.00000000     -20.00000000     -20.00000000     -20.00000000     -20.00000000     -20.00000000     -20.00000000     -20.00000000     -20.00000000     -20.00000000     -20.00000000     -20.00000000     -20.00000000     -20.00000000     -20.00000000     -20.00000000     -20.00000000     -20.00000000     -20.00000000     -20.00000000
     -20.00000000     -20.00000000     -20.00000000     -20.00000000     -20.00000000     -20.00000000     -20.00000000     -20.00000000     -20.00000000     -20.00000000     -20.00000000
     -20.00000000     -20.00000000     -20.00000000     -20.00000000     -20.00000000     -20.00000000     -20.00000000     -20.00000000     -20.00000000     -20.00000000     -20.00000000     -20.00000000     -20.00000000     -20.00000000     -20.00000000     -20.00000000     -20.00000000     -20.00000000     -20.00000000     -20.00000000
     -20.00000000     -20.00000000     -20.00000000     -20.00000000     -20.00000000     -20.00000000     -20.00000000     -20.00000000     -20.00000000     -20.00000000     -20.00000000     -20.00000000     -20.00000000     -20.00000000     -20.00000000     -20.00000000     -20.00000000     -20.00000000     -20.00000000     -20.00000000
     -20.00000000     -20.00000000     -20.00000000     -20.00000000     -20.00000000     -20.00000000     -20.00000000     -20.00000000     -20.00000000     -20.00000000     -20.00000000     -20.00000000     -20.00000000     -20.00000000     -20.00000000     -20.00000000     -20.00000000     -20.00000000     -20.00000000     -20.00000000
     -20.00000000     -20.00000000     -20.00000000     -20.00000000     -20.00000000     -20.00000000     -20.00000000     -20.00000000     -20.00000000     -20.00000000     -20.00000000     -20.00000000     -20.00000000     -20.00000000     -20.00000000     -20.00000000     -20.00000000     -20.00000000     -20.00000000     -20.00000000
     -20.00000000     -20.00000000     -20.00000000     -20.00000000     -20.00000000     -20.00000000     -20.00000000     -20.00000000     -20.00000000     -20.00000000     -20.00000000     -20.00000000     -20.00000000     -20.00000000     -20.00000000     -20.00000000     -20.00000000     -20.00000000     -20.00000000     -20.00000000
     -20.00000000     -20.00000000     -20.00000000     -20.00000000     -20.00000000     -20.00000000     -20.00000000     -20.00000000     -20.00000000     -20.00000000     -20.00000000     -20.00000000     -20.00000000     -20.00000000     -20.00000000     -20.00000000     -20.00000000     -20.00000000     -20.00000000     -20.00000000
     -20.00000000     -20.00000000     -20.00000000     -20.00000000     -20.00000000     -20.00000000     -20.00000000     -20.00000000     -20.00000000     -20.00000000     -20.00000000     -20.00000000     -20.00000000     -20.00000000     -20.00000000     -20.00000000     -20.00000000     -20.00000000     -20.00000000     -20.00000000
     -20.00000000     -20.00000000     -20.00000000     -20.00000000     -20.00000000     -20.00000000     -20.00000000     -20.00000000     -20.00000000     -20.00000000     -20.00000000
     -20.00000000     -20.00000000     -20.00000000     -20.00000000     -20.00000000     -20.00000000     -20.00000000     -20.00000000     -20.00000000     -20.00000000     -20.00000000     -20.00000000     -20.00000000     -20.00000000     -20.00000000     -20.00000000     -20.00000000     -20.00000000     -20.00000000     -20.00000000
     -20.00000000     -20.00000000     -20.00000000     -20.00000000     -20.00000000     -20.00000000     -20.00000000     -20.00000000     -20.00000000     -20.00000000     -20.00000000     -20.00000000     -20.00000000     -20.00000000     -20.00000000     -20.00000000     -20.00000000     -20.00000000     -20.00000000     -20.00000000
     -20.00000000     -20.00000000     -20.00000000     -20.00000000     -20.00000000     -20.00000000     -20.00000000     -20.00000000     -20.00000000     -20.00000000     -20.00000000     -20.00000000     -20.00000000     -20.00000000     -20.00000000     -20.00000000     -20.00000000     -20.00000000     -20.00000000     -20.00000000
     -20.00000000     -20.00000000     -20.00000000     -20.00000000     -20.00000000     -20.00000000     -20.00000000     -20.00000000     -20.00000000     -20.00000000     -20.00000000     -20.00000000     -20.00000000     -20.00000000     -20.00000000     -20.00000000     -20.00000000     -20.00000000     -20.00000000     -20.00000000
     -20.00000000     -20.00000000     -20.00000000     -20.00000000     -20.00000000     -20.00000000     -20.00000000     -20.00000000     -20.00000000     -20.00000000     -20.00000000     -20.00000000     -20.00000000     -20.00000000     -20.00000000     -20.00000000     -20.00000000     -20.00000000     -20.00000000     -20.00000000
     -20.00000000     -20.00000000     -20.00000000     -20.00000000     -20.00000000     -20.00000000     -20.00000000     -20.00000000     -20.00000000     -20.00000000     -20.00000000     -20.00000000     -20.00000000     -20.00000000     -20.00000000     -20.00000000     -20.00000000     -20.00000000     -20.00000000     -20.00000000
     -20.00000000     -20.00000000     -20.00000000     -20.00000000     -20.00000000     -20.00000000     -20.00000000     -20.00000000     -20.00000000     -20.00000000     -20.00000000     -20.00000000     -20.00000000     -20.00000000     -20.00000000     -20.00000000     -20.00000000     -20.00000000     -20.00000000     -20.00000000
     -20.00000000     -20.00000000     -20.00000000     -20.00000000     -20.00000000     -20.00000000     -20.00000000     -20.00000000     -20.00000000     -20.00000000     -20.00000000
     -20.00000000     -20.00000000     -20.00000000     -20.00000000     -20.00000000     -20.00000000     -20.00000000     -20.00000000     -20.00000000     -20.00000000     -20.00000000     -20.00000000     -20.00000000     -20.00000000     -20.00000000     -20.00000000     -20.00000000     -20.00000000     -20.00000000     -20.00000000
     -20.00000000     -20.00000000     -20.00000000     -20.00000000     -20.00000000     -20.00000000     -20.00000000     -20.00000000     -20.00000000     -20.00000000     -20.00000000     -20.00000000     -20.00000000     -20.00000000     -20.00000000     -20.00000000     -20.00000000     -20.00000000     -20.00000000     -20.00000000
     -20.00000000     -20.00000000     -20.00000000     -20.00000000     -20.00000000     -20.00000000     -20.00000000     -20.00000000     -20.00000000     -20.00000000     -20.00000000     -20.00000000     -20.00000000     -20.00000000     -20.00000000     -20.00000000     -20.00000000     -20.00000000     -20.00000000     -20.00000000
     -20.00000000     -20.00000000     -20.00000000     -20.00000000     -20.00000000     -20.00000000     -20.00000000     -20.00000000     -20.00000000     -20.00000000     -20.00000000     -20.00000000     -20.00000000     -20.00000000     -20.00000000     -20.00000000     -20.00000000     -20.00000000     -20.00000000     -20.00000000
     -20.00000000     -20.00000000     -20.00000000     -20.00000000     -20.00000000     -20.00000000     -20.00000000     -20.00000000     -20.00000000     -20.00000000     -20.00000000     -20.00000000     -20.00000000     -20.00000000     -20.00000000     -20.00000000     -20.00000000     -20.00000000     -20.00000000     -20.00000000
     -20.00000000     -20.00000000     -20.00000000     -20.00000000     -20.00000000     -20.00000000     -20.00000000     -20.00000000     -20.00000000     -20.00000000     -20.00000000     -20.00000000     -20.00000000     -20.00000000     -20.00000000     -20.00000000     -20.00000000     -20.00000000     -20.00000000     -20.00000000
     -20.00000000     -20.00000000     -20.00000000     -20.00000000     -20.00000000     -20.00000000     -20.00000000     -20.00000000     -20.00000000     -20.00000000     -20.00000000     -20.00000000     -20.00000000     -20.00000000     -20.00000000     -20.00000000     -20.00000000     -20.00000000     -20.00000000     -20.00000000
     -20.00000000     -20.00000000     -20.00000000     -20.00000000     -20.00000000     -20.00000000     -20.00000000     -20.00000000     -20.00000000     -20.00000000     -20.00000000
     -20.00000000     -20.00000000     -20.00000000     -20.00000000     -20.00000000     -20.00000000     -20.00000000     -20.00000000     -20.00000000     -20.00000000     -20.00000000     -20.00000000     -20.00000000     -20.00000000     -20.00000000     -20.00000000     -20.00000000     -20.00000000     -20.00000000     -20.00000000
     -20.00000000     -20.00000000     -20.00000000     -20.00000000     -20.00000000     -20.00000000     -20.00000000     -20.00000000     -20.00000000     -20.00000000     -20.00000000     -20.00000000     -20.00000000     -20.00000000     -20.00000000     -20.00000000     -20.00000000     -20.00000000     -20.00000000     -20.00000000
     -20.00000000     -20.00000000     -20.00000000     -20.00000000     -20.00000000     -20.00000000     -20.00000000     -20.00000000     -20.00000000     -20.00000000     -20.00000000     -20.00000000     -20.00000000     -20.00000000     -20.00000000     -20.00000000     -20.00000000     -20.00000000     -20.00000000     -20.00000000
     -20.00000000     -20.00000000     -20.00000000     -20.00000000     -20.00000000     -20.00000000     -20.00000000     -20.00000000     -20.00000000     -20.00000000     -20.00000000     -20.00000000     -20.00000000     -20.00000000     -20.00000000     -20.00000000     -20.00000000     -20.00000000     -20.00000000     -20.00000000
     -20.00000000     -20.00000000     -20.00000000     -20.00000000     -20.00000000     -20.00000000     -20.00000000     -20.00000000     -20.00000000     -20.00000000     -20.00000000     -20.00000000     -20.00000000     -20.00000000     -20.00000000     -20.00000000     -20.00000000     -20.00000000     -20.00000000     -20.00000000
     -20.00000000     -20.00000000     -20.00000000     -20.00000000     -20.00000000     -20.00000000     -20.00000000     -20.00000000     -20.00000000     -20.00000000     -20.00000000     -20.00000000     -20.00000000     -20.00000000     -20.00000000     -20.00000000     -20.00000000     -20.00000000     -20.00000000     -20.00000000
     -20.00000000     -20.00000000     -20.00000000     -20.00000000     -20.00000000     -20.00000000     -20.00000000     -20.00000000     -20.00000000     -20.00000000     -20.00000000     -20.00000000     -20.00000000     -20.00000000     -20.00000000     -20.00000000     -20.00000000     -20.00000000     -20.00000000     -20.00000000
     -20.00000000     -20.00000000     -20.00000000     -20.00000000     -20.00000000     -20.00000000     -20.00000000     -20.00000000     -20.00000000     -20.00000000     -20.00000000
     -20.00000000     -20.00000000     -20.00000000     -20.00000000     -20.00000000     -20.00000000     -20.00000000     -20.00000000     -20.00000000     -20.00000000     -20.00000000     -20.00000000     -20.00000000     -20.00000000     -20.00000000     -20.00000000     -20.00000000     -20.00000000     -20.00000000     -20.00000000
     -20.00000000     -20.00000000     -20.00000000     -20.00000000     -20.00000000     -20.00000000     -20.00000000     -20.00000000     -20.00000000     -20.00000000     -20.00000000     -20.00000000     -20.00000000     -20.00000000     -20.00000000     -20.00000000     -20.00000000     -20.00000000     -20.00000000     -20.00000000
     -20.00000000     -20.00000000     -20.00000000     -20.00000000     -20.00000000     -20.00000000     -20.00000000     -20.00000000     -20.00000000     -20.00000000     -20.00000000     -20.00000000     -20.00000000     -20.00000000     -20.00000000     -20.00000000     -20.00000000     -20.00000000     -20.00000000     -20.00000000
     -20.00000000     -20.00000000     -20.00000000     -20.00000000     -20.00000000     -20.00000000     -20.00000000     -20.00000000     -20.00000000     -20.00000000     -20.00000000     -20.00000000     -20.00000000     -20.00000000     -20.00000000     -20.00000000     -20.00000000     -20.00000000     -20.00000000     -20.00000000
     -20.00000000     -20.00000000     -20.00000000     -20.00000000     -20.00000000     -20.00000000     -20.00000000     -20.00000000     -20.00000000     -20.00000000     -20.00000000     -20.00000000     -20.00000000     -20.00000000     -20.00000000     -20.00000000     -20.00000000     -20.00000000     -20.00000000     -20.00000000
     -20.00000000     -20.00000000     -20.00000000     -20.00000000     -20.00000000     -20.00000000     -20.00000000     -20.00000000     -20.00000000     -20.00000000     -20.00000000     -20.00000000     -20.00000000     -20.00000000     -20.00000000     -20.00000000     -20.00000000     -20.00000000     -20.00000000     -20.00000000
     -20.00000000     -20.00000000     -20.00000000     -20.00000000     -20.00000000     -20.00000000     -20.00000000     -20.00000000     -20.00000000     -20.00000000     -20.00000000     -20.00000000     -20.00000000     -20.00000000     -20.00000000     -20.00000000     -20.00000000     -20.00000000     -20.00000000     -20.00000000
     -20.00000000     -20.00000000     -20.00000000     -20.00000000     -20.00000000     -20.00000000     -20.00000000     -20.00000000     -20.00000000     -20.00000000     -20.00000000
     -20.00000000     -20.00000000     -20.00000000     -20.00000000     -20.00000000     -20.00000000     -20.00000000     -20.00000000     -20.00000000     -20.00000000     -20.00000000     -20.00000000     -20.00000000     -20.00000000     -20.00000000     -20.00000000     -20.00000000     -20.00000000     -20.00000000     -20.00000000
     -20.00000000     -20.00000000     -20.00000000     -20.00000000     -20.00000000     -20.00000000     -20.00000000     -20.00000000     -20.00000000     -20.00000000     -20.00000000     -20.00000000     -20.00000000     -20.00000000     -20.00000000     -20.00000000     -20.00000000     -20.00000000     -20.00000000     -20.00000000
     -20.00000000     -20.00000000     -20.00000000     -20.00000000     -20.00000000     -20.00000000     -20.00000000     -20.00000000     -20.00000000     -20.00000000     -20.00000000     -20.00000000     -20.00000000     -20.00000000     -20.00000000     -20.00000000     -20.00000000     -20.00000000     -20.00000000     -20.00000000
     -20.00000000     -20.00000000     -20.00000000     -20.00000000     -20.00000000     -20.00000000     -20.00000000     -20.00000000     -20.00000000     -20.00000000     -20.00000000     -20.00000000     -20.00000000     -20.00000000     -20.00000000     -20.00000000     -20.00000000     -20.00000000     -20.00000000     -20.00000000
     -20.00000000     -20.00000000     -20.00000000     -20.00000000     -20.00000000     -20.00000000     -20.00000000     -20.00000000     -20.00000000     -20.00000000     -20.00000000     -20.00000000     -20.00000000     -20.00000000     -20.00000000     -20.00000000     -20.00000000     -20.00000000     -20.00000000     -20.00000000
     -20.00000000     -20.00000000     -20.00000000     -20.00000000     -20.00000000     -20.00000000     -20.00000000     -20.00000000     -20.00000000     -20.00000000     -20.00000000     -20.00000000     -20.00000000     -20.00000000     -20.00000000     -20.00000000     -20.00000000     -20.00000000     -20.00000000     -20.00000000
     -20.00000000     -20.00000000     -20.00000000     -20.00000000     -20.00000000     -20.00000000     -20.00000000     -20.00000000     -20.00000000     -20.00000000     -20.00000000     -20.00000000     -20.00000000     -20.00000000     -20.00000000     -20.00000000     -20.00000000     -20.00000000     -20.00000000     -20.00000000
     -20.00000000     -20.00000000     -20.00000000     -20.00000000     -20.00000000     -20.00000000     -20.00000000     -20.00000000     -20.00000000     -20.00000000     -20.00000000
     -20.00000000     -20.00000000     -20.00000000     -20.00000000     -20.00000000     -20.00000000     -20.00000000     -20.00000000     -20.00000000     -20.00000000     -20.00000000     -20.00000000     -20.00000000     -20.00000000     -20.00000000     -20.00000000     -20.00000000     -20.00000000     -20.00000000     -20.00000000
     -20.00000000     -20.00000000     -20.00000000     -20.00000000     -20.00000000     -20.00000000     -20.00000000     -20.00000000     -20.00000000     -20.00000000     -20.00000000     -20.00000000     -20.00000000     -20.00000000     -20.00000000     -20.00000000     -20.00000000     -20.00000000     -20.00000000     -20.00000000
     -20.00000000     -20.00000000     -20.00000000     -20.00000000     -20.00000000     -20.00000000     -20.00000000     -20.00000000     -20.00000000     -20.00000000     -20.00000000     -20.00000000     -20.00000000     -20.00000000     -20.00000000     -20.00000000     -20.00000000     -20.00000000     -20.00000000     -20.00000000
     -20.00000000     -20.00000000     -20.00000000     -20.00000000     -20.00000000     -20.00000000     -20.00000000     -20.00000000     -20.00000000     -20.00000000     -20.00000000     -20.00000000     -20.00000000     -20.00000000     -20.00000000     -20.00000000     -20.00000000     -20.00000000     -20.00000000     -20.00000000
     -20.00000000     -20.00000000     -20.00000000     -20.00000000     -20.00000000     -20.00000000     -20.00000000     -20.00000000     -20.00000000     -20.00000000     -20.00000000     -20.00000000     -20.00000000     -20.00000000     -20.00000000     -20.00000000     -20.00000000     -20.00000000     -20.00000000     -20.00000000
     -20.00000000     -20.00000000     -20.00000000     -20.00000000     -20.00000000     -20.00000000     -20.00000000     -20.00000000     -20.00000000     -20.00000000     -20.00000000     -20.00000000     -20.00000000     -20.00000000     -20.00000000     -20.00000000     -20.00000000     -20.00000000     -20.00000000     -20.00000000
     -20.00000000     -20.00000000     -20.00000000     -20.00000000     -20.00000000     -20.00000000     -20.00000000     -20.00000000     -20.00000000     -20.00000000     -20.00000000     -20.00000000     -20.00000000     -20.00000000     -20.00000000     -20.00000000     -20.00000000     -20.00000000     -20.00000000     -20.00000000
     -20.00000000     -20.00000000     -20.00000000     -20.00000000     -20.00000000     -20.00000000     -20.00000000     -20.00000000     -20.00000000     -20.00000000     -20.00000000
     -20.00000000     -20.00000000     -20.00000000     -20.00000000     -20.00000000     -20.00000000     -20.00000000     -20.00000000     -20.00000000     -20.00000000     -20.00000000     -20.00000000     -20.00000000     -20.00000000     -20.00000000     -20.00000000     -20.00000000     -20.00000000     -20.00000000     -20.00000000
     -20.00000000     -20.00000000     -20.00000000     -20.00000000     -20.00000000     -20.00000000     -20.00000000     -20.00000000     -20.00000000     -20.00000000     -20.00000000     -20.00000000     -20.00000000     -20.00000000     -20.00000000     -20.00000000     -20.00000000     -20.00000000     -20.00000000     -20.00000000
     -20.00000000     -20.00000000     -20.00000000     -20.00000000     -20.00000000     -20.00000000     -20.00000000     -20.00000000     -20.00000000     -20.00000000     -20.00000000     -20.00000000     -20.00000000     -20.00000000     -20.00000000     -20.00000000     -20.00000000     -20.00000000     -20.00000000     -20.00000000
     -20.00000000     -20.00000000     -20.00000000     -20.00000000     -20.00000000     -20.00000000     -20.00000000     -20.00000000     -20.00000000     -20.00000000     -20.00000000     -20.00000000     -20.00000000     -20.00000000     -20.00000000     -20.00000000     -20.00000000     -20.00000000     -20.00000000     -20.00000000
     -20.00000000     -20.00000000     -20.00000000     -20.00000000     -20.00000000     -20.00000000     -20.00000000     -20.00000000     -20.00000000     -20.00000000     -20.00000000     -20.00000000     -20.00000000     -20.00000000     -20.00000000     -20.00000000     -20.00000000     -20.00000000     -20.00000000     -20.00000000
     -20.00000000     -20.00000000     -20.00000000     -20.00000000     -20.00000000     -20.00000000     -20.00000000     -20.00000000     -20.00000000     -20.00000000     -20.00000000     -20.00000000     -20.00000000     -20.00000000     -20.00000000     -20.00000000     -20.00000000     -20.00000000     -20.00000000     -20.00000000
     -20.00000000     -20.00000000     -20.00000000     -20.00000000     -20.00000000     -20.00000000     -20.00000000     -20.00000000     -20.00000000     -20.00000000     -20.00000000     -20.00000000     -20.00000000     -20.00000000     -20.00000000     -20.00000000     -20.00000000     -20.00000000     -20.00000000     -20.00000000
     -20.00000000     -20.00000000     -20.00000000     -20.00000000     -20.00000000     -20.00000000     -20.00000000     -20.00000000     -20.00000000     -20.00000000     -20.00000000
     -20.00000000     -20.00000000     -20.00000000     -20.00000000     -20.00000000     -20.00000000     -20.00000000     -20.00000000     -20.00000000     -20.00000000     -20.00000000     -20.00000000     -20.00000000     -20.00000000     -20.00000000     -20.00000000     -20.00000000     -20.00000000     -20.00000000     -20.00000000
     -20.00000000     -20.00000000     -20.00000000     -20.00000000     -20.00000000     -20.00000000     -20.00000000     -20.00000000     -20.00000000     -20.00000000     -20.00000000     -20.00000000     -20.00000000     -20.00000000     -20.00000000     -20.00000000     -20.00000000     -20.00000000     -20.00000000     -20.00000000
     -20.00000000     -20.00000000     -20.00000000     -20.00000000     -20.00000000     -20.00000000     -20.00000000     -20.00000000     -20.00000000     -20.00000000     -20.00000000     -20.00000000     -20.00000000     -20.00000000     -20.00000000     -20.00000000     -20.00000000     -20.00000000     -20.00000000     -20.00000000
     -20.00000000     -20.00000000     -20.00000000     -20.00000000     -20.00000000     -20.00000000     -20.00000000     -20.00000000     -20.00000000     -20.00000000     -20.00000000     -20.00000000     -20.00000000     -20.00000000     -20.00000000     -20.00000000     -20.00000000     -20.00000000     -20.00000000     -20.00000000
     -20.00000000     -20.00000000     -20.00000000     -20.00000000     -20.00000000     -20.00000000     -20.00000000     -20.00000000     -20.00000000     -20.00000000     -20.00000000     -20.00000000     -20.00000000     -20.00000000     -20.00000000     -20.00000000     -20.00000000     -20.00000000     -20.00000000     -20.00000000
     -20.00000000     -20.00000000     -20.00000000     -20.00000000     -20.00000000     -20.00000000     -20.00000000     -20.00000000     -20.00000000     -20.00000000     -20.00000000     -20.00000000     -20.00000000     -20.00000000     -20.00000000     -20.00000000     -20.00000000     -20.00000000     -20.00000000     -20.00000000
     -20.00000000     -20.00000000     -20.00000000     -20.00000000     -20.00000000     -20.00000000     -20.00000000     -20.00000000     -20.00000000     -20.00000000     -20.00000000     -20.00000000     -20.00000000     -20.00000000     -20.00000000     -20.00000000     -20.00000000     -20.00000000     -20.00000000     -20.00000000
     -20.00000000     -20.00000000     -20.00000000     -20.00000000     -20.00000000     -20.00000000     -20.00000000     -20.00000000     -20.00000000     -20.00000000     -20.00000000
     -20.00000000     -20.00000000     -20.00000000     -20.00000000     -20.00000000     -20.00000000     -20.00000000     -20.00000000     -20.00000000     -20.00000000     -20.00000000     -20.00000000     -20.00000000     -20.00000000     -20.00000000     -20.00000000     -20.00000000     -20.00000000     -20.00000000     -20.00000000
     -20.00000000     -20.00000000     -20.00000000     -20.00000000     -20.00000000     -20.00000000     -20.00000000     -20.00000000     -20.00000000     -20.00000000     -20.00000000     -20.00000000     -20.00000000     -20.00000000     -20.00000000     -20.00000000     -20.00000000     -20.00000000     -20.00000000     -20.00000000
     -20.00000000     -20.00000000     -20.00000000     -20.00000000     -20.00000000     -20.00000000     -20.00000000     -20.00000000     -20.00000000     -20.00000000     -20.00000000     -20.00000000     -20.00000000     -20.00000000     -20.00000000     -20.00000000     -20.00000000     -20.00000000     -20.00000000     -20.00000000
     -20.00000000     -20.00000000     -20.00000000     -20.00000000     -20.00000000     -20.00000000     -20.00000000     -20.00000000     -20.00000000     -20.00000000     -20.00000000     -20.00000000     -20.00000000     -20.00000000     -20.00000000     -20.00000000     -20.00000000     -20.00000000     -20.00000000     -20.00000000
     -20.00000000     -20.00000000     -20.00000000     -20.00000000     -20.00000000     -20.00000000     -20.00000000     -20.00000000     -20.00000000     -20.00000000     -20.00000000     -20.00000000     -20.00000000     -20.00000000     -20.00000000     -20.00000000     -20.00000000     -20.00000000     -20.00000000     -20.00000000
     -20.00000000     -20.00000000     -20.00000000     -20.00000000     -20.00000000     -20.00000000     -20.00000000     -20.00000000     -20.00000000     -20.00000000     -20.00000000     -20.00000000     -20.00000000     -20.00000000     -20.00000000     -20.00000000     -20.00000000     -20.00000000     -20.00000000     -20.00000000
     -20.00000000     -20.00000000     -20.00000000     -20.00000000     -20.00000000     -20.00000000     -20.00000000     -20.00000000     -20.00000000     -20.00000000     -20.00000000     -20.00000000     -20.00000000     -20.00000000     -20.00000000     -20.00000000     -20.00000000     -20.00000000     -20.00000000     -20.00000000
     -20.00000000     -20.00000000     -20.00000000     -20.00000000     -20.00000000     -20.00000000     -20.00000000     -20.00000000     -20.00000000     -20.00000000     -20.00000000
     -20.00000000     -20.00000000     -20.00000000     -20.00000000     -20.00000000     -20.00000000     -20.00000000     -20.00000000     -20.00000000     -20.00000000     -20.00000000     -20.00000000     -20.00000000     -20.00000000     -20.00000000     -20.00000000     -20.00000000     -20.00000000     -20.00000000     -20.00000000
     -20.00000000     -20.00000000     -20.00000000     -20.00000000     -20.00000000     -20.00000000     -20.00000000     -20.00000000     -20.00000000     -20.00000000     -20.00000000     -20.00000000     -20.00000000     -20.00000000     -20.00000000     -20.00000000     -20.00000000     -20.00000000     -20.00000000     -20.00000000
     -20.00000000     -20.00000000     -20.00000000     -20.00000000     -20.00000000     -20.00000000     -20.00000000     -20.00000000     -20.00000000     -20.00000000     -20.00000000     -20.00000000     -20.00000000     -20.00000000     -20.00000000     -20.00000000     -20.00000000     -20.00000000     -20.00000000     -20.00000000
     -20.00000000     -20.00000000     -20.00000000     -20.00000000     -20.00000000     -20.00000000     -20.00000000     -20.00000000     -20.00000000     -20.00000000     -20.00000000     -20.00000000     -20.00000000     -20.00000000     -20.00000000     -20.00000000     -20.00000000     -20.00000000     -20.00000000     -20.00000000
     -20.00000000     -20.00000000     -20.00000000     -20.00000000     -20.00000000     -20.00000000     -20.00000000     -20.00000000     -20.00000000     -20.00000000     -20.00000000     -20.00000000     -20.00000000     -20.00000000     -20.00000000     -20.00000000     -20.00000000     -20.00000000     -20.00000000     -20.00000000
     -20.00000000     -20.00000000     -20.00000000     -20.00000000     -20.00000000     -20.00000000     -20.00000000     -20.00000000     -20.00000000     -20.00000000     -20.00000000     -20.00000000     -20.00000000     -20.00000000     -20.00000000     -20.00000000     -20.00000000     -20.00000000     -20.00000000     -20.00000000
     -20.00000000     -20.00000000     -20.00000000     -20.00000000     -20.00000000     -20.00000000     -20.00000000     -20.00000000     -20.00000000     -20.00000000     -20.00000000     -20.00000000     -20.00000000     -20.00000000     -20.00000000     -20.00000000     -20.00000000     -20.00000000     -20.00000000     -20.00000000
     -20.00000000     -20.00000000     -20.00000000     -20.00000000     -20.00000000     -20.00000000     -20.00000000     -20.00000000     -20.00000000     -20.00000000     -20.00000000
     -20.00000000     -20.00000000     -20.00000000     -20.00000000     -20.00000000     -20.00000000     -20.00000000     -20.00000000     -20.00000000     -20.00000000     -20.00000000     -20.00000000     -20.00000000     -20.00000000     -20.00000000     -20.00000000     -20.00000000     -20.00000000     -20.00000000     -20.00000000
     -20.00000000     -20.00000000     -20.00000000     -20.00000000     -20.00000000     -20.00000000     -20.00000000     -20.00000000     -20.00000000     -20.00000000     -20.00000000     -20.00000000     -20.00000000     -20.00000000     -20.00000000     -20.00000000     -20.00000000     -20.00000000     -20.00000000     -20.00000000
     -20.00000000     -20.00000000     -20.00000000     -20.00000000     -20.00000000     -20.00000000     -20.00000000     -20.00000000     -20.00000000     -20.00000000     -20.00000000     -20.00000000     -20.00000000     -20.00000000     -20.00000000     -20.00000000     -20.00000000     -20.00000000     -20.00000000     -20.00000000
     -20.00000000     -20.00000000     -20.00000000     -20.00000000     -20.00000000     -20.00000000     -20.00000000     -20.00000000     -20.00000000     -20.00000000     -20.00000000     -20.00000000     -20.00000000     -20.00000000     -20.00000000     -20.00000000     -20.00000000     -20.00000000     -20.00000000     -20.00000000
     -20.00000000     -20.00000000     -20.00000000     -20.00000000     -20.00000000     -20.00000000     -20.00000000     -20.00000000     -20.00000000     -20.00000000     -20.00000000     -20.00000000     -20.00000000     -20.00000000     -20.00000000     -20.00000000     -20.00000000     -20.00000000     -20.00000000     -20.00000000
     -20.00000000     -20.00000000     -20.00000000     -20.00000000     -20.00000000     -20.00000000     -20.00000000     -20.00000000     -20.00000000     -20.00000000     -20.00000000     -20.00000000     -20.00000000     -20.00000000     -20.00000000     -20.00000000     -20.00000000     -20.00000000     -20.00000000     -20.00000000
     -20.00000000     -20.00000000     -20.00000000     -20.00000000     -20.00000000     -20.00000000     -20.00000000     -20.00000000     -20.00000000     -20.00000000     -20.00000000     -20.00000000     -20.00000000     -20.00000000     -20.00000000     -20.00000000     -20.00000000     -20.00000000     -20.00000000     -20.00000000
     -20.00000000     -20.00000000     -20.00000000     -20.00000000     -20.00000000     -20.00000000     -20.00000000     -20.00000000     -20.00000000     -20.00000000     -20.00000000
     -20.00000000     -20.00000000     -20.00000000     -20.00000000     -20.00000000     -20.00000000     -20.00000000     -20.00000000     -20.00000000     -20.00000000     -20.00000000     -20.00000000     -20.00000000     -20.00000000     -20.00000000     -20.00000000     -20.00000000     -20.00000000     -20.00000000     -20.00000000
     -20.00000000     -20.00000000     -20.00000000     -20.00000000     -20.00000000     -20.00000000     -20.00000000     -20.00000000     -20.00000000     -20.00000000     -20.00000000     -20.00000000     -20.00000000     -20.00000000     -20.00000000     -20.00000000     -20.00000000     -20.00000000     -20.00000000     -20.00000000
     -20.00000000     -20.00000000     -20.00000000     -20.00000000     -20.00000000     -20.00000000     -20.00000000     -20.00000000     -20.00000000     -20.00000000     -20.00000000     -20.00000000     -20.00000000     -20.00000000     -20.00000000     -20.00000000     -20.00000000     -20.00000000     -20.00000000     -20.00000000
     -20.00000000     -20.00000000     -20.00000000     -20.00000000     -20.00000000     -20.00000000     -20.00000000     -20.00000000     -20.00000000     -20.00000000     -20.00000000     -20.00000000     -20.00000000     -20.00000000     -20.00000000     -20.00000000     -20.00000000     -20.00000000     -20.00000000     -20.00000000
     -20.00000000     -20.00000000     -20.00000000     -20.00000000     -20.00000000     -20.00000000     -20.00000000     -20.00000000     -20.00000000     -20.00000000     -20.00000000     -20.00000000     -20.00000000     -20.00000000     -20.00000000     -20.00000000     -20.00000000     -20.00000000     -20.00000000     -20.00000000
     -20.00000000     -20.00000000     -20.00000000     -20.00000000     -20.00000000     -20.00000000     -20.00000000     -20.00000000     -20.00000000     -20.00000000     -20.00000000     -20.00000000     -20.00000000     -20.00000000     -20.00000000     -20.00000000     -20.00000000     -20.00000000     -20.00000000     -20.00000000
     -20.00000000     -20.00000000     -20.00000000     -20.00000000     -20.00000000     -20.00000000     -20.00000000     -20.00000000     -20.00000000     -20.00000000     -20.00000000     -20.00000000     -20.00000000     -20.00000000     -20.00000000     -20.00000000     -20.00000000     -20.00000000     -20.00000000     -20.00000000
     -20.00000000     -20.00000000     -20.00000000     -20.00000000     -20.00000000     -20.00000000     -20.00000000     -20.00000000     -20.00000000     -20.00000000     -20.00000000
     -20.00000000     -20.00000000     -20.00000000     -20.00000000     -20.00000000     -20.00000000     -20.00000000     -20.00000000     -20.00000000     -20.00000000     -20.00000000     -20.00000000     -20.00000000     -20.00000000     -20.00000000     -20.00000000     -20.00000000     -20.00000000     -20.00000000     -20.00000000
     -20.00000000     -20.00000000     -20.00000000     -20.00000000     -20.00000000     -20.00000000     -20.00000000     -20.00000000     -20.00000000     -20.00000000     -20.00000000     -20.00000000     -20.00000000     -20.00000000     -20.00000000     -20.00000000     -20.00000000     -20.00000000     -20.00000000     -20.00000000
     -20.00000000     -20.00000000     -20.00000000     -20.00000000     -20.00000000     -20.00000000     -20.00000000     -20.00000000     -20.00000000     -20.00000000     -20.00000000     -20.00000000     -20.00000000     -20.00000000     -20.00000000     -20.00000000     -20.00000000     -20.00000000     -20.00000000     -20.00000000
     -20.00000000     -20.00000000     -20.00000000     -20.00000000     -20.00000000     -20.00000000     -20.00000000     -20.00000000     -20.00000000     -20.00000000     -20.00000000     -20.00000000     -20.00000000     -20.00000000     -20.00000000     -20.00000000     -20.00000000     -20.00000000     -20.00000000     -20.00000000
     -20.00000000     -20.00000000     -20.00000000     -20.00000000     -20.00000000     -20.00000000     -20.00000000     -20.00000000     -20.00000000     -20.00000000     -20.00000000     -20.00000000     -20.00000000     -20.00000000     -20.00000000     -20.00000000     -20.00000000     -20.00000000     -20.00000000     -20.00000000
     -20.00000000     -20.00000000     -20.00000000     -20.00000000     -20.00000000     -20.00000000     -20.00000000     -20.00000000     -20.00000000     -20.00000000     -20.00000000     -20.00000000     -20.00000000     -20.00000000     -20.00000000     -20.00000000     -20.00000000     -20.00000000     -20.00000000     -20.00000000
     -20.00000000     -20.00000000     -20.00000000     -20.00000000     -20.00000000     -20.00000000     -20.00000000     -20.00000000     -20.00000000     -20.00000000     -20.00000000     -20.00000000     -20.00000000     -20.00000000     -20.00000000     -20.00000000     -20.00000000     -20.00000000     -20.00000000     -20.00000000
     -20.00000000     -20.00000000     -20.00000000     -20.00000000     -20.00000000     -20.00000000     -20.00000000     -20.00000000     -20.00000000     -20.00000000     -20.00000000
     -20.00000000     -20.00000000     -20.00000000     -20.00000000     -20.00000000     -20.00000000     -20.00000000     -20.00000000     -20.00000000     -20.00000000     -20.00000000     -20.00000000     -20.00000000     -20.00000000     -20.00000000     -20.00000000     -20.00000000     -20.00000000     -20.00000000     -20.00000000
     -20.00000000     -20.00000000     -20.00000000     -20.00000000     -20.00000000     -20.00000000     -20.00000000     -20.00000000     -20.00000000     -20.00000000     -20.00000000     -20.00000000     -20.00000000     -20.00000000     -20.00000000     -20.00000000     -20.00000000     -20.00000000     -20.00000000     -20.00000000
     -20.00000000     -20.00000000     -20.00000000     -20.00000000     -20.00000000     -20.00000000     -20.00000000     -20.00000000     -20.00000000     -20.00000000     -20.00000000     -20.00000000     -20.00000000     -20.00000000     -20.00000000     -20.00000000     -20.00000000     -20.00000000     -20.00000000     -20.00000000
     -20.00000000     -20.00000000     -20.00000000     -20.00000000     -20.00000000     -20.00000000     -20.00000000     -20.00000000     -20.00000000     -20.00000000     -20.00000000     -20.00000000     -20.00000000     -20.00000000     -20.00000000     -20.00000000     -20.00000000     -20.00000000     -20.00000000     -20.00000000
     -20.00000000     -20.00000000     -20.00000000     -20.00000000     -20.00000000     -20.00000000     -20.00000000     -20.00000000     -20.00000000     -20.00000000     -20.00000000     -20.00000000     -20.00000000     -20.00000000     -20.00000000     -20.00000000     -20.00000000     -20.00000000     -20.00000000     -20.00000000
     -20.00000000     -20.00000000     -20.00000000     -20.00000000     -20.00000000     -20.00000000     -20.00000000     -20.00000000     -20.00000000     -20.00000000     -20.00000000     -20.00000000     -20.00000000     -20.00000000     -20.00000000     -20.00000000     -20.00000000     -20.00000000     -20.00000000     -20.00000000
     -20.00000000     -20.00000000     -20.00000000     -20.00000000     -20.00000000     -20.00000000     -20.00000000     -20.00000000     -20.00000000     -20.00000000     -20.00000000     -20.00000000     -20.00000000     -20.00000000     -20.00000000     -20.00000000     -20.00000000     -20.00000000     -20.00000000     -20.00000000
     -20.00000000     -20.00000000     -20.00000000     -20.00000000     -20.00000000     -20.00000000     -20.00000000     -20.00000000     -20.00000000     -20.00000000     -20.00000000
     -20.00000000     -20.00000000     -20.00000000     -20.00000000     -20.00000000     -20.00000000     -20.00000000     -20.00000000     -20.00000000     -20.00000000     -20.00000000     -20.00000000     -20.00000000     -20.00000000     -20.00000000     -20.00000000     -20.00000000     -20.00000000     -20.00000000     -20.00000000
     -20.00000000     -20.00000000     -20.00000000     -20.00000000     -20.00000000     -20.00000000     -20.00000000     -20.00000000     -20.00000000     -20.00000000     -20.00000000     -20.00000000     -20.00000000     -20.00000000     -20.00000000     -20.00000000     -20.00000000     -20.00000000     -20.00000000     -20.00000000
     -20.00000000     -20.00000000     -20.00000000     -20.00000000     -20.00000000     -20.00000000     -20.00000000     -20.00000000     -20.00000000     -20.00000000     -20.00000000     -20.00000000     -20.00000000     -20.00000000     -20.00000000     -20.00000000     -20.00000000     -20.00000000     -20.00000000     -20.00000000
     -20.00000000     -20.00000000     -20.00000000     -20.00000000     -20.00000000     -20.00000000     -20.00000000     -20.00000000     -20.00000000     -20.00000000     -20.00000000     -20.00000000     -20.00000000     -20.00000000     -20.00000000     -20.00000000     -20.00000000     -20.00000000     -20.00000000     -20.00000000
     -20.00000000     -20.00000000     -20.00000000     -20.00000000     -20.00000000     -20.00000000     -20.00000000     -20.00000000     -20.00000000     -20.00000000     -20.00000000     -20.00000000     -20.00000000     -20.00000000     -20.00000000     -20.00000000     -20.00000000     -20.00000000     -20.00000000     -20.00000000
     -20.00000000     -20.00000000     -20.00000000     -20.00000000     -20.00000000     -20.00000000     -20.00000000     -20.00000000     -20.00000000     -20.00000000     -20.00000000     -20.00000000     -20.00000000     -20.00000000     -20.00000000     -20.00000000     -20.00000000     -20.00000000     -20.00000000     -20.00000000
     -20.00000000     -20.00000000     -20.00000000     -20.00000000     -20.00000000     -20.00000000     -20.00000000     -20.00000000     -20.00000000     -20.00000000     -20.00000000     -20.00000000     -20.00000000     -20.00000000     -20.00000000     -20.00000000     -20.00000000     -20.00000000     -20.00000000     -20.00000000
     -20.00000000     -20.00000000     -20.00000000     -20.00000000     -20.00000000     -20.00000000     -20.00000000     -20.00000000     -20.00000000     -20.00000000     -20.00000000
     -20.00000000     -20.00000000     -20.00000000     -20.00000000     -20.00000000     -20.00000000     -20.00000000     -20.00000000     -20.00000000     -20.00000000     -20.00000000     -20.00000000     -20.00000000     -20.00000000     -20.00000000     -20.00000000     -20.00000000     -20.00000000     -20.00000000     -20.00000000
     -20.00000000     -20.00000000     -20.00000000     -20.00000000     -20.00000000     -20.00000000     -20.00000000     -20.00000000     -20.00000000     -20.00000000     -20.00000000     -20.00000000     -20.00000000     -20.00000000     -20.00000000     -20.00000000     -20.00000000     -20.00000000     -20.00000000     -20.00000000
     -20.00000000     -20.00000000     -20.00000000     -20.00000000     -20.00000000     -20.00000000     -20.00000000     -20.00000000     -20.00000000     -20.00000000     -20.00000000     -20.00000000     -20.00000000     -20.00000000     -20.00000000     -20.00000000     -20.00000000     -20.00000000     -20.00000000     -20.00000000
     -20.00000000     -20.00000000     -20.00000000     -20.00000000     -20.00000000     -20.00000000     -20.00000000     -20.00000000     -20.00000000     -20.00000000     -20.00000000     -20.00000000     -20.00000000     -20.00000000     -20.00000000     -20.00000000     -20.00000000     -20.00000000     -20.00000000     -20.00000000
     -20.00000000     -20.00000000     -20.00000000     -20.00000000     -20.00000000     -20.00000000     -20.00000000     -20.00000000     -20.00000000     -20.00000000     -20.00000000     -20.00000000     -20.00000000     -20.00000000     -20.00000000     -20.00000000     -20.00000000     -20.00000000     -20.00000000     -20.00000000
     -20.00000000     -20.00000000     -20.00000000     -20.00000000     -20.00000000     -20.00000000     -20.00000000     -20.00000000     -20.00000000     -20.00000000     -20.00000000     -20.00000000     -20.00000000     -20.00000000     -20.00000000     -20.00000000     -20.00000000     -20.00000000     -20.00000000     -20.00000000
     -20.00000000     -20.00000000     -20.00000000     -20.00000000     -20.00000000     -20.00000000     -20.00000000     -20.00000000     -20.00000000     -20.00000000     -20.00000000     -20.00000000     -20.00000000     -20.00000000     -20.00000000     -20.00000000     -20.00000000     -20.00000000     -20.00000000     -20.00000000
     -20.00000000     -20.00000000     -20.00000000     -20.00000000     -20.00000000     -20.00000000     -20.00000000     -20.00000000     -20.00000000     -20.00000000     -20.00000000
     -20.00000000     -20.00000000     -20.00000000     -20.00000000     -20.00000000     -20.00000000     -20.00000000     -20.00000000     -20.00000000     -20.00000000     -20.00000000     -20.00000000     -20.00000000     -20.00000000     -20.00000000     -20.00000000     -20.00000000     -20.00000000     -20.00000000     -20.00000000
     -20.00000000     -20.00000000     -20.00000000     -20.00000000     -20.00000000     -20.00000000     -20.00000000     -20.00000000     -20.00000000     -20.00000000     -20.00000000     -20.00000000     -20.00000000     -20.00000000     -20.00000000     -20.00000000     -20.00000000     -20.00000000     -20.00000000     -20.00000000
     -20.00000000     -20.00000000     -20.00000000     -20.00000000     -20.00000000     -20.00000000     -20.00000000     -20.00000000     -20.00000000     -20.00000000     -20.00000000     -20.00000000     -20.00000000     -20.00000000     -20.00000000     -20.00000000     -20.00000000     -20.00000000     -20.00000000     -20.00000000
     -20.00000000     -20.00000000     -20.00000000     -20.00000000     -20.00000000     -20.00000000     -20.00000000     -20.00000000     -20.00000000     -20.00000000     -20.00000000     -20.00000000     -20.00000000     -20.00000000     -20.00000000     -20.00000000     -20.00000000     -20.00000000     -20.00000000     -20.00000000
     -20.00000000     -20.00000000     -20.00000000     -20.00000000     -20.00000000     -20.00000000     -20.00000000     -20.00000000     -20.00000000     -20.00000000     -20.00000000     -20.00000000     -20.00000000     -20.00000000     -20.00000000     -20.00000000     -20.00000000     -20.00000000     -20.00000000     -20.00000000
     -20.00000000     -20.00000000     -20.00000000     -20.00000000     -20.00000000     -20.00000000     -20.00000000     -20.00000000     -20.00000000     -20.00000000     -20.00000000     -20.00000000     -20.00000000     -20.00000000     -20.00000000     -20.00000000     -20.00000000     -20.00000000     -20.00000000     -20.00000000
     -20.00000000     -20.00000000     -20.00000000     -20.00000000     -20.00000000     -20.00000000     -20.00000000     -20.00000000     -20.00000000     -20.00000000     -20.00000000     -20.00000000     -20.00000000     -20.00000000     -20.00000000     -20.00000000     -20.00000000     -20.00000000     -20.00000000     -20.00000000
     -20.00000000     -20.00000000     -20.00000000     -20.00000000     -20.00000000     -20.00000000     -20.00000000     -20.00000000     -20.00000000     -20.00000000     -20.00000000
     -20.00000000     -20.00000000     -20.00000000     -20.00000000     -20.00000000     -20.00000000     -20.00000000     -20.00000000     -20.00000000     -20.00000000     -20.00000000     -20.00000000     -20.00000000     -20.00000000     -20.00000000     -20.00000000     -20.00000000     -20.00000000     -20.00000000     -20.00000000
     -20.00000000     -20.00000000     -20.00000000     -20.00000000     -20.00000000     -20.00000000     -20.00000000     -20.00000000     -20.00000000     -20.00000000     -20.00000000     -20.00000000     -20.00000000     -20.00000000     -20.00000000     -20.00000000     -20.00000000     -20.00000000     -20.00000000     -20.00000000
     -20.00000000     -20.00000000     -20.00000000     -20.00000000     -20.00000000     -20.00000000     -20.00000000     -20.00000000     -20.00000000     -20.00000000     -20.00000000     -20.00000000     -20.00000000     -20.00000000     -20.00000000     -20.00000000     -20.00000000     -20.00000000     -20.00000000     -20.00000000
     -20.00000000     -20.00000000     -20.00000000     -20.00000000     -20.00000000     -20.00000000     -20.00000000     -20.00000000     -20.00000000     -20.00000000     -20.00000000     -20.00000000     -20.00000000     -20.00000000     -20.00000000     -20.00000000     -20.00000000     -20.00000000     -20.00000000     -20.00000000
     -20.00000000     -20.00000000     -20.00000000     -20.00000000     -20.00000000     -20.00000000     -20.00000000     -20.00000000     -20.00000000     -20.00000000     -20.00000000     -20.00000000     -20.00000000     -20.00000000     -20.00000000     -20.00000000     -20.00000000     -20.00000000     -20.00000000     -20.00000000
     -20.00000000     -20.00000000     -20.00000000     -20.00000000     -20.00000000     -20.00000000     -20.00000000     -20.00000000     -20.00000000     -20.00000000     -20.00000000     -20.00000000     -20.00000000     -20.00000000     -20.00000000     -20.00000000     -20.00000000     -20.00000000     -20.00000000     -20.00000000
     -20.00000000     -20.00000000     -20.00000000     -20.00000000     -20.00000000     -20.00000000     -20.00000000     -20.00000000     -20.00000000     -20.00000000     -20.00000000     -20.00000000     -20.00000000     -20.00000000     -20.00000000     -20.00000000     -20.00000000     -20.00000000     -20.00000000     -20.00000000
     -20.00000000     -20.00000000     -20.00000000     -20.00000000     -20.00000000     -20.00000000     -20.00000000     -20.00000000     -20.00000000     -20.00000000     -20.00000000
     -20.00000000     -20.00000000     -20.00000000     -20.00000000     -20.00000000     -20.00000000     -20.00000000     -20.00000000     -20.00000000     -20.00000000     -20.00000000     -20.00000000     -20.00000000     -20.00000000     -20.00000000     -20.00000000     -20.00000000     -20.00000000     -20.00000000     -20.00000000
     -20.00000000     -20.00000000     -20.00000000     -20.00000000     -20.00000000     -20.00000000     -20.00000000     -20.00000000     -20.00000000     -20.00000000     -20.00000000     -20.00000000     -20.00000000     -20.00000000     -20.00000000     -20.00000000     -20.00000000     -20.00000000     -20.00000000     -20.00000000
     -20.00000000     -20.00000000     -20.00000000     -20.00000000     -20.00000000     -20.00000000     -20.00000000     -20.00000000     -20.00000000     -20.00000000     -20.00000000     -20.00000000     -20.00000000     -20.00000000     -20.00000000     -20.00000000     -20.00000000     -20.00000000     -20.00000000     -20.00000000
     -20.00000000     -20.00000000     -20.00000000     -20.00000000     -20.00000000     -20.00000000     -20.00000000     -20.00000000     -20.00000000     -20.00000000     -20.00000000     -20.00000000     -20.00000000     -20.00000000     -20.00000000     -20.00000000     -20.00000000     -20.00000000     -20.00000000     -20.00000000
     -20.00000000     -20.00000000     -20.00000000     -20.00000000     -20.00000000     -20.00000000     -20.00000000     -20.00000000     -20.00000000     -20.00000000     -20.00000000     -20.00000000     -20.00000000     -20.00000000     -20.00000000     -20.00000000     -20.00000000     -20.00000000     -20.00000000     -20.00000000
     -20.00000000     -20.00000000     -20.00000000     -20.00000000     -20.00000000     -20.00000000     -20.00000000     -20.00000000     -20.00000000     -20.00000000     -20.00000000     -20.00000000     -20.00000000     -20.00000000     -20.00000000     -20.00000000     -20.00000000     -20.00000000     -20.00000000     -20.00000000
     -20.00000000     -20.00000000     -20.00000000     -20.00000000     -20.00000000     -20.00000000     -20.00000000     -20.00000000     -20.00000000     -20.00000000     -20.00000000     -20.00000000     -20.00000000     -20.00000000     -20.00000000     -20.00000000     -20.00000000     -20.00000000     -20.00000000     -20.00000000
     -20.00000000     -20.00000000     -20.00000000     -20.00000000     -20.00000000     -20.00000000     -20.00000000     -20.00000000     -20.00000000     -20.00000000     -20.00000000
     -20.00000000     -20.00000000     -20.00000000     -20.00000000     -20.00000000     -20.00000000     -20.00000000     -20.00000000     -20.00000000     -20.00000000     -20.00000000     -20.00000000     -20.00000000     -20.00000000     -20.00000000     -20.00000000     -20.00000000     -20.00000000     -20.00000000     -20.00000000
     -20.00000000     -20.00000000     -20.00000000     -20.00000000     -20.00000000     -20.00000000     -20.00000000     -20.00000000     -20.00000000     -20.00000000     -20.00000000     -20.00000000     -20.00000000     -20.00000000     -20.00000000     -20.00000000     -20.00000000     -20.00000000     -20.00000000     -20.00000000
     -20.00000000     -20.00000000     -20.00000000     -20.00000000     -20.00000000     -20.00000000     -20.00000000     -20.00000000     -20.00000000     -20.00000000     -20.00000000     -20.00000000     -20.00000000     -20.00000000     -20.00000000     -20.00000000     -20.00000000     -20.00000000     -20.00000000     -20.00000000
     -20.00000000     -20.00000000     -20.00000000     -20.00000000     -20.00000000     -20.00000000     -20.00000000     -20.00000000     -20.00000000     -20.00000000     -20.00000000     -20.00000000     -20.00000000     -20.00000000     -20.00000000     -20.00000000     -20.00000000     -20.00000000     -20.00000000     -20.00000000
     -20.00000000     -20.00000000     -20.00000000     -20.00000000     -20.00000000     -20.00000000     -20.00000000     -20.00000000     -20.00000000     -20.00000000     -20.00000000     -20.00000000     -20.00000000     -20.00000000     -20.00000000     -20.00000000     -20.00000000     -20.00000000     -20.00000000     -20.00000000
     -20.00000000     -20.00000000     -20.00000000     -20.00000000     -20.00000000     -20.00000000     -20.00000000     -20.00000000     -20.00000000     -20.00000000     -20.00000000     -20.00000000     -20.00000000     -20.00000000     -20.00000000     -20.00000000     -20.00000000     -20.00000000     -20.00000000     -20.00000000
     -20.00000000     -20.00000000     -20.00000000     -20.00000000     -20.00000000     -20.00000000     -20.00000000     -20.00000000     -20.00000000     -20.00000000     -20.00000000     -20.00000000     -20.00000000     -20.00000000     -20.00000000     -20.00000000     -20.00000000     -20.00000000     -20.00000000     -20.00000000
     -20.00000000     -20.00000000     -20.00000000     -20.00000000     -20.00000000     -20.00000000     -20.00000000     -20.00000000     -20.00000000     -20.00000000     -20.00000000
     -20.00000000     -20.00000000     -20.00000000     -20.00000000     -20.00000000     -20.00000000     -20.00000000     -20.00000000     -20.00000000     -20.00000000     -20.00000000     -20.00000000     -20.00000000     -20.00000000     -20.00000000     -20.00000000     -20.00000000     -20.00000000     -20.00000000     -20.00000000
     -20.00000000     -20.00000000     -20.00000000     -20.00000000     -20.00000000     -20.00000000     -20.00000000     -20.00000000     -20.00000000     -20.00000000     -20.00000000     -20.00000000     -20.00000000     -20.00000000     -20.00000000     -20.00000000     -20.00000000     -20.00000000     -20.00000000     -20.00000000
     -20.00000000     -20.00000000     -20.00000000     -20.00000000     -20.00000000     -20.00000000     -20.00000000     -20.00000000     -20.00000000     -20.00000000     -20.00000000     -20.00000000     -20.00000000     -20.00000000     -20.00000000     -20.00000000     -20.00000000     -20.00000000     -20.00000000     -20.00000000
     -20.00000000     -20.00000000     -20.00000000     -20.00000000     -20.00000000     -20.00000000     -20.00000000     -20.00000000     -20.00000000     -20.00000000     -20.00000000     -20.00000000     -20.00000000     -20.00000000     -20.00000000     -20.00000000     -20.00000000     -20.00000000     -20.00000000     -20.00000000
     -20.00000000     -20.00000000     -20.00000000     -20.00000000     -20.00000000     -20.00000000     -20.00000000     -20.00000000     -20.00000000     -20.00000000     -20.00000000     -20.00000000     -20.00000000     -20.00000000     -20.00000000     -20.00000000     -20.00000000     -20.00000000     -20.00000000     -20.00000000
     -20.00000000     -20.00000000     -20.00000000     -20.00000000     -20.00000000     -20.00000000     -20.00000000     -20.00000000     -20.00000000     -20.00000000     -20.00000000     -20.00000000     -20.00000000     -20.00000000     -20.00000000     -20.00000000     -20.00000000     -20.00000000     -20.00000000     -20.00000000
     -20.00000000     -20.00000000     -20.00000000     -20.00000000     -20.00000000     -20.00000000     -20.00000000     -20.00000000     -20.00000000     -20.00000000     -20.00000000     -20.00000000     -20.00000000     -20.00000000     -20.00000000     -20.00000000     -20.00000000     -20.00000000     -20.00000000     -20.00000000
     -20.00000000     -20.00000000     -20.00000000     -20.00000000     -20.00000000     -20.00000000     -20.00000000     -20.00000000     -20.00000000     -20.00000000     -20.00000000
     -20.00000000     -20.00000000     -20.00000000     -20.00000000     -20.00000000     -20.00000000     -20.00000000     -20.00000000     -20.00000000     -20.00000000     -20.00000000     -20.00000000     -20.00000000     -20.00000000     -20.00000000     -20.00000000     -20.00000000     -20.00000000     -20.00000000     -20.00000000
     -20.00000000     -20.00000000     -20.00000000     -20.00000000     -20.00000000     -20.00000000     -20.00000000     -20.00000000     -20.00000000     -20.00000000     -20.00000000     -20.00000000     -20.00000000     -20.00000000     -20.00000000     -20.00000000     -20.00000000     -20.00000000     -20.00000000     -20.00000000
     -20.00000000     -20.00000000     -20.00000000     -20.00000000     -20.00000000     -20.00000000     -20.00000000     -20.00000000     -20.00000000     -20.00000000     -20.00000000     -20.00000000     -20.00000000     -20.00000000     -20.00000000     -20.00000000     -20.00000000     -20.00000000     -20.00000000     -20.00000000
     -20.00000000     -20.00000000     -20.00000000     -20.00000000     -20.00000000     -20.00000000     -20.00000000     -20.00000000     -20.00000000     -20.00000000     -20.00000000     -20.00000000     -20.00000000     -20.00000000     -20.00000000     -20.00000000     -20.00000000     -20.00000000     -20.00000000     -20.00000000
     -20.00000000     -20.00000000     -20.00000000     -20.00000000     -20.00000000     -20.00000000     -20.00000000     -20.00000000     -20.00000000     -20.00000000     -20.00000000     -20.00000000     -20.00000000     -20.00000000     -20.00000000     -20.00000000     -20.00000000     -20.00000000     -20.00000000     -20.00000000
     -20.00000000     -20.00000000     -20.00000000     -20.00000000     -20.00000000     -20.00000000     -20.00000000     -20.00000000     -20.00000000     -20.00000000     -19.66000000     -18.02000000     -17.16500000     -17.09500000     -17.02500000     -16.95500000     -16.88500000     -16.81500000     -16.74500000     -16.67500000
     -16.60500000     -16.53500000     -16.79000000     -17.37000000     -17.95000000     -18.53000000     -19.11000000     -19.69000000     -20.00000000     -20.00000000     -20.00000000     -20.00000000     -20.00000000     -20.00000000     -20.00000000     -20.00000000     -20.00000000     -20.00000000     -20.00000000     -20.00000000
     -20.00000000     -20.00000000     -20.00000000     -20.00000000     -20.00000000     -20.00000000     -20.00000000     -20.00000000     -20.00000000     -20.00000000     -20.00000000
     -20.00000000     -20.00000000     -20.00000000     -20.00000000     -20.00000000     -20.00000000     -20.00000000     -20.00000000     -20.00000000     -20.00000000     -20.00000000     -20.00000000     -20.00000000     -20.00000000     -20.00000000     -20.00000000     -20.00000000     -20.00000000     -20.00000000     -20.00000000
     -20.00000000     -20.00000000     -20.00000000     -20.00000000     -20.00000000     -20.00000000     -20.00000000     -20.00000000     -20.00000000     -20.00000000     -20.00000000     -20.00000000     -20.00000000     -20.00000000     -20.00000000     -20.00000000     -20.00000000     -20.00000000     -20.00000000     -20.00000000
     -20.00000000     -20.00000000     -20.00000000     -20.00000000     -20.00000000     -20.00000000     -20.00000000     -20.00000000     -20.00000000     -20.00000000     -20.00000000     -20.00000000     -20.00000000     -20.00000000     -20.00000000     -20.00000000     -20.00000000     -20.00000000     -20.00000000     -20.00000000
     -20.00000000     -20.00000000     -20.00000000     -20.00000000     -20.00000000     -20.00000000     -20.00000000     -20.00000000     -20.00000000     -20.00000000     -20.00000000     -20.00000000     -20.00000000     -20.00000000     -20.00000000     -20.00000000     -20.00000000     -20.00000000     -20.00000000     -20.00000000
     -20.00000000     -20.00000000     -20.00000000     -20.00000000     -20.00000000     -20.00000000     -20.00000000     -20.00000000     -20.00000000     -20.00000000     -20.00000000     -20.00000000     -20.00000000     -20.00000000     -20.00000000     -20.00000000     -20.00000000     -20.00000000     -20.00000000     -20.00000000
     -20.00000000     -20.00000000     -20.00000000     -20.00000000     -20.00000000     -20.00000000     -20.00000000     -19.90000000     -17.70000000     -15.50000000     -13.30000000     -11.10000000     -10.77500000     -10.32500000      -9.87500000      -9.42500000      -8.97500000      -8.52500000      -8.07500000      -7.62500000
      -7.17500000      -6.72500000      -6.65000000      -6.95000000      -7.25000000      -7.55000000      -7.85000000      -8.15000000      -8.45000000      -8.75000000      -9.05000000      -9.35000000     -10.25000000     -11.00000000     -12.25000000     -13.75000000     -15.25000000     -16.75000000     -18.25000000     -19.75000000
     -20.00000000     -20.00000000     -20.00000000     -20.00000000     -20.00000000     -20.00000000     -20.00000000     -20.00000000     -20.00000000     -20.00000000     -20.00000000
     -20.00000000     -20.00000000     -20.00000000     -20.00000000     -20.00000000     -20.00000000     -20.00000000     -20.00000000     -20.00000000     -20.00000000     -20.00000000     -20.00000000     -20.00000000     -20.00000000     -20.00000000     -20.00000000     -20.00000000     -20.00000000     -20.00000000     -20.00000000
     -20.00000000     -20.00000000     -20.00000000     -20.00000000     -20.00000000     -20.00000000     -20.00000000     -20.00000000     -20.00000000     -20.00000000     -20.00000000     -20.00000000     -20.00000000     -20.00000000     -20.00000000     -20.00000000     -20.00000000     -20.00000000     -20.00000000     -20.00000000
     -20.00000000     -20.00000000     -20.00000000     -20.00000000     -20.00000000     -20.00000000     -20.00000000     -20.00000000     -20.00000000     -20.00000000     -20.00000000     -20.00000000     -20.00000000     -20.00000000     -20.00000000     -20.00000000     -20.00000000     -20.00000000     -20.00000000     -20.00000000
     -20.00000000     -20.00000000     -20.00000000     -20.00000000     -20.00000000     -20.00000000     -20.00000000     -20.00000000     -20.00000000     -20.00000000     -20.00000000     -20.00000000     -20.00000000     -20.00000000     -20.00000000     -20.00000000     -20.00000000     -20.00000000     -20.00000000     -20.00000000
     -20.00000000     -20.00000000     -20.00000000     -20.00000000     -20.00000000     -20.00000000     -20.00000000     -20.00000000     -20.00000000     -20.00000000     -20.00000000     -20.00000000     -20.00000000     -20.00000000     -20.00000000     -20.00000000     -20.00000000     -20.00000000     -20.00000000     -20.00000000
     -20.00000000     -20.00000000     -20.00000000     -20.00000000     -20.00000000     -20.00000000     -17.98000000     -15.22000000     -12.46000000     -10.70000000      -7.94000000      -5.18000000      -3.38500000      -2.55500000      -2.00000000      -1.89500000      -1.06500000      -0.23500000       0.59500000       1.42500000
       2.25500000       3.08500000       3.49000000       3.47000000       3.45000000       3.43000000       3.41000000       3.39000000       3.37000000       3.35000000       3.33000000       3.31000000       2.53000000       0.99000000      -0.55000000      -2.00000000      -2.63000000      -4.17000000      -5.71000000      -7.25000000
      -8.79000000     -10.33000000     -14.92000000     -20.00000000     -20.00000000     -20.00000000     -20.00000000     -20.00000000     -20.00000000     -20.00000000     -20.00000000
     -20.00000000     -20.00000000     -20.00000000     -20.00000000     -20.00000000     -20.00000000     -20.00000000     -20.00000000     -20.00000000     -20.00000000     -20.00000000     -20.00000000     -20.00000000     -20.00000000     -20.00000000     -20.00000000     -20.00000000     -20.00000000     -20.00000000     -20.00000000
     -20.00000000     -20.00000000     -20.00000000     -20.00000000     -20.00000000     -20.00000000     -20.00000000     -20.00000000     -20.00000000     -20.00000000     -20.00000000     -20.00000000     -20.00000000     -20.00000000     -20.00000000     -20.00000000     -20.00000000     -20.00000000     -20.00000000     -20.00000000
     -20.00000000     -20.00000000     -20.00000000     -20.00000000     -20.00000000     -20.00000000     -20.00000000     -20.00000000     -20.00000000     -20.00000000     -20.00000000     -20.00000000     -20.00000000     -20.00000000     -20.00000000     -20.00000000     -20.00000000     -20.00000000     -20.00000000     -20.00000000
     -20.00000000     -20.00000000     -20.00000000     -20.00000000     -20.00000000     -20.00000000     -20.00000000     -20.00000000     -20.00000000     -20.00000000     -20.00000000     -20.00000000     -20.00000000     -20.00000000     -20.00000000     -20.00000000     -20.00000000     -20.00000000     -20.00000000     -20.00000000
     -20.00000000     -20.00000000     -20.00000000     -20.00000000     -20.00000000     -20.00000000     -20.00000000     -20.00000000     -20.00000000     -20.00000000     -20.00000000     -20.00000000     -20.00000000     -20.00000000     -20.00000000     -20.00000000     -20.00000000     -20.00000000     -20.00000000     -20.00000000
     -20.00000000     -20.00000000     -20.00000000     -20.00000000     -20.00000000     -17.18000000     -13.86000000     -11.00000000      -8.22000000      -4.90000000      -2.00000000       0.74000000       2.09375000       2.14690018       2.20394039       2.43212032       3.04409027       4.80578995       7.48626041       9.59716988
      11.94569969      13.89500000      14.63000000      14.89000000      15.15000000      15.41000000      15.67000000      15.93000000      16.19000000      16.45000000      16.71000000      16.27301979      13.42337036      11.14365005       9.14160919       7.39105034       5.80500984       4.22879028       3.05142021       2.34669971
       1.94102001       1.74820042      -3.04000000     -12.72000000     -20.00000000     -20.00000000     -20.00000000     -20.00000000     -20.00000000     -20.00000000     -20.00000000
     -20.00000000     -20.00000000     -20.00000000     -20.00000000     -20.00000000     -20.00000000     -20.00000000     -20.00000000     -20.00000000     -20.00000000     -20.00000000     -20.00000000     -20.00000000     -20.00000000     -20.00000000     -20.00000000     -20.00000000     -20.00000000     -20.00000000     -20.00000000
     -20.00000000     -20.00000000     -20.00000000     -20.00000000     -20.00000000     -20.00000000     -20.00000000     -20.00000000     -20.00000000     -20.00000000     -20.00000000     -20.00000000     -20.00000000     -20.00000000     -20.00000000     -20.00000000     -20.00000000     -20.00000000     -20.00000000     -20.00000000
     -20.00000000     -20.00000000     -20.00000000     -20.00000000     -20.00000000     -20.00000000     -20.00000000     -20.00000000     -20.00000000     -20.00000000     -20.00000000     -20.00000000     -20.00000000     -20.00000000     -20.00000000     -20.00000000     -20.00000000     -20.00000000     -20.00000000     -20.00000000
     -20.00000000     -20.00000000     -20.00000000     -20.00000000     -20.00000000     -20.00000000     -20.00000000     -20.00000000     -20.00000000     -20.00000000     -20.00000000     -20.00000000     -20.00000000     -20.00000000     -20.00000000     -20.00000000     -20.00000000     -20.00000000     -20.00000000     -20.00000000
     -19.81500000     -19.60500000     -19.59500000     -19.78500000     -19.97500000     -20.00000000     -20.00000000     -20.00000000     -20.00000000     -20.00000000     -20.00000000     -20.00000000     -20.00000000     -20.00000000     -20.00000000     -20.00000000     -20.00000000     -20.00000000     -20.00000000     -20.00000000
     -20.00000000     -20.00000000     -20.00000000     -20.00000000     -17.20000000     -13.72000000     -11.00000000      -7.76000000      -4.28000000      -1.80000000       1.68000000       2.16322041       2.20392990       2.26278019       2.31999016       2.63399982       3.82946014       6.75527954       9.35898972      11.65678978
      13.70383072      15.61128044      16.91451073      17.91005898      18.97834969      20.11672020      21.14558029      22.04825974      22.44038963      22.10437012      20.91197014      18.95496941      16.56061935      14.50410080      12.63319016      10.91659927       9.13035011       6.68247986       4.42592049       3.16084003
       2.60074997       2.40585995       2.01264000      -7.11000000     -17.25000000     -20.00000000     -20.00000000     -20.00000000     -20.00000000     -20.00000000     -20.00000000
     -20.00000000     -20.00000000     -20.00000000     -20.00000000     -20.00000000     -20.00000000     -20.00000000     -20.00000000     -20.00000000     -20.00000000     -20.00000000     -20.00000000     -20.00000000     -20.00000000     -20.00000000     -20.00000000     -20.00000000     -20.00000000     -20.00000000     -20.00000000
     -20.00000000     -20.00000000     -20.00000000     -20.00000000     -20.00000000     -20.00000000     -20.00000000     -20.00000000     -20.00000000     -20.00000000     -20.00000000     -20.00000000     -20.00000000     -20.00000000     -20.00000000     -20.00000000     -20.00000000     -20.00000000     -20.00000000     -20.00000000
     -20.00000000     -20.00000000     -20.00000000     -20.00000000     -20.00000000     -20.00000000     -20.00000000     -20.00000000     -20.00000000     -20.00000000     -20.00000000     -20.00000000     -20.00000000     -20.00000000     -20.00000000     -20.00000000     -20.00000000     -20.00000000     -20.00000000     -20.00000000
     -20.00000000     -20.00000000     -20.00000000     -20.00000000     -20.00000000     -20.00000000     -20.00000000     -20.00000000     -20.00000000     -20.00000000     -20.00000000     -20.00000000     -20.00000000     -20.00000000     -20.00000000     -19.99500000     -19.76500000     -19.53500000     -19.30500000     -19.07500000
     -18.84500000     -18.61500000     -18.58500000     -18.75500000     -18.92500000     -19.09500000     -19.26500000     -19.43500000     -19.60500000     -19.77500000     -19.94500000     -20.00000000     -20.00000000     -20.00000000     -20.00000000     -20.00000000     -20.00000000     -20.00000000     -20.00000000     -20.00000000
     -20.00000000     -20.00000000     -20.00000000     -16.84000000     -13.60000000     -11.00000000      -8.12000000      -4.88000000      -2.00000000       0.60000000       2.21197033       2.28127956       2.30478001       2.39058971       2.55150986       2.97478008       3.75586033       6.00127983       9.63055038      12.92333984
      15.44499969      17.51184082      18.61701012      19.50637054      20.66749954      21.67410088      22.55335045      23.40560913      23.98393059      23.79165077      22.85131073      21.46010017      19.53602028      17.51094055      15.72410011      13.89602089      11.70466042       9.19840050       7.39437962       6.01204014
       4.89295959       4.14811039       3.33238983      -5.73000000     -15.75000000     -20.00000000     -20.00000000     -20.00000000     -20.00000000     -20.00000000     -20.00000000
     -20.00000000     -20.00000000     -20.00000000     -20.00000000     -20.00000000     -20.00000000     -20.00000000     -20.00000000     -20.00000000     -20.00000000     -20.00000000     -20.00000000     -20.00000000     -20.00000000     -20.00000000     -20.00000000     -20.00000000     -20.00000000     -20.00000000     -20.00000000
     -20.00000000     -20.00000000     -20.00000000     -20.00000000     -20.00000000     -20.00000000     -20.00000000     -20.00000000     -20.00000000     -20.00000000     -20.00000000     -20.00000000     -20.00000000     -20.00000000     -20.00000000     -20.00000000     -20.00000000     -20.00000000     -20.00000000     -20.00000000
     -20.00000000     -20.00000000     -20.00000000     -20.00000000     -20.00000000     -20.00000000     -20.00000000     -20.00000000     -20.00000000     -20.00000000     -20.00000000     -20.00000000     -20.00000000     -20.00000000     -20.00000000     -20.00000000     -20.00000000     -20.00000000     -20.00000000     -20.00000000
     -20.00000000     -20.00000000     -20.00000000     -20.00000000     -20.00000000     -20.00000000     -20.00000000     -20.00000000     -20.00000000     -20.00000000     -20.00000000     -20.00000000     -19.87500000     -19.62500000     -19.37500000     -19.12500000     -18.87500000     -18.62500000     -18.37500000     -18.12500000
     -17.87500000     -17.62500000     -17.57500000     -17.72500000     -17.87500000     -18.02500000     -18.17500000     -18.32500000     -18.47500000     -18.62500000     -18.77500000     -18.92500000     -18.92500000     -18.77500000     -18.62500000     -18.47500000     -18.32500000     -18.17500000     -18.02500000     -17.87500000
     -17.72500000     -17.57500000     -16.00000000     -13.00000000     -11.00000000      -8.00000000      -5.00000000      -2.00000000  6.58255672E-11       2.49829006       2.57791042       2.62590027       2.69301033       2.66921997       2.78536987       3.22220993       3.70273018       4.77962971       7.33856010      10.24411011
      13.27012062      16.76844025      19.26300049      20.40663910      21.86956978      22.95874023      23.75856972      24.71451187      25.64881897      25.83496094      25.10194016      23.70113945      22.46817017      20.21350098      18.03508949      15.82526970      13.77227020      12.05257988      10.77508926       9.51660919
       8.18206978       6.82971954       5.43976974      -4.35000000     -14.25000000     -20.00000000     -20.00000000     -20.00000000     -20.00000000     -20.00000000     -20.00000000
     -20.00000000     -20.00000000     -20.00000000     -20.00000000     -20.00000000     -20.00000000     -20.00000000     -20.00000000     -20.00000000     -20.00000000     -20.00000000     -20.00000000     -20.00000000     -20.00000000     -20.00000000     -20.00000000     -20.00000000     -20.00000000     -20.00000000     -20.00000000
     -20.00000000     -20.00000000     -20.00000000     -20.00000000     -20.00000000     -20.00000000     -20.00000000     -20.00000000     -20.00000000     -20.00000000     -20.00000000     -20.00000000     -20.00000000     -20.00000000     -20.00000000     -20.00000000     -20.00000000     -20.00000000     -20.00000000     -20.00000000
     -20.00000000     -20.00000000     -20.00000000     -20.00000000     -20.00000000     -20.00000000     -20.00000000     -20.00000000     -20.00000000     -20.00000000     -20.00000000     -20.00000000     -20.00000000     -20.00000000     -20.00000000     -20.00000000     -20.00000000     -20.00000000     -20.00000000     -20.00000000
     -20.00000000     -20.00000000     -20.00000000     -20.00000000     -20.00000000     -20.00000000     -20.00000000     -20.00000000     -20.00000000     -20.00000000     -19.69500000     -19.36500000     -19.06500000     -18.79500000     -18.52500000     -18.25500000     -17.98500000     -17.71500000     -17.44500000     -17.17500000
     -16.90500000     -16.63500000     -16.56500000     -16.69500000     -16.82500000     -16.95500000     -17.08500000     -17.21500000     -17.34500000     -17.47500000     -17.60500000     -17.73500000     -17.57500000     -17.12500000     -16.67500000     -16.22500000     -15.77500000     -15.32500000     -14.87500000     -14.42500000
     -13.97500000     -13.52500000     -11.92000000     -10.16000000      -7.40000000      -4.64000000      -2.00000000      -0.12000000       2.64000000       2.88475037       2.95695972       3.03682995       3.08638000       3.06665993       3.07831955       3.53164005       4.27632046       4.99110985       6.40583038       8.16320992
      10.37503052      13.09308052      15.87347031      18.31735992      21.04924965      23.17878914      24.50331879      25.92646027      27.31002045      27.80638123      27.29616165      25.54444122      24.20341873      21.88087082      19.26684952      17.40214920      16.22145081      14.95606995      13.47723961      12.42779922
      11.49920082      10.00260925       6.81000000      -2.97000000     -12.75000000     -20.00000000     -20.00000000     -20.00000000     -20.00000000     -20.00000000     -20.00000000
     -20.00000000     -20.00000000     -20.00000000     -20.00000000     -20.00000000     -20.00000000     -20.00000000     -20.00000000     -20.00000000     -20.00000000     -20.00000000     -20.00000000     -20.00000000     -20.00000000     -20.00000000     -20.00000000     -20.00000000     -20.00000000     -20.00000000     -20.00000000
     -20.00000000     -20.00000000     -20.00000000     -20.00000000     -20.00000000     -20.00000000     -20.00000000     -20.00000000     -20.00000000     -20.00000000     -20.00000000     -20.00000000     -20.00000000     -20.00000000     -20.00000000     -20.00000000     -20.00000000     -20.00000000     -20.00000000     -20.00000000
     -20.00000000     -20.00000000     -20.00000000     -20.00000000     -20.00000000     -20.00000000     -20.00000000     -20.00000000     -20.00000000     -20.00000000     -20.00000000     -20.00000000     -20.00000000     -20.00000000     -20.00000000     -20.00000000     -20.00000000     -20.00000000     -20.00000000     -20.00000000
     -20.00000000     -20.00000000     -20.00000000     -20.00000000     -20.00000000     -20.00000000     -20.00000000     -19.79500000     -19.48500000     -19.17500000     -18.86500000     -18.55500000     -18.25500000     -17.96500000     -17.67500000     -17.38500000     -17.09500000     -16.80500000     -16.51500000     -16.22500000
     -15.93500000     -15.64500000     -15.55500000     -15.66500000     -15.77500000     -15.88500000     -15.99500000     -16.10500000     -16.21500000     -16.32500000     -16.43500000     -16.54500000     -16.22500000     -15.47500000     -14.72500000     -13.97500000     -13.22500000     -12.47500000     -11.72500000     -11.00000000
     -11.00000000     -10.47500000      -8.84000000      -6.32000000      -3.80000000      -2.00000000       0.24000000       2.76000000       2.96862984       3.22883987       3.78800964       4.25298977       4.22204971       3.91086006       4.08166027       5.42469978       6.94925022       7.96895981       8.24814987       8.79129982
      10.24806976      11.64946938      13.81936073      16.66859055      20.26094055      23.54962921      25.61832809      27.45785141      28.83174896      29.40232849      29.04571152      27.36853027      25.57910919      23.10293007      20.55467987      19.29516029      18.66604996      17.09531021      15.38532066      14.48381996
      13.80814934      12.66736984       8.07000000      -2.00000000     -11.25000000     -20.00000000     -20.00000000     -20.00000000     -20.00000000     -20.00000000     -20.00000000
     -20.00000000     -20.00000000     -20.00000000     -20.00000000     -20.00000000     -20.00000000     -20.00000000     -20.00000000     -20.00000000     -20.00000000     -20.00000000     -20.00000000     -20.00000000     -20.00000000     -20.00000000     -20.00000000     -20.00000000     -20.00000000     -20.00000000     -20.00000000
     -20.00000000     -20.00000000     -20.00000000     -20.00000000     -20.00000000     -20.00000000     -20.00000000     -20.00000000     -20.00000000     -20.00000000     -20.00000000     -20.00000000     -20.00000000     -20.00000000     -20.00000000     -20.00000000     -20.00000000     -20.00000000     -20.00000000     -20.00000000
     -20.00000000     -20.00000000     -20.00000000     -20.00000000     -20.00000000     -20.00000000     -20.00000000     -20.00000000     -20.00000000     -20.00000000     -20.00000000     -20.00000000     -20.00000000     -20.00000000     -20.00000000     -20.00000000     -20.00000000     -20.00000000     -20.00000000     -20.00000000
     -20.00000000     -20.00000000     -20.00000000     -20.00000000     -19.77500000     -19.48500000     -19.19500000     -18.90500000     -18.61500000     -18.32500000     -18.03500000     -17.74500000     -17.44500000     -17.13500000     -16.82500000     -16.51500000     -16.20500000     -15.89500000     -15.58500000     -15.27500000
     -14.96500000     -14.65500000     -14.54500000     -14.63500000     -14.72500000     -14.81500000     -14.90500000     -14.99500000     -15.08500000     -15.17500000     -15.26500000     -15.35500000     -14.87500000     -13.82500000     -12.77500000     -11.72500000     -11.00000000     -10.62500000      -9.57500000      -8.52500000
      -7.47500000      -6.42500000      -4.76000000      -2.48000000      -1.20000000       1.08000000       2.82509041       3.14605045       3.62660980       4.61013031       5.73610020       6.56363964       6.67150974       6.01395035       6.01043034       7.91816998      10.16732025      11.65369034      11.99039078      11.86421967
      12.31580925      13.10749054      14.86741066      16.68112946      20.01407051      24.17319107      27.57418060      29.49647903      30.58887863      30.91136932      30.43291855      28.96876907      27.21448898      24.94372177      22.50540924      21.42334938      20.21825981      18.29303932      16.95413017      16.14732933
      15.67958069      14.58021927       9.33000000      -1.21000000     -10.75000000     -20.00000000     -20.00000000     -20.00000000     -20.00000000     -20.00000000     -20.00000000
     -20.00000000     -20.00000000     -20.00000000     -20.00000000     -20.00000000     -20.00000000     -20.00000000     -20.00000000     -20.00000000     -20.00000000     -20.00000000     -20.00000000     -20.00000000     -20.00000000     -20.00000000     -20.00000000     -20.00000000     -20.00000000     -20.00000000     -20.00000000
     -20.00000000     -20.00000000     -20.00000000     -20.00000000     -20.00000000     -20.00000000     -20.00000000     -20.00000000     -20.00000000     -20.00000000     -20.00000000     -20.00000000     -20.00000000     -20.00000000     -20.00000000     -20.00000000     -20.00000000     -20.00000000     -20.00000000     -20.00000000
     -20.00000000     -20.00000000     -20.00000000     -20.00000000     -20.00000000     -20.00000000     -20.00000000     -20.00000000     -20.00000000     -20.00000000     -20.00000000     -20.00000000     -20.00000000     -20.00000000     -20.00000000     -20.00000000     -20.00000000     -20.00000000     -20.00000000     -20.00000000
     -20.00000000     -19.80000000     -19.36500000     -19.09500000     -18.82500000     -18.55500000     -18.28500000     -18.01500000     -17.74500000     -17.47500000     -17.20500000     -16.93500000     -16.63500000     -16.30500000     -15.97500000     -15.64500000     -15.31500000     -14.98500000     -14.65500000     -14.32500000
     -13.99500000     -13.66500000     -13.53500000     -13.60500000     -13.67500000     -13.74500000     -13.81500000     -13.88500000     -13.95500000     -14.02500000     -14.09500000     -14.16500000     -13.52500000     -12.17500000     -11.00000000     -10.47500000      -9.12500000      -7.77500000      -6.42500000      -5.07500000
      -3.72500000      -2.37500000      -1.68000000       0.36000000       2.40000000       3.29963970       3.63640022       4.11651039       5.41858006       6.84914017       8.19368935       9.20713997       9.51140976       8.89896011       8.62406921      10.56458092      13.55536079      15.76827049      16.03829002      15.71896935
      15.64789963      16.51899910      17.46701050      18.24758911      20.56631088      24.25672913      28.82759857      31.61705017      32.50598145      32.72296143      32.26544952      30.91159058      29.17887115      27.11671829      24.93181992      23.23181915      21.19894028      19.34589958      18.18613052      17.18358994
      16.36660004      14.98218918      10.59000000       0.17000000      -9.25000000     -18.67000000     -20.00000000     -20.00000000     -20.00000000     -20.00000000     -20.00000000
     -20.00000000     -20.00000000     -20.00000000     -20.00000000     -20.00000000     -20.00000000     -20.00000000     -20.00000000     -20.00000000     -20.00000000     -20.00000000     -20.00000000     -20.00000000     -20.00000000     -20.00000000     -20.00000000     -20.00000000     -20.00000000     -20.00000000     -20.00000000
     -20.00000000     -20.00000000     -20.00000000     -20.00000000     -20.00000000     -20.00000000     -20.00000000     -20.00000000     -20.00000000     -20.00000000     -20.00000000     -20.00000000     -20.00000000     -20.00000000     -20.00000000     -20.00000000     -20.00000000     -20.00000000     -20.00000000     -20.00000000
     -20.00000000     -20.00000000     -20.00000000     -20.00000000     -20.00000000     -20.00000000     -20.00000000     -20.00000000     -20.00000000     -20.00000000     -20.00000000     -20.00000000     -20.00000000     -20.00000000     -20.00000000     -20.00000000     -20.00000000     -20.00000000     -20.00000000     -20.00000000
     -19.40000000     -18.80000000     -18.37500000     -18.12500000     -17.87500000     -17.62500000     -17.37500000     -17.12500000     -16.87500000     -16.62500000     -16.37500000     -16.12500000     -15.82500000     -15.47500000     -15.12500000     -14.77500000     -14.42500000     -14.07500000     -13.72500000     -13.37500000
     -13.02500000     -12.67500000     -12.52500000     -12.57500000     -12.62500000     -12.67500000     -12.72500000     -12.77500000     -12.82500000     -12.87500000     -12.92500000     -12.97500000     -12.17500000     -11.00000000      -9.87500000      -8.22500000      -6.57500000      -4.92500000      -3.27500000      -2.00000000
      -0.97500000       0.67500000       2.25568008       3.08102989       4.33885956       5.72597980       6.34383011       6.90653992       8.16346931       9.69491959      11.17067909      12.12258911      12.40464020      11.64772034      11.18481064      12.94860077      16.13088989      18.99721909      19.73387909      19.74546051
      20.36759949      21.30352974      21.03347015      21.00536919      22.43869019      25.37694931      29.54317856      33.33032990      34.37139893      34.56512070      34.07233810      32.57678986      31.17187119      29.17565155      27.46525192      25.25067902      22.76605034      20.75608063      19.39398003      18.11129951
      16.73485947      14.87528992      11.85000000       1.55000000      -7.75000000     -17.05000000     -20.00000000     -20.00000000     -20.00000000     -20.00000000     -20.00000000
     -20.00000000     -20.00000000     -20.00000000     -20.00000000     -20.00000000     -20.00000000     -20.00000000     -20.00000000     -20.00000000     -20.00000000     -20.00000000     -20.00000000     -20.00000000     -20.00000000     -20.00000000     -20.00000000     -20.00000000     -20.00000000     -20.00000000     -20.00000000
     -20.00000000     -20.00000000     -20.00000000     -20.00000000     -20.00000000     -20.00000000     -20.00000000     -20.00000000     -20.00000000     -20.00000000     -20.00000000     -20.00000000     -20.00000000     -20.00000000     -20.00000000     -20.00000000     -20.00000000     -20.00000000     -20.00000000     -20.00000000
     -20.00000000     -20.00000000     -20.00000000     -20.00000000     -20.00000000     -20.00000000     -20.00000000     -20.00000000     -20.00000000     -20.00000000     -20.00000000     -20.00000000     -20.00000000     -20.00000000     -20.00000000     -20.00000000     -20.00000000     -20.00000000     -19.60000000     -19.00000000
     -18.40000000     -17.80000000     -17.38500000     -17.15500000     -16.92500000     -16.69500000     -16.46500000     -16.23500000     -16.00500000     -15.77500000     -15.54500000     -15.31500000     -15.01500000     -14.64500000     -14.27500000     -13.90500000     -13.53500000     -13.16500000     -12.79500000     -12.42500000
     -12.05500000     -11.68500000     -11.51500000     -11.54500000     -11.57500000     -11.60500000     -11.63500000     -11.66500000     -11.69500000     -11.72500000     -11.75500000     -11.78500000     -11.00000000      -9.87500000      -7.92500000      -5.97500000      -4.02500000      -2.07500000      -1.12500000       0.44785976
       0.27260017       2.29162979       3.55603981       5.33716965       7.53429985       9.70191956      10.81916046      11.27975082      11.95467949      13.14291954      14.54006958      15.31543922      15.16793060      14.17600060      13.49271011      15.03755951      17.98069000      20.96434975      22.61360931      23.35590935
      24.63058090      26.14923859      26.21480942      25.39160156      25.86846161      27.35268021      30.82099915      34.70671082      35.95269012      36.01309967      35.54391861      34.21826172      32.99570847      31.19322968      29.50690842      27.48524857      25.03255844      22.59210014      20.71213913      18.88245010
      16.72514915      14.30188942      11.71235085       2.93000000      -6.25000000     -15.43000000     -20.00000000     -20.00000000     -20.00000000     -20.00000000     -20.00000000
     -20.00000000     -20.00000000     -20.00000000     -20.00000000     -20.00000000     -20.00000000     -20.00000000     -20.00000000     -20.00000000     -20.00000000     -20.00000000     -20.00000000     -20.00000000     -20.00000000     -20.00000000     -20.00000000     -20.00000000     -20.00000000     -20.00000000     -20.00000000
     -20.00000000     -20.00000000     -20.00000000     -20.00000000     -20.00000000     -20.00000000     -20.00000000     -20.00000000     -20.00000000     -20.00000000     -20.00000000     -20.00000000     -20.00000000     -20.00000000     -20.00000000     -20.00000000     -20.00000000     -20.00000000     -20.00000000     -20.00000000
     -20.00000000     -20.00000000     -20.00000000     -20.00000000     -20.00000000     -20.00000000     -20.00000000     -20.00000000     -20.00000000     -20.00000000     -20.00000000     -20.00000000     -20.00000000     -20.00000000     -20.00000000     -20.00000000     -19.80000000     -19.20000000     -18.60000000     -18.00000000
     -17.40000000     -16.80000000     -16.39500000     -16.18500000     -15.97500000     -15.76500000     -15.55500000     -15.34500000     -15.13500000     -14.92500000     -14.71500000     -14.50500000     -14.20500000     -13.81500000     -13.42500000     -13.03500000     -12.64500000     -12.25500000     -11.86500000     -11.47500000
     -11.08500000     -11.00000000     -11.00000000     -11.00000000     -11.00000000     -11.00000000     -11.00000000     -11.00000000     -11.00000000     -11.00000000     -11.00000000     -11.00000000     -10.47500000      -8.22500000      -5.97500000      -3.72500000      -2.00000000      -0.22500000       2.02500000      -0.24397993
       1.38574028       3.80613995       6.18966007       8.71873093      10.97183990      13.30233002      14.60713959      15.33155060      15.75366020      16.60062027      17.50412941      17.83538055      17.39226913      16.27688980      15.61638069      16.72347069      19.33266068      22.56217957      24.98720932      26.54513168
      27.92766190      29.50759888      30.62488174      30.42374039      29.85437012      30.23220062      32.63970184      36.03725815      37.43098068      37.51007843      36.93373108      35.91461945      34.63991165      32.91992188      31.23785019      29.43225098      27.24760056      24.77993011      22.26549911      19.96326065
      17.26481056      14.45895004      12.02968025       4.31000000      -4.75000000     -13.81000000     -20.00000000     -20.00000000     -20.00000000     -20.00000000     -20.00000000
     -20.00000000     -20.00000000     -20.00000000     -20.00000000     -20.00000000     -20.00000000     -20.00000000     -20.00000000     -20.00000000     -20.00000000     -20.00000000     -20.00000000     -20.00000000     -20.00000000     -20.00000000     -20.00000000     -20.00000000     -20.00000000     -20.00000000     -20.00000000
     -20.00000000     -20.00000000     -20.00000000     -20.00000000     -20.00000000     -20.00000000     -20.00000000     -20.00000000     -20.00000000     -20.00000000     -20.00000000     -20.00000000     -20.00000000     -20.00000000     -20.00000000     -20.00000000     -20.00000000     -20.00000000     -20.00000000     -20.00000000
     -20.00000000     -20.00000000     -20.00000000     -20.00000000     -20.00000000     -20.00000000     -20.00000000     -20.00000000     -20.00000000     -20.00000000     -20.00000000     -20.00000000     -20.00000000     -20.00000000     -19.95000000     -19.37000000     -18.79000000     -18.21000000     -17.63000000     -17.05000000
     -16.47000000     -15.89000000     -15.50000000     -15.30000000     -15.10000000     -14.90000000     -14.70000000     -14.50000000     -14.30000000     -14.10000000     -13.90000000     -13.70000000     -13.40500000     -13.01500000     -12.62500000     -12.23500000     -11.84500000     -11.45500000     -11.06500000     -11.00000000
     -11.00000000     -10.89500000     -10.69500000     -10.68500000     -10.67500000     -10.66500000     -10.65500000     -10.64500000     -10.63500000     -10.62500000     -10.61500000     -10.60500000      -9.48000000      -7.24000000      -5.00000000      -2.76000000      -1.52000000       0.72000000       2.58302975      -0.08787012
       3.32518005       6.08010006       9.71721077      11.85429001      14.02500000      15.31500000      16.60500000      17.89500000      19.06418037      19.95166969      20.51926041      20.34333038      19.63957024      18.16045952      17.42342949      18.31135941      20.83629036      24.54404068      27.05355835      29.15369034
      31.22238922      32.97737885      33.76826096      33.94939041      33.50732040      33.59410095      34.52389145      36.60374069      38.09751892      38.48168945      38.14820099      37.28330994      35.84532928      34.31018066      32.69353867      31.20901108      29.12141037      26.89393997      24.46704865      21.91654968
      18.72176933      15.74485970      12.85843086       4.85000000      -4.05000000     -12.95000000     -20.00000000     -20.00000000     -20.00000000     -20.00000000     -20.00000000
     -20.00000000     -20.00000000     -20.00000000     -20.00000000     -20.00000000     -20.00000000     -20.00000000     -20.00000000     -20.00000000     -20.00000000     -20.00000000     -20.00000000     -20.00000000     -20.00000000     -20.00000000     -20.00000000     -20.00000000     -20.00000000     -20.00000000     -20.00000000
     -20.00000000     -20.00000000     -20.00000000     -20.00000000     -20.00000000     -20.00000000     -20.00000000     -20.00000000     -20.00000000     -20.00000000     -20.00000000     -20.00000000     -20.00000000     -20.00000000     -20.00000000     -20.00000000     -20.00000000     -20.00000000     -20.00000000     -20.00000000
     -20.00000000     -20.00000000     -20.00000000     -20.00000000     -20.00000000     -20.00000000     -20.00000000     -20.00000000     -20.00000000     -20.00000000     -20.00000000     -20.00000000     -19.93000000     -19.39000000     -18.85000000     -18.31000000     -17.77000000     -17.23000000     -16.69000000     -16.15000000
     -15.61000000     -15.07000000     -14.70000000     -14.50000000     -14.30000000     -14.10000000     -13.90000000     -13.70000000     -13.50000000     -13.30000000     -13.10000000     -12.90000000     -12.61500000     -12.24500000     -11.87500000     -11.50500000     -11.13500000     -11.00000000     -11.00000000     -11.00000000
     -10.65500000     -10.28500000     -10.08500000     -10.05500000     -10.02500000      -9.99500000      -9.96500000      -9.93500000      -9.90500000      -9.87500000      -9.84500000      -9.81500000      -8.84000000      -6.92000000      -5.00000000      -3.08000000      -2.00000000      -0.24000000       1.56404018       0.97294998
       5.26537991       7.44000000       9.13500000      10.60500000      12.07500000      13.54500000      15.01500000      16.48500000      17.95500000      19.42500000      20.89500000      22.36500000      21.37482071      19.78738022      19.05415916      19.98617935      23.10386086      26.23920059      30.54008102      33.61669922
      35.50825882      36.70804977      37.79534149      38.18088150      37.01314163      35.84589005      36.03205109      37.01591110      38.18360901      39.03884888      39.15652847      38.30569077      36.82749939      35.41508102      34.17621994      32.99898148      31.43262863      28.87488937      26.30612183      23.59929085
      20.34540939      17.34693909      14.11643028       4.55000000      -4.15000000     -12.85000000     -20.00000000     -20.00000000     -20.00000000     -20.00000000     -20.00000000
     -20.00000000     -20.00000000     -20.00000000     -20.00000000     -20.00000000     -20.00000000     -20.00000000     -20.00000000     -20.00000000     -20.00000000     -20.00000000     -20.00000000     -20.00000000     -20.00000000     -20.00000000     -20.00000000     -20.00000000     -20.00000000     -20.00000000     -20.00000000
     -20.00000000     -20.00000000     -20.00000000     -20.00000000     -20.00000000     -20.00000000     -20.00000000     -20.00000000     -20.00000000     -20.00000000     -20.00000000     -20.00000000     -20.00000000     -20.00000000     -20.00000000     -20.00000000     -20.00000000     -20.00000000     -20.00000000     -20.00000000
     -20.00000000     -20.00000000     -20.00000000     -20.00000000     -20.00000000     -20.00000000     -20.00000000     -20.00000000     -20.00000000     -20.00000000     -19.67500000     -19.22500000     -18.75000000     -18.25000000     -17.75000000     -17.25000000     -16.75000000     -16.25000000     -15.75000000     -15.25000000
     -14.75000000     -14.25000000     -13.90000000     -13.70000000     -13.50000000     -13.30000000     -13.10000000     -12.90000000     -12.70000000     -12.50000000     -12.30000000     -12.10000000     -11.82500000     -11.47500000     -11.12500000     -11.00000000     -11.00000000     -11.00000000     -10.72500000     -10.37500000
     -10.02500000      -9.67500000      -9.47500000      -9.42500000      -9.37500000      -9.32500000      -9.27500000      -9.22500000      -9.17500000      -9.12500000      -9.07500000      -9.02500000      -8.20000000      -6.60000000      -5.00000000      -3.40000000      -2.00000000      -1.20000000       0.40000000       2.00000000
       3.60000000       5.20000000       6.82500000       8.47500000      10.12500000      11.77500000      13.42500000      15.07500000      16.72500000      18.37500000      20.02500000      21.67500000      21.73282051      20.55541992      20.05603027      21.62991905      24.48675156      29.40859985      34.24185181      36.75000000
      38.65000000      40.09416962      40.67412949      40.66831970      39.55807114      38.28540802      37.65018845      37.74707031      38.62176895      39.49300003      39.71393967      39.06253052      37.79600143      36.36581039      35.14743042      33.77500000      31.42500000      29.07500000      26.72500000      24.37500000
      22.02500000      19.21768951      13.75000000       4.25000000      -4.25000000     -12.75000000     -20.00000000     -20.00000000     -20.00000000     -20.00000000     -20.00000000
     -20.00000000     -20.00000000     -20.00000000     -20.00000000     -20.00000000     -20.00000000     -20.00000000     -20.00000000     -20.00000000     -20.00000000     -20.00000000     -20.00000000     -20.00000000     -20.00000000     -20.00000000     -20.00000000     -20.00000000     -20.00000000     -20.00000000     -20.00000000
     -20.00000000     -20.00000000     -20.00000000     -20.00000000     -20.00000000     -20.00000000     -20.00000000     -20.00000000     -20.00000000     -20.00000000     -20.00000000     -20.00000000     -20.00000000     -20.00000000     -20.00000000     -20.00000000     -20.00000000     -20.00000000     -20.00000000     -20.00000000
     -20.00000000     -20.00000000     -20.00000000     -20.00000000     -20.00000000     -20.00000000     -20.00000000     -19.91500000     -19.44500000     -18.97500000     -18.50500000     -18.03500000     -17.57000000     -17.11000000     -16.65000000     -16.19000000     -15.73000000     -15.27000000     -14.81000000     -14.35000000
     -13.89000000     -13.43000000     -13.10000000     -12.90000000     -12.70000000     -12.50000000     -12.30000000     -12.10000000     -11.90000000     -11.70000000     -11.50000000     -11.30000000     -11.03500000     -11.00000000     -11.00000000     -11.00000000     -10.71500000     -10.38500000     -10.05500000      -9.72500000
      -9.39500000      -9.06500000      -8.86500000      -8.79500000      -8.72500000      -8.65500000      -8.58500000      -8.51500000      -8.44500000      -8.37500000      -8.30500000      -8.23500000      -7.56000000      -6.28000000      -5.00000000      -3.72000000      -2.44000000      -2.00000000      -0.88000000       0.40000000
       1.68000000       2.96000000       4.51500000       6.34500000       8.17500000      10.00500000      11.83500000      13.66500000      15.49500000      17.32500000      19.15500000      20.98500000      21.48435974      20.73397064      20.91575050      22.59790039      26.45705032      31.07508087      35.55000000      37.65000000
      39.75000000      41.68103027      41.95555878      42.06549072      41.75825119      40.90303040      39.81412888      39.48820877      40.01351166      40.38042831      40.33158875      39.58288956      38.55567169      37.26232147      35.90513992      33.56500000      31.15500000      28.74500000      26.33500000      23.92500000
      21.51500000      19.10500000      13.25000000       3.95000000      -4.35000000     -12.65000000     -20.00000000     -20.00000000     -20.00000000     -20.00000000     -20.00000000
     -20.00000000     -20.00000000     -20.00000000     -20.00000000     -20.00000000     -20.00000000     -20.00000000     -20.00000000     -20.00000000     -20.00000000     -20.00000000     -20.00000000     -20.00000000     -20.00000000     -20.00000000     -20.00000000     -20.00000000     -20.00000000     -20.00000000     -20.00000000
     -20.00000000     -20.00000000     -20.00000000     -20.00000000     -20.00000000     -20.00000000     -20.00000000     -20.00000000     -20.00000000     -20.00000000     -20.00000000     -20.00000000     -20.00000000     -20.00000000     -20.00000000     -20.00000000     -20.00000000     -20.00000000     -20.00000000     -20.00000000
     -20.00000000     -20.00000000     -20.00000000     -20.00000000     -20.00000000     -19.78500000     -19.29500000     -18.80500000     -18.31500000     -17.82500000     -17.33500000     -16.84500000     -16.39000000     -15.97000000     -15.55000000     -15.13000000     -14.71000000     -14.29000000     -13.87000000     -13.45000000
     -13.03000000     -12.61000000     -12.30000000     -12.10000000     -11.90000000     -11.70000000     -11.50000000     -11.30000000     -11.10000000     -11.00000000     -11.00000000     -11.00000000     -11.00000000     -10.93500000     -10.62500000     -10.31500000     -10.00500000      -9.69500000      -9.38500000      -9.07500000
      -8.76500000      -8.45500000      -8.25500000      -8.16500000      -8.07500000      -7.98500000      -7.89500000      -7.80500000      -7.71500000      -7.62500000      -7.53500000      -7.44500000      -6.92000000      -5.96000000      -5.00000000      -4.04000000      -3.08000000      -2.12000000      -2.00000000      -1.20000000
      -0.24000000       0.72000000       2.20500000       4.21500000       6.22500000       8.23500000      10.24500000      12.25500000      14.26500000      16.27500000      18.28500000      20.29500000      20.96290970      20.39211082      20.76552963      23.49786949      27.55865097      32.37707901      36.25000000      38.55000000
      40.85000000      42.52103043      42.90718079      43.14519882      43.30992889      42.92702866      42.03773880      41.71120071      42.23995972      42.18741989      41.12585831      39.94396973      38.78398895      37.62934113      35.82500000      33.35500000      30.88500000      28.41500000      25.94500000      23.47500000
      21.00500000      18.53500000      12.75000000       3.65000000      -4.45000000     -12.55000000     -20.00000000     -20.00000000     -20.00000000     -20.00000000     -20.00000000
     -20.00000000     -20.00000000     -20.00000000     -20.00000000     -20.00000000     -20.00000000     -20.00000000     -20.00000000     -20.00000000     -20.00000000     -20.00000000     -20.00000000     -20.00000000     -20.00000000     -20.00000000     -20.00000000     -20.00000000     -20.00000000     -20.00000000     -20.00000000
     -20.00000000     -20.00000000     -20.00000000     -20.00000000     -20.00000000     -20.00000000     -20.00000000     -20.00000000     -20.00000000     -20.00000000     -20.00000000     -20.00000000     -20.00000000     -20.00000000     -20.00000000     -20.00000000     -20.00000000     -20.00000000     -20.00000000     -20.00000000
     -20.00000000     -20.00000000     -20.00000000     -19.73500000     -19.22500000     -18.71500000     -18.20500000     -17.69500000     -17.18500000     -16.67500000     -16.16500000     -15.65500000     -15.21000000     -14.83000000     -14.45000000     -14.07000000     -13.69000000     -13.31000000     -12.93000000     -12.55000000
     -12.17000000     -11.79000000     -11.50000000     -11.30000000     -11.10000000     -11.00000000     -11.00000000     -11.00000000     -11.00000000     -11.00000000     -10.90000000     -10.70000000     -10.45500000     -10.16500000      -9.87500000      -9.58500000      -9.29500000      -9.00500000      -8.71500000      -8.42500000
      -8.13500000      -7.84500000      -7.64500000      -7.53500000      -7.42500000      -7.31500000      -7.20500000      -7.09500000      -6.98500000      -6.87500000      -6.76500000      -6.65500000      -6.28000000      -5.64000000      -5.00000000      -4.36000000      -3.72000000      -3.08000000      -2.44000000      -2.00000000
      -2.00000000      -1.52000000      -0.10500000       2.08500000       4.27500000       6.46500000       8.65500000      10.84500000      13.03500000      15.22500000      17.41500000      19.60500000      19.98316002      19.07641983      21.07859039      24.55403137      28.80577087      33.73062134      36.95000000      39.45000000
      41.95000000      42.94916916      43.63182831      44.08911133      44.18444061      43.93095016      43.54544830      43.36594009      43.29500000      42.92500000      41.84751129      40.36161041      38.95692062      37.56087875      35.67500000      33.14500000      30.61500000      28.08500000      25.55500000      23.02500000
      20.49500000      17.96500000      12.25000000       3.35000000      -4.55000000     -12.45000000     -20.00000000     -20.00000000     -20.00000000     -20.00000000     -20.00000000
     -20.00000000     -20.00000000     -20.00000000     -20.00000000     -20.00000000     -20.00000000     -20.00000000     -20.00000000     -20.00000000     -20.00000000     -20.00000000     -20.00000000     -20.00000000     -20.00000000     -20.00000000     -20.00000000     -20.00000000     -20.00000000     -20.00000000     -20.00000000
     -20.00000000     -20.00000000     -20.00000000     -20.00000000     -20.00000000     -20.00000000     -20.00000000     -20.00000000     -20.00000000     -20.00000000     -20.00000000     -20.00000000     -20.00000000     -20.00000000     -20.00000000     -20.00000000     -20.00000000     -20.00000000     -20.00000000     -20.00000000
     -20.00000000     -19.83500000     -19.23500000     -18.70500000     -18.17500000     -17.64500000     -17.11500000     -16.58500000     -16.05500000     -15.52500000     -14.99500000     -14.46500000     -14.03000000     -13.69000000     -13.35000000     -13.01000000     -12.67000000     -12.33000000     -11.99000000     -11.65000000
     -11.31000000     -11.00000000     -11.00000000     -11.00000000     -11.00000000     -11.00000000     -10.90000000     -10.70000000     -10.50000000     -10.30000000     -10.10000000      -9.90000000      -9.66500000      -9.39500000      -9.12500000      -8.85500000      -8.58500000      -8.31500000      -8.04500000      -7.77500000
      -7.50500000      -7.23500000      -7.03500000      -6.90500000      -6.77500000      -6.64500000      -6.51500000      -6.38500000      -6.25500000      -6.12500000      -5.99500000      -5.86500000      -5.64000000      -5.32000000      -5.00000000      -4.68000000      -4.36000000      -4.04000000      -3.72000000      -3.40000000
      -3.08000000      -2.76000000      -2.00000000      -0.04500000       2.32500000       4.69500000       7.06500000       9.43500000      11.80500000      14.17500000      16.54500000      18.85141945      17.92828941      18.21694946      21.63747978      25.59146118      30.48469925      34.95000000      37.65000000      40.35000000
      42.42417145      43.47399902      44.43957138      45.01271820      45.20362854      44.99819946      44.71654129      44.29500000      43.77154160      43.13063049      41.93170929      40.42382812      38.79198837      37.30310059      35.52500000      32.93500000      30.34500000      27.75500000      25.16500000      22.57500000
      19.98500000      17.39500000      11.75000000       3.05000000      -4.65000000     -12.35000000     -20.00000000     -20.00000000     -20.00000000     -20.00000000     -20.00000000
     -20.00000000     -20.00000000     -20.00000000     -20.00000000     -20.00000000     -20.00000000     -20.00000000     -20.00000000     -20.00000000     -20.00000000     -20.00000000     -20.00000000     -20.00000000     -20.00000000     -20.00000000     -20.00000000     -20.00000000     -20.00000000     -20.00000000     -20.00000000
     -20.00000000     -20.00000000     -20.00000000     -20.00000000     -20.00000000     -20.00000000     -20.00000000     -20.00000000     -20.00000000     -20.00000000     -20.00000000     -20.00000000     -20.00000000     -20.00000000     -20.00000000     -20.00000000     -20.00000000     -20.00000000     -20.00000000     -20.00000000
     -19.47500000     -18.82500000     -18.22500000     -17.67500000     -17.12500000     -16.57500000     -16.02500000     -15.47500000     -14.92500000     -14.37500000     -13.82500000     -13.27500000     -12.85000000     -12.55000000     -12.25000000     -11.95000000     -11.65000000     -11.35000000     -11.05000000     -11.00000000
     -11.00000000     -11.00000000     -10.90000000     -10.70000000     -10.50000000     -10.30000000     -10.10000000      -9.90000000      -9.70000000      -9.50000000      -9.30000000      -9.10000000      -8.87500000      -8.62500000      -8.37500000      -8.12500000      -7.87500000      -7.62500000      -7.37500000      -7.12500000
      -6.87500000      -6.62500000      -6.42500000      -6.27500000      -6.12500000      -5.97500000      -5.82500000      -5.67500000      -5.52500000      -5.37500000      -5.22500000      -5.07500000      -5.00000000      -5.00000000      -5.00000000      -5.00000000      -5.00000000      -5.00000000      -5.00000000      -5.00000000
      -5.00000000      -5.00000000      -3.72500000      -2.00000000       0.37500000       2.92500000       5.47500000       8.02500000      10.57500000      13.12500000      15.31718063      15.65928078      15.56538010      18.60920906      22.54425049      27.63240814      32.55000000      35.45000000      38.35000000      41.25000000
      43.42802048      44.46445847      45.28453827      45.79468918      46.02429962      45.96371078      45.57500000      44.92500000      44.19305038      43.14178848      42.00114059      40.37134171      38.63558960      37.18896103      35.37500000      32.72500000      30.07500000      27.42500000      24.77500000      22.12500000
      19.47500000      16.82500000      11.25000000       2.75000000      -4.75000000     -12.25000000     -20.00000000     -20.00000000     -20.00000000     -20.00000000     -20.00000000
     -20.00000000     -20.00000000     -20.00000000     -20.00000000     -20.00000000     -20.00000000     -20.00000000     -20.00000000     -20.00000000     -20.00000000     -20.00000000     -20.00000000     -20.00000000     -20.00000000     -20.00000000     -20.00000000     -20.00000000     -20.00000000     -20.00000000     -20.00000000
     -20.00000000     -20.00000000     -20.00000000     -20.00000000     -20.00000000     -20.00000000     -20.00000000     -20.00000000     -20.00000000     -20.00000000     -20.00000000     -20.00000000     -20.00000000     -20.00000000     -20.00000000     -20.00000000     -20.00000000     -20.00000000     -19.70500000     -19.07500000
     -18.44500000     -17.81500000     -17.21500000     -16.64500000     -16.07500000     -15.50500000     -14.93500000     -14.36500000     -13.79500000     -13.22500000     -12.65500000     -12.08500000     -11.67000000     -11.41000000     -11.15000000     -11.00000000     -11.00000000     -11.00000000     -11.00000000     -10.85000000
     -10.59000000     -10.33000000     -10.10000000      -9.90000000      -9.70000000      -9.50000000      -9.30000000      -9.10000000      -8.90000000      -8.70000000      -8.50000000      -8.30000000      -8.08500000      -7.85500000      -7.62500000      -7.39500000      -7.16500000      -6.93500000      -6.70500000      -6.47500000
      -6.24500000      -6.01500000      -5.81500000      -5.64500000      -5.47500000      -5.30500000      -5.13500000      -4.96500000      -4.79500000      -4.62500000      -4.45500000      -4.28500000      -4.36000000      -4.68000000      -5.00000000      -5.32000000      -5.64000000      -5.96000000      -6.28000000      -6.60000000
      -6.92000000      -7.24000000      -6.03500000      -3.30500000      -1.57500000       1.15500000       3.88500000       6.61500000       8.59803009       9.97911072      11.17605972      12.82280922      14.98027039      19.42251968      24.59049988      29.32545090      32.85000000      35.95000000      39.05000000      42.15000000
      44.77219009      45.55739975      46.23176956      46.53752899      46.64754868      46.57321930      46.18584061      45.33649826      44.45729828      43.38331985      41.97378922      40.32141113      38.48826981      36.84029007      35.22500000      32.51500000      29.80500000      27.09500000      24.38500000      21.67500000
      18.51847076      14.64435959      10.75000000       2.45000000      -4.85000000     -12.15000000     -20.00000000     -20.00000000     -20.00000000     -20.00000000     -20.00000000
     -20.00000000     -20.00000000     -20.00000000     -20.00000000     -20.00000000     -20.00000000     -20.00000000     -20.00000000     -20.00000000     -20.00000000     -20.00000000     -20.00000000     -20.00000000     -20.00000000     -20.00000000     -20.00000000     -20.00000000     -20.00000000     -20.00000000     -20.00000000
     -20.00000000     -20.00000000     -20.00000000     -20.00000000     -20.00000000     -20.00000000     -20.00000000     -20.00000000     -20.00000000     -20.00000000     -20.00000000     -20.00000000     -20.00000000     -20.00000000     -20.00000000     -20.00000000     -19.85500000     -19.24500000     -18.63500000     -18.02500000
     -17.41500000     -16.80500000     -16.20500000     -15.61500000     -15.02500000     -14.43500000     -13.84500000     -13.25500000     -12.66500000     -12.07500000     -11.48500000     -11.00000000     -11.00000000     -11.00000000     -11.00000000     -10.83000000     -10.61000000     -10.39000000     -10.17000000      -9.95000000
      -9.73000000      -9.51000000      -9.30000000      -9.10000000      -8.90000000      -8.70000000      -8.50000000      -8.30000000      -8.10000000      -7.90000000      -7.70000000      -7.50000000      -7.29500000      -7.08500000      -6.87500000      -6.66500000      -6.45500000      -6.24500000      -6.03500000      -5.82500000
      -5.61500000      -5.40500000      -5.20500000      -5.01500000      -4.82500000      -4.63500000      -4.44500000      -4.25500000      -4.06500000      -3.87500000      -3.68500000      -3.49500000      -3.72000000      -4.36000000      -5.00000000      -5.64000000      -6.28000000      -6.92000000      -7.56000000      -8.20000000
      -8.84000000      -9.48000000      -8.34500000      -5.43500000      -2.52500000      -0.61500000       2.29500000       4.29183960       4.96712971       6.42646027       8.65859032      12.04479027      15.85289001      21.43029976      26.55000000      29.85000000      33.15000000      36.45000000      39.75000000      43.05000000
      45.41933060      46.41754913      46.94371033      47.13259125      47.06887054      46.78152084      46.18569946      45.36505890      44.52753830      43.38245010      41.85543823      39.92166901      37.42049026      35.18698883      33.46981812      31.38932037      27.82923126      23.83189011      20.75692940      17.84997940
      14.67443085      11.40353966       8.37070084       2.15000000      -4.95000000     -12.05000000     -20.00000000     -20.00000000     -20.00000000     -20.00000000     -20.00000000
     -20.00000000     -20.00000000     -20.00000000     -20.00000000     -20.00000000     -20.00000000     -20.00000000     -20.00000000     -20.00000000     -20.00000000     -20.00000000     -20.00000000     -20.00000000     -20.00000000     -20.00000000     -20.00000000     -20.00000000     -20.00000000     -20.00000000     -20.00000000
     -20.00000000     -20.00000000     -20.00000000     -20.00000000     -20.00000000     -20.00000000     -20.00000000     -20.00000000     -20.00000000     -20.00000000     -20.00000000     -20.00000000     -20.00000000     -20.00000000     -20.00000000     -19.40000000     -18.80000000     -18.20000000     -17.60000000     -17.00000000
     -16.40000000     -15.80000000     -15.20000000     -14.60000000     -14.00000000     -13.40000000     -12.80000000     -12.20000000     -11.60000000     -11.00000000     -11.00000000     -10.80000000     -10.40000000     -10.20000000     -10.00000000      -9.80000000      -9.60000000      -9.40000000      -9.20000000      -9.00000000
      -8.80000000      -8.60000000      -8.41000000      -8.23000000      -8.05000000      -7.87000000      -7.69000000      -7.51000000      -7.33000000      -7.15000000      -6.97000000      -6.79000000      -6.61500000      -6.44500000      -6.27500000      -6.10500000      -5.93500000      -5.76500000      -5.59500000      -5.42500000
      -5.25500000      -5.08500000      -4.92000000      -4.76000000      -4.60000000      -4.44000000      -4.28000000      -4.12000000      -3.96000000      -3.80000000      -3.64000000      -3.48000000      -3.79500000      -4.58500000      -5.37500000      -6.16500000      -6.95500000      -7.74500000      -8.53500000      -9.32500000
     -10.11500000     -10.90500000      -9.82500000      -6.87500000      -3.92500000      -1.97500000       0.97500000       3.69009972       3.94429016       4.80881023       8.58999062      11.95253944      17.02123070      22.13500000      25.42500000      28.71500000      32.00500000      35.29500000      38.58500000      41.87500000
      45.16500000      46.35911179      46.83596039      47.03776169      46.90341187      46.62044144      45.87000000      44.93000000      43.99000000      42.91762924      41.42010117      38.21508026      34.83309174      31.96390915      30.13259888      28.58940887      25.34022903      21.04232025      17.32262993      14.09329987
      11.10794067       8.35577965       5.93393040      -0.56000000      -7.20000000     -13.84000000     -20.00000000     -20.00000000     -20.00000000     -20.00000000     -20.00000000
     -20.00000000     -20.00000000     -20.00000000     -20.00000000     -20.00000000     -20.00000000     -20.00000000     -20.00000000     -20.00000000     -20.00000000     -20.00000000     -20.00000000     -20.00000000     -20.00000000     -20.00000000     -20.00000000     -20.00000000     -20.00000000     -20.00000000     -20.00000000
     -20.00000000     -20.00000000     -20.00000000     -20.00000000     -20.00000000     -20.00000000     -20.00000000     -20.00000000     -20.00000000     -20.00000000     -20.00000000     -20.00000000     -20.00000000     -19.60000000     -19.00000000     -18.40000000     -17.80000000     -17.20000000     -16.60000000     -16.00000000
     -15.40000000     -14.80000000     -14.20000000     -13.60000000     -13.00000000     -12.40000000     -11.80000000     -11.20000000     -11.00000000     -11.00000000     -10.40000000      -9.80000000      -9.40000000      -9.20000000      -9.00000000      -8.80000000      -8.60000000      -8.40000000      -8.20000000      -8.00000000
      -7.80000000      -7.60000000      -7.43000000      -7.29000000      -7.15000000      -7.01000000      -6.87000000      -6.73000000      -6.59000000      -6.45000000      -6.31000000      -6.17000000      -6.04500000      -5.93500000      -5.82500000      -5.71500000      -5.60500000      -5.49500000      -5.38500000      -5.27500000
      -5.16500000      -5.05500000      -4.96000000      -4.88000000      -4.80000000      -4.72000000      -4.64000000      -4.56000000      -4.48000000      -4.40000000      -4.32000000      -4.24000000      -4.58500000      -5.35500000      -6.12500000      -6.89500000      -7.66500000      -8.43500000      -9.20500000      -9.97500000
     -10.74500000     -11.00000000     -10.47500000      -7.62500000      -4.77500000      -2.00000000      -0.07500000       2.77500000       3.63741016       4.50525951       8.55529976      12.70070076      17.13500000      20.20500000      23.27500000      26.34500000      29.41500000      32.48500000      35.55500000      38.62500000
      41.69500000      44.76500000      45.89000000      45.07000000      44.25000000      43.43000000      42.61000000      41.79000000      40.97000000      40.15000000      39.21033096      35.50712967      31.41403961      27.97946167      25.40213013      23.45148087      21.22677040      18.20645905      14.54540062      11.31815910
       8.51285934       6.10988998       1.24000000      -4.68000000     -11.00000000     -17.52000000     -20.00000000     -20.00000000     -20.00000000     -20.00000000     -20.00000000
     -20.00000000     -20.00000000     -20.00000000     -20.00000000     -20.00000000     -20.00000000     -20.00000000     -20.00000000     -20.00000000     -20.00000000     -20.00000000     -20.00000000     -20.00000000     -20.00000000     -20.00000000     -20.00000000     -20.00000000     -20.00000000     -20.00000000     -20.00000000
     -20.00000000     -20.00000000     -20.00000000     -20.00000000     -20.00000000     -20.00000000     -20.00000000     -20.00000000     -20.00000000     -20.00000000     -20.00000000     -19.80000000     -19.20000000     -18.60000000     -18.00000000     -17.40000000     -16.80000000     -16.20000000     -15.60000000     -15.00000000
     -14.40000000     -13.80000000     -13.20000000     -12.60000000     -12.00000000     -11.40000000     -11.00000000     -11.00000000     -10.60000000     -10.00000000      -9.40000000      -8.80000000      -8.40000000      -8.20000000      -8.00000000      -7.80000000      -7.60000000      -7.40000000      -7.20000000      -7.00000000
      -6.80000000      -6.60000000      -6.45000000      -6.35000000      -6.25000000      -6.15000000      -6.05000000      -5.95000000      -5.85000000      -5.75000000      -5.65000000      -5.55000000      -5.47500000      -5.42500000      -5.37500000      -5.32500000      -5.27500000      -5.22500000      -5.17500000      -5.12500000
      -5.07500000      -5.02500000      -5.00000000      -5.00000000      -5.00000000      -5.00000000      -5.00000000      -5.00000000      -5.00000000      -5.00000000      -5.00000000      -5.00000000      -5.37500000      -6.12500000      -6.87500000      -7.62500000      -8.37500000      -9.12500000      -9.87500000     -10.62500000
     -11.00000000     -11.12500000     -11.00000000      -8.37500000      -5.62500000      -2.87500000      -1.12500000       1.62500000       3.38803005       4.49654961       8.15222931      12.62500000      15.42500000      18.27500000      21.12500000      23.97500000      26.82500000      29.67500000      32.52500000      35.37500000
      38.22500000      41.07500000      42.15000000      41.45000000      40.75000000      40.05000000      39.35000000      38.65000000      37.95000000      37.25000000      36.55000000      32.66598129      28.25825882      24.42121124      21.38747025      19.24559021      17.73166084      15.15000000      11.45000000       7.75000000
       4.05000000       0.35000000      -3.60000000      -9.80000000     -15.00000000     -20.00000000     -20.00000000     -20.00000000     -20.00000000     -20.00000000     -20.00000000
     -20.00000000     -20.00000000     -20.00000000     -20.00000000     -20.00000000     -20.00000000     -20.00000000     -20.00000000     -20.00000000     -20.00000000     -20.00000000     -20.00000000     -20.00000000     -20.00000000     -20.00000000     -20.00000000     -20.00000000     -20.00000000     -20.00000000     -20.00000000
     -20.00000000     -20.00000000     -20.00000000     -20.00000000     -20.00000000     -20.00000000     -20.00000000     -20.00000000     -20.00000000     -20.00000000     -19.40000000     -18.80000000     -18.20000000     -17.60000000     -17.00000000     -16.40000000     -15.80000000     -15.20000000     -14.60000000     -14.00000000
     -13.40000000     -12.80000000     -12.20000000     -11.60000000     -11.00000000     -11.00000000     -10.80000000     -10.20000000      -9.60000000      -9.00000000      -8.40000000      -7.80000000      -7.40000000      -7.20000000      -7.00000000      -6.80000000      -6.60000000      -6.40000000      -6.20000000      -6.00000000
      -5.80000000      -5.60000000      -5.47000000      -5.41000000      -5.35000000      -5.29000000      -5.23000000      -5.17000000      -5.11000000      -5.05000000      -4.99000000      -4.93000000      -4.90500000      -4.91500000      -4.92500000      -4.93500000      -4.94500000      -4.95500000      -4.96500000      -4.97500000
      -4.98500000      -4.99500000      -5.04000000      -5.12000000      -5.20000000      -5.28000000      -5.36000000      -5.44000000      -5.52000000      -5.60000000      -5.68000000      -5.76000000      -6.16500000      -6.89500000      -7.62500000      -8.35500000      -9.08500000      -9.81500000     -10.54500000     -11.00000000
     -11.00500000     -11.73500000     -11.00000000      -9.12500000      -6.47500000      -3.82500000      -2.00000000       0.47500000       3.10529041       4.20954037       7.56457996      11.07500000      13.71500000      16.34500000      18.97500000      21.60500000      24.23500000      26.86500000      29.49500000      32.12500000
      34.75500000      37.38500000      38.41000000      37.83000000      37.25000000      36.67000000      36.09000000      35.51000000      34.93000000      34.35000000      33.77000000      30.40977859      25.86207962      21.53115082      18.10277939      15.81842995      14.57369995      10.57000000       6.51000000       2.45000000
      -1.61000000      -4.67000000      -9.44000000     -13.92000000     -19.40000000     -20.00000000     -20.00000000     -20.00000000     -20.00000000     -20.00000000     -20.00000000
     -20.00000000     -20.00000000     -20.00000000     -20.00000000     -20.00000000     -20.00000000     -20.00000000     -20.00000000     -20.00000000     -20.00000000     -20.00000000     -20.00000000     -20.00000000     -20.00000000     -20.00000000     -20.00000000     -20.00000000     -20.00000000     -20.00000000     -20.00000000
     -20.00000000     -20.00000000     -20.00000000     -20.00000000     -20.00000000     -20.00000000     -20.00000000     -20.00000000     -19.60000000     -19.00000000     -18.40000000     -17.80000000     -17.20000000     -16.60000000     -16.00000000     -15.40000000     -14.80000000     -14.20000000     -13.60000000     -13.00000000
     -12.40000000     -11.80000000     -11.20000000     -11.00000000     -11.00000000     -10.40000000      -9.80000000      -9.20000000      -8.60000000      -8.00000000      -7.40000000      -6.80000000      -6.40000000      -6.20000000      -6.00000000      -5.80000000      -5.60000000      -5.40000000      -5.20000000      -5.00000000
      -4.80000000      -4.60000000      -4.49000000      -4.47000000      -4.45000000      -4.43000000      -4.41000000      -4.39000000      -4.37000000      -4.35000000      -4.33000000      -4.31000000      -4.33500000      -4.40500000      -4.47500000      -4.54500000      -4.61500000      -4.68500000      -4.75500000      -4.82500000
      -4.89500000      -4.96500000      -5.08000000      -5.24000000      -5.40000000      -5.56000000      -5.72000000      -5.88000000      -6.04000000      -6.20000000      -6.36000000      -6.52000000      -6.95500000      -7.66500000      -8.37500000      -9.08500000      -9.79500000     -10.50500000     -11.00000000     -11.00000000
     -11.63500000     -12.34500000     -11.42500000      -9.87500000      -7.32500000      -4.77500000      -2.22500000      -0.67500000       1.87500000       3.75596046       6.67218018       9.52500000      12.00500000      14.41500000      16.82500000      19.23500000      21.64500000      24.05500000      26.46500000      28.87500000
      31.28500000      33.69500000      34.67000000      34.21000000      33.75000000      33.29000000      32.83000000      32.37000000      31.91000000      31.45000000      30.99000000      28.40616989      23.44562912      19.01958084      15.40393066      13.06337929      10.41000000       5.99000000       1.57000000      -2.00000000
      -6.27000000     -10.69000000     -14.28000000     -19.04000000     -20.00000000     -20.00000000     -20.00000000     -20.00000000     -20.00000000     -20.00000000     -20.00000000
     -20.00000000     -20.00000000     -20.00000000     -20.00000000     -20.00000000     -20.00000000     -20.00000000     -20.00000000     -20.00000000     -20.00000000     -20.00000000     -20.00000000     -20.00000000     -20.00000000     -20.00000000     -20.00000000     -20.00000000     -20.00000000     -20.00000000     -20.00000000
     -20.00000000     -20.00000000     -20.00000000     -20.00000000     -20.00000000     -20.00000000     -19.80000000     -19.20000000     -18.60000000     -18.00000000     -17.40000000     -16.80000000     -16.20000000     -15.60000000     -15.00000000     -14.40000000     -13.80000000     -13.20000000     -12.60000000     -12.00000000
     -11.40000000     -11.00000000     -11.00000000     -10.60000000     -10.00000000      -9.40000000      -8.80000000      -8.20000000      -7.60000000      -7.00000000      -6.40000000      -5.80000000      -5.40000000      -5.20000000      -5.00000000      -4.80000000      -4.60000000      -4.40000000      -4.20000000      -4.00000000
      -3.80000000      -3.60000000      -3.51000000      -3.53000000      -3.55000000      -3.57000000      -3.59000000      -3.61000000      -3.63000000      -3.65000000      -3.67000000      -3.69000000      -3.76500000      -3.89500000      -4.02500000      -4.15500000      -4.28500000      -4.41500000      -4.54500000      -4.67500000
      -4.80500000      -4.93500000      -5.12000000      -5.36000000      -5.60000000      -5.84000000      -6.08000000      -6.32000000      -6.56000000      -6.80000000      -7.04000000      -7.28000000      -7.74500000      -8.43500000      -9.12500000      -9.81500000     -10.50500000     -11.00000000     -11.00000000     -11.57500000
     -12.26500000     -12.95500000     -12.07500000     -10.62500000      -8.17500000      -5.72500000      -3.27500000      -1.82500000       0.62500000       3.07500000       5.45201015       7.97500000      10.29500000      12.48500000      14.67500000      16.86500000      19.05500000      21.24500000      23.43500000      25.62500000
      27.81500000      30.00500000      30.93000000      30.59000000      30.25000000      29.91000000      29.57000000      29.23000000      28.89000000      28.55000000      28.21000000      25.58607101      21.06106949      16.68976974      13.06049919      10.65282059       6.19000000       1.41000000      -2.37000000      -7.15000000
     -11.00000000     -15.71000000     -20.00000000     -20.00000000     -20.00000000     -20.00000000     -20.00000000     -20.00000000     -20.00000000     -20.00000000     -20.00000000
     -20.00000000     -20.00000000     -20.00000000     -20.00000000     -20.00000000     -20.00000000     -20.00000000     -20.00000000     -20.00000000     -20.00000000     -20.00000000     -20.00000000     -20.00000000     -20.00000000     -20.00000000     -20.00000000     -20.00000000     -20.00000000     -20.00000000     -20.00000000
     -20.00000000     -20.00000000     -20.00000000     -20.00000000     -20.00000000     -19.40000000     -18.80000000     -18.20000000     -17.60000000     -17.00000000     -16.40000000     -15.80000000     -15.20000000     -14.60000000     -14.00000000     -13.40000000     -12.80000000     -12.20000000     -11.60000000     -11.00000000
     -11.00000000     -10.80000000     -10.20000000      -9.60000000      -9.00000000      -8.40000000      -7.80000000      -7.20000000      -6.60000000      -6.00000000      -5.40000000      -4.80000000      -4.40000000      -4.20000000      -4.00000000      -3.80000000      -3.60000000      -3.40000000      -3.20000000      -3.00000000
      -2.80000000      -2.60000000      -2.53000000      -2.59000000      -2.65000000      -2.71000000      -2.77000000      -2.83000000      -2.89000000      -2.95000000      -3.01000000      -3.07000000      -3.19500000      -3.38500000      -3.57500000      -3.76500000      -3.95500000      -4.14500000      -4.33500000      -4.52500000
      -4.71500000      -4.90500000      -5.16000000      -5.48000000      -5.80000000      -6.12000000      -6.44000000      -6.76000000      -7.08000000      -7.40000000      -7.72000000      -8.04000000      -8.53500000      -9.20500000      -9.87500000     -10.54500000     -11.00000000     -11.00000000     -11.55500000     -12.22500000
     -12.89500000     -13.56500000     -12.72500000     -11.00000000      -9.02500000      -6.67500000      -4.32500000      -2.00000000      -0.62500000       1.72500000       3.70468998       6.42500000       8.58500000      10.55500000      12.52500000      14.49500000      16.46500000      18.43500000      20.40500000      22.37500000
      24.34500000      26.31500000      27.19000000      26.97000000      26.75000000      26.53000000      26.31000000      26.09000000      25.87000000      25.65000000      25.43000000      22.70140076      18.51106071      14.33050919      10.85051918       7.11000000       1.97000000      -2.17000000      -7.31000000     -11.45000000
     -16.59000000     -20.00000000     -20.00000000     -20.00000000     -20.00000000     -20.00000000     -20.00000000     -20.00000000     -20.00000000     -20.00000000     -20.00000000
     -20.00000000     -20.00000000     -20.00000000     -20.00000000     -20.00000000     -20.00000000     -20.00000000     -20.00000000     -20.00000000     -20.00000000     -20.00000000     -20.00000000     -20.00000000     -20.00000000     -20.00000000     -20.00000000     -20.00000000     -20.00000000     -20.00000000     -20.00000000
     -20.00000000     -20.00000000     -20.00000000     -19.60000000     -19.00000000     -18.40000000     -17.80000000     -17.20000000     -16.60000000     -16.00000000     -15.40000000     -14.80000000     -14.20000000     -13.60000000     -13.00000000     -12.40000000     -11.80000000     -11.20000000     -11.00000000     -11.00000000
     -10.40000000      -9.80000000      -9.20000000      -8.60000000      -8.00000000      -7.40000000      -6.80000000      -6.20000000      -5.60000000      -5.00000000      -4.40000000      -3.80000000      -3.40000000      -3.20000000      -3.00000000      -2.80000000      -2.60000000      -2.40000000      -2.20000000      -2.00000000
      -2.00000000      -2.00000000      -2.00000000      -2.00000000      -2.00000000      -2.00000000      -2.00000000      -2.05000000      -2.15000000      -2.25000000      -2.35000000      -2.45000000      -2.62500000      -2.87500000      -3.12500000      -3.37500000      -3.62500000      -3.87500000      -4.12500000      -4.37500000
      -4.62500000      -4.87500000      -5.20000000      -5.60000000      -6.00000000      -6.40000000      -6.80000000      -7.20000000      -7.60000000      -8.00000000      -8.40000000      -8.80000000      -9.32500000      -9.97500000     -10.62500000     -11.00000000     -11.00000000     -11.57500000     -12.22500000     -12.87500000
     -13.52500000     -14.17500000     -13.37500000     -11.12500000      -9.87500000      -7.62500000      -5.37500000      -3.12500000      -1.87500000       0.37500000       2.48635006       4.87500000       6.87500000       8.62500000      10.37500000      12.12500000      13.87500000      15.62500000      17.37500000      19.12500000
      20.87500000      22.62500000      22.44404984      22.87445068      23.25000000      23.15000000      23.05000000      22.95000000      22.85000000      22.75000000      22.65000000      19.38306999      15.71644974      11.85495949       8.45486069       3.25000000      -2.00000000      -6.75000000     -11.25000000     -16.75000000
     -20.00000000     -20.00000000     -20.00000000     -20.00000000     -20.00000000     -20.00000000     -20.00000000     -20.00000000     -20.00000000     -20.00000000     -20.00000000
     -20.00000000     -20.00000000     -20.00000000     -20.00000000     -20.00000000     -20.00000000     -20.00000000     -20.00000000     -20.00000000     -20.00000000     -20.00000000     -20.00000000     -20.00000000     -20.00000000     -20.00000000     -20.00000000     -20.00000000     -20.00000000     -20.00000000     -20.00000000
     -20.00000000     -19.71500000     -19.20000000     -18.60000000     -18.00000000     -17.40000000     -16.80000000     -16.20000000     -15.60000000     -15.00000000     -14.40000000     -13.80000000     -13.20000000     -12.60000000     -12.00000000     -11.40000000     -11.00000000     -11.00000000     -10.60000000     -10.00000000
      -9.40000000      -8.80000000      -8.20000000      -7.60000000      -7.00000000      -6.40000000      -5.80000000      -5.20000000      -4.60000000      -4.00000000      -3.40000000      -2.80000000      -2.40000000      -2.20000000      -2.00000000      -2.00000000      -2.00000000      -2.00000000      -2.00000000      -2.00000000
      -1.80000000      -1.60000000      -1.57000000      -1.71000000      -1.85000000      -1.99000000      -2.00000000      -2.00000000      -2.00000000      -2.00000000      -2.00000000      -2.00000000      -2.05500000      -2.36500000      -2.67500000      -2.98500000      -3.29500000      -3.60500000      -3.91500000      -4.22500000
      -4.53500000      -4.84500000      -5.24000000      -5.72000000      -6.20000000      -6.68000000      -7.16000000      -7.64000000      -8.12000000      -8.60000000      -9.08000000      -9.56000000     -10.11500000     -10.74500000     -11.00000000     -11.00500000     -11.63500000     -12.26500000     -12.89500000     -13.52500000
     -14.15500000     -14.78500000     -14.02500000     -11.87500000     -10.72500000      -8.57500000      -6.42500000      -4.27500000      -2.12500000      -0.97500000       1.17500000       2.26525021       5.16500000       6.69500000       8.22500000       9.75500000      11.28500000      12.81500000      14.34500000      15.87500000
      17.40500000      18.58876038      17.60005951      18.12659073      19.75000000      19.77000000      19.79000000      19.81000000      19.83000000      19.85000000      19.59427071      16.34592056      12.85272026       9.29476929       5.25000000      -0.61000000      -5.47000000     -11.00000000     -16.19000000     -20.00000000
     -20.00000000     -20.00000000     -20.00000000     -20.00000000     -20.00000000     -20.00000000     -20.00000000     -20.00000000     -20.00000000     -20.00000000     -20.00000000
     -20.00000000     -20.00000000     -20.00000000     -20.00000000     -20.00000000     -20.00000000     -20.00000000     -20.00000000     -20.00000000     -20.00000000     -20.00000000     -20.00000000     -20.00000000     -20.00000000     -20.00000000     -20.00000000     -20.00000000     -20.00000000     -19.93500000     -19.52500000
     -19.11500000     -18.70500000     -18.20000000     -17.60000000     -17.00000000     -16.40000000     -15.80000000     -15.20000000     -14.60000000     -14.00000000     -13.40000000     -12.80000000     -12.20000000     -11.60000000     -11.00000000     -11.00000000     -10.80000000     -10.20000000      -9.60000000      -9.00000000
      -8.40000000      -7.80000000      -7.20000000      -6.60000000      -6.00000000      -5.40000000      -4.80000000      -4.20000000      -3.60000000      -3.00000000      -2.40000000      -2.00000000      -2.00000000      -2.00000000      -2.00000000      -1.80000000      -1.60000000      -1.40000000      -1.20000000      -1.00000000
      -0.80000000      -0.60000000      -0.59000000      -0.77000000      -0.95000000      -1.13000000      -1.31000000      -1.49000000      -1.67000000      -1.85000000      -2.00000000      -2.00000000      -2.00000000      -2.00000000      -2.22500000      -2.59500000      -2.96500000      -3.33500000      -3.70500000      -4.07500000
      -4.44500000      -4.81500000      -5.28000000      -5.84000000      -6.40000000      -6.96000000      -7.52000000      -8.08000000      -8.64000000      -9.20000000      -9.76000000     -10.32000000     -10.90500000     -11.00000000     -11.12500000     -11.73500000     -12.34500000     -12.95500000     -13.56500000     -14.17500000
     -14.78500000     -15.39500000     -14.67500000     -12.62500000     -11.00000000      -9.52500000      -7.47500000      -5.42500000      -3.37500000      -2.00000000      -0.27500000       1.03229046       1.88449955       3.33955002       4.66537952       6.22035980       8.16991997      10.00500000      11.31500000      12.62500000
      13.87697983      13.72007942      12.81741905      13.37509918      15.32341003      16.39000000      16.53000000      16.67000000      16.81000000      16.95000000      16.64596939      13.74048996      10.14493942       6.81746006       1.75000000      -3.47000000      -9.69000000     -14.91000000     -20.00000000     -20.00000000
     -20.00000000     -20.00000000     -20.00000000     -20.00000000     -20.00000000     -20.00000000     -20.00000000     -20.00000000     -20.00000000     -20.00000000     -20.00000000
     -20.00000000     -20.00000000     -20.00000000     -20.00000000     -20.00000000     -20.00000000     -20.00000000     -20.00000000     -20.00000000     -20.00000000     -20.00000000     -20.00000000     -20.00000000     -20.00000000     -20.00000000     -20.00000000     -19.60000000     -19.20000000     -18.80000000     -18.40000000
     -18.00000000     -17.60000000     -17.07500000     -16.42500000     -15.77500000     -15.12500000     -14.47500000     -13.82500000     -13.17500000     -12.52500000     -11.87500000     -11.22500000     -11.00000000     -11.00000000     -10.45000000      -9.87000000      -9.29000000      -8.71000000      -8.13000000      -7.55000000
      -6.97000000      -6.39000000      -5.80000000      -5.20000000      -4.60000000      -4.00000000      -3.40000000      -2.80000000      -2.20000000      -2.00000000      -2.00000000      -1.40000000      -0.98500000      -0.75500000      -0.52500000      -0.29500000      -0.06500000       0.16500000       0.39500000       0.62500000
       0.85500000       1.08500000       1.15000000       1.05000000       0.95000000       0.85000000       0.75000000       0.65000000       0.55000000       0.45000000       0.35000000       0.25000000      -0.07000000      -0.61000000      -1.15000000      -1.69000000      -2.00000000      -2.00000000      -2.31000000      -2.85000000
      -3.39000000      -3.93000000      -4.56000000      -5.28000000      -6.00000000      -6.72000000      -7.44000000      -8.16000000      -8.88000000      -9.60000000     -10.32000000     -11.00000000     -11.00000000     -11.31500000     -11.92500000     -12.53500000     -13.14500000     -13.75500000     -14.36500000     -14.97500000
     -15.58500000     -16.19500000     -15.55500000     -13.66500000     -11.77500000     -10.88500000      -8.99500000      -7.10500000      -5.21500000      -3.32500000      -2.00000000      -0.54500000       0.59348011       0.81087971       1.94176960       3.22093010       4.93904018       6.50500000       7.61500000       8.72500000
       9.32464981       9.30677032       9.08742905       9.86569023      11.17588043      12.06000000      12.22000000      12.38000000      12.54000000      12.70000000      12.86000000      11.37595940       7.85653019       3.95000000      -2.00000000      -7.25000000     -12.35000000     -18.45000000     -20.00000000     -20.00000000
     -20.00000000     -20.00000000     -20.00000000     -20.00000000     -20.00000000     -20.00000000     -20.00000000     -20.00000000     -20.00000000     -20.00000000     -20.00000000
     -20.00000000     -20.00000000     -20.00000000     -20.00000000     -20.00000000     -20.00000000     -20.00000000     -20.00000000     -20.00000000     -20.00000000     -20.00000000     -20.00000000     -20.00000000     -19.60000000     -19.20000000     -18.80000000     -18.40000000     -18.00000000     -17.60000000     -17.20000000
     -16.80000000     -16.40000000     -15.82500000     -15.07500000     -14.32500000     -13.57500000     -12.82500000     -12.07500000     -11.32500000     -11.00000000     -10.82500000     -10.07500000      -9.43000000      -8.89000000      -8.35000000      -7.81000000      -7.27000000      -6.73000000      -6.19000000      -5.65000000
      -5.11000000      -4.57000000      -4.00000000      -3.40000000      -2.80000000      -2.20000000      -2.00000000      -2.00000000      -1.40000000      -0.80000000      -0.20000000       0.40000000       0.84500000       1.13500000       1.42500000       1.43381023       1.46837044       1.45746040       1.51482010       1.51568985
       1.51688957       1.51404953       1.51774025       1.52915955       1.50667000       1.52320957       1.54668999       1.54074001       1.49794960       1.48241997       1.46568012       1.45454025       1.73857975       2.28184032       2.38545036       1.73000000       0.91000000       0.09000000      -0.73000000      -1.55000000
      -2.00000000      -2.19000000      -3.08000000      -4.04000000      -5.00000000      -5.96000000      -6.92000000      -7.88000000      -8.84000000      -9.80000000     -10.76000000     -11.00000000     -11.51500000     -12.14500000     -12.77500000     -13.40500000     -14.03500000     -14.66500000     -15.29500000     -15.92500000
     -16.55500000     -17.18500000     -16.66500000     -14.99500000     -13.32500000     -11.65500000     -10.98500000      -9.31500000      -7.64500000      -5.97500000      -4.30500000      -2.63500000      -2.00000000      -1.40500000      -0.47500000       0.45500000       1.38500000       2.31500000       3.24500000       4.17500000
       5.10500000       5.58983040       5.97235012       6.14492035       6.70000000       6.78000000       6.86000000       6.94000000       7.02000000       7.10000000       7.18000000       7.26000000       4.55000000      -0.95000000      -5.45000000     -10.95000000     -15.45000000     -20.00000000     -20.00000000     -20.00000000
     -20.00000000     -20.00000000     -20.00000000     -20.00000000     -20.00000000     -20.00000000     -20.00000000     -20.00000000     -20.00000000     -20.00000000     -20.00000000
     -20.00000000     -20.00000000     -20.00000000     -20.00000000     -20.00000000     -20.00000000     -20.00000000     -20.00000000     -20.00000000     -20.00000000     -19.90000000     -19.30000000     -18.80000000     -18.40000000     -18.00000000     -17.60000000     -17.20000000     -16.80000000     -16.40000000     -16.00000000
     -15.60000000     -15.20000000     -14.57500000     -13.72500000     -12.87500000     -12.02500000     -11.17500000     -11.00000000     -10.47500000      -9.62500000      -8.77500000      -7.92500000      -7.25000000      -6.75000000      -6.25000000      -5.75000000      -5.25000000      -4.75000000      -4.25000000      -3.75000000
      -3.25000000      -2.75000000      -2.20000000      -2.00000000      -2.00000000      -1.40000000      -0.80000000      -0.20000000       0.40000000       1.00000000       1.60000000       1.58699989       1.56711006       1.53785038       1.50568008       1.46586037       1.48219967       1.47754002       1.50924015       1.55152988
       1.58718014       1.61452961       1.61662006       1.58930016       1.58660030       1.60540962       1.70893002       1.66007042       1.61528015       1.59037971       1.58617973       1.62850952       1.74833965       1.90915012       2.12817001       2.29413033       2.41851997       2.26239014       1.85000000       0.75000000
      -0.35000000      -1.45000000      -2.00000000      -2.80000000      -4.00000000      -5.20000000      -6.40000000      -7.60000000      -8.80000000     -10.00000000     -11.00000000     -11.40000000     -12.32500000     -12.97500000     -13.62500000     -14.27500000     -14.92500000     -15.57500000     -16.22500000     -16.87500000
     -17.52500000     -18.17500000     -17.77500000     -16.32500000     -14.87500000     -13.42500000     -11.97500000     -11.00000000     -10.07500000      -8.62500000      -7.17500000      -5.72500000      -4.62500000      -3.87500000      -3.12500000      -2.37500000      -2.00000000      -1.87500000      -1.12500000      -0.37500000
       0.37500000       1.12500000       1.50000000       1.50000000       1.50000000       1.50000000       1.50000000       1.50000000       1.50000000       1.50000000       1.50000000       1.50000000      -0.95000000      -4.85000000      -9.75000000     -13.65000000     -18.55000000     -20.00000000     -20.00000000     -20.00000000
     -20.00000000     -20.00000000     -20.00000000     -20.00000000     -20.00000000     -20.00000000     -20.00000000     -20.00000000     -20.00000000     -20.00000000     -20.00000000
     -20.00000000     -20.00000000     -20.00000000     -20.00000000     -20.00000000     -20.00000000     -20.00000000     -20.00000000     -19.90000000     -19.30000000     -18.70000000     -18.10000000     -17.60000000     -17.20000000     -16.80000000     -16.40000000     -16.00000000     -15.60000000     -15.20000000     -14.80000000
     -14.40000000     -14.00000000     -13.32500000     -12.37500000     -11.42500000     -11.00000000     -10.52500000      -9.57500000      -8.62500000      -7.67500000      -6.72500000      -5.77500000      -5.07000000      -4.61000000      -4.15000000      -3.69000000      -3.23000000      -2.77000000      -2.31000000      -2.00000000
      -2.00000000      -1.93000000      -1.40000000      -0.80000000      -0.20000000       0.40000000       1.00000000       1.60000000       1.99193001       1.96033955       1.88465977       1.79757023       1.74956989       1.73645020       1.70666027       1.69468975       1.80241013       1.97552967       2.08687019       2.05533981
       2.08279037       2.09381008       2.04913998       2.01599026       1.99036980       2.02791023       2.13922977       2.15318012       1.91693020       1.80862999       1.82273960       1.94645023       1.96072960       2.21434021       2.37712002       1.99063015       1.98169994       2.16666031       2.11287975       2.09533978
       1.67000000       0.29000000      -1.12000000      -2.00000000      -3.00000000      -4.44000000      -5.88000000      -7.32000000      -8.76000000     -10.20000000     -11.00000000     -12.08000000     -13.13500000     -13.80500000     -14.47500000     -15.14500000     -15.81500000     -16.48500000     -17.15500000     -17.82500000
     -18.49500000     -19.16500000     -18.88500000     -17.65500000     -16.42500000     -15.19500000     -13.96500000     -12.73500000     -11.50500000     -11.00000000     -10.04500000      -8.81500000      -7.91500000      -7.34500000      -6.77500000      -6.20500000      -5.63500000      -5.06500000      -4.49500000      -3.92500000
      -3.35500000      -2.78500000      -2.54000000      -2.62000000      -2.70000000      -2.78000000      -2.86000000      -2.94000000      -3.02000000      -3.10000000      -3.18000000      -3.26000000      -5.45000000      -9.75000000     -13.05000000     -17.35000000     -20.00000000     -20.00000000     -20.00000000     -20.00000000
     -20.00000000     -20.00000000     -20.00000000     -20.00000000     -20.00000000     -20.00000000     -20.00000000     -20.00000000     -20.00000000     -20.00000000     -20.00000000
     -20.00000000     -20.00000000     -20.00000000     -20.00000000     -20.00000000     -20.00000000     -19.90000000     -19.30000000     -18.70000000     -18.10000000     -17.50000000     -16.90000000     -16.40000000     -16.00000000     -15.60000000     -15.20000000     -14.80000000     -14.40000000     -14.00000000     -13.60000000
     -13.20000000     -12.80000000     -12.07500000     -11.02500000     -10.97500000      -9.92500000      -8.87500000      -7.82500000      -6.77500000      -5.72500000      -4.67500000      -3.62500000      -2.89000000      -2.47000000      -2.05000000      -2.00000000      -2.00000000      -1.79000000      -1.37000000      -0.95000000
      -0.53000000      -0.11000000       0.40000000       1.00000000       1.60000000       2.20000000       2.80000000       2.76597023       2.68754005       2.47739029       2.38459969       2.41258049       2.30095005       2.35445976       2.20911026       2.21356010       2.75798035       3.83553028       4.31985950       4.12077999
       3.20209980       2.81054020       2.70471001       2.66788960       2.65291023       2.72467995       2.95917034       3.05799961       2.77849007       2.68432045       3.17695999       4.08672047       5.02696037       6.34274960       6.29734039       4.69639015       3.58553982       3.06620026       2.83928967       2.87543964
       3.15871048       2.03000000       0.36000000      -1.32000000      -2.00000000      -3.68000000      -5.36000000      -7.04000000      -8.72000000     -10.40000000     -11.08000000     -12.76000000     -13.94500000     -14.63500000     -15.32500000     -16.01500000     -16.70500000     -17.39500000     -18.08500000     -18.77500000
     -19.46500000     -20.00000000     -19.99500000     -18.98500000     -17.97500000     -16.96500000     -15.95500000     -14.94500000     -13.93500000     -12.92500000     -11.91500000     -11.00000000     -11.00000000     -10.81500000     -10.42500000     -10.03500000      -9.64500000      -9.25500000      -8.86500000      -8.47500000
      -8.08500000      -7.69500000      -7.58000000      -7.74000000      -7.90000000      -8.06000000      -8.22000000      -8.38000000      -8.54000000      -8.70000000      -8.86000000      -9.02000000     -10.95000000     -13.65000000     -17.35000000     -20.00000000     -20.00000000     -20.00000000     -20.00000000     -20.00000000
     -20.00000000     -20.00000000     -20.00000000     -20.00000000     -20.00000000     -20.00000000     -20.00000000     -20.00000000     -20.00000000     -20.00000000     -20.00000000
     -20.00000000     -20.00000000     -20.00000000     -20.00000000     -19.90000000     -19.30000000     -18.70000000     -18.10000000     -17.50000000     -16.90000000     -16.30000000     -15.70000000     -15.20000000     -14.80000000     -14.40000000     -14.00000000     -13.60000000     -13.20000000     -12.80000000     -12.40000000
     -12.00000000     -11.60000000     -11.00000000     -10.67500000      -9.52500000      -8.37500000      -7.22500000      -6.07500000      -4.92500000      -3.77500000      -2.62500000      -2.00000000      -1.71000000      -1.33000000      -0.95000000      -0.57000000      -0.19000000       0.19000000       0.57000000       0.95000000
       1.33000000       1.71000000       2.20000000       2.80000000       3.40000000       3.40985012       3.36332035       3.15176964       3.08016968       2.97148037       2.93400002       3.06114960       3.14064980       3.21984005       3.25516033       3.90524006       5.53512001       7.30543041       7.48810005       6.82750988
       4.67228985       3.61997986       3.47381020       3.40608025       3.34121990       3.39929962       3.85264969       4.46105003       5.03470993       6.38006020       7.92943001       9.17794991      10.23859978      10.32461929       6.76996040       5.25030994       4.18846989       3.58633041       3.38156986       3.32048988
       3.50026035       3.57184982       1.84000000      -0.08000000      -2.00000000      -2.92000000      -4.84000000      -6.76000000      -8.68000000     -10.60000000     -11.52000000     -13.44000000     -14.75500000     -15.46500000     -16.17500000     -16.88500000     -17.59500000     -18.30500000     -19.01500000     -19.72500000
     -20.00000000     -20.00000000     -20.00000000     -20.00000000     -19.52500000     -18.73500000     -17.94500000     -17.15500000     -16.36500000     -15.57500000     -14.78500000     -13.99500000     -13.49500000     -13.28500000     -13.07500000     -12.86500000     -12.65500000     -12.44500000     -12.23500000     -12.02500000
     -11.81500000     -11.60500000     -11.62000000     -11.86000000     -12.10000000     -12.34000000     -12.58000000     -12.82000000     -13.06000000     -13.30000000     -13.54000000     -13.78000000     -15.45000000     -18.55000000     -20.00000000     -20.00000000     -20.00000000     -20.00000000     -20.00000000     -20.00000000
     -20.00000000     -20.00000000     -20.00000000     -20.00000000     -20.00000000     -20.00000000     -20.00000000     -20.00000000     -20.00000000     -20.00000000     -20.00000000
     -20.00000000     -20.00000000     -19.90000000     -19.30000000     -18.70000000     -18.10000000     -17.50000000     -16.90000000     -16.30000000     -15.70000000     -15.10000000     -14.50000000     -14.00000000     -13.60000000     -13.20000000     -12.80000000     -12.40000000     -12.00000000     -11.60000000     -11.20000000
     -11.00000000     -11.00000000     -10.57500000      -9.32500000      -8.07500000      -6.82500000      -5.57500000      -4.32500000      -3.07500000      -2.00000000      -1.57500000      -0.32500000       0.37662983      -0.03554010       1.00899029       1.09587955       1.28289032       1.88556004       2.51000000       2.75772953
       2.81427956       2.86056042       2.88895988       3.15536976       3.95320988       3.95932961       3.95925999       3.93877983       3.71774006       3.45143032       3.27408028       3.48054028       3.92549038       4.28932953       4.97327995       6.47101021       8.71039009      10.28918076      10.22583961       8.89942932
       6.65876961       5.86143970       6.83392048       7.35793018       7.22177029       7.10859966       7.35688019       7.69361019       9.49917030      10.86445045      13.17708015      15.11845016      16.86661911      17.22664070      11.85153961       5.41884995       4.24936962       3.80463028       3.61833000       3.63551998
       3.69760990       3.74271011       3.32000000       1.16000000      -1.00000000      -2.16000000      -4.32000000      -6.48000000      -8.64000000     -10.80000000     -11.96000000     -14.12000000     -15.56500000     -16.29500000     -17.02500000     -17.75500000     -18.48500000     -19.21500000     -19.94500000     -20.00000000
     -20.00000000     -20.00000000     -20.00000000     -20.00000000     -20.00000000     -20.00000000     -19.93500000     -19.36500000     -18.79500000     -18.22500000     -17.65500000     -17.08500000     -16.78500000     -16.75500000     -16.72500000     -16.69500000     -16.66500000     -16.63500000     -16.60500000     -16.57500000
     -16.54500000     -16.51500000     -16.66000000     -16.98000000     -17.30000000     -17.62000000     -17.94000000     -18.26000000     -18.58000000     -18.90000000     -19.22000000     -19.54000000     -20.00000000     -20.00000000     -20.00000000     -20.00000000     -20.00000000     -20.00000000     -20.00000000     -20.00000000
     -20.00000000     -20.00000000     -20.00000000     -20.00000000     -20.00000000     -20.00000000     -20.00000000     -20.00000000     -20.00000000     -20.00000000     -20.00000000
     -19.97500000     -19.32500000     -18.70000000     -18.10000000     -17.50000000     -16.90000000     -16.30000000     -15.70000000     -15.10000000     -14.50000000     -13.90000000     -13.30000000     -12.80000000     -12.40000000     -12.00000000     -11.60000000     -11.20000000     -11.00000000     -11.00000000     -11.00000000
     -10.60000000     -10.20000000      -9.32500000      -7.97500000      -6.62500000      -5.27500000      -3.92500000      -2.57500000      -2.00000000      -0.87500000       0.47500000       0.08864975       0.41127014       1.02851009       1.12326050       1.40153980       2.26632023       2.88786983       3.58051014       3.90402031
       3.44983959       2.83841991       2.61997032       2.82419014       3.80784988       4.09860992       4.15511990       4.18354988       4.09025955       3.91154003       3.70508957       4.68142986       6.15762997       6.87310028       7.50930023       8.92514992      11.36215019      12.88484001      12.74892998      10.92745972
       8.79174042       9.14359093      10.90925026      12.26837921      12.96348953      13.15653992      12.90191078      12.48983002      14.14521980      16.63932991      18.70058060      20.61841011      22.57329941      23.46608925      19.01608086       6.95423031       4.33823013       4.10956001       3.85258961       3.85521984
       3.94163036       3.95154953       4.05183029       2.40000000  -5.18409760E-11      -2.00000000      -3.80000000      -6.20000000      -8.60000000     -11.00000000     -12.40000000     -14.80000000     -16.37500000     -17.12500000     -17.87500000     -18.62500000     -19.37500000     -20.00000000     -20.00000000     -20.00000000
     -20.00000000     -20.00000000     -20.00000000     -20.00000000     -20.00000000     -20.00000000     -20.00000000     -20.00000000     -20.00000000     -20.00000000     -20.00000000     -20.00000000     -20.00000000     -20.00000000     -20.00000000     -20.00000000     -20.00000000     -20.00000000     -20.00000000     -20.00000000
     -20.00000000     -20.00000000     -20.00000000     -20.00000000     -20.00000000     -20.00000000     -20.00000000     -20.00000000     -20.00000000     -20.00000000     -20.00000000     -20.00000000     -20.00000000     -20.00000000     -20.00000000     -20.00000000     -20.00000000     -20.00000000     -20.00000000     -20.00000000
     -20.00000000     -20.00000000     -20.00000000     -20.00000000     -20.00000000     -20.00000000     -20.00000000     -20.00000000     -20.00000000     -20.00000000     -20.00000000
     -18.74500000     -18.11500000     -17.50000000     -16.90000000     -16.30000000     -15.70000000     -15.10000000     -14.50000000     -13.90000000     -13.30000000     -12.70000000     -12.10000000     -11.60000000     -11.20000000     -11.00000000     -11.00000000     -11.00000000     -10.60000000     -10.20000000      -9.80000000
      -9.40000000      -9.00000000      -8.07500000      -6.62500000      -5.17500000      -3.72500000      -2.27500000      -1.82500000      -0.37500000       1.07500000       0.14371014       0.96708965       1.44659042       1.77785969       2.26346970       2.63346004       2.86233044       4.50979042       5.37584019       5.80671978
       5.06064034       3.42982006       2.74145031       2.73367977       3.12395954       3.67113018       4.17352009       4.30692005       4.18157005       4.18358994       4.89449024       6.75695992       8.69743919       9.57987022       9.92524910      11.84411049      14.67856026      15.38089943      14.79314995      12.75363922
      11.21830940      12.44120026      15.02820015      17.52470970      17.94253922      17.79290962      17.75001907      17.56677055      20.25991058      21.73045921      23.98282051      25.67631912      27.67406082      28.99982834      23.72089958       8.70235062       4.39210987       4.28689003       4.24400043       4.19680977
       4.14140034       4.11001015       4.29298019       3.64000000       1.00000000      -1.64000000      -3.28000000      -5.92000000      -8.56000000     -11.00000000     -12.84000000     -15.48000000     -17.18500000     -17.95500000     -18.72500000     -19.49500000     -20.00000000     -20.00000000     -20.00000000     -20.00000000
     -20.00000000     -20.00000000     -20.00000000     -20.00000000     -20.00000000     -20.00000000     -20.00000000     -20.00000000     -20.00000000     -20.00000000     -20.00000000     -20.00000000     -20.00000000     -20.00000000     -20.00000000     -20.00000000     -20.00000000     -20.00000000     -20.00000000     -20.00000000
     -20.00000000     -20.00000000     -20.00000000     -20.00000000     -20.00000000     -20.00000000     -20.00000000     -20.00000000     -20.00000000     -20.00000000     -20.00000000     -20.00000000     -20.00000000     -20.00000000     -20.00000000     -20.00000000     -20.00000000     -20.00000000     -20.00000000     -20.00000000
     -20.00000000     -20.00000000     -20.00000000     -20.00000000     -20.00000000     -20.00000000     -20.00000000     -20.00000000     -20.00000000     -20.00000000     -20.00000000
     -17.51500000     -16.90500000     -16.30000000     -15.70000000     -15.10000000     -14.50000000     -13.90000000     -13.30000000     -12.70000000     -12.10000000     -11.50000000     -11.00000000     -11.00000000     -11.00000000     -10.60000000     -10.20000000      -9.80000000      -9.40000000      -9.00000000      -8.60000000
      -8.20000000      -7.80000000      -6.82500000      -5.27500000      -3.72500000      -2.17500000      -1.62500000      -0.07500000       0.83800030       0.27700996       1.17319012       1.63959980       2.52501011       2.86157036       3.06593037       3.07273960       3.38535023       5.22008991       7.07145023       7.38088989
       6.76574039       4.49378014       3.03606987       2.85711956       3.00271034       3.20331955       3.61102009       4.18904972       4.34197998       4.62450027       6.56268024       8.98974037      11.01266098      12.10087967      13.63324928      15.26725006      16.33408928      16.44565010      16.10747910      14.50008965
      13.97595024      15.45615959      18.80429077      20.75041008      22.46599960      23.44824982      24.08263016      24.35380173      26.28279877      27.53948975      29.70838928      31.98379135      33.42794037      33.99996185      28.54312897      10.98850060       4.58143044       4.46488953       4.53125000       4.42098045
       4.49868011       4.50432014       4.66475010       4.77422047       2.00000000      -0.88000000      -2.76000000      -5.64000000      -8.52000000     -11.00000000     -13.28000000     -16.16000000     -17.99500000     -18.78500000     -19.57500000     -20.00000000     -20.00000000     -20.00000000     -20.00000000     -20.00000000
     -20.00000000     -20.00000000     -20.00000000     -20.00000000     -20.00000000     -20.00000000     -20.00000000     -20.00000000     -20.00000000     -20.00000000     -20.00000000     -20.00000000     -20.00000000     -20.00000000     -20.00000000     -20.00000000     -20.00000000     -20.00000000     -20.00000000     -20.00000000
     -20.00000000     -20.00000000     -20.00000000     -20.00000000     -20.00000000     -20.00000000     -20.00000000     -20.00000000     -20.00000000     -20.00000000     -20.00000000     -20.00000000     -20.00000000     -20.00000000     -20.00000000     -20.00000000     -20.00000000     -20.00000000     -20.00000000     -20.00000000
     -20.00000000     -20.00000000     -20.00000000     -20.00000000     -20.00000000     -20.00000000     -20.00000000     -20.00000000     -20.00000000     -20.00000000     -20.00000000
     -16.37000000     -15.79000000     -15.20000000     -14.60000000     -14.00000000     -13.40000000     -12.80000000     -12.20000000     -11.60000000     -11.00000000     -11.00000000     -10.80000000     -10.27500000      -9.82500000      -9.37500000      -8.92500000      -8.47500000      -8.02500000      -7.57500000      -7.12500000
      -6.67500000      -6.22500000      -5.21000000      -3.63000000      -2.05000000      -1.47000000       0.11000000       0.55233002       0.56394958       1.63852024       1.94845009       2.85591030       3.67168999       4.04615021       3.83355999       4.19225025       5.04652023       6.54069042       8.31024933       8.75746918
       8.15427017       5.50804996       3.48612022       3.15837002       3.31320000       3.44209957       3.83084011       4.26974964       4.56175995       5.35151958       7.96010017      10.98613930      13.04690933      14.03339958      15.09008026      16.44784927      17.92584991      18.08023071      17.69660950      16.48955917
      16.29997063      18.55389023      21.43313980      24.02096939      25.74147034      27.16559982      28.70745850      30.12960815      31.60694122      33.17538834      34.62815094      36.64307022      37.91062927      37.57500000      33.06301117      14.23628998       4.90567017       4.74557972       4.81519985       4.76189995
       4.90450954       4.91110992       5.09389019       5.69468021       3.47500000       0.54500000      -2.00000000      -4.31500000      -7.24500000     -10.17500000     -12.10500000     -15.03500000     -16.99000000     -17.97000000     -18.95000000     -19.93000000     -20.00000000     -20.00000000     -20.00000000     -20.00000000
     -20.00000000     -20.00000000     -20.00000000     -20.00000000     -20.00000000     -20.00000000     -20.00000000     -20.00000000     -20.00000000     -20.00000000     -20.00000000     -20.00000000     -20.00000000     -20.00000000     -20.00000000     -20.00000000     -20.00000000     -20.00000000     -20.00000000     -20.00000000
     -20.00000000     -20.00000000     -20.00000000     -20.00000000     -20.00000000     -20.00000000     -20.00000000     -20.00000000     -20.00000000     -20.00000000     -20.00000000     -20.00000000     -20.00000000     -20.00000000     -20.00000000     -20.00000000     -20.00000000     -20.00000000     -20.00000000     -20.00000000
     -20.00000000     -20.00000000     -20.00000000     -20.00000000     -20.00000000     -20.00000000     -20.00000000     -20.00000000     -20.00000000     -20.00000000     -20.00000000
     -15.31000000     -14.77000000     -14.20000000     -13.60000000     -13.00000000     -12.40000000     -11.80000000     -11.20000000     -11.00000000     -11.00000000     -10.40000000      -9.80000000      -9.22500000      -8.67500000      -8.12500000      -7.57500000      -7.02500000      -6.47500000      -5.92500000      -5.37500000
      -4.82500000      -4.27500000      -3.23000000      -2.00000000      -1.15000000       0.39000000       0.29555035       1.16207027       1.90318966       2.09333992       2.72163010       5.03740025       6.78750038       5.87627983       5.04413033       6.22327042       6.89066029       7.71452045       9.43969917       9.90347099
       8.83041000       6.02171993       3.93257046       3.51644993       3.67663002       4.00920010       4.42716980       4.76914024       5.02552032       5.98336983       8.52770996      12.28614044      14.90467072      15.46413994      15.84675026      16.62675095      19.98834038      20.44325066      19.74492073      18.42309952
      18.57316971      21.32555008      23.84367943      26.39368820      28.31042099      30.33370972      32.54655838      34.42267990      36.17795944      37.73611069      38.99444962      40.44131851      41.37500000      38.32500000      35.27500000      18.17707062       5.29026985       4.99761009       5.12913036       5.07170963
       5.26385975       5.65079021       6.26222038       7.19528961       5.42500000       2.63500000      -0.15500000      -2.00000000      -4.73500000      -7.52500000     -10.31500000     -12.10500000     -14.17000000     -15.51000000     -16.85000000     -18.19000000     -19.53000000     -20.00000000     -20.00000000     -20.00000000
     -20.00000000     -20.00000000     -20.00000000     -20.00000000     -20.00000000     -20.00000000     -20.00000000     -20.00000000     -20.00000000     -20.00000000     -20.00000000     -20.00000000     -20.00000000     -20.00000000     -20.00000000     -20.00000000     -20.00000000     -20.00000000     -20.00000000     -20.00000000
     -20.00000000     -20.00000000     -20.00000000     -20.00000000     -20.00000000     -20.00000000     -20.00000000     -20.00000000     -20.00000000     -20.00000000     -20.00000000     -20.00000000     -20.00000000     -20.00000000     -20.00000000     -20.00000000     -20.00000000     -20.00000000     -20.00000000     -20.00000000
     -20.00000000     -20.00000000     -20.00000000     -20.00000000     -20.00000000     -20.00000000     -20.00000000     -20.00000000     -20.00000000     -20.00000000     -20.00000000
     -14.25000000     -13.75000000     -13.20000000     -12.60000000     -12.00000000     -11.40000000     -11.00000000     -11.00000000     -10.60000000     -10.00000000      -9.40000000      -8.80000000      -8.17500000      -7.52500000      -6.87500000      -6.22500000      -5.57500000      -4.92500000      -4.27500000      -3.62500000
      -2.97500000      -2.32500000      -2.00000000      -0.75000000       0.75000000       0.29790020       1.64377975       1.96177959       2.05574989       2.43900013       4.65964031       7.16104984       8.31794930       7.78952026       6.82898998       7.78211975       7.94649029       9.19857979      10.50065994      10.22591972
       8.39411926       6.08108044       4.65081978       4.20987034       4.31855965       4.73355007       5.18750954       5.46201038       5.76375961       6.77375031       9.38591003      13.24264908      16.19128036      17.02733994      17.61742973      19.02329063      21.06982040      22.16473961      21.66695023      20.52750015
      21.02132034      23.35399055      26.23598862      28.66254044      30.88917160      33.22219086      35.76264954      37.20000000      38.60000000      40.00000000      41.40000000      42.80000000      42.02500000      39.07500000      36.12500000      22.86138916       6.18474007       5.35772991       5.40036011       5.52274036
       6.15528965       6.83656025       7.75409031       8.58563995       7.19526005       4.51879978       2.07500000      -0.57500000      -2.22500000      -4.87500000      -7.52500000     -10.17500000     -11.35000000     -13.05000000     -14.75000000     -16.45000000     -18.15000000     -19.85000000     -20.00000000     -20.00000000
     -20.00000000     -20.00000000     -20.00000000     -20.00000000     -20.00000000     -20.00000000     -20.00000000     -20.00000000     -20.00000000     -20.00000000     -20.00000000     -20.00000000     -20.00000000     -20.00000000     -20.00000000     -20.00000000     -20.00000000     -20.00000000     -20.00000000     -20.00000000
     -20.00000000     -20.00000000     -20.00000000     -20.00000000     -20.00000000     -20.00000000     -20.00000000     -20.00000000     -20.00000000     -20.00000000     -20.00000000     -20.00000000     -20.00000000     -20.00000000     -20.00000000     -20.00000000     -20.00000000     -20.00000000     -20.00000000     -20.00000000
     -20.00000000     -20.00000000     -20.00000000     -20.00000000     -20.00000000     -20.00000000     -20.00000000     -20.00000000     -20.00000000     -20.00000000     -20.00000000
     -13.19000000     -12.73000000     -12.20000000     -11.60000000     -11.00000000     -11.00000000     -10.80000000     -10.20000000      -9.60000000      -9.00000000      -8.40000000      -7.80000000      -7.12500000      -6.37500000      -5.62500000      -4.87500000      -4.12500000      -3.37500000      -2.62500000      -2.00000000
      -2.00000000      -1.37500000      -0.27000000       0.47408962       0.62841034       1.89503956       1.89735985       1.96290016       2.18383026       3.87075996       6.47949028       8.65946960       9.83008003       9.55726051       8.57780075       9.13850975       9.03362083      10.79018021      11.37573051      10.42664909
       8.43894005       6.78038979       5.83428955       5.41598988       5.40567017       5.63305950       6.06462002       6.19534016       6.70928001       8.08123016      10.88161087      14.67226028      17.52705002      18.42561913      19.36627960      20.44647026      22.54195976      23.55291939      23.23542976      22.66643906
      23.21368027      25.39833832      28.25085831      30.72777939      33.39746094      35.96784973      37.28000000      38.52000000      39.76000000      41.00000000      42.24000000      43.48000000      42.67500000      39.82500000      36.97500000      28.39382935       8.20354080       5.96166992       6.01430988       6.58831978
       7.45269012       8.55032921       9.60143089       9.99578094       8.16235924       4.65579033       3.26521969       1.79500000      -0.71500000      -2.22500000      -4.73500000      -7.24500000      -9.53000000     -11.00000000     -12.65000000     -14.71000000     -16.77000000     -18.83000000     -20.00000000     -20.00000000
     -20.00000000     -20.00000000     -20.00000000     -20.00000000     -20.00000000     -20.00000000     -20.00000000     -20.00000000     -20.00000000     -20.00000000     -20.00000000     -20.00000000     -20.00000000     -20.00000000     -20.00000000     -20.00000000     -20.00000000     -20.00000000     -20.00000000     -20.00000000
     -20.00000000     -20.00000000     -20.00000000     -20.00000000     -20.00000000     -20.00000000     -20.00000000     -20.00000000     -20.00000000     -20.00000000     -20.00000000     -20.00000000     -20.00000000     -20.00000000     -20.00000000     -20.00000000     -20.00000000     -20.00000000     -20.00000000     -20.00000000
     -20.00000000     -20.00000000     -20.00000000     -20.00000000     -20.00000000     -20.00000000     -20.00000000     -20.00000000     -20.00000000     -20.00000000     -20.00000000
     -12.13000000     -11.71000000     -11.20000000     -11.00000000     -11.00000000     -10.40000000      -9.80000000      -9.20000000      -8.60000000      -8.00000000      -7.40000000      -6.80000000      -6.07500000      -5.22500000      -4.37500000      -3.52500000      -2.67500000      -2.00000000      -1.97500000      -1.12500000
      -0.27500000       0.57500000       0.21767998       1.05523968       1.94377041       1.83232021       1.90159988       1.93616009       2.69876957       5.51451969       8.54190063      10.26143074      11.21953964      11.23632050      10.16222954      10.13377953      10.03161049      11.74927902      12.38047981      11.29018974
       9.54985046       8.19389915       7.59350014       7.56285000       7.39068985       7.10416985       7.16331005       7.27143002       8.19490051      10.22563934      13.17576027      16.87557983      19.40612030      20.24785995      21.05077934      22.57345009      24.51520920      25.61750031      25.33501816      24.98072052
      25.52901840      27.25923920      30.10184860      33.12509155      35.90110016      37.68000000      38.76000000      39.84000000      40.92000000      42.00000000      43.08000000      44.16000000      43.32500000      40.57500000      37.82500000      32.93265152      11.21726990       7.03975964       7.15289021       8.23085976
       9.31860924      10.52695084      11.63278961      12.50861931       8.24472046       4.18657017       3.11758995       2.99479008       1.79500000      -0.57500000      -2.00000000      -4.31500000      -6.71000000      -9.13000000     -11.00000000     -12.97000000     -15.39000000     -17.81000000     -20.00000000     -20.00000000
     -20.00000000     -20.00000000     -20.00000000     -20.00000000     -20.00000000     -20.00000000     -20.00000000     -20.00000000     -20.00000000     -20.00000000     -20.00000000     -20.00000000     -20.00000000     -20.00000000     -20.00000000     -20.00000000     -20.00000000     -20.00000000     -20.00000000     -20.00000000
     -20.00000000     -20.00000000     -20.00000000     -20.00000000     -20.00000000     -20.00000000     -20.00000000     -20.00000000     -20.00000000     -20.00000000     -20.00000000     -20.00000000     -20.00000000     -20.00000000     -20.00000000     -20.00000000     -20.00000000     -20.00000000     -20.00000000     -20.00000000
     -20.00000000     -20.00000000     -20.00000000     -20.00000000     -20.00000000     -20.00000000     -20.00000000     -20.00000000     -20.00000000     -20.00000000     -20.00000000
     -11.07000000     -11.00000000     -11.00000000     -10.60000000     -10.00000000      -9.40000000      -8.80000000      -8.20000000      -7.60000000      -7.00000000      -6.40000000      -5.80000000      -5.02500000      -4.07500000      -3.12500000      -2.17500000      -2.00000000      -1.27500000      -0.32500000       0.62500000
       0.90392971       0.13358974       1.36285973       1.85391998       1.75792980       1.89713955       1.91948032       2.35081959       4.36491966       7.80128002      10.67107010      11.89702988      12.54557037      12.68153954      11.44566917      10.95354080      10.85675049      12.80620956      13.57777977      12.83452034
      11.35812950      10.35009003      10.06859970      10.06399918       9.67839050       8.93405914       8.43520927       8.93958092      10.74710083      13.28344917      16.30089951      19.55911064      21.45862007      22.41799927      23.60022926      25.20998001      26.90861130      27.73299026      27.76321030      27.59225082
      28.00780869      29.33900833      32.31578064      35.46474075      38.40000000      39.32000000      40.24000000      41.16000000      42.08000000      43.00000000      43.92000000      44.84000000      43.97500000      41.32500000      38.67500000      34.98107147      14.11673927       8.67745972       8.81583023       9.97954941
      11.31027985      12.58128929      13.51708984      12.28099060       7.12057972       4.67317009       3.52972984       3.11641979       3.01908016       2.07500000      -0.15500000      -2.00000000      -3.89000000      -6.67000000      -9.45000000     -11.23000000     -14.01000000     -16.79000000     -19.57000000     -20.00000000
     -20.00000000     -20.00000000     -20.00000000     -20.00000000     -20.00000000     -20.00000000     -20.00000000     -20.00000000     -20.00000000     -20.00000000     -20.00000000     -20.00000000     -20.00000000     -20.00000000     -20.00000000     -20.00000000     -20.00000000     -20.00000000     -20.00000000     -20.00000000
     -20.00000000     -20.00000000     -20.00000000     -20.00000000     -20.00000000     -20.00000000     -20.00000000     -20.00000000     -20.00000000     -20.00000000     -20.00000000     -20.00000000     -20.00000000     -20.00000000     -20.00000000     -20.00000000     -20.00000000     -20.00000000     -20.00000000     -20.00000000
     -20.00000000     -20.00000000     -20.00000000     -20.00000000     -20.00000000     -20.00000000     -20.00000000     -20.00000000     -20.00000000     -20.00000000     -20.00000000
     -11.00000000     -10.67000000     -10.20000000      -9.60000000      -9.00000000      -8.40000000      -7.80000000      -7.20000000      -6.60000000      -6.00000000      -5.40000000      -4.80000000      -3.97500000      -2.92500000      -2.00000000      -1.82500000      -0.77500000       0.27500000       1.32500000       0.55854988
       0.49682999       1.76653957       1.84953976       1.84099960       2.05751991       2.20398998       2.44851017       3.56877041       6.71854019      10.41393089      12.91276932      13.91951942      14.24400902      13.97875977      12.53170013      11.81023979      11.60489082      13.76711082      14.39485931      14.26333046
      13.33695984      12.82848930      12.79036903      12.96668053      12.32492065      10.99950027       9.89888954      11.17489052      13.85433006      16.82905006      19.95673943      22.58493996      24.10530853      25.06425858      26.20352936      27.59297943      28.65874100      29.24496078      29.75942993      30.06151962
      30.40145111      31.67456055      34.29813004      37.59949112      40.20000000      40.96000000      41.72000000      42.48000000      43.24000000      44.00000000      44.76000000      45.52000000      44.62500000      42.07500000      39.52500000      34.63996124      16.38463020      10.63736916      10.78289986      11.86070061
      13.22529984      14.51853943      14.78553009      10.15527916       7.15464973       5.43715000       4.00349045       3.34109974       3.06381989       2.82680035       2.63500000       0.54500000      -2.00000000      -4.21000000      -7.35000000     -10.49000000     -12.63000000     -15.77000000     -18.91000000     -20.00000000
     -20.00000000     -20.00000000     -20.00000000     -20.00000000     -20.00000000     -20.00000000     -20.00000000     -20.00000000     -20.00000000     -20.00000000     -20.00000000     -20.00000000     -20.00000000     -20.00000000     -20.00000000     -20.00000000     -20.00000000     -20.00000000     -20.00000000     -20.00000000
     -20.00000000     -20.00000000     -20.00000000     -20.00000000     -20.00000000     -20.00000000     -20.00000000     -20.00000000     -20.00000000     -20.00000000     -20.00000000     -20.00000000     -20.00000000     -20.00000000     -20.00000000     -20.00000000     -20.00000000     -20.00000000     -20.00000000     -20.00000000
     -20.00000000     -20.00000000     -20.00000000     -20.00000000     -20.00000000     -20.00000000     -20.00000000     -20.00000000     -20.00000000     -20.00000000     -20.00000000
      -9.95000000      -9.65000000      -9.20000000      -8.60000000      -8.00000000      -7.40000000      -6.80000000      -6.20000000      -5.60000000      -5.00000000      -4.40000000      -3.80000000      -2.92500000      -2.00000000      -1.62500000      -0.47500000       0.67500000       1.48243999       0.23746967       1.01506042
       1.97694016       1.85867023       1.97824955       2.25800037       2.66565037       2.93638992       3.59418011       5.48517990       9.25052071      13.06336021      15.21365929      15.80707932      15.56282043      14.95747948      13.45589066      12.44573975      12.15356064      13.79512024      14.64233017      14.86804008
      15.05621910      15.11660957      15.51449013      15.68113899      14.98558044      13.03339005      11.34988022      12.89734077      16.15048027      19.94272995      23.27279091      25.37218094      26.51692963      27.33692932      28.10688019      28.98614120      29.80575943      30.67126846      31.57833862      32.30564117
      32.44609070      33.86801147      36.20619965      39.51834106      42.00000000      42.60000000      43.20000000      43.80000000      44.40000000      45.00000000      45.60000000      45.24776077      43.07326126      41.14588928      39.37142181      34.20689011      18.08984947      12.57559967      12.83152008      13.81365967
      14.92090988      16.26078987      15.83633041      10.61399078       7.93914986       6.09568977       4.86528969       3.81589031       3.37255001       3.10223007       2.84504986       2.94472980       0.75000000      -2.00000000      -5.25000000      -8.75000000     -11.25000000     -14.75000000     -18.25000000     -20.00000000
     -20.00000000     -20.00000000     -20.00000000     -20.00000000     -20.00000000     -20.00000000     -20.00000000     -20.00000000     -20.00000000     -20.00000000     -20.00000000     -20.00000000     -20.00000000     -20.00000000     -20.00000000     -20.00000000     -20.00000000     -20.00000000     -20.00000000     -20.00000000
     -20.00000000     -20.00000000     -20.00000000     -20.00000000     -20.00000000     -20.00000000     -20.00000000     -20.00000000     -20.00000000     -20.00000000     -20.00000000     -20.00000000     -20.00000000     -20.00000000     -20.00000000     -20.00000000     -20.00000000     -20.00000000     -20.00000000     -20.00000000
     -20.00000000     -20.00000000     -20.00000000     -20.00000000     -20.00000000     -20.00000000     -20.00000000     -20.00000000     -20.00000000     -20.00000000     -20.00000000
      -8.89000000      -8.63000000      -8.20000000      -7.60000000      -7.00000000      -6.40000000      -5.80000000      -5.20000000      -4.60000000      -4.00000000      -3.40000000      -2.80000000      -2.00000000      -1.62500000      -0.37500000       0.87500000       1.12473965       0.25253963       1.20705032       2.12003994
       2.11900997       2.20343018       2.83434963       3.84488964       4.37742996       4.68980026       5.62465000       7.98491001      11.71421051      15.23494911      17.27368927      17.55117035      16.96335030      15.95037079      14.28471947      13.19750023      12.88435936      13.82646942      14.96740913      15.82691956
      16.81506920      17.28704071      17.57053947      17.30687904      16.21066093      14.34659958      12.79820061      14.34613037      18.14705086      22.55565071      25.96097946      27.28710938      27.85842133      28.27178955      28.91386032      29.73321915      30.94580841      32.39609909      33.56795883      34.21012115
      34.86357117      36.02481842      38.22993088      41.52394867      43.80000000      44.24000000      44.68000000      45.12000000      45.56000000      46.00000000      46.28673935      43.42163849      40.80720139      38.38961029      35.97410965      31.93708801      22.84600067      16.42157936      15.16250038      15.81830978
      17.42073059      17.35386086      14.53178024      11.54987907       9.54734993       7.60807037       6.13591003       4.93021011       4.32384014       3.74199009       3.02274036       2.90746975       2.78069019      -0.29000000      -3.15000000      -7.01000000     -10.87000000     -13.73000000     -17.59000000     -20.00000000
     -20.00000000     -20.00000000     -20.00000000     -20.00000000     -20.00000000     -20.00000000     -20.00000000     -20.00000000     -20.00000000     -20.00000000     -20.00000000     -20.00000000     -20.00000000     -20.00000000     -20.00000000     -20.00000000     -20.00000000     -20.00000000     -20.00000000     -20.00000000
     -20.00000000     -20.00000000     -20.00000000     -20.00000000     -20.00000000     -20.00000000     -20.00000000     -20.00000000     -20.00000000     -20.00000000     -20.00000000     -20.00000000     -20.00000000     -20.00000000     -20.00000000     -20.00000000     -20.00000000     -20.00000000     -20.00000000     -20.00000000
     -20.00000000     -20.00000000     -20.00000000     -20.00000000     -20.00000000     -20.00000000     -20.00000000     -20.00000000     -20.00000000     -20.00000000     -20.00000000
      -7.83000000      -7.61000000      -7.20000000      -6.60000000      -6.00000000      -5.40000000      -4.80000000      -4.20000000      -3.60000000      -3.00000000      -2.40000000      -2.00000000      -1.82500000      -0.47500000       0.37187958       0.29825974       0.48443031       1.80004025       2.28524971       2.36415005
       2.54267979       4.30539989       5.99108028       7.36487961       8.01605034       8.18761063       8.80616951      10.54721069      13.63003922      16.86619949      18.64295959      18.88209915      18.12155914      16.89156914      15.14888000      13.90707970      13.76461029      14.30168915      15.66274071      17.56986046
      18.57336998      19.12854958      19.07514954      18.20862007      16.82043076      15.49711990      15.21566010      16.18848991      19.30134010      23.79894066      26.78231049      27.62841034      28.22434998      28.82001114      29.50275040      30.51562119      31.96947098      33.61851120      35.02640152      35.88982010
      36.78733826      37.94308090      40.02177811      43.42671204      45.60000000      45.88000000      46.16000000      46.44000000      46.72000000      47.00000000      45.41299820      42.55329895      39.98326874      37.08584976      34.10464096      31.19908142      27.86130142      25.11890030      22.87290001      21.87639046
      20.10819054      18.11763954      16.18239975      14.18073082      12.36459923      10.82732010       9.52337074       8.03326988       6.74067020       5.65725040       4.28981972       3.56153965       3.16926003       2.17000000      -2.00000000      -5.27000000      -9.49000000     -12.71000000     -16.93000000     -20.00000000
     -20.00000000     -20.00000000     -20.00000000     -20.00000000     -20.00000000     -20.00000000     -20.00000000     -20.00000000     -20.00000000     -20.00000000     -20.00000000     -20.00000000     -20.00000000     -20.00000000     -20.00000000     -20.00000000     -20.00000000     -20.00000000     -20.00000000     -20.00000000
     -20.00000000     -20.00000000     -20.00000000     -20.00000000     -20.00000000     -20.00000000     -20.00000000     -20.00000000     -20.00000000     -20.00000000     -20.00000000     -20.00000000     -20.00000000     -20.00000000     -20.00000000     -20.00000000     -20.00000000     -20.00000000     -20.00000000     -20.00000000
     -20.00000000     -20.00000000     -20.00000000     -20.00000000     -20.00000000     -20.00000000     -20.00000000     -20.00000000     -20.00000000     -20.00000000     -20.00000000
      -6.70000000      -6.50000000      -6.09500000      -5.48500000      -4.87500000      -4.26500000      -3.65500000      -3.04500000      -2.43500000      -2.00000000      -2.00000000      -1.60500000      -0.58000000       0.86000000       1.46809959       1.52593040       1.80663013       2.09558010       2.64011955       2.84661007
       3.35354042       5.12191010       9.07930946      11.45963097      12.25292969      12.31962013      12.30648994      13.42363930      15.62898064      18.24143028      19.92210960      19.92922020      19.05200958      17.70434952      16.05261040      15.12025070      14.87302971      15.58439064      17.20649910      19.02016068
      20.18944931      20.66345024      20.41114044      19.12791061      17.93334007      17.72738075      18.40107918      19.36845970      20.95034981      24.11371994      26.77262115      28.02336884      28.87448120      29.67007065      30.55728149      31.70309830      33.15008926      34.61428833      36.06608963      37.19145966
      38.41151810      39.88862991      41.96149063      45.05165100      47.71033859      48.27500000      48.52500000      48.77500000      49.02500000      47.68037033      45.34806061      42.85578918      40.71736908      38.51861954      36.16767120      33.66009903      31.34674835      29.34035110      27.56462097      25.82316971
      24.10836029      22.04937935      19.90858078      18.03614998      16.27371025      14.81308937      13.42848015      11.77339935      10.07891083       8.12809944       6.36273003       5.31577015       4.24855042       3.78462982      -0.52500000      -3.97500000      -8.42500000     -11.87500000     -16.32500000     -20.00000000
     -20.00000000     -20.00000000     -20.00000000     -20.00000000     -20.00000000     -20.00000000     -20.00000000     -20.00000000     -20.00000000     -20.00000000     -20.00000000     -20.00000000     -20.00000000     -20.00000000     -20.00000000     -20.00000000     -20.00000000     -20.00000000     -20.00000000     -20.00000000
     -20.00000000     -20.00000000     -20.00000000     -20.00000000     -20.00000000     -20.00000000     -20.00000000     -20.00000000     -20.00000000     -20.00000000     -20.00000000     -20.00000000     -20.00000000     -20.00000000     -20.00000000     -20.00000000     -20.00000000     -20.00000000     -20.00000000     -20.00000000
     -20.00000000     -20.00000000     -20.00000000     -20.00000000     -20.00000000     -20.00000000     -20.00000000     -20.00000000     -20.00000000     -20.00000000     -20.00000000
      -5.50000000      -5.30000000      -4.88500000      -4.25500000      -3.62500000      -2.99500000      -2.36500000      -2.00000000      -2.00000000      -1.47500000      -0.84500000      -0.21500000       0.86000000       1.56620026       1.57721043       1.49376011       2.05206013       2.37827969       2.93111992       3.53715038
       4.83316040       5.10799026       5.57666969      13.59483910      16.26465988      16.64719963      16.41955948      16.82131958      18.18350029      19.62488937      20.20071983      20.17621994      19.60260963      18.35387993      16.93568993      16.36453056      16.28499985      17.50576019      19.32666016      20.73719978
      21.57551003      22.20219040      21.70421982      20.27198029      19.71858025      20.61705971      22.19255066      23.50820923      24.54779816      26.10203171      27.80596924      28.99256897      30.00524139      31.06351852      32.22629929      33.40800095      34.82535934      35.98477173      37.23223877      38.68025970
      40.11077881      41.79396057      43.71752167      46.04701996      48.84975052      50.99332809      51.36169052      50.79811096      49.73165894      48.45006943      46.85340881      45.02381897      43.19879913      41.45875931      39.47397995      37.33073044      35.27761841      33.59437943      31.97290039      30.32931137
      28.64859009      26.77655792      24.49396896      22.45763016      20.67498970      18.91706085      17.19264030      15.28565979      13.45779991      11.71084976       9.75715065       8.05688095       5.68191051       3.85914040       0.42500000      -3.12500000      -7.67500000     -11.22500000     -15.77500000     -20.00000000
     -20.00000000     -20.00000000     -20.00000000     -20.00000000     -20.00000000     -20.00000000     -20.00000000     -20.00000000     -20.00000000     -20.00000000     -20.00000000     -20.00000000     -20.00000000     -20.00000000     -20.00000000     -20.00000000     -20.00000000     -20.00000000     -20.00000000     -20.00000000
     -20.00000000     -20.00000000     -20.00000000     -20.00000000     -20.00000000     -20.00000000     -20.00000000     -20.00000000     -20.00000000     -20.00000000     -20.00000000     -20.00000000     -20.00000000     -20.00000000     -20.00000000     -20.00000000     -20.00000000     -20.00000000     -20.00000000     -20.00000000
     -20.00000000     -20.00000000     -20.00000000     -20.00000000     -20.00000000     -20.00000000     -20.00000000     -20.00000000     -20.00000000     -20.00000000     -20.00000000
      -4.30000000      -4.10000000      -3.67500000      -3.02500000      -2.37500000      -2.00000000      -2.00000000      -1.42500000      -0.77500000      -0.12500000       0.52500000       1.17500000       1.82853031       1.83532047       1.95263004       1.64710999       2.57267952       2.98015022       3.52221012       4.42232990
       5.37456989       7.48822975      10.29056931      14.34902954      18.43232918      20.08521080      20.31440926      20.60263062      21.37619972      21.51065063      20.91386986      20.57584000      20.13858986      19.07529068      17.83724022      17.63857079      18.28255081      19.89727020      21.52124023      22.61277008
      23.48155975      23.83054924      23.21121979      21.83576012      22.00613022      23.68955040      25.45796967      26.80973053      27.70999146      28.65869141      29.92343140      31.33105850      32.53778076      33.57492065      34.56478119      35.50722885      36.60100937      37.83686829      39.26345062      40.76752090
      42.60023117      44.23744202      45.80131149      48.17758179      50.72702026      52.38457870      52.54745865      52.16500854      51.36111069      50.48020935      49.30696869      48.16611862      46.70988083      44.91802979      43.10112000      41.32033157      39.58206940      38.09403992      36.64918900      34.96208191
      33.02067947      30.84650040      28.57371902      26.58736038      24.78984070      22.76646042      20.76390076      18.89974022      17.00515938      15.21136093      13.40827942      11.83930969       7.24983025       4.70448971       1.37500000      -2.27500000      -6.92500000     -11.00000000     -15.22500000     -19.87500000
     -20.00000000     -20.00000000     -20.00000000     -20.00000000     -20.00000000     -20.00000000     -20.00000000     -20.00000000     -20.00000000     -20.00000000     -20.00000000     -20.00000000     -20.00000000     -20.00000000     -20.00000000     -20.00000000     -20.00000000     -20.00000000     -20.00000000     -20.00000000
     -20.00000000     -20.00000000     -20.00000000     -20.00000000     -20.00000000     -20.00000000     -20.00000000     -20.00000000     -20.00000000     -20.00000000     -20.00000000     -20.00000000     -20.00000000     -20.00000000     -20.00000000     -20.00000000     -20.00000000     -20.00000000     -20.00000000     -20.00000000
     -20.00000000     -20.00000000     -20.00000000     -20.00000000     -20.00000000     -20.00000000     -20.00000000     -20.00000000     -20.00000000     -20.00000000     -20.00000000
      -3.10000000      -2.90000000      -2.46500000      -2.00000000      -2.00000000      -1.45500000      -0.78500000      -0.11500000       0.55500000       1.22500000       1.79327965       1.71473980       1.68245983       1.98155975       1.63043976       2.35328960       3.28318024       4.07357979       5.96940994       7.09832954
       7.75603962       8.04793930       9.68616104      13.02622986      16.75804901      20.43363953      22.79565048      23.99877930      24.68788147      24.49132919      23.47697067      22.11866951      21.00465012      20.01054955      19.12960052      19.69030952      20.77771950      22.55065918      24.05437088      25.08309937
      25.76536179      25.88599014      24.93046951      23.80443954      24.72132111      26.56637955      27.84770966      28.99282837      30.32641983      31.51042938      32.86233139      34.34519958      36.03467178      36.78910828      37.37181854      38.24222183      39.59357071      40.69229126      42.13188171      43.82828140
      45.63621140      47.06473160      48.66249847      50.70433044      53.31459045      54.75997925      54.87022018      54.45156097      53.88785934      53.22869110      52.56869888      51.73033142      50.72085953      49.20188141      47.50098038      45.75308990      44.80218887      44.11003113      41.55144119      39.05973053
      36.75897980      34.58617020      32.21171188      29.91151047      27.98786926      26.07920837      24.19150925      22.31052017      20.41382027      18.77926064      16.96759033      14.52578926       7.11592960       5.82194042       2.32500000      -2.00000000      -6.17500000     -10.92500000     -14.67500000     -19.42500000
     -20.00000000     -20.00000000     -20.00000000     -20.00000000     -20.00000000     -20.00000000     -20.00000000     -20.00000000     -20.00000000     -20.00000000     -20.00000000     -20.00000000     -20.00000000     -20.00000000     -20.00000000     -20.00000000     -20.00000000     -20.00000000     -20.00000000     -20.00000000
     -20.00000000     -20.00000000     -20.00000000     -20.00000000     -20.00000000     -20.00000000     -20.00000000     -20.00000000     -20.00000000     -20.00000000     -20.00000000     -20.00000000     -20.00000000     -20.00000000     -20.00000000     -20.00000000     -20.00000000     -20.00000000     -20.00000000     -20.00000000
     -20.00000000     -20.00000000     -20.00000000     -20.00000000     -20.00000000     -20.00000000     -20.00000000     -20.00000000     -20.00000000     -20.00000000     -20.00000000
      -2.00000000      -2.00000000      -2.00000000      -1.56500000      -0.87500000      -0.18500000       0.50500000       1.19500000       1.88500000       2.02392006       2.00047970       1.80461025       1.69130993       1.76093006       2.42467976       3.43428040       4.35249043       7.78289032      10.24761009      11.70471001
      12.25842094      12.10317039      11.35112953      11.99371910      14.80389023      18.70211983      22.67015076      25.81335831      25.98860931      25.96662903      25.66798019      24.24869919      22.45330048      21.27182961      21.00978088      21.74678993      23.26482964      25.45893097      27.21804810      27.88552856
      28.14939880      28.31858063      27.24158096      25.96110916      27.27368927      29.08118057      30.27600098      31.65625000      33.08670044      34.30274963      35.71229935      37.08184052      39.21138000      39.73833084      40.32514954      41.07149124      42.23849106      43.50825119      45.21995926      47.17520142
      49.10364914      50.46382141      51.78432846      53.70529175      56.31159210      57.82286835      58.25226593      57.68943787      57.05056000      56.41040802      55.99193954      55.55047226      54.51239014      53.27164078      52.01427841      50.58998108      49.52883148      49.46818924      47.32498169      43.94100952
      40.99573898      38.08541870      35.76977158      33.34358978      31.21376038      29.23345184      27.31961060      25.52947998      23.58989906      21.42500000      19.01500000      14.93144989       7.73565006       7.05733967       3.27500000      -1.57500000      -5.42500000     -10.27500000     -14.12500000     -18.97500000
     -20.00000000     -20.00000000     -20.00000000     -20.00000000     -20.00000000     -20.00000000     -20.00000000     -20.00000000     -20.00000000     -20.00000000     -20.00000000     -20.00000000     -20.00000000     -20.00000000     -20.00000000     -20.00000000     -20.00000000     -20.00000000     -20.00000000     -20.00000000
     -20.00000000     -20.00000000     -20.00000000     -20.00000000     -20.00000000     -20.00000000     -20.00000000     -20.00000000     -20.00000000     -20.00000000     -20.00000000     -20.00000000     -20.00000000     -20.00000000     -20.00000000     -20.00000000     -20.00000000     -20.00000000     -20.00000000     -20.00000000
     -20.00000000     -20.00000000     -20.00000000     -20.00000000     -20.00000000     -20.00000000     -20.00000000     -20.00000000     -20.00000000     -20.00000000     -20.00000000
      -1.70000000      -1.50000000      -1.04500000      -0.33500000       0.37500000       1.08500000       1.79500000       1.82409000       1.95631027       1.95499992       1.83323956       1.95837975       2.06190968       2.39239979       2.93280983       3.81124973       6.68682957      11.09722900      14.54291916      16.63488960
      17.28764915      16.96582985      15.75190926      14.52227020      14.35932922      16.82254028      21.08602905      25.69329071      26.13722992      26.15528870      26.16411972      25.89583969      24.39619827      22.77033997      22.67141914      23.68911934      25.64097977      28.24929047      30.25056839      31.01185989
      31.01358032      30.81911850      29.89743042      28.36278915      29.83063126      31.72853851      33.30566025      35.06629181      36.50584030      37.47032166      38.47898865      39.64886856      40.92127991      41.90206146      42.79901123      43.74039078      45.18288040      46.19715881      47.97272873      50.20232010
      52.39778900      53.76742935      55.25271988      57.33679199      59.62352753      61.10163116      61.64418030      61.31250763      60.66364288      59.99622345      59.42774200      58.84966278      58.14243317      57.47045898      56.39936066      54.63782883      50.07770157      49.88146973      49.79967880      48.78245163
      45.78926086      42.54001999      39.56813812      37.06082916      34.84941864      32.46411133      30.10379028      27.99977112      25.66500000      23.07500000      20.48500000      13.90180016       8.93588066       8.51862907       4.22500000      -0.72500000      -4.67500000      -9.62500000     -13.57500000     -18.52500000
     -20.00000000     -20.00000000     -20.00000000     -20.00000000     -20.00000000     -20.00000000     -20.00000000     -20.00000000     -20.00000000     -20.00000000     -20.00000000     -20.00000000     -20.00000000     -20.00000000     -20.00000000     -20.00000000     -20.00000000     -20.00000000     -20.00000000     -20.00000000
     -20.00000000     -20.00000000     -20.00000000     -20.00000000     -20.00000000     -20.00000000     -20.00000000     -20.00000000     -20.00000000     -20.00000000     -20.00000000     -20.00000000     -20.00000000     -20.00000000     -20.00000000     -20.00000000     -20.00000000     -20.00000000     -20.00000000     -20.00000000
     -20.00000000     -20.00000000     -20.00000000     -20.00000000     -20.00000000     -20.00000000     -20.00000000     -20.00000000     -20.00000000     -20.00000000     -20.00000000
      -0.50000000      -0.30000000       0.16500000       0.89500000       1.62500000       2.02910995       1.88129044       1.74921989       1.85029984       2.02756977       2.26733017       2.18688965       2.26194000       2.33277988       3.25321960       5.05004978       8.78150940      13.54677010      17.62287903      20.14649963
      21.44105911      21.44827080      20.34402084      18.68989944      16.97068024      16.77103043      19.78626060      24.94150162      26.42214966      26.18424988      26.23543167      26.15184021      25.64125824      24.33209991      24.28042984      25.34638977      27.70175934      30.80934143      33.34806061      34.14279938
      33.92393112      33.24127960      32.11828995      30.73659897      31.87957001      33.95616150      36.30707932      38.25349045      39.63389969      40.63114929      41.24755859      42.12144852      43.10049820      44.51089859      45.11019135      46.16466904      47.56248856      48.71823120      50.38105011      52.63574982
      55.19789124      57.03446960      58.69544983      60.78357697      62.34230042      63.81826019      64.64089203      64.68624115      64.33808136      63.71775818      63.41735077      62.84506989      62.52677917      61.93977356      61.10060120      59.80133057      56.83889771      51.72056961      49.88616943      49.62068939
      49.26945114      46.86000000      43.48223114      40.16334915      37.78355026      35.28874969      32.40153122      29.95059204      27.49500000      24.72500000      21.95500000      13.61101913      10.50415993      10.07748985       5.17500000       0.12500000      -3.92500000      -8.97500000     -13.02500000     -18.07500000
     -20.00000000     -20.00000000     -20.00000000     -20.00000000     -20.00000000     -20.00000000     -20.00000000     -20.00000000     -20.00000000     -20.00000000     -20.00000000     -20.00000000     -20.00000000     -20.00000000     -20.00000000     -20.00000000     -20.00000000     -20.00000000     -20.00000000     -20.00000000
     -20.00000000     -20.00000000     -20.00000000     -20.00000000     -20.00000000     -20.00000000     -20.00000000     -20.00000000     -20.00000000     -20.00000000     -20.00000000     -20.00000000     -20.00000000     -20.00000000     -20.00000000     -20.00000000     -20.00000000     -20.00000000     -20.00000000     -20.00000000
     -20.00000000     -20.00000000     -20.00000000     -20.00000000     -20.00000000     -20.00000000     -20.00000000     -20.00000000     -20.00000000     -20.00000000     -20.00000000
       0.70000000       0.90000000       1.37500000       2.12500000       2.06188965       1.91897011       2.07800961       2.26513958       2.29588032       2.14074993       2.21957970       2.43150997       2.80587959       3.94956017       5.33953953       7.58615017      10.72672081      15.22436905      19.69531059      22.40819931
      23.87515068      24.73870087      24.24000931      22.75992966      20.11067963      18.34300995      20.04120064      23.94503021      26.71992874      26.84634018      26.29690170      26.67800140      26.53187943      25.64593124      25.70204163      26.91334152      29.53807068      32.78689957      35.52450943      36.41970825
      36.30500031      35.52930069      34.25210953      32.93143082      33.67647171      35.87985992      38.53139877      40.87509155      42.78165054      43.63459015      43.99869919      44.32619858      45.08177948      46.76609039      47.23928070      48.58338165      49.85937881      51.02893829      52.60857010      55.23138809
      58.04116821      60.08235168      61.66503143      63.41856384      64.83927155      66.70311737      67.73552704      68.16834259      67.94120789      67.91123962      67.82907867      67.44127655      67.29689026      66.93994141      66.05188751      64.44360352      62.41526794      60.13619995      54.66534042      50.10998154
      49.52429199      48.89445877      46.40951920      42.39242935      39.43978119      36.96179962      33.74607849      30.86922073      28.28686905      25.94807053      23.10683060      14.40574074      12.17793083      11.27500000       6.12500000       0.97500000      -3.17500000      -8.32500000     -12.47500000     -17.62500000
     -20.00000000     -20.00000000     -20.00000000     -20.00000000     -20.00000000     -20.00000000     -20.00000000     -20.00000000     -20.00000000     -20.00000000     -20.00000000     -20.00000000     -20.00000000     -20.00000000     -20.00000000     -20.00000000     -20.00000000     -20.00000000     -20.00000000     -20.00000000
     -20.00000000     -20.00000000     -20.00000000     -20.00000000     -20.00000000     -20.00000000     -20.00000000     -20.00000000     -20.00000000     -20.00000000     -20.00000000     -20.00000000     -20.00000000     -20.00000000     -20.00000000     -20.00000000     -20.00000000     -20.00000000     -20.00000000     -20.00000000
     -20.00000000     -20.00000000     -20.00000000     -20.00000000     -20.00000000     -20.00000000     -20.00000000     -20.00000000     -20.00000000     -20.00000000     -20.00000000
       1.90000000       2.10000000       2.00282001       1.80251026       2.04553986       2.38891029       2.29246998       2.22620010       2.22140980       2.39013958       2.64216995       2.87353039       4.33606052       6.75456047       8.59206009      10.27087021      12.82604980      16.66772079      20.84996033      23.83346939
      25.46059036      26.68558884      27.04999161      26.01839828      22.78727913      20.45594978      22.48760986      24.60461044      27.12223816      27.54861832      27.69766998      28.65856171      28.03282166      27.11645126      27.19075012      28.48955154      31.06388092      34.61671829      36.88671112      37.85573196
      38.00086975      37.11109924      36.02233124      34.92391968      35.49805069      37.45869827      40.20508194      42.88951874      45.15365982      46.11217117      46.11109161      46.42171860      47.24943924      48.82725906      49.32801056      50.48157883      51.49493027      52.74185944      55.05001831      57.81529999
      60.64298248      62.56294250      64.18395233      65.83318329      67.29493713      68.89611053      70.64753723      71.52799225      71.95160675      72.12069702      71.86332703      71.85537720      71.86891937      71.58891296      70.94632721      69.42397308      67.02129364      64.24664307      60.95567322      56.22241974
      50.88222122      48.76385880      46.45238113      43.46540070      40.48289108      37.32532120      34.06679916      30.97565842      28.07308960      25.66204071      23.11012077      15.89679909      14.08902931      12.32500000       7.07500000       1.82500000      -2.42500000      -7.67500000     -11.92500000     -17.17500000
     -20.00000000     -20.00000000     -20.00000000     -20.00000000     -20.00000000     -20.00000000     -20.00000000     -20.00000000     -20.00000000     -20.00000000     -20.00000000     -20.00000000     -20.00000000     -20.00000000     -20.00000000     -20.00000000     -20.00000000     -20.00000000     -20.00000000     -20.00000000
     -20.00000000     -20.00000000     -20.00000000     -20.00000000     -20.00000000     -20.00000000     -20.00000000     -20.00000000     -20.00000000     -20.00000000     -20.00000000     -20.00000000     -20.00000000     -20.00000000     -20.00000000     -20.00000000     -20.00000000     -20.00000000     -20.00000000     -20.00000000
     -20.00000000     -20.00000000     -20.00000000     -20.00000000     -20.00000000     -20.00000000     -20.00000000     -20.00000000     -20.00000000     -20.00000000     -20.00000000
       1.84047031       1.89062023       2.22068977       2.36380005       2.40530014       2.27873039       2.34436035       2.45429039       2.66510010       2.84438038       2.95011997       4.03090000       6.72723961       9.57212067      11.41172981      12.92231941      15.28100014      18.60253906      22.23188019      25.08065033
      26.73218918      27.88776016      28.29344177      27.38919830      24.21332932      22.96450043      25.55017853      27.03340912      27.79803085      28.35707092      29.22042847      29.82316971      29.18724823      28.44079971      28.69546127      30.02930832      32.43762970      35.56716156      37.76980972      39.07210922
      39.46804810      38.67498016      37.49705887      36.82714844      37.34086990      39.34862137      41.89051056      44.38756943      46.80212021      48.17927170      48.38718033      48.59899139      49.29663849      50.29833984      51.11658859      51.94913101      53.00265884      55.25500107      57.82050323      60.34822845
      62.90647125      65.16747284      67.04740906      68.55213928      69.81661224      71.33384705      73.26618958      74.90219879      75.75363922      75.87843323      76.01934052      76.08940887      76.31604004      76.45484924      76.26757812      73.74000000      70.78000000      67.82000000      64.11260986      60.38072205
      55.99789047      51.51401138      45.81975174      43.44731140      40.43127060      36.94316864      33.54618835      30.10709000      26.98682022      24.38948059      22.08614922      17.11364937      14.16291046      13.37500000       8.02500000       2.67500000      -2.00000000      -7.02500000     -11.37500000     -16.72500000
     -20.00000000     -20.00000000     -20.00000000     -20.00000000     -20.00000000     -20.00000000     -20.00000000     -20.00000000     -20.00000000     -20.00000000     -20.00000000     -20.00000000     -20.00000000     -20.00000000     -20.00000000     -20.00000000     -20.00000000     -20.00000000     -20.00000000     -20.00000000
     -20.00000000     -20.00000000     -20.00000000     -20.00000000     -20.00000000     -20.00000000     -20.00000000     -20.00000000     -20.00000000     -20.00000000     -20.00000000     -20.00000000     -20.00000000     -20.00000000     -20.00000000     -20.00000000     -20.00000000     -20.00000000     -20.00000000     -20.00000000
     -20.00000000     -20.00000000     -20.00000000     -20.00000000     -20.00000000     -20.00000000     -20.00000000     -20.00000000     -20.00000000     -20.00000000     -20.00000000
       2.29792023       2.52519989       2.44408989       2.52884007       2.73985958       2.75158024       2.75543976       3.00444984       3.12010956       3.13311958       3.71893024       5.81525040       9.20141029      12.04084015      14.23492050      15.80658913      17.77803993      20.97266006      24.14236832      26.69939041
      28.04993057      28.83177948      28.97623062      27.93785858      25.20510864      25.54542160      28.11845016      29.15969849      29.57546997      30.18302917      30.99505997      31.39870071      30.67797089      29.91054153      30.20441818      31.73968124      34.13871002      36.88796997      38.92348099      40.16867065
      40.71744919      40.09999847      38.95483017      38.55118179      39.21749115      41.31597900      43.77923965      45.99794006      48.05390167      49.68679810      50.10739136      50.54481888      51.41276169      52.18301010      52.80677032      53.71403885      55.64078903      57.62544250      60.45307922      62.74994659
      65.33950043      67.95532227      69.90133667      71.15524292      72.29469299      73.79087830      75.97332764      78.05947113      79.27793121      79.82238007      79.94624329      80.22498322      80.47572327      80.49929810      79.15000000      76.09000000      73.03000000      69.97000000      66.08860016      61.89137268
      57.18289948      52.31309128      46.30126953      42.74655914      39.54978943      35.90121841      32.19203186      28.71931839      25.52944183      22.98492050      20.48748016      17.68041992      14.08333015      12.91650963       8.40000000       3.04000000      -2.00000000      -6.68000000     -11.04000000     -16.40000000
     -20.00000000     -20.00000000     -20.00000000     -20.00000000     -20.00000000     -20.00000000     -20.00000000     -20.00000000     -20.00000000     -20.00000000     -20.00000000     -20.00000000     -20.00000000     -20.00000000     -20.00000000     -20.00000000     -20.00000000     -20.00000000     -20.00000000     -20.00000000
     -20.00000000     -20.00000000     -20.00000000     -20.00000000     -20.00000000     -20.00000000     -20.00000000     -20.00000000     -20.00000000     -20.00000000     -20.00000000     -20.00000000     -20.00000000     -20.00000000     -20.00000000     -20.00000000     -20.00000000     -20.00000000     -20.00000000     -20.00000000
     -20.00000000     -20.00000000     -20.00000000     -20.00000000     -20.00000000     -20.00000000     -20.00000000     -20.00000000     -20.00000000     -20.00000000     -20.00000000
       3.07378960       3.12197018       2.95355034       2.92887974       3.11297989       3.36371040       3.37226963       3.48754025       3.59259033       3.77536964       4.90894985       8.02930069      11.43909073      14.43445015      16.72141075      18.33558083      20.61544037      23.58452988      26.77359009      28.86901093
      29.67137146      29.78778076      29.50434875      28.33501816      26.81964874      27.69211197      29.67654800      30.80820084      31.52236176      32.22024155      33.04473114      33.51198959      32.77851105      31.69379807      32.06813049      34.15887070      36.60535812      38.64949036      40.33501053      41.63434982
      42.22201157      41.94282913      41.06188965      40.76612854      41.43423080      43.53929901      46.21678925      48.54130936      49.79946136      50.78218079      51.56119156      52.17607880      53.12017059      54.01153946      55.07178879      55.97584152      57.84599304      60.37299347      62.94689178      65.36557770
      67.98206329      70.76660919      72.78646088      74.21650696      75.44129944      76.91857910      78.83885956      81.08718872      82.84620667      83.44991302      83.79157257      84.25923157      84.43991089      83.63000000      80.45000000      77.27000000      74.09000000      70.91000000      67.15837097      62.18856812
      57.30232239      52.29095840      46.91732025      41.93667984      38.65628052      34.85313034      30.98894119      27.36447144      24.29988861      21.54235077      18.88846970      16.36739922      13.65934944      10.79525948       8.20000000       2.92000000      -2.00000000      -6.64000000     -11.00000000     -16.20000000
     -20.00000000     -20.00000000     -20.00000000     -20.00000000     -20.00000000     -20.00000000     -20.00000000     -20.00000000     -20.00000000     -20.00000000     -20.00000000     -20.00000000     -20.00000000     -20.00000000     -20.00000000     -20.00000000     -20.00000000     -20.00000000     -20.00000000     -20.00000000
     -20.00000000     -20.00000000     -20.00000000     -20.00000000     -20.00000000     -20.00000000     -20.00000000     -20.00000000     -20.00000000     -20.00000000     -20.00000000     -20.00000000     -20.00000000     -20.00000000     -20.00000000     -20.00000000     -20.00000000     -20.00000000     -20.00000000     -20.00000000
     -20.00000000     -20.00000000     -20.00000000     -20.00000000     -20.00000000     -20.00000000     -20.00000000     -20.00000000     -20.00000000     -20.00000000     -20.00000000
       4.03952026       3.85457039       3.55945015       3.47309017       3.63605022       3.80889988       3.99998951       3.89599037       3.95254993       4.46837997       6.15550041       9.83760071      13.50637054      16.50056076      18.81114006      20.77109909      23.27356911      26.31203079      29.37633896      31.13750076
      31.62049866      31.21976089      30.37360001      29.39764023      28.70700836      29.52510834      30.99798965      32.19747162      33.31291962      34.26736069      35.23735046      35.87773895      35.44363022      34.31143951      34.21014023      36.48326111      39.06061935      40.79219055      42.25584030      43.25798035
      43.95272827      43.90956879      43.53844833      43.34920883      43.93540955      45.78435135      48.58897018      51.33554077      52.53919983      52.86188889      53.34991074      54.09535980      54.93965149      56.09633636      58.25662231      59.02616119      61.13620758      63.52748108      66.11203766      68.55758667
      71.15534973      73.65662384      75.61509705      77.34152222      78.97441864      80.27172089      81.92189789      84.47529602      86.36302185      87.08519745      87.61495972      88.23152924      88.35000000      85.05000000      81.75000000      78.45000000      75.15000000      71.85000000      67.46224976      62.11657715
      56.96556854      51.83518982      46.64825058      41.15106964      38.42081833      33.89736176      30.20182037      26.60995865      23.34049988      20.35928917      17.55760002      14.73963928      12.09501076       8.93556023       6.39970970       2.80000000      -2.00000000      -6.60000000     -11.00000000     -16.00000000
     -20.00000000     -20.00000000     -20.00000000     -20.00000000     -20.00000000     -20.00000000     -20.00000000     -20.00000000     -20.00000000     -20.00000000     -20.00000000     -20.00000000     -20.00000000     -20.00000000     -20.00000000     -20.00000000     -20.00000000     -20.00000000     -20.00000000     -20.00000000
     -20.00000000     -20.00000000     -20.00000000     -20.00000000     -20.00000000     -20.00000000     -20.00000000     -20.00000000     -20.00000000     -20.00000000     -20.00000000     -20.00000000     -20.00000000     -20.00000000     -20.00000000     -20.00000000     -20.00000000     -20.00000000     -20.00000000     -20.00000000
     -20.00000000     -20.00000000     -20.00000000     -20.00000000     -20.00000000     -20.00000000     -20.00000000     -20.00000000     -20.00000000     -20.00000000     -20.00000000
       6.40174961       5.72424984       5.13440990       4.45314026       4.16489029       4.16786003       4.30241013       4.78565025       4.88829041       5.35054016       7.02787971      10.80143929      14.80438042      18.26256943      21.08929062      23.24739075      25.61862946      28.37000000      30.71000000      33.05000000
      33.58544922      32.85169983      31.77910995      30.92721176      30.66051102      31.23933029      32.45706177      33.63206863      34.87984085      36.08230972      37.23102951      38.29005051      38.34365845      36.94913864      36.33224106      38.38827896      41.04618835      42.99422073      44.09608841      45.04917908
      45.80186844      46.13275146      46.11436844      46.11236954      46.73073959      48.25614166      50.82415009      54.02920151      55.45967102      55.30606079      55.43500900      56.04316711      57.17894745      58.52633667      60.22261047      61.81974030      64.00113678      66.72371674      69.51860046      72.26812744
      74.85975647      77.04298401      79.08242798      81.05436707      82.60389709      83.74461365      85.45674133      87.98251343      89.36000000      90.00000000      90.64000000      91.28000000      89.89000000      86.47000000      83.05000000      79.63000000      76.21000000      72.79000000      67.61280823      61.94316101
      56.71251678      51.31774902      46.10998917      41.19499969      37.63623047      33.70138168      29.77767181      26.07410049      22.49677086      19.32500076      16.34211922      13.47513962      10.51678085       7.71893978       5.55261993       2.68000000      -2.00000000      -6.56000000     -11.00000000     -15.80000000
     -20.00000000     -20.00000000     -20.00000000     -20.00000000     -20.00000000     -20.00000000     -20.00000000     -20.00000000     -20.00000000     -20.00000000     -20.00000000     -20.00000000     -20.00000000     -20.00000000     -20.00000000     -20.00000000     -20.00000000     -20.00000000     -20.00000000     -20.00000000
     -20.00000000     -20.00000000     -20.00000000     -20.00000000     -20.00000000     -20.00000000     -20.00000000     -20.00000000     -20.00000000     -20.00000000     -20.00000000     -20.00000000     -20.00000000     -20.00000000     -20.00000000     -20.00000000     -20.00000000     -20.00000000     -20.00000000     -20.00000000
     -20.00000000     -20.00000000     -20.00000000     -20.00000000     -20.00000000     -20.00000000     -20.00000000     -20.00000000     -20.00000000     -20.00000000     -20.00000000
       9.92296028       9.17094994       8.06600952       6.52297974       5.11866951       4.92166042       4.82304001       5.30010986       5.86118031       6.44758987       7.72620964      11.14677048      15.49256897      19.74114037      22.45000000      24.83000000      27.21000000      29.59000000      31.97000000      34.35000000
      35.24705124      34.34059143      33.29954910      32.63890839      32.47154999      33.06855011      34.03371048      35.14503098      36.45330048      37.81106186      39.03628159      40.34910965      40.94847870      39.51673126      38.59983063      40.15859985      42.81507874      44.73588181      45.70104980      46.60311890
      47.26797104      47.81996155      48.20756912      48.69918823      49.62958908      50.94760132      53.01779938      55.75373077      57.52722168      57.39222717      57.53418732      58.25681305      59.46295166      60.95092773      62.46904755      64.60404205      67.48419189      70.69346619      73.67385864      76.23578644
      78.63027191      80.92263794      82.85585785      84.47093964      85.60182190      86.91271210      88.76087189      91.04000000      91.52000000      92.00000000      92.48000000      92.96000000      91.43000000      87.89000000      84.35000000      80.81000000      77.27000000      73.73000000      67.96607971      61.98941803
      56.43920898      51.03596115      46.06081009      41.70993042      36.59920883      33.80001068      29.19831085      25.61008072      21.78474045      18.38701057      15.48156929      12.41391945       9.39262009       6.94536018       5.48462009       2.56000000      -2.00000000      -6.52000000     -11.00000000     -15.60000000
     -20.00000000     -20.00000000     -20.00000000     -20.00000000     -20.00000000     -20.00000000     -20.00000000     -20.00000000     -20.00000000     -20.00000000     -20.00000000     -20.00000000     -20.00000000     -20.00000000     -20.00000000     -20.00000000     -20.00000000     -20.00000000     -20.00000000     -20.00000000
     -20.00000000     -20.00000000     -20.00000000     -20.00000000     -20.00000000     -20.00000000     -20.00000000     -20.00000000     -20.00000000     -20.00000000     -20.00000000     -20.00000000     -20.00000000     -20.00000000     -20.00000000     -20.00000000     -20.00000000     -20.00000000     -20.00000000     -20.00000000
     -20.00000000     -20.00000000     -20.00000000     -20.00000000     -20.00000000     -20.00000000     -20.00000000     -20.00000000     -20.00000000     -20.00000000     -20.00000000
      13.71884918      12.69186974      11.40122986       9.09198952       6.34780979       5.63848019       5.82369041       6.55169010       7.07843018       7.59961987       8.61544037      11.67280960      16.02387047      20.63924026      23.55000000      25.97000000      28.39000000      30.81000000      33.23000000      35.65000000
      36.64315033      35.77471924      34.83110809      34.24991989      34.29759979      34.83520126      35.77912140      36.83876038      38.15251923      39.46331024      40.80018997      42.10052109      42.76821136      41.84645844      40.84164047      41.91386032      44.45103073      46.23146820      47.34664917      48.08422089
      48.78509903      49.64632034      50.48683929      51.44208908      52.57315063      54.01358032      55.28445816      57.29062653      58.94107819      59.18559265      59.43270111      60.32785797      61.78607941      63.70648193      65.39633942      68.00652313      71.06803894      74.26405334      77.56040955      80.37515259
      82.63262177      84.96559143      86.66941833      87.68302155      88.74018097      90.26970673      92.28176117      93.36000000      93.68000000      94.00000000      94.32000000      94.64000000      92.97000000      89.31000000      85.65000000      81.99000000      78.33000000      74.23663330      68.31787109      62.15547180
      56.41497040      51.28947830      46.56016922      41.92449951      36.83488083      33.17161942      28.93611145      24.89807892      21.48880959      17.87128067      14.73355103      11.60548973       8.45037079       6.54839039       5.36559963       2.44000000      -2.00000000      -6.48000000     -11.00000000     -15.40000000
     -20.00000000     -20.00000000     -20.00000000     -20.00000000     -20.00000000     -20.00000000     -20.00000000     -20.00000000     -20.00000000     -20.00000000     -20.00000000     -20.00000000     -20.00000000     -20.00000000     -20.00000000     -20.00000000     -20.00000000     -20.00000000     -20.00000000     -20.00000000
     -20.00000000     -20.00000000     -20.00000000     -20.00000000     -20.00000000     -20.00000000     -20.00000000     -20.00000000     -20.00000000     -20.00000000     -20.00000000     -20.00000000     -20.00000000     -20.00000000     -20.00000000     -20.00000000     -20.00000000     -20.00000000     -20.00000000     -20.00000000
     -20.00000000     -20.00000000     -20.00000000     -20.00000000     -20.00000000     -20.00000000     -20.00000000     -20.00000000     -20.00000000     -20.00000000     -20.00000000
      16.18000000      15.86000000      14.38892937      11.12532997       7.69365025       6.74242020       7.72459030       8.66938972       8.76366997       8.98954964       9.87237930      12.25419044      16.52795029      21.39579010      24.65000000      27.11000000      29.57000000      32.03000000      34.49000000      36.95000000
      37.81343079      37.12464905      36.27719116      35.92987823      36.32735062      37.17430878      38.08784103      38.98027039      40.03464890      41.23884964      42.60541916      43.78348160      44.45357132      43.90200043      43.05609894      43.89490891      46.08401108      47.66659164      48.75532913      49.63499832
      50.71181870      51.88628006      53.08995056      54.03380966      55.46963120      57.24807739      58.11206055      59.25940704      60.16945648      60.70066833      61.53430939      63.00788116      64.80204773      66.55979156      68.86917877      71.56539154      74.65431976      78.15326691      81.38494110      84.06983185
      86.08759308      88.23963165      89.90207672      90.76236725      92.16452026      94.23319244      95.52000000      95.68000000      95.84000000      96.00000000      96.16000000      96.32000000      94.51000000      90.73000000      86.95000000      83.17000000      79.39000000      74.74476624      68.35630798      62.52295685
      57.17857361      52.15008163      47.20392990      42.38574982      37.64812088      32.08023071      29.01766968      24.57854843      21.01409912      17.97150040      14.72093964      11.48978996       8.30200958       6.30498028       5.16005039       2.32000000      -2.00000000      -6.44000000     -11.00000000     -15.20000000
     -20.00000000     -20.00000000     -20.00000000     -20.00000000     -20.00000000     -20.00000000     -20.00000000     -20.00000000     -20.00000000     -20.00000000     -20.00000000     -20.00000000     -20.00000000     -20.00000000     -20.00000000     -20.00000000     -20.00000000     -20.00000000     -20.00000000     -20.00000000
     -20.00000000     -20.00000000     -20.00000000     -20.00000000     -20.00000000     -20.00000000     -20.00000000     -20.00000000     -20.00000000     -20.00000000     -20.00000000     -20.00000000     -20.00000000     -20.00000000     -20.00000000     -20.00000000     -20.00000000     -20.00000000     -20.00000000     -20.00000000
     -20.00000000     -20.00000000     -20.00000000     -20.00000000     -20.00000000     -20.00000000     -20.00000000     -20.00000000     -20.00000000     -20.00000000     -20.00000000
      17.64401054      16.32788086      14.70291901      11.44754982       8.45421028       8.45219040      10.17033005      11.34618950      10.78475952      10.42239952      11.22723961      12.74461937      16.43676949      21.61973000      25.75000000      28.25000000      30.75000000      33.25000000      35.75000000      38.25000000
      38.72134018      38.35873032      37.90298080      37.87860870      38.53512192      39.68307114      40.71997070      41.41386032      42.26892090      43.52087021      44.69659042      45.86595917      46.57107925      45.90528870      45.48567963      46.11561966      47.76533890      49.33943176      50.73723984      52.11650085
      53.73315048      55.43531036      56.43553925      57.35108948      58.68900299      59.78791809      60.26200104      60.71498871      61.43374634      62.28253937      63.64920044      65.87816620      68.08831024      70.15445709      72.34156799      75.24603271      78.65373230      82.05052185      84.91078949      87.43083954
      89.39225769      91.32623291      92.53578186      93.83213043      96.12702942      98.00000000      98.00000000      98.00000000      98.00000000      98.00000000      98.00000000      98.00000000      96.05000000      92.15000000      88.25000000      84.35000000      80.45000000      75.63313293      69.01074982      62.70258331
      57.80931854      52.84915924      47.71004105      42.62844086      37.69433975      32.67961884      28.57588959      24.90711975      21.18354988      17.73978043      14.82444954      11.61841011       8.46048927       6.18136024       4.94219971       2.20000000      -2.00000000      -6.40000000     -11.00000000     -15.00000000
     -19.80000000     -20.00000000     -20.00000000     -20.00000000     -20.00000000     -20.00000000     -20.00000000     -20.00000000     -20.00000000     -20.00000000     -20.00000000     -20.00000000     -20.00000000     -20.00000000     -20.00000000     -20.00000000     -20.00000000     -20.00000000     -20.00000000     -20.00000000
     -20.00000000     -20.00000000     -20.00000000     -20.00000000     -20.00000000     -20.00000000     -20.00000000     -20.00000000     -20.00000000     -20.00000000     -20.00000000     -20.00000000     -20.00000000     -20.00000000     -20.00000000     -20.00000000     -20.00000000     -20.00000000     -20.00000000     -20.00000000
     -20.00000000     -20.00000000     -20.00000000     -20.00000000     -20.00000000     -20.00000000     -20.00000000     -20.00000000     -20.00000000     -20.00000000     -20.00000000
      15.95960999      14.54995918      12.64267921      10.60367012       9.79208946      10.75927925      13.12459946      14.31896019      13.49876976      12.43856049      12.47970963      13.60700989      15.92539024      20.04877090      24.35747147      27.37042999      30.31782913      33.55516052      36.55966187      38.67686844
      39.59477997      39.70592117      39.61671829      39.79254913      40.39886093      41.60023117      42.93677139      43.96250153      44.98738861      46.08958817      47.26607132      48.45175934      49.05559921      48.61338043      48.00350952      48.46928024      49.85530853      51.63484192      53.31734848      55.25815201
      57.65862274      59.47791290      60.56562805      61.12246704      62.08341217      62.29342651      62.27586365      62.64853668      63.41287994      64.63571930      66.55106354      69.35864258      71.91696167      74.15048981      75.98123932      78.75891876      82.19036102      85.31700897      88.02046204      90.37435913
      92.14644623      94.00475311      95.30558777      97.39830017      99.81488800     100.64000000     100.48000000     100.32000000     100.16000000     100.00000000      99.84000000      99.68000000      97.59000000      93.57000000      89.55000000      85.53000000      81.51000000      77.14035034      70.28176880      64.23002625
      58.82721710      53.49816895      48.27027893      43.26195145      38.28739929      33.49539185      28.77656937      25.32176208      21.66078949      18.20148087      15.00283051      11.66778946       8.76217079       6.29971981       5.04932976       2.08000000      -2.00000000      -6.36000000     -11.00000000     -14.80000000
     -19.52000000     -20.00000000     -20.00000000     -20.00000000     -20.00000000     -20.00000000     -20.00000000     -20.00000000     -20.00000000     -20.00000000     -20.00000000     -20.00000000     -20.00000000     -20.00000000     -20.00000000     -20.00000000     -20.00000000     -20.00000000     -20.00000000     -20.00000000
     -20.00000000     -20.00000000     -20.00000000     -20.00000000     -20.00000000     -20.00000000     -20.00000000     -20.00000000     -20.00000000     -20.00000000     -20.00000000     -20.00000000     -20.00000000     -20.00000000     -20.00000000     -20.00000000     -20.00000000     -20.00000000     -20.00000000     -20.00000000
     -20.00000000     -20.00000000     -20.00000000     -20.00000000     -20.00000000     -20.00000000     -20.00000000     -20.00000000     -20.00000000     -20.00000000     -20.00000000
      16.01469994      14.74995041      13.54128075      12.42441940      12.25897980      13.06069946      15.58083916      17.37924004      16.70574951      15.23827934      14.25370979      14.60975075      15.83366966      18.01921082      21.17749023      24.28036880      27.69255829      31.61481857      35.66992950      38.69451904
      40.90053177      41.55002975      41.65113068      41.82371902      42.42525864      43.41104889      44.73371887      46.08512878      47.28726959      48.61885834      50.08808136      51.19686127      51.81188965      51.51087952      50.95557022      51.05002975      52.23672867      54.07141113      56.37738037      59.21649170
      61.67433929      63.61102295      64.07118988      64.30818939      64.55954742      64.72071838      64.91811371      65.49317169      66.43656158      67.86155701      70.04579926      73.21681976      75.77141571      77.58099365      79.28343201      81.98487091      85.25849915      88.11166382      91.15355682      93.31739807
      95.07643127      96.91236877      98.34007263     100.50636292     102.79418945     103.28000000     102.96000000     102.64000000     102.32000000     102.00000000     100.72162628      98.26194000      95.98374176      94.15483856      90.85000000      86.71000000      82.57000000      77.97718811      71.61113739      65.58969879
      60.03188324      54.43669128      49.12435150      44.13071823      39.30105972      34.61162949      30.24866867      25.52598953      22.59281921      19.07674980      15.60688019      12.24258995       9.13628006       6.79214001       5.52910042       1.96000000      -2.00000000      -6.32000000     -10.96000000     -14.60000000
     -19.24000000     -20.00000000     -20.00000000     -20.00000000     -20.00000000     -20.00000000     -20.00000000     -20.00000000     -20.00000000     -20.00000000     -20.00000000     -20.00000000     -20.00000000     -20.00000000     -20.00000000     -20.00000000     -20.00000000     -20.00000000     -20.00000000     -20.00000000
     -20.00000000     -20.00000000     -20.00000000     -20.00000000     -20.00000000     -20.00000000     -20.00000000     -20.00000000     -20.00000000     -20.00000000     -20.00000000     -20.00000000     -20.00000000     -20.00000000     -20.00000000     -20.00000000     -20.00000000     -20.00000000     -20.00000000     -20.00000000
     -20.00000000     -20.00000000     -20.00000000     -20.00000000     -20.00000000     -20.00000000     -20.00000000     -20.00000000     -20.00000000     -20.00000000     -20.00000000
      17.99238014      17.89855957      16.82832909      15.59270096      15.07958984      15.82263947      18.26889038      20.47443008      20.40126991      18.80060005      17.15694046      16.49139977      16.86190987      18.02795029      19.66840935      22.17439079      25.82759094      30.51160049      35.16526031      38.76794815
      41.98770905      43.58856201      44.13549042      44.61988831      45.06890869      45.78031158      46.76797867      48.02627182      49.34349060      50.98217010      52.62144852      53.69274139      54.46939087      54.54064178      53.94905090      53.83335876      54.67856979      56.62760925      59.74063873      63.05258942
      65.62030792      66.84664917      67.35839081      67.65058136      67.63027954      67.53002930      67.82950592      68.69383240      69.76693726      71.33470154      73.96333313      77.11087799      79.53254700      81.11663818      82.88266754      85.21101379      88.11637115      91.14257812      94.36646271      96.57041931
      98.63326263     100.44380188     101.74474335     103.27084351     105.16311646     104.85500000     104.38500000     103.91500000     103.44500000     101.52671051      98.47586060      96.30464935      94.76985931      94.01351929      91.45000000      87.31000000      83.17000000      79.03000000      73.29802704      66.97712708
      61.36515045      55.53828049      50.34659958      45.38307953      40.38864136      35.74776077      31.58414841      27.51906967      22.82258034      20.10751915      16.39839935      13.17678070      10.16510010       8.00925064       6.17883968       2.29500000      -2.00000000      -5.96500000     -10.59500000     -14.22500000
     -18.85500000     -20.00000000     -20.00000000     -20.00000000     -20.00000000     -20.00000000     -20.00000000     -20.00000000     -20.00000000     -20.00000000     -20.00000000     -20.00000000     -20.00000000     -20.00000000     -20.00000000     -20.00000000     -20.00000000     -20.00000000     -20.00000000     -20.00000000
     -20.00000000     -20.00000000     -20.00000000     -20.00000000     -20.00000000     -20.00000000     -20.00000000     -20.00000000     -20.00000000     -20.00000000     -20.00000000     -20.00000000     -20.00000000     -20.00000000     -20.00000000     -20.00000000     -20.00000000     -20.00000000     -20.00000000     -20.00000000
     -20.00000000     -20.00000000     -20.00000000     -20.00000000     -20.00000000     -20.00000000     -20.00000000     -20.00000000     -20.00000000     -20.00000000     -20.00000000
      20.92431068      21.29468918      20.58571053      19.65299988      18.47580910      18.86029053      21.36277962      23.96545029      24.63108063      23.24828911      21.45087051      20.07752037      19.31040955      19.51943970      20.62899971      22.07386971      24.91651154      29.44400024      34.13425064      38.50148010
      42.34115982      44.93645859      46.42913055      47.39154816      48.16870117      48.95827866      49.59363174      50.26424026      51.31148911      53.13024139      54.95212173      56.24284363      57.35400391      57.71089935      57.56009674      57.35944366      57.82083893      59.48075867      62.79679108      66.12583923
      67.96507263      69.17017365      70.03717041      70.63197327      70.44885254      70.46437836      71.00431061      71.98227692      73.30034637      75.16951752      77.72702789      80.73159027      83.06762695      84.98052979      86.67189026      88.76513672      91.40872192      94.38983154      97.55930328      99.75981903
     101.77644348     103.12393951     104.22125244     105.81419373     105.97500000     105.36500000     104.75500000     104.14500000     103.53500000     100.01043701      97.00282288      95.65979004      94.98690796      94.20932770      91.35000000      87.33000000      83.31000000      79.29000000      75.27000000      69.17089081
      63.12484741      57.35420990      51.90821075      46.87878036      41.84053040      37.52722931      33.42082977      29.00893021      24.58742905      20.16787910      17.63067055      14.59836960      11.41856003       9.32308960       6.45656013       3.08500000      -1.60500000      -5.29500000      -9.98500000     -13.67500000
     -18.36500000     -20.00000000     -20.00000000     -20.00000000     -20.00000000     -20.00000000     -20.00000000     -20.00000000     -20.00000000     -20.00000000     -20.00000000     -20.00000000     -20.00000000     -20.00000000     -20.00000000     -20.00000000     -20.00000000     -20.00000000     -20.00000000     -20.00000000
     -20.00000000     -20.00000000     -20.00000000     -20.00000000     -20.00000000     -20.00000000     -20.00000000     -20.00000000     -20.00000000     -20.00000000     -20.00000000     -20.00000000     -20.00000000     -20.00000000     -20.00000000     -20.00000000     -20.00000000     -20.00000000     -20.00000000     -20.00000000
     -20.00000000     -20.00000000     -20.00000000     -20.00000000     -20.00000000     -20.00000000     -20.00000000     -20.00000000     -20.00000000     -20.00000000     -20.00000000
      24.08926010      24.45851898      24.43526840      23.96438980      22.50148010      22.07670975      24.85306931      27.47999954      28.69654083      28.21812820      26.55335999      25.09143066      23.74663925      22.84939003      22.72381973      23.45904922      24.89286041      28.27486038      32.79114914      37.66920090
      42.32312012      45.89812851      48.17314911      49.66252899      50.80113983      51.83385086      52.58747864      53.11457825      53.93984985      55.29077911      56.81921387      58.35028076      59.76471710      60.82348633      61.29579926      61.35910797      61.48870087      62.77171326      65.46675110      68.05242157
      69.51940918      70.70178223      72.01058960      72.79808044      72.92350006      73.44207001      74.26360321      75.61504364      77.23519135      79.09676361      81.42549133      84.28795624      86.95848846      88.94146729      90.57180786      92.67125702      95.40145874      97.76149750     100.07241821     102.33167267
     104.20101166     104.90384674     105.86406708     107.37500000     106.62500000     105.87500000     105.12500000     104.37500000     101.85314178      98.68109894      96.72110748      95.92378235      95.23724365      94.31062317      91.25000000      87.35000000      83.45000000      79.55000000      75.65000000      71.57916260
      65.73497009      59.83354187      54.02698898      48.88628006      43.97269821      39.11420059      34.51319122      30.33275986      26.17927933      22.21714020      17.80795097      15.22554016      12.65455055      10.71677017       7.29356003       3.87500000      -0.87500000      -4.62500000      -9.37500000     -13.12500000
     -17.87500000     -20.00000000     -20.00000000     -20.00000000     -20.00000000     -20.00000000     -20.00000000     -20.00000000     -20.00000000     -20.00000000     -20.00000000     -20.00000000     -20.00000000     -20.00000000     -20.00000000     -20.00000000     -20.00000000     -20.00000000     -20.00000000     -20.00000000
     -20.00000000     -20.00000000     -20.00000000     -20.00000000     -20.00000000     -20.00000000     -20.00000000     -20.00000000     -20.00000000     -20.00000000     -20.00000000     -20.00000000     -20.00000000     -20.00000000     -20.00000000     -20.00000000     -20.00000000     -20.00000000     -20.00000000     -20.00000000
     -20.00000000     -20.00000000     -20.00000000     -20.00000000     -20.00000000     -20.00000000     -20.00000000     -20.00000000     -20.00000000     -20.00000000     -20.00000000
