       6.23782031       6.26270676       6.29228655       6.31272697       6.29272652       6.20546023       6.06588682       5.77010663       5.83259328       6.05688667       6.34679349       6.65906652       6.76692645       6.80100695       6.78220685       6.81152026       6.97376696       7.10002009       7.21847979       7.33541361
       6.71899350       5.32579994       6.27213351       6.82011350       6.79755338       6.83770688       6.94681358       7.00702667       7.00585302       6.99725342       7.01858648       7.02545993       7.04409345       7.09929975       7.14128685       7.12595304       7.12285995       7.14473343       7.13967323       7.16443316
       7.17034022       7.15780640       7.14005343       7.14696693       7.13651339       7.13751984       7.15233358       7.16601308       7.15653992       7.14021301       7.12509346       7.13999303       7.16061338       7.17881330       7.20831299       7.22658666       7.22937330       7.23020681       7.25426674       7.29441325
       7.33310000       7.32744662       7.31038030       7.31648636       7.29475339       7.24553998       7.22693316       7.21237310       7.19887352       7.20512009       7.22762680       7.21900686       7.25327301       7.29406675       7.32106018       7.35232671       7.43906657       7.25864029       7.23475329       7.28482691
       7.30832672       7.31511307       7.34886678       7.40482648       7.27747345       7.28215345       7.49331983       7.52291361       7.45982679       7.30693309       7.23884646       7.10903994       7.05566025       7.07436689       7.12122663       7.13562012       6.96162669       6.95198695       6.89507993       6.86131986
       6.91857974       6.87532679       6.88905334       6.86123339       6.86950684       6.85437330       6.83208656       6.80434672       6.80061976       6.68154017       6.62427330       6.64382680       6.64787356       6.63925362       6.65697352       6.69865990       6.54238002       7.15417989       7.37956683       6.75687345
       7.51399358       7.30020650       6.65990639       6.68489329       6.61711311       6.61698659       6.59454028       6.57658005       6.55859311       6.55230014       6.50700696       6.52240690       6.52415975       6.54958661       6.52570661       6.54337311       6.55131976       6.81881332       6.45133336       6.38156001
       6.36432648       6.32958666       6.32998021       6.44580015       6.46968651       6.44168663       6.43604024       6.42134666       6.37011973       6.34138680       6.32815361
       6.25403976       6.24013329       6.25571314       6.27921359       6.25442696       6.16997337       6.11753337       6.07390022       5.87986692       5.82159996       6.24364026       6.52296638       6.71795336       6.78843307       6.83371353       6.81386693       6.90263303       7.04132016       7.14411354       7.26240031
       7.28481992       5.95237350       5.62746684       6.70127996       6.80139987       6.78177325       6.88430659       6.95593325       6.98678652       7.00267982       7.01409976       7.04054642       7.06534004       7.08912023       7.10973358       7.12579346       7.11850675       7.09841983       7.10205332       7.14613978
       7.15464020       7.14108022       7.13595327       7.14506022       7.14387321       7.15457344       7.15504646       7.14193980       7.11720022       7.11774635       7.14842669       7.16769346       7.15457980       7.14959971       7.15295982       7.15877342       7.18292681       7.22383308       7.25761350       7.28919983
       7.28431320       7.29247983       7.32015991       7.30748685       7.26626015       7.22868665       7.21212641       7.21441968       7.23732694       7.25275358       7.20680682       7.21760686       7.31430689       7.38218689       7.38505999       7.27277311       7.32624690       7.41374652       7.26269341       7.27136676
       7.27039337       7.28509331       7.31966019       7.23818016       7.27893321       7.31638654       7.43209966       7.44227346       7.33534686       7.29876645       7.14583969       7.12723986       7.03291321       7.01176643       7.02997335       7.05415344       7.01793989       6.90904681       6.89186668       6.85390663
       6.82649994       6.86257998       6.95236651       6.89558665       6.84162013       6.87658691       6.86887360       6.79044024       6.73459307       6.72699356       6.62015343       6.62714640       6.63100688       6.67482694       6.65718015       6.52214686       7.04089355       7.37417984       7.20067978       7.02315331
       7.63616689       7.00082652       6.63346672       6.61041323       6.57632637       6.58610026       6.58112653       6.57095973       6.50834020       6.50328636       6.52851359       6.46058655       6.45142682       6.53070641       6.51384036       6.47292646       6.49931335       6.60533333       6.49024010       6.52360662
       6.41722679       6.32189369       6.33958689       6.35116641       6.45820681       6.44821358       6.42200661       6.42219989       6.36046664       6.34493319       6.32011350
       6.25279999       6.25967979       6.26002693       6.22786013       6.16270638       6.07827314       6.05021985       6.07018026       6.07592646       5.89907328       5.83618673       6.35262680       6.61478678       6.73532677       6.79811986       6.77905337       6.80019315       6.96332677       7.06815974       7.18415324
       7.31324005       6.91415977       5.27831332       6.28291321       6.90376027       6.77779325       6.81477992       6.88597361       6.96883329       7.02788671       7.02146657       7.02883975       7.04077975       7.06463305       7.11626689       7.10761325       7.07605998       7.06572660       7.10788027       7.12911987
       7.12266668       7.13029989       7.13776652       7.14743996       7.15415319       7.12738673       7.11520004       7.11555990       7.11012650       7.12664668       7.15084012       7.14421336       7.12335968       7.10290019       7.10888672       7.13284683       7.17056656       7.20118014       7.22996648       7.24031321
       7.25372696       7.28678004       7.29564031       7.26196671       7.23732694       7.23481305       7.22988002       7.23874029       7.23023351       7.19082006       7.20347977       7.30801328       7.33390681       7.32081350       7.24910673       7.30644671       7.19376691       7.29538663       7.41475360       7.31506666
       7.28594017       7.35311317       7.28817304       7.45526695       7.44648679       7.39011319       7.44960022       7.43339348       7.30453300       7.20318031       7.07615980       7.05323982       7.04771996       7.01057307       6.98662694       6.98862648       6.98460007       7.04959997       6.86466026       6.85867310
       6.90526009       6.99139341       6.92210007       6.83152644       6.82608032       6.83005969       6.87793350       6.81782659       6.74819311       6.73429998       6.63227336       6.62447993       6.64549319       6.65870031       6.52794647       6.96376673       7.37155342       7.36400668       6.72060649       7.77254677
       7.43772634       6.66805331       6.66586685       6.54173342       6.55447324       6.56123988       6.53770638       6.50409317       6.49522018       6.48848661       6.47830645       6.37609355       6.37118657       6.47859319       6.49928665       6.44333331       6.45420647       6.43634669       6.42152659       6.48207347
       6.46875318       6.40317980       6.29936028       6.30012639       6.39620018       6.44829305       6.45549329       6.40264638       6.34866015       6.33710670       6.29259364
       6.23465347       6.23954010       6.24909973       6.20247968       6.09304682       6.02140681       6.00773303       6.01670011       6.01219304       6.07110659       5.84831365       6.11878014       6.47433345       6.63467979       6.75161362       6.78263982       6.75127347       6.86268679       6.99013329       7.08676020
       7.21475983       7.30227343       6.10977999       5.54463323       6.62544696       6.82275327       6.79945310       6.84442012       6.94969304       7.00292651       6.99339358       7.00297991       7.01705360       7.03167979       7.01999346       7.02448018       7.05850665       7.08688672       7.10821342       7.09583346
       7.11838023       7.14175987       7.12823359       7.13860639       7.12802696       7.10160637       7.09752655       7.10683314       7.12444687       7.12639999       7.10383352       7.09560649       7.09337298       7.07719994       7.09977976       7.13675308       7.15841357       7.18637975       7.20653343       7.21142006
       7.21921984       7.23953311       7.24245326       7.22800001       7.22480011       7.25376002       7.27202670       7.25717354       7.19477336       7.19182650       7.32340686       7.30732663       7.27121989       7.17013995       7.19234022       7.29744021       7.26554680       7.18414688       7.27747345       7.42884700
       7.36612002       7.46446673       7.36795998       7.46770668       7.48726654       7.45797348       7.34415309       7.26895332       7.23630015       7.13328679       7.09741338       7.06569990       7.05648677       7.06667328       7.02205976       6.99560674       6.99622027       6.99942652       6.97607358       6.87664032
       7.02554003       6.94095993       6.87855975       6.83353360       6.82369995       6.87457975       6.87351354       6.85054016       6.76692645       6.70770645       6.63058027       6.57597987       6.60069338       6.55615362       6.94765981       7.38975334       7.40539996       6.95635986       7.12447993       7.64722697
       7.14875984       6.55486679       6.62429301       6.58536021       6.57904689       6.55873362       6.52282651       6.48346011       6.47084681       6.48501968       6.42712021       6.47042020       6.35956001       6.41501999       6.44451332       6.37942696       6.37266668       6.38385328       6.40592639       6.41396014
       6.47863324       6.41633352       6.34122022       6.32086690       6.30105337       6.43339348       6.45221965       6.40447998       6.34966660       6.31913312       6.24067307
       6.26486651       6.24970690       6.24509303       6.23298009       6.16339302       6.05491320       5.97865359       5.94997342       5.94876671       6.00399335       6.08982658       5.81690661       6.35473315       6.52486674       6.68093363       6.75956027       6.78078016       6.78742663       6.87755330       7.00411352
       7.12409337       7.25053342       7.03844007       5.52879333       5.89565976       6.72334035       6.81060664       6.83269310       6.89974022       6.95228640       6.97499339       6.99255308       7.01349322       6.98684692       6.98546664       7.02139346       7.05759303       7.07121340       7.07604027       7.10079320
       7.13353984       7.11660004       7.09771347       7.10566012       7.09346644       7.09527334       7.09837977       7.10387357       7.09715335       7.10187340       7.08196640       7.07968648       7.05861346       7.05852000       7.08993340       7.12284025       7.13278643       7.15884018       7.18066025       7.17674637
       7.17020671       7.19005330       7.20429993       7.22015317       7.24440638       7.27605311       7.26445325       7.24081357       7.20908674       7.32114665       7.28889974       7.26076635       7.19231351       7.14488665       7.23607318       7.26638031       7.24805323       7.25164032       7.18802643       7.27128029
       7.41722679       7.44458008       7.55516688       7.40475337       7.45374680       7.45602671       7.25315348       7.21250025       7.17594020       7.12067986       7.06968689       7.07080650       7.06267357       7.02406693       7.07917976       7.06330681       7.07978694       6.93748665       6.90191332       7.01915359
       6.87311999       6.82499313       6.86098671       6.87484678       6.85685349       6.86569977       6.96330643       6.94711304       6.81243324       6.72063319       6.67927996       6.62363307       6.48917325       6.87932014       7.41702652       7.44345983       7.08503342       6.60819308       7.62314669       7.50141970
       6.73562686       6.60495313       6.58814685       6.56110001       6.54281362       6.60342662       6.54824003       6.49489975       6.52275340       6.47944005       6.45993360       6.46141307       6.49682681       6.38635317       6.40620677       6.37719345       6.35956637       6.39214007       6.41714032       6.43060684
       6.43735313       6.41523997       6.44408671       6.37822660       6.33201981       6.36755308       6.45567322       6.41112010       6.29984665       6.25289345       6.40036011
       6.31696002       6.29652659       6.28411992       6.27603340       6.25869306       6.20582008       6.14355342       6.07847341       6.00765355       5.99603335       6.05905978       5.85746638       6.29590670       6.47061348       6.62815984       6.73021317       6.80374654       6.80514654       6.80567996       6.90866025
       7.03808022       7.17361323       7.26228015       6.61537997       5.37746684       6.29211998       6.90899976       6.86222649       6.89056651       6.94292641       6.97289975       6.99858665       6.97582690       6.99102020       6.98999341       6.99709320       7.03560003       7.05637995       7.08223979       7.10192680
       7.07827314       7.07741992       7.07659340       7.06836001       7.06166013       7.07370694       7.09392675       7.08145968       7.06192017       7.07457352       7.08449364       7.06723976       7.04054006       7.04350662       7.07465998       7.08545303       7.10614014       7.11274656       7.11519305       7.11548678
       7.14573987       7.15232023       7.17012024       7.20112673       7.26939329       7.27959315       7.25267982       7.26383336       7.33366648       7.26176643       7.23084005       7.20159976       7.20638021       7.20316696       7.21322695       7.20073318       7.21417363       7.20778656       7.22992007       7.18748665
       7.25518672       7.42498016       7.35705312       7.34870656       7.43797366       7.30633990       7.16786003       7.16781362       7.13921356       7.06098684       7.07323329       7.13127327       7.07743327       7.13409360       7.22197342       7.23511314       7.05782000       6.94842021       7.02867317       6.90549978
       6.86347326       6.84519323       6.81380653       6.85347366       6.83355331       6.91107305       6.86616007       7.23557345       6.82402674       6.77416674       6.69408671       6.57417361       6.81604640       7.43688647       7.47821999       7.09509977       6.81000646       6.96032015       7.64995321       7.34084002
       6.74249967       6.61168671       6.61082013       6.54435984       6.49921354       6.49763997       6.55108643       6.57768695       6.51213328       6.43047333       6.47360675       6.48193995       6.54531988       6.36973317       6.43426641       6.41448657       6.38475355       6.39892642       6.39163971       6.45674642
       6.56171989       6.43084017       6.44947306       6.36348661       6.30107307       6.32435989       6.35379982       6.28260676       6.44204013       6.51075363       6.40194003
       6.34281985       6.34441312       6.35005315       6.35564677       6.34508006       6.31643995       6.27430662       6.21958033       6.14326668       6.02253342       5.87881343       5.89236641       6.31716029       6.42765363       6.54685974       6.68981997       6.78430684       6.82740021       6.78704643       6.84638023
       6.95791308       7.05913353       7.16671308       7.18496641       5.99743334       5.64907328       6.62561353       6.94142660       6.93067360       6.93651326       6.96389325       6.98092016       6.98616028       6.99508667       6.98906644       6.99328677       7.02496020       7.04673322       7.07053312       7.06834030
       7.07249324       7.05153338       7.03569984       7.02463341       7.04539363       7.05090650       7.05813344       7.06427320       7.06270027       7.06827354       7.04767354       7.06079356       7.05642637       7.04291979       7.03793335       7.06172689       7.08456675       7.06928635       7.07577324       7.10006015
       7.10352008       7.11370659       7.14901988       7.20475324       7.24916649       7.26029968       7.33115323       7.36400668       7.30139987       7.22813988       7.19235992       7.19546000       7.21294022       7.19020017       7.21112696       7.19308662       7.14872678       7.15767352       7.20449320       7.24982007
       7.18493970       7.24741300       7.43656667       7.37414678       7.34870656       7.25781314       7.19031334       7.16474660       7.11105347       7.08492661       7.21380679       7.20627975       7.18651326       7.25231361       7.25343323       7.27908007       7.10331980       6.99333318       6.93521309       6.89239311
       6.87189992       6.88143984       6.81329346       6.80264028       6.84014638       6.81375313       6.81159337       6.82339986       7.13534673       6.88107363       6.66615359       6.80908648       7.46663348       7.51868693       7.12877973       6.92875353       6.60785993       7.95289993       7.72822698       6.96737989
       6.69697316       6.58014679       6.57772700       6.53369331       6.51682027       6.48266665       6.48452695       6.48158646       6.50172679       6.44777362       6.46287346       6.49713326       6.48875999       6.48477364       6.41511981       6.41753324       6.39487330       6.36314646       6.39623324       6.44042015
       6.45569992       6.45825322       6.42012024       6.33458010       6.26281993       6.30674680       6.53033320       6.51727994       6.41192691       6.36326663       6.32385317
       6.33168666       6.33079974       6.34037971       6.34718005       6.34016673       6.34652011       6.33882650       6.29754639       6.24357986       6.15548007       5.92479324       5.79832013       6.29142634       6.38803991       6.52223333       6.66965357       6.74636014       6.80893326       6.80650647       6.81266022
       6.87976646       6.93590673       6.99161339       7.08702024       6.91981316       5.37667974       5.83533986       6.84904671       6.92182668       6.85589981       6.87801997       6.96120008       6.99334653       6.98608653       6.99574025       7.00227992       7.00508690       7.02051353       7.05752691       7.09268634
       7.08488019       7.02293332       7.00700696       7.02709325       7.03736687       7.02130000       7.03104019       7.05374654       7.06849353       7.03384018       7.02805328       7.05696678       7.06628672       7.02889315       7.01565361       7.03481992       7.03082021       7.04824003       7.06589317       7.06766637
       7.06438001       7.10768700       7.16066678       7.17805990       7.21140671       7.36626689       7.39031347       7.33055305       7.25349998       7.22571309       7.20512009       7.21953328       7.22393990       7.19301351       7.18022664       7.14555359       7.12881978       7.15784009       7.18633334       7.22320684
       7.25656637       7.18797366       7.24421310       7.43893305       7.38109334       7.35172017       7.23583349       7.20573997       7.18666649       7.17229335       7.24795341       7.24819311       7.24689356       7.25739352       7.35728645       7.18816694       7.16817983       7.11723328       7.09225972       6.92465973
       6.91590691       6.91479365       6.91905340       6.86347326       6.82842000       6.81990687       6.80342674       6.80783335       6.88359324       6.98494657       6.68613307       7.46957334       7.55645307       7.22510020       7.06687355       6.68492699       7.40929985       7.99713326       7.44515991       6.61818695
       6.58147303       6.52821350       6.55238024       6.59919993       6.47810682       6.48543358       6.48269335       6.51505979       6.47508685       6.48284022       6.53201358       6.46814028       6.49852689       6.53672028       6.42874654       6.40468025       6.32960637       6.33771324       6.39349365       6.42513975
       6.40564664       6.40224012       6.39118640       6.32079315       6.48155975       6.51284663       6.39421972       6.32132657       6.27817345       6.28609339       6.24791972
       6.35101318       6.33091354       6.34220695       6.35390027       6.35944684       6.34369977       6.34402021       6.38758659       6.35957972       6.23262660       6.01753362       5.77371343       6.35706011       6.44432640       6.55811310       6.68563334       6.77510643       6.82541974       6.85405350       6.85254669
       6.84321976       6.84973335       6.88952001       6.94459343       7.05418015       6.49579366       5.06843344       6.12431971       6.97768021       6.90181351       6.89668655       6.93551318       6.96505356       6.97898674       6.95324643       6.94263331       6.99024010       7.02987353       7.05596670       7.08616638
       7.06906637       7.03771337       7.04191971       7.04991976       7.03779984       7.02751986       7.02470652       7.04922676       7.05167325       7.04453341       7.05430667       7.03985977       7.04081345       7.02201970       7.01517995       6.99156698       6.99129359       7.02054660       7.04618645       7.06208674
       7.08750025       7.12647311       7.11948649       7.15002696       7.32754008       7.39142672       7.32626025       7.28049978       7.26537323       7.21495310       7.20879300       7.21758652       7.21829351       7.13794645       7.11767324       7.14701970       7.15693982       7.14669991       7.16684024       7.20604642
       7.19388644       7.22202682       7.23978678       7.31586011       7.41578674       7.37266668       7.28620021       7.24386024       7.38800685       7.18946648       7.24120649       7.28566678       7.15465991       7.03539340       7.22240639       7.24425316       7.11468697       7.15032641       7.06486638       7.00394694
       6.93402672       6.94754028       6.95423317       6.86172676       6.85113335       6.89325968       6.88601303       6.88496653       6.94399325       6.75024033       7.44404030       7.59938685       7.32683309       6.94968669       6.96023305       6.97301992       7.94315338       7.80915324       7.25614675       6.46389325
       6.57540003       6.55912654       6.58862686       6.76615334       6.51081975       6.52917353       6.51661301       6.50061353       6.50796636       6.51977984       6.51091321       6.46416028       6.48513349       6.47854678       6.47432009       6.44208018       6.41748683       6.34592692       6.35456657       6.40679359
       6.37333997       6.41978010       6.60494677       6.51504644       6.36074638       6.29611969       6.25592677       6.21146011       6.18137995       6.24649302       6.22872670
       6.35408656       6.32570012       6.34312693       6.38124021       6.40302022       6.39517975       6.36529350       6.31569354       6.26338641       6.26295344       5.95702680       5.74433327       6.30493355       6.43974686       6.52370644       6.53501320       6.57472674       6.43634669       6.75956662       6.93344688
       6.93294652       6.90379333       6.90715981       6.90050697       6.92119980       7.12513351       5.98126666       5.23602009       6.81759326       6.99252701       6.96806018       6.95315997       6.96869977       6.94607989       6.92465973       6.95474688       7.01919301       7.01332029       6.99183337       7.02498690
       7.07203992       7.09106636       7.08872032       7.06575330       7.03358014       7.01163991       7.03893344       7.04003334       7.05249341       7.09102694       7.02122688       7.00134023       7.02282651       7.02479998       7.01439985       6.98252678       6.98662694       6.99908638       7.03837331       7.09582647
       7.10290019       7.09662692       7.13724009       7.33709971       7.34107971       7.28564644       7.27412669       7.25406011       7.25577990       7.24054019       7.21360652       7.20421346       7.17872683       7.09108671       7.10028013       7.14285978       7.14828682       7.16091347       7.16719309       7.18114026
       7.15450668       7.16860644       7.21695328       7.22035344       7.32297325       7.37501971       7.32864634       7.27530670       7.54611333       7.27192688       7.14982669       7.12972005       7.08090655       7.03311348       7.04994647       7.41086006       7.48253314       7.25118637       7.18395360       7.10230001
       6.99014664       6.94214694       6.89241346       6.89130656       6.87104670       6.89470673       6.89054680       6.98953311       6.74553998       7.40243340       7.64963977       7.40010643       7.11898677       7.04035314       6.77629344       8.06826019       8.23944028       7.70955976       6.82025973       6.43136660
       6.44557317       6.49022675       6.53388659       6.55245972       6.56444677       6.52016004       6.52039337       6.53525988       6.52684657       6.46713320       6.44607989       6.43380674       6.40104675       6.47798030       6.48486010       6.44065984       6.41344643       6.42123985       6.38799349       6.43293317
       6.59380658       6.58756638       6.43002001       6.35064697       6.29539998       6.21496010       6.09088008       6.00116030       6.00590642       6.13164647       6.22115326
       6.33794657       6.29308001       6.31757991       6.36636670       6.39562670       6.39240011       6.35408656       6.30327352       6.20668666       6.13500023       6.09457334       5.93704669       6.05671310       6.46780014       6.29271317       5.72485352       5.82126681       6.08352661       6.64668655       6.92757988
       6.90194003       6.87863350       6.87486013       6.89395332       6.98930677       7.17590650       6.79903984       5.37361972       6.08406003       6.91463979       6.98855337       6.99801318       7.01305326       6.98284658       6.97432645       7.00694021       7.02255313       7.00681305       6.98566691       7.02181307
       7.07588005       7.11945979       7.09972636       7.05627314       7.01651319       7.03505325       7.05222638       7.05234019       7.08669345       7.08624013       7.04050700       7.00517337       7.01863988       7.01823362       6.98111979       6.96276029       6.98285993       6.99751345       7.04856682       7.05333328
       7.05255318       7.11983999       7.28773308       7.29718653       7.26106008       7.24632645       7.22611364       7.24746005       7.26321348       7.27529971       7.22638003       7.17561340       7.10825348       7.08878644       7.15181986       7.18710009       7.19853338       7.18921979       7.20982679       7.16331991
       7.14409320       7.19215329       7.17550659       7.08462652       7.14714686       7.23146693       7.34800657       7.32868004       7.35666021       7.14879354       7.14160665       7.18357976       7.23232015       7.11739985       7.15277354       7.51993370       7.70418676       7.32766660       7.23548698       7.17784691
       7.12359301       6.99498685       6.95291328       6.89838028       6.85834694       6.91580009       6.97492663       6.81875356       7.29375331       7.69693311       7.48469989       7.09300677       7.25152651       6.79881986       7.44642003       8.15099970       8.31354650       7.46904691       6.52064641       6.52532005
       6.44012006       6.38872655       6.47270648       6.49786695       6.48281988       6.46522013       6.44715309       6.45135307       6.41017342       6.41213353       6.40206019       6.42179362       6.38508034       6.44663302       6.45474688       6.46543312       6.38654010       6.44312668       6.58811315       6.56422679
       6.49729347       6.40491994       6.36730639       6.33459345       6.22300657       6.04444695       5.87625313       5.74498685       5.81575330       5.92587980       6.06175359
       6.35239347       6.32670021       6.33199310       6.36379306       6.39409320       6.39340019       6.35170682       6.28220685       6.18053309       6.06933975       6.04984029       6.06778018       5.96084023       5.91392644       6.04583359       5.78738658       5.74102656       6.02118683       6.38308016       6.77849325
       6.84815979       6.79272652       6.65167999       6.75207329       6.91566658       7.06026649       7.06138674       6.23858007       5.26433341       6.43691317       6.90719986       7.00336011       7.01517995       7.00772667       7.02903303       7.01372655       6.99707349       7.02515984       7.03422674       7.02886009
       7.06148020       7.08709335       7.08956019       7.07868640       7.06100019       7.05716006       7.04777972       7.06768672       7.09549967       7.07464663       7.05200640       7.01338641       7.01444689       6.99532636       6.96882693       6.97285334       7.02026685       7.03012021       6.99102020       6.99192683
       7.08861351       7.23767980       7.20996666       7.18971316       7.19386673       7.22680664       7.24182002       7.24171321       7.23104668       7.23690033       7.20498657       7.13418007       7.08806674       7.14995321       7.15777334       7.19100698       7.17618688       7.16943995       7.16690636       7.16357358
       7.17239316       7.18248685       7.02942022       7.11935997       7.16202672       7.16291364       7.18723996       7.31782659       7.22304026       7.22329330       7.28078651       7.24169350       7.17676671       7.15823364       7.16803360       7.27617327       7.54698690       7.37495995       7.16560682       7.33812650
       7.26276652       7.02778689       6.96876653       6.89016024       6.86279996       6.98644638       6.93173981       7.14454015       7.72432009       7.59596697       7.14830017       7.17851321       7.15611331       6.73850695       7.89184634       7.90780004       7.73079364       7.21751976       6.60291990       6.63147990
       6.56378682       6.46017329       6.42044640       6.33289337       6.30379995       6.29093997       6.31946691       6.27746010       6.23863347       6.25506655       6.35629972       6.40342013       6.41581980       6.41828028       6.40145365       6.43928655       6.52736028       6.47551346       6.46575356       6.39956665
       6.39558665       6.36061351       6.30312665       6.25016022       6.13981311       5.94201342       5.77456665       5.66274007       5.77169355       5.84299342       5.95228004
       6.34862010       6.34193357       6.37155978       6.40154648       6.42198690       6.41620000       6.38762029       6.32529322       6.24983342       6.15011978       6.06813304       6.05743345       6.08171972       6.09769313       5.83887990       5.58805974       5.70537313       5.83363342       6.05483309       6.46268018
       6.72024028       6.38035329       6.27517319       6.38365364       6.61877314       6.89220683       7.06981977       6.82233302       5.44577344       5.98484675       6.77438672       6.91777992       6.98004023       6.99950663       6.99868011       6.99667994       6.98229345       7.00738653       7.04272652       7.04255358
       7.03561338       7.06562678       7.07892672       7.07051977       7.05942027       7.05978648       7.06630007       7.07203992       7.10622025       7.08739344       7.03597323       7.00821304       7.01407305       6.98884010       6.98294004       7.01597977       7.04940033       7.00898679       6.97657331       7.08024661
       7.18222682       7.17472649       7.13187345       7.13367971       7.18194644       7.24681981       7.25236638       7.20952670       7.19499969       7.18651326       7.14723969       7.12407366       7.16784032       7.17940648       7.16142019       7.14338684       7.15603320       7.13525327       7.14203326       7.16413307
       7.17291323       7.00649325       7.06243324       7.17455355       7.33566666       7.16990026       7.17513339       7.15795326       7.29710642       7.26656024       7.29125341       7.20433998       7.20833333       7.30368678       7.12443352       7.24908638       7.28119342       7.23451360       7.20403353       7.32173347
       7.17345365       7.18220647       7.04356639       6.98223305       6.93614642       6.99921354       6.95649974       7.71813329       7.68047333       7.24011993       7.07840029       7.12657992       6.79501979       7.72687340       7.91948636       7.89393361       7.52182007       6.84778659       6.63976669       6.57299360
       6.62812678       6.59920692       6.59253311       6.49498685       6.30106672       6.29453341       6.11557325       6.11014684       6.10391998       6.06310018       6.11430677       6.30922635       6.37431971       6.37962023       6.52595329       6.45220693       6.36307971       6.43920644       6.37229983       6.25424004
       6.25326029       6.16790009       6.08629354       6.07032013       5.93089994       5.78528023       5.67108027       5.66192691       5.74361356       5.81453323       5.91589991
       6.36127981       6.34909312       6.36586634       6.39849345       6.41984685       6.42322667       6.39016024       6.34326681       6.30977313       6.25868034       6.18267314       6.13505300       6.11795998       6.14078013       6.18688011       6.18815358       5.81954638       5.58034643       5.66809972       5.90410678
       6.32391993       6.10963313       6.01236661       6.03398641       6.21492640       6.50155322       6.77716637       6.81703313       5.68297323       5.93695323       6.57505353       6.74732018       6.92826017       6.98162651       7.00589307       6.98800023       6.99312019       7.02236684       7.03529358       7.02057330
       7.06031990       7.07564672       7.05401993       7.04828008       7.03894679       7.05031331       7.07692019       7.08248011       7.08660698       7.06277339       7.03590012       7.02183978       7.02982012       7.00403341       7.02052689       7.06245359       7.06009356       7.03356679       7.12940025       7.15575981
       7.07999992       7.09980647       7.08658663       7.14874649       7.22057978       7.25981331       7.24018669       7.19518661       7.15776698       7.12288030       7.09363302       7.15637970       7.17776680       7.17245356       7.14706675       7.14227994       7.12393316       7.13947360       7.15884018       7.16367976
       6.99194654       7.03020668       7.13409996       7.15299352       7.21328672       7.18066661       7.11168671       7.07632001       7.11904017       7.26746686       7.20822652       7.16521327       7.22981326       7.20578639       7.09423319       7.18703334       7.17927361       7.14986674       7.21282641       7.31850688
       7.12176005       7.21480687       7.27303314       7.11515999       6.99607976       6.86086655       7.58486684       7.75907326       7.43581327       6.89959971       6.77735329       6.93320020       6.78544680       8.03480657       7.83950679       7.91141319       7.28680674       6.62819354       6.57504654       6.55444654
       6.58130010       6.58921305       6.58673350       6.55098025       6.52787971       6.46536636       6.46128019       6.46976662       6.46116002       6.31598028       6.16259321       6.23796654       6.49322637       6.43774668       6.40398661       6.39438693       6.27468681       6.17328008       6.02667363       6.15991338
       6.06386693       5.93145307       5.84682020       5.77471987       5.70457331       5.67730014       5.63568687       5.64578692       5.72228686       5.84527969       6.00171343
       6.38628642       6.38154030       6.38983345       6.41200638       6.42529360       6.42116674       6.39058685       6.34187317       6.31190681       6.28660647       6.25075340       6.20713997       6.13171323       6.13425318       6.14259338       6.26407305       6.47100004       6.32501348       5.86209361       5.59204674
       5.88398679       5.87934685       5.83453306       5.89758682       5.88961347       5.99517314       6.44953982       6.71053314       5.57678032       5.95377350       6.34176000       6.57675362       6.82543310       6.94632657       6.99540647       6.96154022       6.97988637       7.03405317       7.03459994       7.04679362
       7.06674004       7.01147970       7.00066694       7.04101308       7.00756645       7.02404022       7.07051341       7.03904025       7.03398641       7.02913984       7.03679339       7.02339999       7.03272692       7.06259346       7.09251976       7.08794657       7.08139992       7.18907356       7.17653974       7.04987335
       6.99110667       7.01009305       7.05231349       7.13950030       7.18644015       7.24983978       7.21004677       7.16935349       7.12428665       7.09656652       7.13715363       7.13448016       7.13120651       7.13796679       7.11763318       7.11957995       7.15688006       7.18065325       7.19739342       7.02247365
       6.99356016       7.10814667       7.17385356       7.18404643       7.21158028       7.23353322       7.08293343       7.03384018       7.04729970       7.08656693       7.22164027       7.18464025       7.26772690       7.26211357       7.10418638       7.29020691       7.21964010       7.15465991       7.25948652       7.20697339
       7.14182027       7.18394661       7.05852000       7.05114683       6.91158676       7.29408010       7.82412656       7.58265305       6.95133972       6.68930689       6.72790019       6.98779996       7.12174670       7.69509315       7.87984657       7.69063314       6.98815982       6.65121969       6.59309324       6.58957354
       6.55048688       6.57862663       6.58315976       6.63100688       6.56901995       6.52105331       6.52753321       6.55028025       6.46025340       6.38906670       6.48393313       6.36602656       6.08232689       6.18446668       6.21807353       6.20477359       6.17611313       6.06674004       6.00424004       6.07527351
       5.91587321       5.81051318       5.70546023       5.71081352       5.74361356       5.74372673       5.83831978       6.05102666       6.42828687       6.80120023       7.08715312
       6.39178022       6.37534650       6.37796021       6.41110675       6.43216642       6.42427317       6.39769363       6.35934003       6.30615362       6.27899996       6.23901304       6.17916679       6.08616002       6.11572647       6.23071988       6.41224670       6.59883308       6.61756007       6.61563301       6.33076668
       5.83675321       5.82302030       5.86073367       5.86970647       5.70029322       5.66760000       6.02581342       6.54643313       5.27851327       6.07763990       6.42246691       6.56296031       6.73788643       6.86506653       6.89184634       6.91554006       6.96251361       7.01504644       7.01241302       6.99711990
       6.96579997       7.00625992       7.04510689       7.07526016       7.03350639       7.03026009       7.03778648       7.03260676       7.02787336       7.02593994       7.00480016       7.00956027       7.05513318       7.07591311       7.07438024       7.08907318       7.22100639       7.15077972       7.07798640       7.01633326
       7.00820669       7.00948652       7.06851323       7.11931356       7.17509333       7.18301328       7.15454674       7.15312640       7.10278002       7.11634000       7.11253357       7.08404032       7.10928663       7.11418025       7.08401998       7.11017990       7.15232658       7.23177338       7.02829361       6.95517985
       7.09056664       7.14104652       7.18235334       7.16541990       7.23028692       7.21423340       7.21312650       7.07832654       7.06689326       6.98367310       7.02052689       7.19381332       7.21601995       7.32938639       7.35305341       7.27429326       7.23145994       7.24638685       7.39119975       7.29050700
       7.16026688       7.13546689       7.09095319       7.16496658       6.97304026       7.79213333       7.75061989       7.33699354       6.73535347       6.80570666       6.78755315       6.98373985       7.08790016       7.71133359       7.87782669       7.45256678       6.82362684       6.66225306       6.55299314       6.50550016
       6.50778643       6.50102679       6.54311307       6.65856679       6.54460017       6.49113337       6.41753324       6.44835981       6.53985977       6.34721311       6.00508690       5.92098681       6.00654030       6.03437360       6.14085325       6.20018005       6.13418007       6.03303973       6.16340001       6.12912687
       6.03308678       6.02153333       6.11302694       6.31269328       6.61764018       6.88188680       7.15834681       7.04840660       6.62256686       6.16865985       5.78869311
       6.39869308       6.38043976       6.40413348       6.41750018       6.42137337       6.40353330       6.36893972       6.33565331       6.30739339       6.28356679       6.21627363       6.10616684       6.05143992       6.19092687       6.39384651       6.69424693       6.69432640       6.70352681       6.73229980       6.74654643
       6.72312673       6.71427981       6.78310013       6.64410019       6.31416639       6.08751996       5.95180003       6.48716672       5.34403992       6.26029968       6.46147982       6.57741992       6.69231351       6.84078662       6.89505323       6.89344025       6.93122673       6.94992002       6.94659360       6.96649361
       6.98796018       7.02705320       7.07037989       7.13519351       7.05393346       7.01543363       7.00384649       7.00734011       6.99488004       6.97234662       6.98065313       7.03859329       7.06564649       7.07335981       7.10260646       7.21243350       7.13759995       7.12122663       7.07305336       7.04958026
       7.05164655       7.05947304       7.09587987       7.12725321       7.15328026       7.17709986       7.20089976       7.16764641       7.15228017       7.08641307       7.08614031       7.07748667       7.07973989       7.08101972       7.11565336       7.11477979       7.18291346       7.05968666       6.90256691       7.12627983
       7.11179352       7.14063327       7.13446681       7.16997337       7.21445974       7.21768697       7.11731339       7.26715342       7.21170680       7.05080668       6.97477341       7.07991982       7.17465337       7.14038658       7.23301315       7.23284658       7.12802696       7.48633321       7.44644674       7.20774015
       7.20434634       7.38238017       7.72953351       7.05653318       7.68746694       7.87169329       7.61674690       6.96158028       6.78869311       6.79117330       6.83636665       6.91681353       7.11435318       7.51246643       7.77011998       7.08082008       6.64958636       6.60325305       6.56675339       6.47960663
       6.48168691       6.52459971       6.51940028       6.51695315       6.49188677       6.48445320       6.57292684       6.38511976       6.04022662       5.81832695       5.82111994       5.90133985       5.90783310       6.00558662       5.97111320       6.04704666       6.20289358       6.37590663       6.81148656       7.10015996
       7.19514020       7.16006660       7.22072029       7.14647992       6.93791326       6.53316689       5.77302678       5.12677987       4.63838005       4.44259326       4.30163987
       6.44450696       6.41209984       6.43186696       6.45003319       6.44766680       6.42068672       6.37987328       6.33320681       6.30545362       6.26945305       6.19414012       6.07977994       6.09875361       6.28807322       6.46796672       6.93839327       6.78143311       6.76657359       6.77756691       6.78027344
       6.89557330       6.82675997       6.81152026       6.80963326       6.85348002       6.67072678       6.41953977       6.59846687       5.51098696       6.12819354       6.42857997       6.53009987       6.69078636       6.86756007       6.93336678       6.91150030       6.89724032       6.86539332       6.86956024       6.95539983
       7.00122643       7.15491994       7.20074018       7.23225339       7.04590670       6.96298027       6.96178691       6.95084699       6.95082664       6.94846026       7.00236638       7.00253359       7.04025968       7.11451976       7.17530632       7.11374029       7.08231990       7.11033312       7.07754008       7.05965360
       7.06205304       7.10305977       7.11988004       7.10996691       7.12651316       7.15738678       7.19964663       7.20302645       7.14872678       7.08007304       7.07770665       7.08252017       7.06809362       7.07097308       7.10963313       7.13422012       7.08227348       6.86626689       7.02289327       7.13474019
       7.20008659       7.02821350       7.09051323       7.19994672       7.16239993       7.19621976       7.45770645       7.37538656       7.30647341       7.02861341       7.49526024       7.40544001       7.00286674       7.14933332       7.13912646       7.15357335       7.11646652       7.17512639       7.19607989       7.42452685
       7.89769999       7.95824687       7.14381345       7.77811305       7.92830658       7.78704643       7.40631994       6.79995982       6.75966644       6.74440002       6.86054675       6.87077332       7.37059339       7.65014648       7.52164014       6.69989332       6.46721967       6.53420639       6.48814646       6.45721308
       6.56654676       6.46177991       6.50101344       6.57633972       6.58948644       6.35394669       5.99471982       5.80282021       5.75310008       5.76242638       5.86409314       5.91665332       5.90030670       5.95148659       6.05610021       6.61747996       7.33756002       7.35777982       6.77451324       6.43340683
       6.30717341       5.93597349       5.79304695       5.59912682       5.38165983       5.05796655       4.67077986       4.22839991       4.46865336       4.73222001       4.85624663
       6.44275347       6.43777974       6.44725990       6.46707980       6.47481982       6.46054649       6.41733996       6.36835988       6.33025360       6.30913989       6.26211993       6.16128031       6.13234011       6.29110654       6.54383977       6.94242668       6.84588687       6.83062681       6.83558655       6.87910652
       6.77951304       6.95795314       6.83715312       6.84788005       6.86665344       6.73917325       6.61106682       6.62163353       6.10709318       5.40542030       6.36071968       6.51512655       6.69728661       6.88773982       6.90334638       6.89267985       6.92437998       6.88398679       6.86489995       6.96594683
       7.16455332       7.16851997       7.10895348       7.09293302       7.03081322       6.95248667       6.93631999       6.91864649       6.95224698       7.00444667       7.00082652       7.01226679       7.06944021       7.06501325       7.07885361       7.07767995       7.03624662       7.08205350       7.12369982       7.10918681
       7.10250664       7.12063980       7.14175351       7.12911987       7.07422638       7.10690689       7.16367976       7.16584651       7.14820671       7.08038012       7.08157349       7.06544685       7.06292025       7.05806669       7.07553991       7.05191358       6.84094683       7.03562673       7.12057304       7.11407979
       7.10839971       7.07081985       7.11666679       7.30526670       7.12648010       7.48402023       7.49902662       7.60834694       7.32955996       7.51229986       7.40415319       6.96627363       6.90127309       6.96549988       7.17660014       7.18948682       7.16382662       7.32728640       7.60538673       7.99190013
       7.87192027       6.98920695       7.64780680       7.87091319       7.89619319       7.81651306       7.03502655       6.83419991       6.80636660       6.78275363       6.91006660       6.62793350       7.44341342       7.71979332       7.27659353       6.49788030       6.53058688       6.56215986       6.48578008       6.50882022
       6.49961980       6.51511319       6.60941315       6.31989352       6.02792676       5.82712682       5.77775319       5.78386688       5.83713341       5.92849350       6.02000682       6.01829974       6.01972008       6.48146693       7.38728015       7.52168020       6.66745313       5.55234019       4.83740679       4.21612676
       4.17316659       4.37969335       4.48300012       4.38058662       4.21236006       4.21951326       4.45150661       4.96162001       5.14601326       5.40418688       5.82063993
       6.43302027       6.41897329       6.44592031       6.47173309       6.46532694       6.45522690       6.42536672       6.36016655       6.32237307       6.33113988       6.31247330       6.23106639       6.14705340       6.27849325       6.58204651       6.84413338       6.93687312       6.96305974       6.94157982       6.98583349
       6.94995308       6.96221987       6.90360641       6.94021352       6.92652639       6.80308660       6.84387334       6.83518664       6.77450689       5.79215304       5.64857992       6.28550657       6.59185982       6.80554644       6.81131999       6.81390635       6.86682002       6.87530009       6.90180016       7.04671987
       7.05990664       7.04082680       7.17405319       7.19390678       7.20381991       7.00035350       6.94567299       6.93767993       7.03341357       7.01897303       6.98951340       7.07887332       7.04863993       6.93483988       6.95770009       6.98901304       7.02193324       7.04942004       7.10796674       7.13250033
       7.14565976       7.13085365       7.13157972       7.09295972       7.08841324       7.12067350       7.13669332       7.13488642       7.15189362       7.10073980       7.07906024       7.04121335       7.02867317       7.05990028       7.03809357       6.82157326       6.90287336       7.08105342       7.15022024       7.11129316
       7.09877332       7.14345996       7.17042669       7.21510696       7.17713356       7.36923981       7.87363307       7.72898674       7.37735303       7.15619977       6.99551328       7.01697350       6.88308652       6.90714010       7.01474635       7.26854006       7.27710660       7.19689306       7.15635999       7.23689334
       7.12686666       7.62376022       7.83331998       7.94735336       7.83647982       7.70755323       6.92214012       6.87644641       6.85440000       6.85194651       6.97163328       6.71808688       7.51679357       7.55230649       6.80707359       6.46583303       6.55156008       6.58911324       6.54124006       6.57143339
       6.62834676       6.36729304       6.09601339       5.90332667       5.94131343       5.90136019       5.91030693       5.94589996       5.97908020       6.03857994       6.09817314       6.35500654       7.15304693       7.57834689       6.89552689       5.76833979       5.01390012       4.53194014       4.65601349       4.55253347
       4.90867996       4.93946012       4.84608014       4.99568653       5.18196011       5.47743352       6.00113996       6.54173342       6.99439303       7.27286657       7.28414663
       6.45023982       6.45406659       6.46820005       6.46239980       6.45209312       6.42661985       6.39388657       6.34225972       6.31892649       6.30981318       6.28280004       6.24916013       6.17752012       6.26635997       6.56899325       6.77230644       6.92467308       6.92092641       6.92592684       7.01449331
       7.05113983       6.96431351       6.94739342       6.96467972       6.95829328       6.98029327       7.01263301       6.97093328       6.96936671       6.84508006       5.86835988       5.30504672       6.00105349       6.55430031       6.72499975       6.76246007       6.81027985       6.93779310       6.88098653       6.79539363
       6.80807304       7.04816691       6.84954643       6.92805354       7.16264025       7.14618683       6.95267359       6.96475347       6.99488640       6.97539330       7.01505343       7.03614680       6.97726695       6.92635981       6.90080643       6.94828669       7.02274005       7.07152685       7.08826637       7.11948013
       7.12393316       7.12487348       7.07962672       7.12994639       7.16156006       7.15310033       7.13507970       7.13943354       7.16773987       7.10939980       7.08905983       7.04351997       7.01728694       7.00641314       6.80759303       6.84544690       7.01775360       7.05799357       7.11599986       7.17064667
       7.16697311       7.15428670       7.21524684       7.27614021       7.21940676       7.19256020       7.18565305       7.72542636       7.08636030       6.93331337       6.95859973       6.95897992       6.86199315       6.87902641       6.90405973       7.17380651       7.39821307       7.44400024       7.57205327       7.65749359
       7.74459330       7.92235311       7.97215335       8.03532028       7.89484024       7.61992645       7.07113330       6.83629354       6.89036687       6.88847351       7.04977353       6.82337316       7.53831355       7.34442012       6.46983973       6.49052684       6.58390681       6.62586657       6.67528661       6.44503975
       6.13033994       6.00757345       6.00141970       5.99511337       6.08903313       6.15033976       6.15063349       6.09732691       6.11991310       6.23855337       6.84836006       7.49075317       7.09413338       5.99199994       5.19970671       4.48775323       4.54691346       5.27821318       5.65863355       6.10861969
       6.39161301       6.47030004       6.68615341       6.94378662       7.13068008       7.19132678       7.13308016       6.89436022       6.58436012       6.28512637       6.09240659
       6.45239321       6.47844696       6.47281329       6.46544011       6.46970685       6.43393326       6.37691307       6.36866633       6.35575358       6.34197998       6.31642660       6.25311343       6.17789332       6.22979991       6.49297969       6.80325317       6.90394020       6.88217354       6.92528661       6.98663330
       7.04888026       7.04912694       7.02398682       6.99708684       6.97595342       6.98981984       6.98829969       6.98187319       6.97660700       6.95744642       6.92424647       6.44717344       5.48945999       5.36135356       5.99500020       6.38703346       6.62115351       6.69365311       6.51690674       6.64170647
       6.87625313       6.44136683       5.99916013       5.89380646       6.72485352       7.22168668       7.02098656       6.94288635       6.94839350       7.06617355       7.00804647       6.94149335       6.90715345       6.94020653       6.94255320       6.92896016       6.99518013       7.06014633       7.05342674       7.05139987
       7.03473345       7.04115995       7.11989975       7.18680000       7.20756658       7.17235311       7.13221359       7.15251986       7.18146006       7.11898677       7.08095360       7.05305990       7.06030655       6.81285350       6.78404681       6.92251333       7.00061989       7.05217361       7.08432007       7.20136642
       7.19366646       7.18536695       7.22636032       7.22458649       7.04997317       7.12129339       7.12400691       7.03293991       6.88580640       6.88718669       6.94112015       6.87106641       6.87985357       6.95333989       6.94094022       6.99678675       7.36351331       7.62810644       7.70188014       7.85006650
       7.99983342       8.09656652       8.11001968       8.03815333       7.97661972       7.85835330       7.01277987       6.78262647       6.86012650       6.89620654       6.92577998       7.10443306       7.57771365       6.84690030       6.53716660       6.72347323       6.75226657       6.38662020       6.21986643       6.12181981
       6.04650688       5.91995366       5.97425334       6.06682650       6.17097982       6.27094650       6.37020683       6.26284027       6.54842695       7.32410685       7.26705360       6.24564679       5.28057988       4.60249329       4.57227325       4.99500656       5.66211319       6.34421984       6.68571345       6.71260007
       6.59926669       6.46810659       6.78673999       6.59306018       6.35793304       6.15312004       6.04923312       5.91349347       5.80637995       5.75940641       5.71311315
       6.45053991       6.46425311       6.46059354       6.46551323       6.44910685       6.41693306       6.39825312       6.39457321       6.37292671       6.34343974       6.34135310       6.28347333       6.21235975       6.21794001       6.41437976       6.75287310       6.87387339       6.86498006       6.92792638       7.00559998
       7.01550674       6.99684652       6.98449326       6.99081993       6.94318644       6.97502009       6.99422646       6.98320007       6.97595342       6.96357981       6.98889351       6.98358027       6.81933975       6.35872650       5.59797986       5.22337341       5.29689344       5.84101359       6.20476659       6.28255335
       6.37627983       6.31897990       6.18626658       5.94466019       6.08533986       6.71148682       7.10191981       7.03708013       7.03701973       7.00984001       6.96623357       6.84415309       6.84313329       6.89575322       6.93950653       6.94997342       6.93503316       6.93825976       6.97630692       6.97360675
       6.99159304       7.04867363       7.11863327       7.19093323       7.20476659       7.18972651       7.17536672       7.15614001       7.18640645       7.10160001       7.06987317       7.07969348       6.88801320       6.74035327       6.93373362       6.98890686       6.99726677       7.05353991       7.10468674       7.11586698
       7.18159358       7.21164640       7.25930659       7.03075345       6.97044690       6.89699999       7.02005323       7.04511325       6.95684687       7.01471329       6.93440692       6.87826665       6.91007996       6.93041356       6.95154635       6.98541323       7.05125999       7.60330009       7.88998667       7.96498680
       8.13624636       8.26600647       8.29564667       8.20601336       8.02349981       7.98656019       7.36821365       6.88640658       6.86877314       7.14414660       6.86057981       7.42384656       7.53904661       7.03993352       7.00069364       6.66462008       6.34741338       6.30947304       6.20752652       6.08805974
       6.04545975       5.96000671       6.03793335       6.20823352       6.25042661       6.29992676       6.46747335       7.11622683       7.41248639       6.55563354       5.53109996       4.96107324       4.48081334       5.01460679       5.57153320       6.18091329       6.61896642       6.48472023       6.34676679       6.31561979
       6.14638011       6.04018656       5.98620669       5.94975980       5.99694697       5.94529978       5.87295977       5.79273987       5.72776031       5.68454679       5.66209348
       6.44443321       6.48143323       6.48615964       6.47759310       6.46014659       6.42363993       6.40792656       6.41943995       6.39339320       6.36134020       6.34900665       6.27947362       6.23348681       6.18898646       6.33030637       6.63134003       6.84623973       6.92080688       6.90968641       6.94530678
       6.96907997       6.97783979       7.00185331       7.02070681       6.98511314       6.99348640       7.00956662       6.99474017       6.98246638       6.97081312       6.96907361       6.95936012       6.98039309       7.00952021       6.88463974       6.66285324       6.21556028       5.51509984       5.14950657       5.30972672
       5.78071976       6.24365997       6.48107974       6.63285319       6.49725342       6.21958669       6.96490669       7.09888649       7.00371361       6.89990679       6.83919970       6.79245313       6.79801305       6.88461304       6.95682017       6.96954664       6.93077342       6.90326691       6.89654668       6.94646009
       7.01915995       7.02287992       7.06730652       7.11787351       7.13661321       7.19958687       7.21189308       7.16031329       7.17775981       7.07904689       7.03746668       6.95556641       6.72764651       6.95020676       6.96161970       6.94414647       7.01500003       7.06902695       7.11696688       7.12000020
       7.13884672       7.20748011       6.98885981       6.98816681       7.00967979       6.94428635       6.91398684       6.94834010       7.03835360       7.12242699       6.98290698       6.96807353       6.94273313       6.92288653       6.94261996       6.94943301       7.00069300       7.22720019       7.80847994       7.97975985
       8.18911997       8.51163991       8.61189334       8.32071304       8.09445318       7.92087364       7.86230024       7.79176013       7.66619364       7.57495308       7.50445366       7.72506650       7.61304029       7.10176023       6.79743322       6.37781970       6.34701983       6.34442647       6.15063349       6.44649315
       6.23697344       6.10910034       6.18706640       6.25452677       6.34728686       6.89026006       7.48875364       6.99286016       5.80786641       5.11054007       4.60643991       4.79001331       5.46243985       6.04188029       6.66765976       6.61384010       6.36923345       6.19222641       6.06714694       6.06428655
       6.05061976       5.91303317       5.86210696       5.87243334       5.87005361       5.84933980       5.77577337       5.73692640       5.70655314       5.68452644       5.68103981
       6.41385969       6.46480687       6.48530642       6.47867330       6.46567980       6.43433317       6.41320674       6.41397349       6.39118004       6.37354024       6.36392021       6.29574013       6.27313995       6.21226692       6.25879351       6.51703326       6.77663358       6.98255984       6.93106016       6.95617994
       6.95356687       7.00021362       7.02357356       7.04263306       7.04238002       7.06719335       7.07389323       7.07143974       7.07445335       7.07124647       7.08724658       7.08732669       7.10330009       7.02761332       6.95089976       6.91749318       6.84476026       6.78322029       6.54028638       6.07807986
       5.55414009       5.21524016       5.22419326       5.62518692       6.07818667       6.25787989       6.33612696       6.58780670       7.01010005       6.97375997       6.86867332       6.80721982       6.89468638       6.97913361       6.93176651       6.93379974       6.91326014       6.90851339       6.91178640       6.93820000
       6.98293304       7.00330671       7.04867363       7.05978648       7.09382693       7.16718674       7.15460014       7.14385986       7.14435323       7.06941350       7.12365977       6.98553340       6.74589984       7.05955315       7.10008685       6.98839315       7.06311353       7.07501348       7.05687332       7.12534014
       7.27864647       7.41320674       7.18311310       6.95722644       6.94751358       6.90231323       6.90825335       6.90392685       6.98200671       7.06890678       7.03678640       7.02355321       6.95388667       6.93190002       6.91899363       6.92886670       6.96238645       6.93547312       7.52423986       7.95006688
       8.14020030       8.50598017       8.68323326       8.22595342       8.06564013       7.97193336       7.95595996       7.89535968       7.84098689       7.76459312       7.75367355       7.70359993       7.21605301       6.73969332       6.41949336       6.21965981       6.25301997       6.31446012       6.36725362       6.56291326
       6.27871323       6.26993306       6.50001971       6.96110026       7.55985324       7.37608020       6.22179985       5.21902657       4.65913995       4.67209339       5.33353996       6.17846680       6.48408635       6.54368655       6.46033351       6.31782023       6.11870003       6.09657351       6.02067312       6.01679357
       5.98952675       5.94481977       5.84797351       5.82600657       5.78328005       5.79986000       5.77025350       5.73811976       5.72713979       5.70793978       5.67498016
       6.42009989       6.47022692       6.47997983       6.46965345       6.43902651       6.42350006       6.40421359       6.41293335       6.38833364       6.34776688       6.30865351       6.26280657       6.23584684       6.20833969       6.22758675       6.45311356       6.73187319       6.96402677       6.96671995       6.99976667
       6.99909337       7.03542010       7.08396022       7.13315328       7.12622643       7.15138690       7.17993355       7.18964005       7.18055344       7.15910021       7.18621318       7.18570010       7.23767980       7.11034648       7.01927312       6.96586672       6.85650698       6.82177989       6.71609306       6.69578679
       6.68492699       6.63628006       6.44378662       5.90185356       5.22688007       5.01017984       5.25756677       5.79994011       6.29837990       6.64606667       6.80463982       6.77637355       6.78477351       6.94511986       6.91894023       6.87436676       6.89133326       6.91971970       6.98886681       6.94320679
       6.92261314       7.00360680       7.00412687       7.03564008       7.09910011       7.09314028       7.07685979       7.08611997       7.17067337       7.21063995       7.16900698       7.13300006       6.79891332       6.93854014       7.02371979       7.06174024       7.15969340       7.08261363       7.08934657       7.12516022
       7.21259308       7.29719989       7.46087329       7.16425323       6.98330688       6.90310669       6.91651980       6.86270014       6.89403979       6.97908656       7.03364690       7.01073329       7.01041985       6.96292686       6.93256696       6.91892687       6.89529355       6.91791344       7.09824689       7.86621348
       8.01793989       8.12610690       8.16278013       8.09250005       7.95083364       7.86954689       7.79985301       7.74102020       7.65155347       7.44055367       7.58331998       7.33470027       6.67140007       6.58448664       6.42616653       6.24924660       6.25270653       6.38216019       6.57310677       6.92823346
       7.31744639       7.60748672       7.69934018       7.33013344       6.35737991       5.45961316       4.84300677       4.58745988       5.14402008       5.74456660       6.35493978       6.52108002       6.33089320       6.25944010       6.23198636       6.21128654       6.10397339       6.06353315       6.05050659       6.04196676
       6.03092003       6.00812658       5.88430023       5.84604009       5.80142657       5.80600675       5.79645348       5.75471306       5.75783348       5.72388649       5.68992678
       6.43448639       6.48960686       6.50524648       6.48988024       6.45398013       6.42472649       6.40054003       6.41649310       6.38025983       6.30065346       6.21202660       6.15619977       6.14377975       6.15122668       6.20400683       6.38651975       6.71855990       6.93658002       6.96392695       7.01493327
       7.08258692       7.13280678       7.14422671       7.20557976       7.27462641       7.25244013       7.23578008       7.23921967       7.22479312       7.17941984       7.22274017       7.24287351       7.29941368       7.18347994       7.11632029       6.99838638       6.93680000       6.93912697       6.88794645       6.69467990
       6.66455332       6.78801346       6.77969996       6.82688649       6.76493327       6.54605993       5.91078695       5.23887348       5.38135974       5.62177976       6.13910675       6.31841977       6.46492004       6.85633977       6.95410029       6.91767311       6.90887324       6.96983337       6.98973338       6.89284007
       6.90867996       6.98030663       6.99264654       7.03577360       7.05921364       7.04492696       7.06534640       7.15140025       7.17049344       7.14178658       7.11211332       7.08451335       6.98453331       6.81664658       7.04229991       7.15884018       7.16030693       7.22388013       7.19091988       7.08728027
       7.21501350       7.31866646       7.30566025       7.25183360       7.06703313       6.97047997       6.90071996       6.86788686       6.85053317       6.87701988       6.97111320       7.03613981       7.09963353       7.03498014       6.97971344       6.96159999       6.89524651       6.89678001       6.94671313       7.54684003
       7.87724686       7.94454638       7.96704674       7.90427335       7.83358002       7.62600644       7.43986638       7.34708023       7.10403315       6.88067309       7.46288681       6.71813329       6.53233973       6.52619998       6.63282649       6.96283340       7.31844012       7.51452001       7.55171331       7.23930677
       6.76107979       6.17763329       5.75198682       5.42398643       5.02017339       4.53208669       4.96491337       5.54562632       6.15047328       6.38008690       6.32059987       6.27087975       6.19973310       6.16262690       6.14625359       6.16144689       6.12218030       6.05626678       6.07460658       6.06133970
       6.08346685       6.02018674       5.97275988       5.88497988       5.84347343       5.82043330       5.79695320       5.75137329       5.75295321       5.72432645       5.70482699
       6.46964645       6.50881322       6.51726659       6.49740664       6.46238009       6.44382668       6.42737325       6.41742007       6.36214002       6.26709302       6.14934667       6.09889348       6.07813327       6.08982658       6.15776698       6.33000692       6.63403320       6.79368655       6.94993337       7.00144641
       7.08824666       7.13533974       7.20032692       7.23438644       7.27279981       7.28672028       7.23878670       7.23966026       7.21806653       7.21366692       7.27791341       7.33284632       7.28731982       7.22357305       7.17942683       7.03926659       6.96482023       6.97432009       6.96748670       6.84350014
       6.84880638       6.85543315       6.83679326       6.86066691       6.88671303       6.93055979       6.90362676       6.85561307       6.40396690       5.50868670       5.21805986       5.54587364       6.23328654       6.57521311       7.03642654       6.99035327       6.94685300       6.94033305       6.93715986       6.89686012
       6.88653310       6.97587967       7.03341993       7.01235326       6.99482028       7.01976649       7.12898000       7.10843976       7.14626694       7.12233353       7.09181976       7.07210668       7.05039342       6.90360641       7.00607363       7.16128031       7.20897357       7.17350642       7.09079997       7.06159337
       7.01582019       7.23072688       7.40737979       7.31945356       7.21397972       7.05706024       6.85865974       6.84190687       6.87150002       6.87398656       6.95029322       6.98420016       7.11843300       7.10396004       7.10440636       7.01571337       6.95625305       6.92638652       6.91065343       7.13684018
       8.02313995       7.78549321       7.87789981       7.79158020       7.62241999       7.40996679       7.23712031       7.14153989       6.95922661       6.93927320       7.36462021       6.71996689       7.26647313       7.64868673       7.58760643       7.17384656       6.66609319       6.14809990       5.68399302       5.44546636
       5.12701988       4.86551984       4.72279326       4.60211341       4.86303997       5.53838030       5.99654643       6.34039307       6.27397346       6.19211324       6.21076012       6.24773343       6.22477976       6.19732030       6.16326650       6.12311363       6.08466021       6.01845996       6.04908689       6.04969978
       6.00785319       6.00819969       5.97119331       5.89195315       5.86819331       5.83359973       5.80855306       5.74845314       5.70706685       5.67631976       5.67873319
       6.36476644       6.45607313       6.43737348       6.45924695       6.48589325       6.49116007       6.46294022       6.44794019       6.41238022       6.36223984       6.24610011       6.14232699       6.12405968       6.12801997       6.15129979       6.25886663       6.49029986       6.69075330       6.92865308       6.96637344
       7.01855977       7.05603345       7.11590004       7.18780645       7.24296633       7.28525988       7.26876005       7.25999324       7.24077352       7.24423345       7.26243973       7.33837318       7.28813998       7.25842031       7.17402013       7.10396640       6.99944687       6.98386637       6.96614647       6.92285983
       6.92532667       6.86512693       6.86725362       6.84577306       6.86167971       6.98577309       6.94704692       6.99202665       6.96023305       6.86495972       6.34306018       5.66634687       5.11817328       5.70982679       6.62334696       6.99224027       6.99590683       6.90143331       6.88898659       6.90623983
       6.89690018       6.95364634       6.96120008       7.00887998       7.01999346       7.08878009       7.08148003       7.10957336       7.16351318       7.12443352       7.13782692       7.10508664       7.06352679       6.98658689       6.95647303       7.15911992       7.16893323       7.04976018       7.04256694       7.03306643
       7.05379359       7.09018008       7.20076688       7.24956004       7.22387314       7.20030022       7.27165349       6.87315305       6.85106659       6.90539360       6.93122673       6.95659320       7.01217969       7.10912641       7.08883349       6.98799324       6.94751994       6.89521345       6.91989326       6.95870654
       7.89601326       7.73008029       7.76758639       7.67122650       7.50422668       7.30768013       7.17398643       7.15968641       7.15099970       7.38290024       7.39467303       7.66423988       7.24117343       6.43416023       5.78643354       5.39498011       5.04304663       4.90917333       4.72693984       4.60470009
       4.90320015       5.16604678       5.58226649       5.81061999       6.13302676       6.39963341       6.29646683       6.21457354       6.23324649       6.24529330       6.19352659       6.22888692       6.22171974       6.18116697       6.13921992       6.10349337       6.06557973       6.00972684       6.01225980       6.02109337
       5.99680646       5.97123973       5.94520696       5.90111351       5.84318670       5.79895973       5.75720024       5.69576645       5.63683319       5.63062668       5.62886683
       6.26876640       6.32260005       6.38843346       6.42815336       6.42473348       6.38894018       6.35870679       6.33826637       6.36909358       6.42475319       6.46088664       6.41252645       6.39265315       6.36342684       6.25335312       6.22690010       6.35855993       6.55706024       6.92367999       6.91004690
       7.00244649       7.05244637       7.09329351       7.13473320       7.18527349       7.25554657       7.30996641       7.27776655       7.23770650       7.25252660       7.26294009       7.34990692       7.28242683       7.28941981       7.17432022       7.13308016       7.08345350       7.05802663       7.06384023       7.06416639
       7.01126671       6.91057332       6.95173327       6.92108027       6.84421984       6.93513298       6.91082001       6.93932660       6.98655319       6.91840680       6.86934026       6.80596670       6.22905350       5.18888664       5.20022678       6.22052638       6.72940000       7.01955350       6.93763987       6.94845327
       6.90465991       6.92884000       7.00074641       7.02447319       7.03305308       7.04572678       7.05629349       7.10519981       7.11595980       7.09750684       7.12102636       7.13226636       7.09002686       7.02145322       7.03101985       7.17406654       7.04037984       6.95234680       7.04135323       7.08036677
       7.07621320       7.09119352       7.05315971       7.14516004       7.30672010       7.29812686       7.37609990       7.20195325       6.89624023       6.91778692       7.00375303       7.07184029       7.02518018       7.00706673       7.03532664       6.99316661       6.94222641       6.89902687       6.94094022       7.04014015
       7.57236671       7.70549329       7.66749318       7.58334033       7.48693339       7.35548019       7.24652672       7.25135358       7.18894005       7.38057327       6.89042664       6.15730667       5.24739329       4.70641994       4.65749995       4.78810660       5.08959325       5.15786012       5.46792030       5.90848033
       6.26819992       6.43604024       6.55599340       6.49044673       6.33102671       6.20157305       6.16170692       6.20918655       6.22900645       6.24961980       6.23811340       6.19432004       6.15365982       6.13216654       6.10341326       6.06607310       6.02566020       6.00815328       5.96718025       5.95222028
       5.92780685       5.89128685       5.88895353       5.86513329       5.78685315       5.74171321       5.72588666       5.68770027       5.67675336       5.70893987       5.68444697
       6.33245977       6.30320676       6.31737328       6.32493337       6.30922000       6.27814674       6.29431979       6.26871999       6.27676646       6.32596016       6.38401349       6.44699987       6.39630000       6.34769313       6.29985364       6.22444026       6.32580694       6.57442665       6.87316004       6.87390010
       6.98716672       7.03683980       7.10169983       7.15202649       7.14499346       7.20180639       7.27199999       7.24869347       7.23719978       7.24603335       7.28324000       7.34888649       7.28879356       7.26205317       7.15011342       7.13939349       7.07948685       7.10792669       7.09148661       7.14769999
       7.07050641       6.94363976       6.96087329       6.94055367       6.89199320       6.92767334       6.85601997       6.85107994       6.88537343       6.88257980       6.85187340       6.80824025       6.84203974       6.75609334       5.87330691       5.22167333       5.70546023       6.41323980       7.02908007       7.05070686
       7.00873311       7.02948634       6.99133301       6.95213318       6.99194018       7.01125971       7.03812027       7.04424032       7.06350644       7.08622678       7.07909330       7.07174683       7.07714653       7.02272669       6.99491310       7.01177979       6.92111333       6.93217977       6.91526031       7.01830673
       7.06391335       7.17571322       7.16684024       7.04019992       7.21910667       7.27571996       7.31251971       7.04291344       6.99719365       6.88913345       6.96514002       7.04575348       7.03922017       7.00971985       6.98485311       7.00607999       6.96582031       6.95373980       6.99115308       7.07133357
       7.28485998       7.66108004       7.62096659       7.50164668       7.48882675       7.43854014       7.32932663       7.21891340       7.25556691       7.11597315       6.04130681       4.74755319       4.79470666       5.39758682       5.59923363       5.83541361       6.17696699       6.49092674       6.65828641       6.71715991
       6.60999362       6.44980685       6.27569326       6.14821307       6.15598679       6.14254634       6.18958028       6.19651985       6.21342659       6.21412659       6.20993996       6.16551336       6.07475344       6.01263364       5.98100026       5.93522008       5.89458021       5.90299352       5.86657333       5.84387334
       5.80065982       5.79201317       5.78841972       5.76478640       5.69309362       5.69764010       5.69712003       5.72717349       5.74756686       5.75554657       5.73744647
       6.35846647       6.33492025       6.29135323       6.29509354       6.31170654       6.30732028       6.31827354       6.31443342       6.32587306       6.29730670       6.26132647       6.23136648       6.17536672       6.13590686       6.33267339       6.64031347       6.72417323       6.75983365       6.95281347       6.94607989
       7.02509308       7.09222666       7.17240651       7.21763992       7.22488658       7.19948006       7.25429980       7.23088010       7.22193972       7.21268654       7.25513331       7.32227325       7.30196699       7.24181366       7.13255310       7.13370005       7.06019974       7.09296672       7.08416684       7.16489347
       7.08372688       6.99638685       6.94449361       6.90694682       6.92884636       6.96954028       6.95945358       6.96066666       6.93591309       6.90727997       6.87383970       6.80402692       6.80786006       6.86333338       6.95267995       6.48246002       5.35037994       5.44369316       6.19861984       6.73946635
       7.18752670       7.02924029       6.89642016       6.92190679       6.95401319       6.99991353       7.01597341       7.00857353       7.07801310       7.06011327       7.05286662       7.05192693       7.04545339       7.03213310       7.02455966       7.08127975       7.00698662       6.96800677       6.92358017       6.93754005
       7.00186030       7.07126681       7.18806648       7.05046654       7.06859970       7.22870000       7.12468656       6.91374016       6.88874690       6.88255310       6.96817334       6.95133336       6.98763975       7.05747986       6.93147977       6.96002642       6.98753357       7.00169309       7.03220685       6.97832680
       7.04386648       7.64518674       7.61956024       7.46881358       7.44717344       7.44919332       7.35846011       7.14491971       7.36613973       6.61441358       5.26343346       4.84837341       5.60453987       6.36159325       6.75303332       6.85004679       6.72129313       6.57762655       6.42485301       6.40114657
       6.33287366       6.22310638       6.13256009       6.10553996       6.14694659       6.21337318       6.20933978       6.21066666       6.20701981       6.19798024       6.15823301       6.08593305       6.01873334       5.96295993       5.91558647       5.86920675       5.82104683       5.80104001       5.79243978       5.77238019
       5.80259323       5.83539327       5.75925318       5.77134005       5.74119314       5.72778638       5.75000636       5.73482005       5.72416687       5.71447309       5.71110662
       6.35482661       6.34778659       6.30864652       6.27751350       6.28446007       6.32494672       6.34451358       6.30991300       6.30719312       6.30025991       6.27361997       6.19065984       6.17135302       6.18368022       6.51251348       6.50123978       6.57174683       6.78410657       7.10261345       7.25443331
       7.22467995       7.24763362       7.31582642       7.26435343       7.27640661       7.27698008       7.28064664       7.24544652       7.24920019       7.23155340       7.23049355       7.31064034       7.25756645       7.20459366       7.13248698       7.09088643       7.03619321       7.03706678       7.06332652       7.12700653
       7.10946019       7.04919306       7.00240644       6.87465986       6.90508016       6.96295357       7.00279299       7.01325353       7.03184636       6.98325984       6.95071348       6.87761307       6.83821360       6.81547991       6.82965978       6.95064672       6.79488691       5.76608658       5.32668654       6.34652646
       7.17247327       7.03973325       6.88229307       6.89061991       6.94519361       6.98675346       7.00589307       7.04343351       7.08776665       7.06115977       7.05625979       7.03242683       7.06184642       7.02684021       6.97271347       6.93255997       7.07837995       7.07117335       7.01142693       6.95649974
       7.04972013       7.05817986       7.00351334       6.97328695       7.07218679       7.20639356       6.93811353       6.92433357       6.87065315       6.87207349       6.83079974       6.86741320       6.95450020       6.89713987       6.87742678       6.93436686       7.00403341       6.95594025       6.83340009       6.88491313
       6.86759313       7.55975978       7.60199992       7.37489319       7.37674014       7.44433339       7.37716675       7.18772697       7.16571999       6.14104652       4.86414655       5.25013987       6.39374669       6.92652003       6.77144686       6.60934639       6.45316696       6.30751991       6.19847997       6.15717316
       6.18442663       6.19237328       6.16203308       6.15509351       6.19060008       6.19943364       6.16182009       6.19629987       6.18087324       6.17549324       6.08603986       5.98501333       5.93619982       5.88646698       5.84681320       5.80160014       5.78178660       5.79042689       5.84302012       5.84096654
       5.84525998       5.87044017       5.85571353       5.86677996       5.84573364       5.78473981       5.78115972       5.80407969       5.83471998       5.79272652       5.78484027
       6.32855988       6.34000651       6.31453323       6.25889333       6.24754016       6.27216657       6.29806646       6.30053329       6.30334028       6.30799993       6.29386012       6.20985985       6.16644669       6.20776685       6.49977303       6.81150691       6.63385328       6.91742643       6.99610011       6.99248695
       7.10010020       7.20250003       7.42744637       7.37826029       7.33702660       7.36380005       7.31568019       7.26686668       7.24836032       7.25881322       7.19967333       7.29245313       7.25465329       7.20937347       7.12878672       7.05472692       7.03320694       7.02313995       7.05235990       7.07301966
       7.09220695       7.06031354       7.01227315       6.88593992       6.85068639       6.88108699       6.92795308       7.01577314       7.07780647       7.04719353       7.00245349       6.91404025       6.87982686       6.84939321       6.86033312       6.89383316       6.93455315       6.96854655       6.03826014       5.36078008
       6.67469343       7.23751322       6.94433339       6.89281972       6.97525342       7.01968002       7.01740646       7.03385353       7.06288020       7.04386648       7.02223333       7.05099996       7.07293320       6.98876635       6.97367350       6.93125343       6.94440651       7.07772636       7.01247978       7.08549309
       7.13857333       7.03194682       7.00827980       6.95518684       6.86827342       6.99459330       6.86585999       6.93998655       6.90062650       6.89424642       6.85991987       6.82322693       6.83523305       6.85217349       6.85916011       6.94113986       6.85617320       6.72783343       6.69534683       6.68913968
       6.72340647       7.44651985       7.58993340       7.40933990       7.48158010       7.41444651       7.27893321       7.39500682       6.83565331       5.88141314       4.78988012       5.42738660       6.83417320       6.85111364       6.64892006       6.41226641       6.26144028       6.12737338       6.05536652       6.01918030
       6.06619326       6.24651337       6.21955363       6.20961316       6.20447985       6.15995344       6.14370664       6.12816683       6.07593346       5.98475329       5.93959999       5.88668696       5.83783340       5.85256640       5.81970024       5.82671356       5.86418025       5.88451322       5.91467985       5.95089340
       5.96079318       5.96762021       5.96251996       5.96862030       5.93405978       5.87505341       5.83726692       5.82280668       5.85078684       5.83359337       5.81525358
       6.31172689       6.30452029       6.28466670       6.25635974       6.20987320       6.20277341       6.20984650       6.22473971       6.24951299       6.29604022       6.30217997       6.22320684       6.13574028       6.11538696       6.36354001       6.84218025       6.75976690       6.86416690       7.10994021       7.08263334
       7.12360636       7.15106646       7.31414668       7.41121991       7.34722010       7.37306658       7.33165359       7.28543345       7.25402641       7.28713353       7.19292005       7.23561986       7.14997355       7.19339307       7.15007973       7.06128693       7.04041354       7.02315331       7.07155355       7.06044642
       7.06127993       7.01456642       7.00112661       6.92479324       6.87276014       6.84396680       6.85861969       6.98771350       7.06104660       7.07398033       7.05377324       6.99411329       6.94131978       6.93521309       6.93118668       6.90972646       6.88112640       6.85806020       6.91687330       6.13498688
       5.18474674       6.63366000       7.19790649       6.93413353       6.94340007       7.01412010       7.03424009       7.04868698       7.03542646       7.01006699       7.01504008       7.06948026       7.04696655       6.95609347       6.97265307       6.98635991       6.99291992       7.02824656       7.11896642       7.12741343
       6.94066683       6.96143341       7.02645302       6.95669365       7.07584000       7.10312017       6.83142662       6.76291339       6.86226654       6.88226000       6.86456680       6.84682655       6.77917989       6.82488696       6.84011968       6.73339335       6.69048691       6.67892011       6.67318662       6.61795362
       6.69367345       7.40751330       7.58377330       7.38344638       7.35941315       7.26218669       7.34389305       7.56146685       6.80636660       5.82308006       4.65213998       5.63559977       6.91921997       6.81836001       6.57970683       6.29424032       6.13564682       6.04136658       6.03239314       6.06259982
       6.07611974       6.21618017       6.26120694       6.19743347       6.15529315       6.08056005       6.03762690       5.97952652       5.90599314       5.92637316       5.93143336       5.86225319       5.89406649       5.96357346       6.02324677       6.01273982       6.03384654       6.04397329       6.04775302       6.07059987
       6.02095350       6.01625315       6.02300008       5.99670664       5.95369975       5.91264025       5.85283979       5.80245972       5.82510694       5.87185987       5.83397357
       6.32173983       6.31603305       6.29439990       6.27144686       6.22125308       6.19010671       6.16975975       6.16503334       6.17862002       6.22939364       6.26556651       6.21589343       6.10847346       6.04173342       6.42149989       6.83313306       6.78969320       6.88095983       6.94755999       7.02977308
       7.09936651       7.15150642       7.19333967       7.42740695       7.32793999       7.35774676       7.32719994       7.28245989       7.24932671       7.22597313       7.16100693       7.24157333       7.17105357       7.15507317       7.12279320       7.06832695       7.02401988       7.02706019       7.02356656       7.03163338
       7.00254695       6.95976639       6.96573321       6.93105316       6.90526644       6.85272662       6.81813304       6.90565300       6.97950681       7.03465335       7.05654653       7.00912031       6.97826004       6.98877335       6.96320661       6.95735995       6.94526672       6.84001350       6.73209318       6.83720016
       6.43600019       5.17227999       6.53293355       7.08625984       6.94369316       6.95550664       6.96805318       7.00359980       7.00440025       7.01280022       7.03857358       7.09476026       6.98210653       6.95679983       6.96396637       6.97042656       7.02803993       6.98301315       7.08629990       7.04180654
       6.87909317       6.90664673       7.04206022       7.00356674       7.16162682       7.02331988       6.87460009       6.83026632       6.72568003       6.72790019       6.82663981       6.76815987       6.81940015       6.76579984       6.69847361       6.61121305       6.62414678       6.62039312       6.67579333       6.63655345
       6.70749982       7.40575345       7.56460698       7.28835996       6.89436022       7.22113991       7.40265338       7.35332680       6.73480670       5.90779368       4.82840665       5.78834661       6.89370028       6.68783315       6.37881978       6.15837351       6.09005992       6.08165995       6.05488014       6.09255981
       6.09678650       6.14869308       6.30868657       6.14416695       6.05962690       5.96775309       5.92988014       5.89971987       5.88866679       5.92051315       5.96239344       6.00385348       6.03600693       6.07826678       6.14310646       6.16309992       6.14536667       6.12797991       6.10097313       6.09833972
       6.03549321       5.97392019       5.98103968       5.98820686       5.93726031       5.92771975       5.84733327       5.82912000       5.82502683       5.89222018       5.89324633
       6.36930656       6.34780693       6.31389300       6.29868698       6.28625997       6.24040667       6.17977969       6.12233353       6.09972636       6.14077314       6.18759346       6.16733996       6.08655357       6.04023997       6.35531362       6.78681310       6.94135348       7.05599340       6.96046638       7.04477310
       7.09280014       7.10611979       7.14146678       7.44672648       7.31096649       7.32810020       7.32233302       7.28810692       7.27253977       7.19448026       7.17441305       7.21990649       7.15922674       7.18492699       7.10334651       7.07013321       7.02391307       7.03425344       7.00138664       7.01543999
       7.00108655       6.95197360       6.89886665       6.86916669       6.90357335       6.84473356       6.78910001       6.83410009       6.96316655       7.03019969       7.06189346       7.05111313       7.04426003       7.03768031       7.04132652       7.00798670       6.94482676       6.85379982       6.72520002       6.69325320
       6.91098658       6.66329320       5.27956009       6.70678647       7.03005981       6.92334684       6.89731979       6.89617984       6.92905998       6.96334648       7.03116671       7.10901324       6.98461978       6.97613335       6.99541346       6.98723984       6.99568685       6.95069313       6.95378685       6.95920690
       6.97248650       6.89587339       6.94208654       6.93257968       7.20257314       6.91609319       6.82293320       6.86096001       6.83212662       6.76525307       6.78633308       6.86908023       6.75084686       6.65319316       6.63526662       6.59584681       6.54365349       6.56602669       6.61865997       6.63829358
       6.77832667       7.40407308       7.53452682       7.06669362       6.92198690       7.00896645       7.45210648       7.03548686       6.79689344       5.89630000       4.89199988       5.97337977       6.79606692       6.54674657       6.28771337       6.15078672       6.12919362       6.11472638       6.07375336       6.05426661
       6.04742686       6.17193985       6.21411324       6.10009321       6.01030668       5.98736000       5.96191343       5.94086647       5.97539330       6.04982694       6.12439346       6.19816017       6.21892675       6.21645991       6.23962021       6.23679352       6.20395343       6.16016642       6.14860026       6.13882001
       6.10351308       6.11026001       6.08403333       6.04969978       5.98888652       5.93059985       5.90059980       5.85286649       5.81265322       5.84347343       5.87902006
       6.39583969       6.37906011       6.35029348       6.32994016       6.31965319       6.21226692       6.11001333       6.03723335       6.01108678       6.04976654       6.09966660       6.08552678       6.03984642       6.07471339       6.37670644       6.63294029       6.88688024       6.99070676       7.01320648       7.08843358
       7.17156665       7.14434687       7.18258667       7.27619998       7.34978676       7.27471987       7.30936686       7.27098656       7.25641314       7.15957324       7.18277359       7.24681346       7.14539973       7.14642016       7.12541326       7.09447352       7.04918671       7.04419327       7.01977348       7.09792646
       7.29626656       7.28810692       7.23926671       6.94163322       6.89293353       6.84653346       6.78173319       6.79146640       6.90482648       6.97620646       7.03310649       7.00448672       7.03823344       7.05067317       7.06579336       7.04409345       6.96691322       6.88978004       6.70927302       6.67681313
       6.88209979       7.24097315       6.38058662       5.31544654       6.94932683       6.93335342       6.88658651       6.83530680       6.87643305       6.93000031       6.97388013       7.09909312       7.07755979       6.98905309       6.96690687       6.97790655       7.17668025       7.05732663       6.93798002       6.91845322
       6.89078013       6.87652016       6.84980647       6.85051346       6.99636014       6.93269348       6.82115364       6.78029315       6.77331988       6.85308011       6.87438011       6.74265353       6.65187327       6.65259361       6.63472684       6.59965324       6.54398028       6.47896004       6.50053978       6.54527982
       6.71791331       7.39271355       7.49933306       6.90154012       6.84928640       6.95353317       7.47775332       7.00326029       6.80646642       5.68630664       5.08335336       5.99025345       6.75045331       6.45918020       6.21408017       6.14746666       6.17357318       6.11935997       6.07339350       6.01159986
       6.02829997       6.00816663       6.11708641       6.07433319       6.07246653       6.06595993       6.08783340       6.14256032       6.14923986       6.16609319       6.19008700       6.24091975       6.30821991       6.23985354       6.22494698       6.18910027       6.19085312       6.17470678       6.21674029       6.20218658
       6.17179362       6.16492653       6.13106028       6.11352666       6.08773994       6.04092662       6.00622686       5.91710663       5.88644028       5.86476008       5.89351972
       6.39747302       6.38107999       6.35563978       6.34179306       6.28636678       6.16422653       6.00756009       5.96717326       5.96735319       5.98655319       6.01946640       6.02650642       6.04416021       6.08519999       6.30221367       6.56839307       6.77554003       6.95450656       7.12683996       7.24915314
       7.21056684       7.16194661       7.20079358       7.20933978       7.41854668       7.27802658       7.27775319       7.25792694       7.21050644       7.18099340       7.18179321       7.21129990       7.15633329       7.14298693       7.13035329       7.13868014       7.08282661       7.17681313       7.13596026       7.07034683
       7.04937363       7.07898013       7.05831337       6.84845352       6.84422684       6.85203997       6.83695348       6.80686696       6.85086695       6.92783991       7.02296638       7.00905355       7.02213351       7.00679970       7.04184024       7.03723971       6.98472659       6.90399361       6.77919324       6.71253332
       6.89469337       6.98114649       6.91589991       5.54630661       5.94433975       6.92406654       6.85915311       6.78839302       6.86145337       6.89271990       6.90621312       6.95165316       7.05081304       7.08797328       7.07438660       7.03773308       7.06414032       7.04685974       6.92170652       6.86927986
       6.82405980       6.86014684       6.83342679       6.90114657       6.99229368       7.00715319       6.82037354       6.79987971       6.87361972       6.86971982       6.78778013       6.66414642       6.65401332       6.66029358       6.63495318       6.55532010       6.70235316       6.47832680       6.10676003       5.31314659
       5.92896652       7.37670644       7.02994665       5.20552667       5.56948026       6.75875982       6.87051328       6.91938019       6.68815358       5.49224663       4.97749996       6.04526011       6.63183975       6.34670639       6.11727333       6.10846647       6.13907305       6.12723351       6.07958031       6.03878021
       6.25499344       6.32357343       6.40500641       6.43096670       6.39281972       6.36812655       6.29950651       6.23667336       6.21414693       6.19334666       6.19265302       6.17860031       6.22030640       6.18349330       6.16041311       6.19448026       6.23606682       6.26854006       6.24877993       6.22283999
       6.19242032       6.19134649       6.15468025       6.13995997       6.12184016       6.07410685       6.06841342       5.98674647       5.95142682       5.91127332       5.94976679
       6.38842646       6.38795344       6.35650698       6.34234683       6.30890020       6.16826693       6.01782672       5.96466001       5.95013301       5.94698652       5.97594007       6.00214640       6.03765361       6.11020025       6.25280635       6.41331991       6.52253977       6.73587990       6.97530683       7.09303347
       7.21693993       7.25866699       7.31096649       7.25891304       7.40993309       7.28865306       7.27611987       7.27666028       7.19786008       7.21914673       7.21203995       7.23488681       7.19610659       7.12656657       7.17502658       7.20297305       7.12214661       7.22970009       7.18436686       7.06346639
       7.04856682       7.06767972       7.03092639       6.88500659       6.88979340       6.87144661       6.96357346       6.86654027       6.83782005       6.85822678       6.99999301       7.03384654       6.98522695       7.05165990       7.06156031       7.04161326       7.01383972       6.94511350       6.86065356       6.74279340
       6.84069316       6.87093353       6.90568670       6.75382678       5.09299342       5.78981336       6.52836672       6.74759356       6.81487974       6.84153303       6.86301994       6.87099330       6.86250687       6.85284678       6.94465319       7.03207334       7.03204664       7.01594671       6.95539347       6.95519320
       6.87804667       6.88557307       6.80026690       6.86449305       6.84658686       6.89178658       6.84543991       6.88508670       6.84088643       6.78033320       6.66563988       6.61016019       6.62963994       6.62920634       6.62621307       6.56293996       6.47134654       5.90926679       4.79404004       5.39751307
       6.45604006       7.36354637       6.59520658       5.52768008       5.27003988       4.71489334       5.18078677       5.63273303       5.62072690       5.13798682       4.56973330       6.33578682       6.50217311       6.21036021       6.08666674       6.10437965       6.12545331       6.10084661       6.15678024       6.60746638
       6.52501996       6.56205304       7.29999352       7.58275350       7.25445302       6.82860692       6.64835358       6.51855977       6.41345978       6.27504667       6.20759328       6.17962011       6.12656021       6.08906682       6.11997350       6.19451968       6.22759310       6.27493985       6.31403351       6.25097974
       6.20302645       6.17958005       6.12876002       6.10275332       6.11371358       6.06573995       6.02676646       5.97590637       5.96480687       5.94508680       5.97327995
       6.38988686       6.37399991       6.36559359       6.34716670       6.34425354       6.24170685       6.14213308       6.05797323       5.99869982       5.97521337       5.94566027       5.95639992       6.03718694       6.14642016       6.26084646       6.34575335       6.41764005       6.55746651       6.73492686       6.92419306
       7.06379318       7.12890689       7.25429980       7.37545331       7.32317352       7.28803317       7.26590665       7.30308024       7.23523331       7.24219322       7.22541300       7.26801364       7.21512667       7.16577975       7.16307322       7.14267349       7.12232653       7.13147354       7.07542674       7.04255994
       7.03077316       7.08047358       7.07706642       7.00894674       6.85714022       6.81565348       6.90328026       6.81178665       6.78355980       6.71899986       6.89985975       7.01101303       6.94320679       6.97735977       7.01311302       7.00463994       7.00349998       7.05805333       6.94578679       6.87153308
       6.90833982       6.84885343       6.88054021       6.97987302       6.61934026       5.63545990       5.05071322       5.32316653       6.22520638       6.80206680       6.82058016       6.77493985       6.74432691       6.76079305       6.75910695       6.84045347       6.93942642       6.97240639       6.98947334       6.98412641
       6.95588684       6.93317986       6.83952649       6.85084661       6.83433342       6.83700689       6.86296654       6.81201363       6.77723312       6.73262024       6.67643356       6.63901329       6.65154012       6.65378698       6.66109339       6.45488675       5.75590007       4.75367324       5.84583982       6.73766009
       6.94477971       7.36066691       7.04282697       6.79194005       7.04329999       5.87788645       4.84125996       4.70182006       4.64207331       4.95919323       5.52244695       6.59757996       6.40158017       6.12478002       6.08125305       6.13169988       6.17233340       6.21101316       6.31819344       7.08199310
       6.94355329       7.46855990       8.36823336       9.19030635       9.29582024       8.90160688       8.20962016       7.47461319       6.87535985       6.62704023       6.43754641       6.35405986       6.25607300       6.13960012       6.09562683       6.11543338       6.14244016       6.22088687       6.28053983       6.26184018
       6.17127355       6.14520645       6.11646652       6.07655334       6.07654635       6.06018003       6.03824679       5.99489975       5.94041316       5.95538648       5.95605342
       6.42207972       6.41061338       6.38823318       6.35046641       6.34034030       6.31498655       6.23365974       6.18091329       6.12907982       6.08589363       6.02312660       5.97443326       6.01369349       6.13172658       6.24455325       6.31630643       6.36701330       6.46920013       6.63346672       6.81938680
       6.99938011       7.03063329       7.17585309       7.22720019       7.22673353       7.33535322       7.24232674       7.27641996       7.28077316       7.23308690       7.22353999       7.24592018       7.19655355       7.17944018       7.13526026       7.12743314       7.07307307       6.99740028       7.04495303       7.03065999
       7.03278669       7.08244006       7.04946009       7.05039342       6.94729996       6.81810633       6.90476672       6.79727300       6.80321312       6.69217364       6.77252642       6.92727343       6.94607989       6.97201983       7.19944000       7.33213997       7.05835978       6.96391996       6.97164027       6.85852687
       6.84637324       6.74118678       6.76799329       6.85429319       6.99563980       7.52372678       7.16046651       6.19370015       5.26315339       5.78757985       6.66342672       6.68132655       6.67543348       6.74752680       6.75288645       6.81399981       6.81569990       6.80057335       6.80941327       6.92443975
       6.94691340       6.93143972       6.91549365       6.89731979       6.84995333       6.83598646       6.74701309       6.68833351       6.72375997       6.69998678       6.69296646       6.67052015       6.69216665       6.74885305       6.54198011       5.55913989       4.82505322       5.67280642       6.78801346       6.77283986
       7.11060651       7.37933350       6.94180679       7.06962013       7.46975327       6.76107979       5.17729982       5.16778660       5.81806691       6.25598653       6.63381322       6.59233348       6.26621310       6.07535998       6.12003326       6.23372650       6.25324694       6.28283310       6.65950648       7.22786649
       7.75028674       8.28962008       9.07067998       9.96174685      10.59710693      10.99346670      10.92892710      10.02137311       8.57950656       7.50178655       6.83842023       6.49482028       6.34182676       6.25289345       6.16292636       6.12906647       6.12240028       6.13419342       6.12086678       6.10729980
       6.05764643       6.06350644       6.05574671       6.05473328       6.06405322       6.05388006       6.02305984       5.95844650       5.89734650       5.91741308       5.88341331
       6.43854014       6.43121338       6.42380015       6.38544655       6.33257357       6.30845324       6.26705360       6.24588013       6.22481982       6.18877347       6.14268684       6.06231308       6.00071335       6.03289986       6.14493306       6.24851990       6.31028684       6.37734667       6.52439308       6.72393354
       6.92535337       7.05088679       7.17467308       7.26793989       7.18653997       7.35259310       7.23796018       7.23571968       7.23386637       7.22623316       7.25584030       7.24718666       7.22252655       7.20332654       7.16276677       7.11827977       7.05603345       7.01866023       7.03127352       7.04135323
       7.02685356       7.08692678       7.01752027       7.03790029       6.98708661       6.82826678       6.88900693       6.81193988       6.78442637       6.68980662       6.73066012       6.74488004       6.82550685       6.94603984       7.10570653       7.13138644       7.11207326       7.04163996       6.99257978       6.91604678
       6.89341354       6.73744011       6.75926654       6.80555344       6.94407336       6.95327314       7.00672658       6.98327319       6.73232651       5.62340673       5.37641970       6.43804677       6.63451322       6.66841316       6.75514666       6.81801351       6.82845306       6.77438672       6.77107302       6.76911354
       6.81046677       6.85477320       6.91640027       6.88969994       6.86039352       6.77705320       6.75954692       6.67609978       6.61275991       6.66537984       6.68040021       6.75100009       6.73967997       6.51050695       5.38453992       4.69305325       5.69944000       6.72901980       6.86025365       6.84224002
       7.20473353       7.37722651       6.73497327       7.18180021       7.38625971       5.78161303       4.81871986       6.44964027       6.95604642       6.99351311       6.83256658       6.58277321       6.23935318       6.19918696       6.18907356       6.26921972       6.32031314       6.38563983       7.05743345       8.04655329
       9.30005328       9.67134031       9.96287346      10.74840673      11.46458689      12.14347331      12.33352661      11.96655273      10.91458639       9.44953346       7.80380694       6.92856026       6.53083356       6.35041364       6.26119995       6.24405352       6.18823306       6.09893354       6.08982023       6.06005351
       6.02666664       6.01439985       6.01888021       6.05170695       6.06105995       6.05236689       6.04556020       6.02916018       6.00859324       5.92310015       5.93608030
       6.42708651       6.42642021       6.43532689       6.42857997       6.38134003       6.30794652       6.28467306       6.26240667       6.25304031       6.23487345       6.19713338       6.13033994       6.05967331       6.02160009       6.04540634       6.13854663       6.20435969       6.26583989       6.42874654       6.65633329
       6.85549355       6.99846013       7.05597305       7.18280665       7.21293322       7.29372025       7.21955363       7.18873342       7.20566686       7.22597313       7.23752658       7.20245361       7.23778025       7.23566691       7.20390002       7.14555995       7.07056681       7.02629979       6.98374685       6.99659348
       6.98833338       7.03603363       7.01740646       6.98955981       6.99101321       6.84899330       6.87093353       6.80717977       6.77165349       6.70874023       6.74943352       6.69849332       6.70412000       6.73987325       6.88667361       6.95488675       6.98796018       7.02854029       7.00612005       6.99406687
       7.00309308       6.77850660       6.83386676       6.85341326       6.76219304       6.75831350       6.74536641       6.78123347       6.74400012       6.75462659       5.62329356       5.21196683       6.35242017       6.66431999       6.77079328       6.87991333       6.85535304       6.81613986       6.78761355       6.79434649
       6.77925301       6.78657341       6.85434024       6.88589986       6.83190028       6.72914696       6.69481341       6.65043322       6.62151337       6.63014030       6.74064000       6.69738007       6.55433337       5.25430012       4.77008661       5.81130664       6.79376666       6.89474678       6.91783333       6.93630028
       7.24249967       7.31008657       6.64551989       7.34980011       6.87188021       4.97732004       5.82011350       6.82865969       6.90439351       6.87264697       6.76058642       6.53801982       6.26491356       6.24913343       6.23631350       6.33948644       6.44389343       6.57916005       7.35072645       8.43220647
      10.38526026      11.42351278      11.45267995      11.70111974      12.41562653      13.14770635      13.49554062      13.61616007      13.02793376      11.65848033       9.76792018       8.18553352       7.30162684       6.76856677       6.49825350       6.35724004       6.30607986       6.26734034       6.19812648       6.16997337
       6.18106016       6.17768669       6.14419365       6.18216006       6.21687317       6.21832657       6.16866684       6.15219307       6.12133344       6.05901337       6.04342651
       6.42960676       6.43482018       6.43835322       6.42653974       6.40322685       6.33479309       6.32017326       6.30017344       6.27689362       6.25122007       6.21566645       6.15586662       6.09012667       6.03673363       6.01959991       6.04539363       6.07983971       6.11744690       6.29099973       6.53147316
       6.75142670       6.90943972       7.01858012       7.11762683       7.16415977       7.28245989       7.22481982       7.16430028       7.18509992       7.17277336       7.22399330       7.14966011       7.19254684       7.16571363       7.19279353       7.13552030       7.05805333       7.01832644       7.00794665       6.96033351
       6.97257360       6.98321342       7.02087339       6.95938683       6.96260643       6.87338003       6.83971341       6.84816678       6.73335330       6.71104685       6.74430656       6.67943319       6.64302699       6.61980693       6.74705315       6.83441353       6.87266668       6.92444674       6.91342672       6.87533315
       7.03819974       6.81117312       6.81037331       6.79827309       6.74099986       6.73730659       6.72362010       6.75479317       6.73793348       6.74106661       6.66350683       5.82792028       5.11047999       6.31569354       6.73719343       6.87302653       6.90544001       6.86508687       6.80329323       6.82382011
       6.78275998       6.78262011       6.83679326       6.82881355       6.77295303       6.67012660       6.59495989       6.62514687       6.65496699       6.71828016       6.61471303       6.74102020       5.47355334       4.86151346       6.01302656       6.78587977       6.86927986       6.81048012       7.01310031       7.07001305
       7.27869987       7.06845983       6.80824661       7.46289317       5.80473328       5.04257329       6.54138692       6.80781364       6.81235313       6.75860659       6.69904645       6.54780642       6.27846654       6.27231344       6.37037977       6.54315313       6.58993975       6.81804657       7.54947344       9.05263329
      11.19134013      12.59240723      12.83122635      12.95470683      13.59873327      14.20869954      14.79181290      15.04961395      14.88318634      13.79088720      11.94503276       9.90818659       8.29839325       7.37768682       6.92390696       6.61872673       6.42914645       6.39274661       6.36527316       6.29883321
       6.28818639       6.28075345       6.27754021       6.21279971       6.22067324       6.22842026       6.21458689       6.18693988       6.16653315       6.13993327       6.08573341
       6.37740644       6.37863350       6.40380669       6.44122696       6.43350029       6.38176664       6.33584658       6.31770643       6.30244001       6.28709984       6.25275993       6.15839322       6.06664022       6.02042007       6.01784643       6.04065323       6.02824020       6.01936658       6.17046674       6.41277313
       6.62583987       6.80201976       6.93890635       7.08726692       7.12501971       7.23294004       7.28399340       7.16124026       7.15345319       7.18523343       7.20071348       7.13352648       7.16108004       7.13440641       7.15241305       7.10055987       7.04571978       7.00461324       7.02448654       7.00546010
       6.99706650       7.02506002       7.02138646       7.03237343       7.03970655       6.99141312       6.89761988       6.82116000       6.73306020       6.70836004       6.71153323       6.68655332       6.65206019       6.62478002       6.68206024       6.72860018       6.76364009       6.81620661       6.80951309       6.78973325
       6.89506022       6.80292002       6.71514638       6.70535342       6.71295993       6.72547340       6.63687325       6.66201973       6.64160665       6.67454656       6.62431335       6.59425990       6.08212026       5.04874007       6.09209315       6.76921336       6.88945325       6.87731997       6.79759979       6.74853325
       6.76930682       6.76278687       6.75820669       6.78435326       6.64984004       6.67036692       6.60947990       6.62530009       6.72100639       6.70332654       6.18731308       5.03846677       5.02720674       6.16024017       6.83701324       6.82259305       6.87723986       6.79822667       6.92105357       7.15311305
       7.27557309       6.77454694       7.21832657       6.87657356       4.96573989       5.95706685       6.69889323       6.76956685       6.76433309       6.73569997       6.67191315       6.50720024       6.32613309       6.44533984       6.65169334       6.68745359       6.72695986       7.16200002       7.89183998       9.45302010
      11.68571981      13.36550013      13.89181391      14.29475276      14.86750666      15.41808065      15.97368622      16.43709946      16.57830683      15.62944667      14.06949997      12.00656637       9.97397359       8.34741338       7.47919337       7.09260686       6.83341344       6.65722020       6.55930010       6.42351341
       6.35498683       6.34037336       6.34912682       6.32032013       6.25003306       6.26891327       6.26733971       6.22623316       6.22403971       6.20461973       6.13035329
       6.37346013       6.35958672       6.38551331       6.42394002       6.45306651       6.40026029       6.36735344       6.33738645       6.32058652       6.30732028       6.27121353       6.15749995       6.04070028       5.98502668       5.98408699       6.01238696       6.00575320       5.99143346       6.08245341       6.29151344
       6.50871340       6.68914668       6.86910693       7.00697327       7.05571365       7.19030698       7.32203992       7.25743357       7.21256002       7.22323990       7.17531331       7.10826683       7.12038676       7.12469991       7.11357307       7.05922000       7.01491992       6.98000018       6.97813988       6.99799983
       6.99555969       7.03591347       7.11472638       7.09599368       7.09989357       7.03574689       7.08809344       6.92311351       6.72702026       6.69319344       6.69254684       6.68466695       6.64892642       6.65879313       6.65294011       6.67594655       6.67126020       6.74783325       6.77418009       6.76167361
       6.89195315       6.70979309       6.61547979       6.57315318       6.64054680       6.73158646       6.58452670       6.60904694       6.64209302       6.71798642       6.65666644       6.66441345       6.61883990       6.30997976       5.32269351       5.60833359       6.60200691       6.75048637       6.73704656       6.74534671
       6.74370003       6.74021975       6.53226662       6.48690669       6.59534645       6.74301974       6.66493352       6.65014648       6.77663358       6.17884000       4.85745335       5.18914000       6.21102651       6.70015335       6.82873980       6.87674650       6.90610695       6.81822650       6.93621318       7.16611989
       7.12261327       6.77902031       7.47469330       5.88383357       5.21240012       6.46515338       6.67449315       6.76630656       6.78153356       6.75145976       6.68714015       6.48620669       6.52584012       6.70221329       6.76906013       6.92400693       7.26665324       8.19788635       9.59458692      11.48492648
      13.62871389      15.69900035      16.55543971      17.11733332      17.74005992      18.24631363      18.99357992      19.72443283      19.90302058      19.09654668      17.78901357      15.88684672      13.59445994      11.37457347       9.45965360       7.99487305       7.46854655       7.22112656       7.04199982       6.67071342
       6.49142647       6.38903999       6.36836688       6.34419314       6.29250654       6.25895309       6.27804693       6.27096685       6.26597977       6.27103360       6.17367363
       6.45110639       6.43939336       6.41278648       6.42138672       6.41931979       6.41663361       6.41077360       6.37201309       6.34159978       6.33617973       6.30142657       6.22619311       6.16030693       6.09199333       6.03048642       6.01541328       6.01007334       6.00597318       6.05670675       6.22081312
       6.39381981       6.52452024       6.70368004       6.86999321       7.00957362       7.16033363       7.21842003       7.29530652       7.26140022       7.19067319       7.12391980       7.09437307       7.11551348       7.13937314       7.10475985       7.07667987       7.02065976       6.98842684       6.94378662       6.96823311
       6.94241969       6.99294027       6.98683993       7.02692668       7.06644694       7.04199346       7.08003362       7.03120677       6.89270655       6.75056012       6.71993319       6.68712680       6.64182027       6.67423312       6.66248004       6.68523343       6.69464684       6.75164032       6.77591324       6.78889974
       6.91573970       6.74220657       6.64292653       6.55378660       6.57335981       6.67282677       6.64093971       6.68511327       6.61248016       6.66635323       6.63418007       6.70636686       6.65779305       6.75427310       6.53289350       5.55752691       5.26638667       6.47415352       6.73924001       6.73309326
       6.74465307       6.55104001       6.48413976       6.54437319       6.45652644       6.50137329       6.60774676       6.67680677       6.20509974       4.77846654       5.40188026       6.41465314       6.61715317       6.78083992       6.87618701       6.92717361       6.82619349       6.78069305       7.03974660       7.16404025
       6.88000679       7.10623995       7.01906649       5.13574664       6.04353968       6.64311981       6.73541323       6.82094638       6.84434636       6.82350032       6.73625310       7.54974691       8.09375000       8.14690018       8.20394039       8.43212032       9.04409027      10.80578995      13.48626041      15.59716988
      17.94569969      20.04311356      21.14347295      21.93090713      22.66531957      23.36284643      24.24397339      25.07797358      25.38524038      25.02330627      24.05470688      22.27301979      19.42337036      17.14365005      15.14160919      13.39105034      11.80500984      10.22879028       9.05142021       8.34669971
       7.94102001       7.74820042       6.43659337       6.37570000       6.30781301       6.29598681       6.26316007       6.30164019       6.29474004       6.27056694       6.22289975
       6.44282659       6.43293317       6.43394025       6.43369993       6.41899999       6.41444651       6.42700005       6.40778669       6.38588651       6.37127304       6.33494695       6.29909325       6.28157997       6.23875364       6.18608030       6.13914680       6.09757996       6.05783335       6.08927345       6.21545347
       6.34576670       6.42936643       6.54580688       6.68392690       6.85489337       7.02909978       7.04548645       7.06540680       6.98945999       6.96572685       7.00450643       7.05175972       7.06129328       7.08423996       7.08517329       7.10549355       7.06923993       7.03694661       7.03079987       7.00227356
       7.03722000       6.97700691       6.94760005       6.97835986       6.93596013       6.97392654       7.01176643       7.03795306       7.00880686       6.91470655       6.85516675       6.67750676       6.63649305       6.67386691       6.69368680       6.72444661       6.74675306       6.83810679       6.80031967       6.82336680
       6.95109304       6.89635976       6.80585988       6.74971326       6.69360669       6.60759354       6.55382029       6.59469350       6.58345985       6.61135991       6.63157972       6.67341995       6.60973994       6.71314685       6.82368660       6.69042651       5.82176018       5.17356682       6.31884003       6.67889977
       6.59040006       6.47568639       6.43943342       6.47217306       6.47731972       6.49926694       6.55417315       6.50436656       5.01950010       5.17843342       6.42863973       6.66533979       6.96324666       6.98011971       6.99897321       6.86411349       6.64612007       6.82309341       7.10183970       7.11273321
       6.78853353       7.46386655       6.46961975       5.09467347       6.44603984       6.66967328       6.76309331       6.82646688       6.86272685       6.96752650       7.98097346       8.16322041       8.20392990       8.26278019       8.31999016       8.63399982       9.82946014      12.75527954      15.35898972      17.65678978
      19.70383072      21.61128044      22.91451073      23.91005898      24.97834969      26.11672020      27.14558029      28.04825974      28.44038963      28.10437012      26.91197014      24.95496941      22.56061935      20.50410080      18.63319016      16.91659927      15.13035011      12.68247986      10.42592049       9.16084003
       8.60074997       8.40585995       8.01264000       6.48727353       6.41760699       6.37866656       6.34549332       6.32354673       6.29776001       6.27821350       6.31733322
       6.41684024       6.42035993       6.41419983       6.41249339       6.40999349       6.40066655       6.41533979       6.41736031       6.41182009       6.39318021       6.36161359       6.33762678       6.32817968       6.31339327       6.28914007       6.23356692       6.13001315       6.03796641       6.09063339       6.24368668
       6.34416008       6.37161318       6.40328026       6.51112684       6.62655322       6.78179359       6.96163305       6.95284017       7.02558009       7.04619344       7.07322693       7.11034648       7.12749990       7.17642657       7.18136024       7.16924667       7.10785993       7.06741333       7.05121358       7.02049319
       6.98129972       6.96633339       6.97473335       6.95778656       6.91277313       6.92013359       6.93998019       6.94033305       7.04141363       6.96011988       6.89668655       6.79189364       6.69567299       6.70775350       6.76758003       6.74651972       6.78137334       6.87974675       6.82436689       6.80806669
       6.94610659       6.90716680       6.84956678       6.79471334       6.79466693       6.64184634       6.54456011       6.57579358       6.56265322       6.60856692       6.57560666       6.58164660       6.55117353       6.66245969       6.70779355       6.78949356       6.74083328       5.98032697       6.12216632       6.12868690
       6.47739347       6.48019981       6.45728683       6.48364003       6.51234690       6.53159968       6.53592682       5.70780691       4.79878012       6.05535316       6.66703987       6.81285350       6.97945976       7.09214020       7.01922671       6.87396685       6.69001325       6.98901304       7.06907972       6.82174683
       6.85849317       7.42932002       5.20259317       5.79539363       6.49737358       6.64916674       6.76626015       6.84328016       6.93003972       7.74807345       8.21197033       8.28127956       8.30478001       8.39058971       8.55150986       8.97478008       9.75586033      12.00127983      15.63055038      18.92333984
      21.44499969      23.51184082      24.61701012      25.50637054      26.66749954      27.67410088      28.55335045      29.40560913      29.98393059      29.79165077      28.85131073      27.46010017      25.53602028      23.51094055      21.72410011      19.89602089      17.70466042      15.19840050      13.39437962      12.01204014
      10.89295959      10.14811039       9.33238983       6.86995316       6.59417979       6.53878657       6.46734683       6.46825981       6.46069972       6.41939990       6.39399338
       6.41108004       6.41029994       6.39368693       6.39736684       6.38493983       6.38048681       6.37628682       6.37403997       6.37605985       6.37841988       6.35423342       6.32798004       6.33219337       6.32348696       6.28195318       6.19961993       6.08164024       6.01812681       6.10939344       6.28254636
       6.37347984       6.38171323       6.36778641       6.39439329       6.45450020       6.49442673       6.59967995       6.54382006       6.68824005       6.78018697       6.83755302       6.86040688       6.92144012       7.02532641       7.14808019       7.24357986       7.11830648       7.07171313       7.07791328       7.16972669
       7.22029305       7.20981344       7.19551341       7.01827304       7.05296644       7.01222674       6.98624674       6.97209994       6.99054654       6.91777992       6.88983981       6.84867986       6.79323324       6.75978025       6.77562650       6.74632645       6.74574025       6.77635320       6.76801999       6.77327347
       6.80063311       6.80345345       6.78668658       6.73106639       6.73004659       6.68910662       6.56406657       6.53621356       6.52239990       6.56809998       6.53739993       6.48935318       6.47421328       6.53105354       6.58569972       6.62895966       6.56393305       6.64463997       6.12608020       5.02646669
       5.96246020       6.41461309       6.48266665       6.50186030       6.51963361       6.53624026       6.52501996       5.15226682       5.12797991       6.58069356       6.76446660       6.92521985       7.02485339       7.05442683       7.01224009       6.75764020       6.73789342       7.04928017       6.96962674       6.49113973
       7.26215363       6.56171354       5.01662000       6.21785355       6.49891980       6.63162676       6.73407364       6.87329992       7.68213971       8.49829006       8.57791042       8.62590027       8.69301033       8.66921997       8.78536987       9.22220993       9.70273018      10.77962971      13.33856010      16.24411011
      19.27012062      22.76844025      25.26300049      26.40663910      27.86956978      28.95874023      29.75856972      30.71451187      31.64881897      31.83496094      31.10194016      29.70113945      28.46817017      26.21350098      24.03508949      21.82526970      19.77227020      18.05257988      16.77508926      15.51660919
      14.18206978      12.82971954      11.43976974       7.68486023       7.00127983       6.67499352       6.53781319       6.60208639       6.63575999       6.61272685       6.50094668
       6.45520655       6.42858696       6.40789986       6.39104652       6.38624001       6.36022695       6.36858686       6.35252698       6.35216014       6.34447988       6.32951355       6.30613327       6.31529999       6.30339305       6.25447337       6.15534655       6.01915995       5.99386660       6.09640694       6.24076017
       6.31806691       6.33506648       6.32984670       6.32297325       6.29702695       6.41383362       6.45767975       6.38157336       6.43182691       6.51583989       6.57767995       6.64000003       6.70987320       6.81089973       6.89488029       7.08977318       7.09196663       7.06487974       7.06283315       7.11730639
       7.12727992       7.14875984       7.19296646       7.06834030       7.03130023       6.99912643       6.97890027       7.00495974       7.07022667       7.01435343       6.86495972       6.84540685       6.82192675       6.76673317       6.70825322       6.68298658       6.72872670       6.78558032       6.78088697       6.77047348
       6.81569354       6.76244672       6.71386655       6.72594007       6.74383354       6.69660632       6.65828641       6.63960012       6.62574005       6.63647970       6.58008003       6.51686668       6.48617999       6.46356646       6.47455978       6.47559992       6.60798009       6.52513313       6.28287315       5.79622014
       4.88976002       5.24774679       5.85409991       6.38721339       6.49346670       6.50421333       6.15137990       4.80511347       5.52947998       6.65478007       6.82453982       6.94872030       7.04446665       7.08735339       6.94131978       6.65036647       6.89723333       6.98893992       6.74445979       6.63214684
       7.33422661       5.46666654       5.45630646       6.38070679       6.57663345       6.69635328       6.80469322       7.63918650       8.70312648       8.88475037       8.95695972       9.03682995       9.08638000       9.06665993       9.07831955       9.53164005      10.27632046      10.99110985      12.40583038      14.16320992
      16.37503052      19.09308052      21.87347031      24.31735992      27.04924965      29.17878914      30.50331879      31.92646027      33.31002045      33.80638123      33.29616165      31.54444122      30.20341873      27.88087082      25.26684952      23.40214920      22.22145081      20.95606995      19.47723961      18.42779922
      17.49920082      16.00260925      13.75962657       9.47521973       8.30510012       7.16681353       6.65600650       6.58986028       6.60939344       6.58547338       6.36749331
       6.47598648       6.44626681       6.43036016       6.42331314       6.40493329       6.39394697       6.37899335       6.36986669       6.35357984       6.35331345       6.33061981       6.31169319       6.30352020       6.30060641       6.27889315       6.18952688       6.06194687       5.98566691       6.00780678       6.08581352
       6.14804014       6.16552671       6.19608688       6.19149971       6.11924680       6.23151334       6.38252004       6.34993362       6.34045347       6.35653305       6.40162023       6.46334012       6.48568026       6.58043353       6.68825976       6.89567312       7.02003988       7.13087336       7.08869362       7.11522675
       7.16824023       7.21006012       7.13429324       7.07177989       7.01394018       6.98687998       6.96444003       7.07383982       7.07770665       7.03594017       6.86647352       6.82007980       6.78414027       6.76546033       6.72982025       6.67016665       6.67350006       6.70689329       6.72222010       6.71633339
       6.81291326       6.66349983       6.70572662       6.74646695       6.83973312       6.84870656       6.77873993       6.74452655       6.62863350       6.69838015       6.65900675       6.60802650       6.52377319       6.51379967       6.49924660       6.66343307       6.57220650       6.35025342       6.31015968       6.33489990
       6.13732656       5.63264020       5.15426000       4.94291337       5.47310638       5.88613319       5.29441325       4.57039992       5.70755323       6.67553329       6.77577337       6.89499346       6.97700691       7.01608658       6.73680687       6.65145365       6.98798688       6.89399974       6.43515968       7.14799309
       6.76587359       5.03650665       6.08809980       6.48752658       6.65231323       6.73162651       7.66889325       8.79730662       8.96862984       9.22883987       9.78800964      10.25298977      10.22204971       9.91086006      10.08166027      11.42469978      12.94925022      13.96895981      14.24814987      14.79129982
      16.24806976      17.64946938      19.81936073      22.66859055      26.26094055      29.54962921      31.61832809      33.45785141      34.83174896      35.40232849      35.04571152      33.36853027      31.57910919      29.10293007      26.55467987      25.29516029      24.66604996      23.09531021      21.38532066      20.48381996
      19.80814934      18.66736984      16.00268692      11.30392710       9.92275302       8.36236699       7.17060661       6.68091329       6.60920652       6.53536034       6.22698021
       6.50511360       6.49822680       6.49652672       6.42573357       6.39238675       6.40114657       6.39554660       6.38956642       6.38422012       6.38470650       6.36559359       6.34302012       6.33678691       6.31904030       6.30353355       6.25623322       6.17177327       6.08396022       6.01803970       5.99505997
       5.99767303       6.02756691       6.07175318       6.12010002       6.09161313       6.09665998       6.35422007       6.37853305       6.40216001       6.39248657       6.38449351       6.39695994       6.40258662       6.44015312       6.56464005       6.67238681       6.81292025       7.00358645       7.04965973       7.09221331
       7.10953967       7.16552671       7.10473315       7.05448659       6.97521973       6.96725337       7.02028020       7.16839981       7.12645976       7.03565343       6.96036657       6.85460663       6.78828684       6.77492650       6.78667323       6.76196671       6.73092651       6.68169339       6.63751984       6.66537348
       6.74467341       6.69337336       6.73503304       6.74792671       6.85054652       6.82369359       6.77794647       6.74707349       6.67582003       6.75919978       6.79272016       6.75224686       6.73225975       6.70894686       6.67653338       6.63622030       6.44078000       6.34687996       6.30983353       6.33236694
       6.29269981       6.18056679       6.16116651       5.96151988       5.62283325       5.19042015       5.44242668       5.35812696       5.71955999       6.57510694       6.66990662       6.89414024       7.07224019       7.02448654       6.54911995       6.78092702       6.97237333       6.72717985       6.45446014       7.50503985
       5.92067337       5.19800663       6.44290670       6.60474014       7.03453979       7.98030029       8.82509041       9.14605045       9.62660980      10.61013031      11.73610020      12.56363964      12.67150974      12.01395035      12.01043034      13.91816998      16.16732025      17.65369034      17.99039078      17.86421967
      18.31580925      19.10749054      20.86741066      22.68112946      26.01407051      30.17319107      33.57418060      35.49647903      36.58887863      36.91136932      36.43291855      34.96876907      33.21448898      30.94372177      28.50540924      27.42334938      26.21825981      24.29303932      22.95413017      22.14732933
      21.67958069      20.58021927      17.62404699      12.48259959      10.81132634       9.27707990       7.75612005       6.90926679       6.72921308       6.52168655       5.97650019
       6.53019333       6.52136676       6.51355362       6.47226016       6.43361346       6.41573970       6.39818637       6.39887365       6.39953995       6.39072673       6.37932650       6.36349360       6.35603333       6.35719363       6.33970642       6.30825361       6.26941999       6.22532018       6.17553329       6.13831329
       6.13509305       6.15989367       6.19023323       6.25416692       6.21350670       6.17111333       6.30439313       6.39822642       6.45167987       6.39470673       6.39794668       6.36392657       6.35339991       6.36596680       6.48481369       6.51776695       6.63108699       6.80714671       6.99422646       7.13858668
       7.13655980       7.19809341       7.06442006       7.03188006       6.98866653       7.04954656       7.06492678       7.17580668       7.05112012       6.96932030       6.94894028       6.87554677       6.84705989       6.85285314       6.87638028       6.87875303       6.82403310       6.74284681       6.67901993       6.68824005
       6.70848020       6.69095993       6.68147341       6.70066007       6.76611328       6.71143341       6.70730654       6.67457326       6.69899305       6.72617976       6.78564644       6.72948647       6.66908646       6.64449310       6.71302668       6.54526647       6.47540665       6.37577311       6.41365306       6.40826670
       6.28041331       6.39248021       6.27239354       6.18689982       6.35670662       6.39086024       6.51364009       6.01949310       5.19305992       6.42337354       6.72003365       6.90512657       6.96108691       6.81476021       6.50211334       6.90958659       6.88170687       6.43879318       6.94177310       7.65968005
       5.24763330       5.95521355       6.71227338       7.61133364       8.66770693       9.29963970       9.63640022      10.11651039      11.41858006      12.84914017      14.19368935      15.20713997      15.51140976      14.89896011      14.62406921      16.56458092      19.55536079      21.76827049      22.03829002      21.71896935
      21.64789963      22.51899910      23.46701050      24.24758911      26.56631088      30.25672913      34.82759857      37.61705017      38.50598145      38.72296143      38.26544952      36.91159058      35.17887115      33.11671829      30.93181992      29.23181915      27.19894028      25.34589958      24.18613052      23.18358994
      22.36660004      20.98218918      17.96762716      12.83513321      10.72314707       9.63685989       8.45240657       7.43502680       7.03783989       6.49117343       5.79209328
       6.52352651       6.52602005       6.50453313       6.45766703       6.42255974       6.41061974       6.39753977       6.40622648       6.41080030       6.40942001       6.40669314       6.38916651       6.37691307       6.37874667       6.36997350       6.35313988       6.32688649       6.30991364       6.28665988       6.28219986
       6.28798676       6.31155332       6.36123975       6.41276677       6.45877330       6.43559329       6.32032649       6.42819341       6.40980657       6.39619319       6.38733355       6.25008647       6.26359304       6.32366689       6.45967992       6.60894648       6.69868024       6.65443993       6.90447362       7.05986023
       7.06833331       7.08318647       6.98076693       6.97902679       6.98451360       7.03288015       7.05286662       7.11030006       7.04308001       6.94990031       6.93533325       6.90313339       6.91103363       6.90707334       6.91334661       6.92233976       6.89406649       6.79965973       6.71414693       6.75459989
       6.76579984       6.75380007       6.70756022       6.78503354       6.72439321       6.68436686       6.66502635       6.64249992       6.68247986       6.75746028       6.67605972       6.65899340       6.61816025       6.60752678       6.65749995       6.66030693       6.72365316       6.51615969       6.30244637       6.26324654
       6.22070694       6.58414014       6.44865354       6.45999336       6.50671323       6.54195976       6.55303319       6.23578008       5.02056662       6.40072695       6.86231995       7.13191350       7.01098696       6.69282023       6.61738650       6.96042697       6.75656001       6.34316635       7.42626635       6.61272685
       5.46059335       7.34014028       8.25568008       9.08102989      10.33885956      11.72597980      12.34383011      12.90653992      14.16346931      15.69491959      17.17067909      18.12258911      18.40464020      17.64772034      17.18481064      18.94860077      22.13088989      24.99721909      25.73387909      25.74546051
      26.36759949      27.30352974      27.03347015      27.00536919      28.43869019      31.37694931      35.54317856      39.33032990      40.37139893      40.56512070      40.07233810      38.57678986      37.17187119      35.17565155      33.46525192      31.25067902      28.76605034      26.75608063      25.39398003      24.11129951
      22.73485947      20.87528992      17.93860677      12.99998627      10.49567350       9.46001307       8.49114672       7.62914022       7.18430010       6.45017306       5.78577995
       6.58734639       6.54560026       6.50392660       6.48218664       6.43526014       6.39785322       6.38705317       6.38846016       6.40328662       6.40736008       6.41766675       6.41187986       6.39061991       6.38610649       6.38111305       6.36935997       6.35242653       6.32429314       6.31858635       6.32976659
       6.32247353       6.35917981       6.40688642       6.45421346       6.52322642       6.56127993       6.36398697       6.39092000       6.34041341       6.32000033       6.27346675       6.02274640       6.01515325       6.12341309       6.32811991       6.69721349       6.84229342       6.69334030       6.85931333       7.01639303
       6.99756686       6.97233327       6.93172010       6.89743996       6.90959994       6.93164698       6.99577332       6.95069313       6.89952660       6.89882024       6.91102028       6.91293971       6.93859990       6.92363993       6.90659968       6.90496000       6.87976646       6.81726646       6.75830650       6.80018679
       6.83650017       6.81312688       6.73533312       6.78677305       6.70073318       6.64948018       6.71166674       6.65737979       6.69801331       6.72485987       6.55086009       6.54662641       6.65570005       6.72392654       6.61625353       6.71250661       6.46618017       6.38545990       6.20011330       6.16876666
       6.33125305       6.45503998       6.66986020       6.48135312       6.47854678       6.51971308       6.00854683       5.11870003       5.55521329       6.59030024       6.95365334       6.98439344       6.98685328       6.57711983       6.78182666       6.90513992       6.55468686       6.61764654       7.76670011       6.44785976
       6.27260017       8.29162979       9.55603981      11.33716965      13.53429985      15.70191956      16.81916046      17.27975082      17.95467949      19.14291954      20.54006958      21.31543922      21.16793060      20.17600060      19.49271011      21.03755951      23.98069000      26.96434975      28.61360931      29.35590935
      30.63058090      32.14923859      32.21480942      31.39160156      31.86846161      33.35268021      36.82099915      40.70671082      41.95269012      42.01309967      41.54391861      40.21826172      38.99570847      37.19322968      35.50690842      33.48524857      31.03255844      28.59210014      26.71213913      24.88245010
      22.72514915      20.30188942      17.71235085      13.38078044      10.50410652       9.22186025       8.06639353       7.41260020       7.07689349       6.33046659       5.83398692
       6.60563342       6.55784671       6.53352674       6.51726023       6.47765350       6.45789973       6.44913356       6.43797302       6.41705322       6.42893982       6.41799990       6.39599355       6.38137309       6.38608678       6.38771311       6.37267367       6.36047999       6.34377988       6.33913358       6.34701347
       6.34159978       6.36001968       6.39539973       6.41308022       6.43920644       6.48795319       6.37280019       6.33680662       6.32936033       6.28861364       6.22620646       6.08350690       5.95980008       5.98431333       6.15240669       6.35609309       6.52903303       6.52847354       6.73841349       6.95643997
       6.94969304       6.95107969       6.94186020       6.94354693       6.96615346       6.93257332       7.00707308       6.90726662       6.86545308       6.83840688       6.84406662       6.82926687       6.82054011       6.81166013       6.82567978       6.82797305       6.79683304       6.76115354       6.75507355       6.84918658
       6.88807996       6.88853327       6.81745974       6.82478015       6.76067352       6.70408694       6.74884669       6.70551364       6.80595334       6.75484657       6.55266635       6.57932663       6.61616643       6.74435997       6.60749308       6.58716011       6.54418691       6.27234650       6.30327988       6.40506681
       6.43317350       6.43048668       6.44523303       6.43942006       6.34322675       5.65295982       5.01079337       5.97367350       6.46545347       6.74607340       7.06261317       6.96457990       6.85486666       6.55156644       6.88341967       6.78949356       6.33421326       7.73338648       8.66260668       5.75602007
       7.38574028       9.80613995      12.18966007      14.71873093      16.97183990      19.30233002      20.60713959      21.33155060      21.75366020      22.60062027      23.50412941      23.83538055      23.39226913      22.27688980      21.61638069      22.72347069      25.33266068      28.56217957      30.98720932      32.54513168
      33.92766190      35.50759888      36.62488174      36.42374039      35.85437012      36.23220062      38.63970184      42.03725815      43.43098068      43.51007843      42.93373108      41.91461945      40.63991165      38.91992188      37.23785019      35.43225098      33.24760056      30.77993011      28.26549911      25.96326065
      23.26481056      20.45895004      18.02968025      13.99090022      10.76312637       9.46221352       8.17281342       7.36551984       7.04129346       6.20588684       5.89387321
       6.60273997       6.56531970       6.59148661       6.57613309       6.49065336       6.45111974       6.42878024       6.46802648       6.46780650       6.46172015       6.49067307       6.47498639       6.43548648       6.42671331       6.43945312       6.40762647       6.38372676       6.37012672       6.34893990       6.35454686
       6.37311363       6.39458021       6.38422012       6.39967346       6.42351977       6.36079979       6.33013980       6.32400004       6.36364683       6.38948695       6.33716647       6.27777990       6.20226669       6.09659322       6.04180654       6.27419345       6.36292013       6.40329997       6.58891996       6.84749349
       6.91474660       6.90550677       6.96496010       6.93890699       6.91618665       6.90755971       6.98721313       6.90537326       6.88562012       6.81511307       6.77694639       6.74301974       6.74207306       6.74662018       6.74589984       6.74681981       6.74298668       6.72595342       6.73368009       6.77773348
       6.76520665       6.73743312       6.73879306       6.75071971       6.77620633       6.73148664       6.70782661       6.71992683       6.67131360       6.66611989       6.62464015       6.55671310       6.53178024       6.66170692       6.55007998       6.50102679       6.62212690       6.37970670       6.40403303       6.31755320
       6.27074687       6.37811979       6.41105334       6.18753306       5.23424657       5.19642003       6.36494001       6.53347969       6.61384646       6.80743345       7.00931358       6.98576673       6.74421310       6.62317340       6.93942642       6.64168676       6.50188652       8.42369993       8.58302975       5.91212988
       9.32518005      12.08010006      15.71721077      17.85429001      20.14587987      21.82069316      22.98676061      24.11714030      25.06418037      25.95166969      26.51926041      26.34333038      25.63957024      24.16045952      23.42342949      24.31135941      26.83629036      30.54404068      33.05355835      35.15369034
      37.22238922      38.97737885      39.76826096      39.94939041      39.50732040      39.59410095      40.52389145      42.60374069      44.09751892      44.48168945      44.14820099      43.28330994      41.84532928      40.31018066      38.69353867      37.20901108      35.12141037      32.89393997      30.46704865      27.91654968
      24.72176933      21.74485970      18.85843086      14.33011297      10.61416690       9.33794657       8.18286641       7.42462667       7.09901301       6.16724014       5.91570028
       6.59086672       6.53570684       6.58611997       6.58925311       6.51291339       6.49545352       6.45439974       6.47060013       6.48698680       6.46699333       6.49329313       6.50743357       6.48591359       6.46430651       6.47639338       6.48966026       6.47506015       6.44423358       6.41579310       6.41685359
       6.40831312       6.43247350       6.37574005       6.41926638       6.45679983       6.39338684       6.30514018       6.27490679       6.30562655       6.34096018       6.32454681       6.31162008       6.24015999       6.14514669       6.05817986       6.28090032       6.32714653       6.36392657       6.47213999       6.72458013
       6.91999308       6.85463969       6.98464648       6.98423322       6.99055990       6.99391301       7.02405357       6.91866684       6.87075996       6.84070651       6.80577342       6.77271334       6.77341334       6.78079987       6.79122670       6.79914665       6.80735970       6.80510648       6.81270663       6.79602687
       6.76775360       6.73218028       6.69441986       6.66625977       6.68567975       6.69958687       6.68556658       6.63916651       6.59034665       6.61169306       6.62363307       6.55083338       6.47415988       6.54828008       6.56292661       6.68603325       6.93645350       6.47839991       6.33703995       6.25757345
       6.38112640       6.65449333       6.42516645       5.35911306       5.67745972       6.46930695       6.60191345       6.62700017       6.72869364       6.85055351       6.97301356       6.95760663       6.64423307       6.66331991       6.91566022       6.48946699       6.64446640       8.17027974       7.56404018       6.97294998
      11.26537991      13.84993281      16.57900675      18.36936712      20.18335317      21.76664032      23.21787282      24.70024724      26.20857305      27.31517944      28.04943960      28.49926066      27.37482071      25.78738022      25.05415916      25.98617935      29.10386086      32.23920059      36.54008102      39.61669922
      41.50825882      42.70804977      43.79534149      44.18088150      43.01314163      41.84589005      42.03205109      43.01591110      44.18360901      45.03884888      45.15652847      44.30569077      42.82749939      41.41508102      40.17621994      38.99898148      37.43262863      34.87488937      32.30612183      29.59929085
      26.34540939      23.34693909      20.11643028      14.57496668      10.45186679       8.83825366       7.68442663       7.33496666       6.91308657       6.08495331       5.95613988
       6.58594640       6.53522682       6.59487343       6.56271998       6.50705973       6.50228691       6.47126643       6.47156652       6.48193995       6.46671359       6.45476659       6.49867312       6.48857307       6.46962674       6.43967311       6.46369362       6.47215335       6.47877312       6.50378672       6.51302656
       6.49308650       6.47388013       6.44230652       6.42047310       6.44568698       6.37887319       6.32366689       6.29975319       6.29512660       6.28286680       6.26399994       6.25880686       6.19544665       6.09347979       6.06031354       6.30283991       6.21819305       6.28090668       6.41176669       6.63890648
       6.89919345       6.89319356       7.04376666       7.02938016       7.05872027       7.06255976       7.03622691       6.92612648       6.87944667       6.84177335       6.79756673       6.79512660       6.80813980       6.80582682       6.82635307       6.84727351       6.85268656       6.88302676       6.91912651       6.89458656
       6.83010674       6.76589330       6.70523326       6.69217300       6.68226687       6.67847315       6.68190002       6.65258026       6.60142644       6.57950656       6.58647982       6.60800680       6.55852636       6.55232684       6.56733322       6.52227974       6.58846029       6.48910014       6.28982671       6.70570691
       6.48144658       6.44258690       6.19293976       5.13949998       6.40402667       6.50139364       6.57317988       6.64647992       6.70551999       6.84167353       6.96668688       6.88403320       6.62727992       6.76065318       6.85013326       6.36255328       7.38093313       7.89459318       6.93158671       8.74103991
      11.69795977      13.46477356      15.49370041      17.39710668      19.28474681      20.90614649      22.60304667      24.23057276      25.78500036      27.03088633      28.03804728      28.50985362      27.73282051      26.55541992      26.05603027      27.62991905      30.48675156      35.40859985      40.24185181      43.29674530
      45.09176585      46.09416962      46.67412949      46.66831970      45.55807114      44.28540802      43.65018845      43.74707031      44.62176895      45.49300003      45.71393967      45.06253052      43.79600143      42.36581039      41.14743042      39.96027323      38.51725413      36.23508046      33.67033946      30.88002777
      28.05145976      25.21768951      21.19829305      15.53996658      10.91368612       8.75962639       7.57265345       7.17149353       6.43859990       5.97856649       5.98063978
       6.59915988       6.56617355       6.60040029       6.54814021       6.50911331       6.51376661       6.48931313       6.48557345       6.49252001       6.48302650       6.48017311       6.55127970       6.50219345       6.47835350       6.44788678       6.45329348       6.48582649       6.49622027       6.53598658       6.63261350
       6.62403997       6.65390015       6.54247983       6.47323990       6.41054662       6.31682014       6.35716693       6.36754672       6.34903971       6.28532664       6.25084686       6.25786654       6.19661967       6.10859998       5.94712003       6.15863355       6.14332008       6.21052678       6.36475309       6.54315313
       6.82133993       6.87773323       7.06539345       7.02432696       6.98847326       6.98274676       6.90535990       6.84868685       6.82713318       6.84410667       6.83161990       6.81631978       6.78533363       6.76468023       6.77419980       6.80169996       6.81019338       6.82855988       6.84330686       6.82924652
       6.78794670       6.72836685       6.70305316       6.71613312       6.71457990       6.69427363       6.68215307       6.66828664       6.63265991       6.60401344       6.55058670       6.53159332       6.49693998       6.34482002       6.42510033       6.48037974       6.51447360       6.44506645       6.39735985       6.68402672
       6.50942675       6.21982002       6.12790680       5.34431966       6.31422679       6.58061345       6.59870021       6.63021342       6.67834663       6.86467997       6.90984027       6.89826647       6.66580009       6.84569995       6.77955310       6.37207349       7.62273979       7.66650009       6.23230016       9.54690692
      11.83862676      13.06296697      14.76235982      16.47201370      18.24158630      19.88317327      21.51875336      23.22188665      24.82855387      26.13957952      27.12422602      27.83693293      27.48435974      26.73397064      26.91575050      28.59790039      32.45705032      37.07508087      42.20163371      45.20094757
      46.71401215      47.68103027      47.95555878      48.06549072      47.75825119      46.90303040      45.81412888      45.48820877      46.01351166      46.38042831      46.33158875      45.58288956      44.55567169      43.26232147      41.90513992      40.34759440      38.77822662      36.80942698      34.38253306      31.67756551
      29.02155960      26.28124634      22.08599345      16.42011363      11.82693354       9.30414645       7.70867348       7.09179306       6.30074692       5.89815331       5.92366028
       6.57732646       6.57295354       6.58896637       6.53366025       6.53524653       6.53289350       6.50340652       6.48425357       6.49516678       6.52154668       6.54487356       6.60492007       6.52403323       6.47554016       6.45538648       6.44816017       6.47317314       6.50541306       6.55134646       6.65349325
       6.65466690       6.73700015       6.70495351       6.71784655       6.60523987       6.36152013       6.35816638       6.37709363       6.37977346       6.31410027       6.30152003       6.30628649       6.25935364       6.17069308       5.92311986       5.96392695       6.07776006       6.14371999       6.30820020       6.44399325
       6.71654002       6.87004026       6.86650022       6.85890643       6.87776693       6.88032659       6.81953367       6.83141327       6.81692696       6.84325981       6.83883985       6.83131345       6.81568654       6.78621991       6.75441996       6.74446678       6.73962021       6.74285316       6.77350680       6.78682645
       6.75761986       6.71176656       6.70473989       6.73619334       6.73756027       6.70505969       6.68950017       6.64317322       6.61555354       6.63043340       6.59540685       6.53631337       6.39422671       6.17763329       6.14797338       6.54661306       6.51107343       6.44544665       6.53053347       6.46824010
       6.32806651       6.24474017       6.23453331       5.44735972       6.22542636       6.62255987       6.63843346       6.61015320       6.77861341       6.87067986       6.93316015       6.97253990       6.64156659       6.88393974       6.72412682       6.49055990       7.73040009       7.60693359       5.87956683       9.92460022
      11.37058695      12.30415304      13.70438705      15.38005315      16.99315948      18.57789973      20.18336650      21.82440023      23.42696019      24.80607300      25.97497309      26.93729970      26.96290970      26.39211082      26.76552963      29.49786949      33.55865097      38.37707901      43.04965210      45.84130758
      47.47080027      48.52103043      48.90718079      49.14519882      49.30992889      48.92702866      48.03773880      47.71120071      48.23995972      48.18741989      47.12585831      45.94396973      44.78398895      43.62934113      42.08549347      40.36876567      38.73257375      36.80010701      34.49229950      31.91104685
      29.30160105      26.38912715      22.30043284      16.92750626      12.64567312      10.23954010       8.17198690       7.02596029       6.12216695       5.91225306       6.24964650
       6.55882645       6.57622655       6.58375359       6.51193301       6.53201358       6.53210004       6.48412641       6.47402636       6.49425316       6.53407351       6.58871333       6.61984698       6.54214668       6.50304667       6.47469330       6.44086011       6.45960681       6.49561310       6.57977359       6.62205315
       6.62530645       6.67786662       6.67595990       6.70570691       6.62744013       6.44574674       6.38666026       6.36086019       6.36835988       6.32175318       6.34671338       6.34872691       6.32819303       6.28883362       6.15088018       5.93057315       5.99059359       6.10118675       6.24321365       6.35313352
       6.68812688       6.85378011       6.83668645       6.84104029       6.85323970       6.87276014       6.79641978       6.77764002       6.81797345       6.83703995       6.82556025       6.80672646       6.79381307       6.76478004       6.75928688       6.77212016       6.78164673       6.79030673       6.80901337       6.80917994
       6.75073306       6.70373344       6.69581350       6.68855349       6.69948641       6.69983991       6.65989304       6.60865339       6.60132662       6.59018644       6.56564013       6.53757985       6.38570658       6.14869308       6.05041313       6.40719986       6.52542686       6.43510691       6.49991353       6.45177968
       6.38510005       6.33337339       6.71143341       5.38653310       6.58540026       6.67324003       6.69424693       6.77282651       6.85442670       6.85824013       6.87526004       6.98859978       6.61502647       6.89992015       6.68947983       6.69538689       7.77904002       7.59027990       6.06564013       9.58747991
       9.98774656      10.80766630      12.15715393      13.78941376      15.40285950      16.98191956      18.56692673      20.14954717      21.83899948      23.53777364      25.05338003      26.24528646      25.98316002      25.07641983      27.07859039      30.55403137      34.80577087      39.73062134      43.62308604      46.25581970
      47.95340068      48.94916916      49.63182831      50.08911133      50.18444061      49.93095016      49.54544830      49.36594009      49.30105398      48.98575236      47.84751129      46.36161041      44.95692062      43.56087875      42.10502777      40.45814117      38.78125326      37.03848551      34.88633972      32.50615896
      29.49455933      26.18082677      21.68310038      16.73034719      12.87800725      10.71924718       8.35550690       6.78963343       5.95210648       6.29819361       6.50279363
       6.56945992       6.58419355       6.59527334       6.54455312       6.54497973       6.53042030       6.48218028       6.47203318       6.48075994       6.52222697       6.57202657       6.57812691       6.52689362       6.53288651       6.51692645       6.47839355       6.46446673       6.51524671       6.56967354       6.56743304
       6.59110006       6.61501312       6.59937350       6.63972664       6.53408686       6.45973333       6.43474642       6.39744631       6.36400668       6.31368001       6.34254646       6.34407361       6.34034665       6.36050669       6.23835309       6.11639977       5.85994657       5.97329330       6.20484670       6.33310000
       6.63794009       6.85524686       6.80040677       6.88130697       6.87141355       6.87266668       6.79940033       6.79487356       6.80204646       6.81741333       6.81481361       6.80463982       6.80598005       6.80739339       6.82146645       6.84107335       6.83992640       6.85522016       6.88139979       6.83536657
       6.74841309       6.71536001       6.69587326       6.65535990       6.65072695       6.65033976       6.60539309       6.59036636       6.60637347       6.59939321       6.57180023       6.49311320       6.31033325       6.11809985       6.04628690       6.19222641       6.57957331       6.52833303       6.52759997       6.46636009
       6.37908681       6.41065979       6.77041308       5.61182022       6.42190679       6.63369306       6.76426697       6.87194633       6.97406006       6.98629316       6.95099322       6.86949348       6.69131978       6.90573311       6.67242686       6.88816007       7.86522675       7.75808652       6.82382647       8.54290644
       8.81110636       9.67701340      10.76553345      12.50898046      14.16595942      15.67447291      16.91896612      18.19727280      19.96942001      22.12632650      23.87243968      24.85141945      23.92828941      24.21694946      27.63747978      31.59146118      36.48469925      41.34361877      44.70052541      46.86260783
      48.42417145      49.47399902      50.43957138      51.01271820      51.20362854      50.99819946      50.71654129      50.40243337      49.77154160      49.13063049      47.93170929      46.42382812      44.79198837      43.30310059      41.91108653      40.38282603      38.96347260      37.36488688      35.50432556      32.94072062
      29.20348592      24.99165329      20.47422028      15.66687291      12.20956039      10.14912669       7.80427996       6.33915329       6.02060699       6.44706662       6.56443342
       6.55592028       6.59259987       6.58445994       6.56944656       6.57573318       6.53436661       6.49715996       6.49313990       6.49465307       6.53848648       6.56970660       6.57410685       6.52987989       6.55163320       6.55418650       6.52131335       6.47171974       6.50936635       6.54413986       6.50251325
       6.51222674       6.56576029       6.55452665       6.60966682       6.48933983       6.45013364       6.44870694       6.46119308       6.41905975       6.34078026       6.32641347       6.33211327       6.35644023       6.37213326       6.26302656       6.16900635       5.98035304       5.84280014       6.11868668       6.36051305
       6.64725367       6.83551979       6.84892019       6.87048022       6.82987976       6.83035978       6.78223356       6.74542681       6.75405312       6.78819974       6.79054006       6.80772654       6.83133316       6.83632024       6.83371353       6.81933339       6.81353315       6.82980029       6.83762678       6.78742027
       6.72849337       6.72915332       6.70820681       6.67178027       6.66780663       6.64484024       6.60283343       6.60720698       6.64131355       6.62825330       6.55137316       6.41484642       6.22253990       6.10872650       6.09377352       6.17930031       6.49199994       6.59863981       6.49429321       6.39937337
       6.37984657       6.74434662       5.54134687       6.35961342       6.35821978       6.54410680       6.76345317       6.85926692       6.96589979       7.06764030       6.87018649       6.64615313       6.67829323       6.93700027       6.67678006       7.14822006       7.98766009       7.90150007       7.27204641       7.72388649
       8.00462023       8.84294637      10.42598025      11.46046066      13.16606013      14.49879354      15.06858622      15.95976715      17.78515345      19.87038040      21.31718063      21.65928078      21.56538010      24.60920906      28.54425049      33.63240814      38.84638621      42.85538584      45.75596670      47.85177358
      49.42802048      50.46445847      51.28453827      51.79468918      52.02429962      51.96371078      51.71852722      51.08455302      50.19305038      49.14178848      48.00114059      46.37134171      44.63558960      43.18896103      41.62952677      39.91507263      38.23314006      36.62559408      34.51301270      31.24373881
      27.20288010      23.24777959      18.76656723      14.04698690      10.79175949       8.94250679       7.04018656       6.05886650       6.15166664       6.47788684       6.57412020
       6.55414009       6.59947332       6.58305359       6.59375318       6.60173988       6.54464022       6.50515302       6.50669988       6.52138646       6.55452029       6.58709335       6.59454028       6.57738686       6.60591316       6.61617343       6.54406675       6.50237338       6.51631355       6.51798693       6.47613335
       6.46802648       6.50274022       6.52884674       6.60195351       6.45062637       6.44917361       6.46688016       6.47705968       6.50051308       6.42973328       6.38369306       6.35376676       6.36317317       6.36721357       6.31919988       6.18862661       6.10136668       5.96588008       6.03779348       6.36209361
       6.63938014       6.76056671       6.82872645       6.84380023       6.80477333       6.80029360       6.77373314       6.73053360       6.73771350       6.74806023       6.76736005       6.80635325       6.82035319       6.82593981       6.82383347       6.79040655       6.77907308       6.80445353       6.79390653       6.75256666
       6.72588666       6.72949346       6.69771322       6.68247986       6.70661990       6.71574020       6.70241992       6.69699351       6.68638674       6.63849322       6.53930664       6.38273303       6.20177333       6.10527992       6.12141355       6.19584020       6.39644686       6.64428647       6.53217316       6.33837318
       6.33882014       5.45922661       5.92989349       6.45599365       6.43654696       6.56996663       6.55732663       6.66274007       6.70641327       6.95576032       6.96093305       6.66171328       6.59922028       6.98884646       6.70679347       7.24406687       7.98513349       7.72109350       6.62197304       7.65829976
       7.85908000       8.19811312       9.31610680      10.02777990      11.19744008      12.17038005      12.33072655      13.11807322      14.59803009      15.97911072      17.17605972      18.82280922      20.98027039      25.42251968      30.59049988      35.32545090      39.82505341      43.60979309      46.45402679      48.91801402
      50.77219009      51.55739975      52.23176956      52.53752899      52.64754868      52.57321930      52.18584061      51.33649826      50.45729828      49.38331985      47.97378922      46.32141113      44.48826981      42.84029007      41.30105387      38.85440592      36.19640594      33.80712087      31.19575938      28.01765976
      24.51847076      20.64435959      16.92505391      12.36731949       9.24208005       7.73154640       6.41510010       6.04313342       6.24614016       6.45600637       6.50784683
       6.55323346       6.60520681       6.57648659       6.60568682       6.59534645       6.56436666       6.50575320       6.52686691       6.54712677       6.56113307       6.60458692       6.59286690       6.61562030       6.64518674       6.64796003       6.62904676       6.59756025       6.56967354       6.55078634       6.48629316
       6.44695981       6.44554647       6.49440638       6.51814651       6.41902669       6.42433993       6.45648003       6.50292015       6.50201352       6.47798030       6.44866689       6.43476677       6.36276690       6.30903308       6.30049324       6.17700005       6.03850683       6.08204015       6.02644666       6.39635340
       6.53043365       6.65140025       6.78144010       6.80223974       6.84292030       6.77728017       6.73719343       6.72864660       6.74300003       6.73198001       6.74947993       6.79445330       6.80555979       6.81480026       6.82507324       6.80607986       6.80033302       6.84045982       6.84848022       6.81870651
       6.80646642       6.79137357       6.74779320       6.73207982       6.74872653       6.77286657       6.76546669       6.72975349       6.65306028       6.59203339       6.54924647       6.44172033       6.28470675       6.17964681       6.19124031       6.25701332       6.34534009       6.54340680       6.65733973       6.28694661
       5.21920681       4.88089339       6.34283320       6.42003314       6.55076663       6.55422656       6.43250020       6.48176638       6.68019994       6.92613347       7.06487338       6.77491315       6.55593363       7.01207352       6.74485970       7.30625979       8.09197998       7.89331309       6.22622681       7.50796636
       7.80783335       7.89100011       7.94567362       8.25805982       8.79707336       9.04163353       9.65553345      10.29183960      10.96712971      12.42646027      14.65859032      18.04479027      21.85289001      27.43029976      32.83451233      37.04223938      40.58528086      43.96292725      46.95222727      49.66460063
      51.41933060      52.41754913      52.94371033      53.13259125      53.06887054      52.78152084      52.18569946      51.36505890      50.52753830      49.38245010      47.85543823      45.92166901      43.42049026      41.18698883      39.46981812      37.38932037      33.82923126      29.83189011      26.75692940      23.84997940
      20.67443085      17.40353966      14.37070084      10.74504674       7.97334671       6.87416649       6.19047991       6.07339986       6.31524022       6.46213341       6.46007983
       6.56289355       6.62258021       6.59303347       6.60051346       6.58486684       6.56414032       6.52584012       6.50068665       6.54090691       6.56626002       6.60286649       6.56216685       6.61829313       6.67520650       6.71588008       6.70670636       6.72791354       6.71504021       6.68166669       6.59444682
       6.54688009       6.52178001       6.56227303       6.52105331       6.40957324       6.41212018       6.44234022       6.47633362       6.47609329       6.47399330       6.46746699       6.47152646       6.41815313       6.25646655       6.24880028       6.16453362       6.04485321       6.10902659       6.06012662       6.36865362
       6.44436010       6.48468653       6.70700010       6.78617986       6.81336657       6.78601964       6.79258664       6.76905314       6.74033356       6.72013982       6.74858030       6.77936681       6.78701973       6.81007322       6.82976023       6.85062663       6.88820012       6.92885335       6.91701317       6.89882660
       6.87489319       6.85036659       6.82558695       6.80382665       6.80529340       6.80963326       6.80698649       6.76837349       6.66533343       6.58426030       6.52394676       6.40907351       6.28753980       6.26819356       6.32342021       6.37640699       6.47263972       6.56907336       6.48406029       5.83691978
       4.98497327       5.07589340       6.00062688       6.29771360       6.39259974       6.43341319       6.00046666       5.59539350       5.66701317       6.45909309       6.97892634       6.56755320       6.38093313       7.01644007       6.79435984       7.23195330       8.14928691       7.74065336       6.19584020       7.29781342
       7.70278676       7.81346639       7.83617973       7.84805361       7.86523310       7.83783989       8.77040660       9.69009972       9.94429016      10.80881023      14.58999062      17.95253944      23.02123070      28.83482671      33.70266622      37.66927205      40.89023427      43.74611216      46.72729268      49.21840668
      51.28373942      52.35911179      52.83596039      53.03776169      52.90341187      52.62044144      51.91538656      51.06943247      50.14149292      48.91762924      47.42010117      44.21508026      40.83309174      37.96390915      36.13259888      34.58940887      31.34022903      27.04232025      23.32262993      20.09329987
      17.10794067      14.35577965      11.93393040       8.45359975       7.01671346       6.48854701       6.14066696       6.19161987       6.50520643       6.47643979       6.46464666
       6.56586011       6.61565971       6.58857981       6.63146019       6.59160678       6.58234660       6.56087303       6.51832644       6.53683980       6.56186676       6.59251340       6.55453364       6.60773341       6.70745977       6.75521978       6.77430026       6.88425318       6.94721985       6.91770681       6.80156008
       6.81382688       6.75129318       6.71081352       6.58284696       6.49804688       6.47604688       6.47875977       6.48447355       6.45522690       6.47489993       6.48565356       6.48969332       6.51081975       6.37231318       6.32886696       6.25737317       6.17579333       6.10791969       6.08196640       6.35903358
       6.33703995       6.31629308       6.60935338       6.76505343       6.80930646       6.78041331       6.77271334       6.77225304       6.74920019       6.72966003       6.76604652       6.79067993       6.80960655       6.84408696       6.85804685       6.89953995       6.93748029       6.95429357       6.93685341       6.93847338
       6.90659332       6.87114016       6.87150002       6.90062014       6.85772006       6.85393969       6.84875361       6.76431974       6.61868668       6.51431974       6.45983315       6.38099353       6.30803998       6.32964643       6.44718679       6.29641978       5.81471316       5.15192668       5.94282023       6.65447362
       6.58655993       5.87465986       5.46991348       6.18062019       6.15586027       5.99056689       5.39793332       5.94905345       5.71280670       5.37141991       6.11301359       6.59613991       6.59939321       7.00828679       6.85161972       6.75755310       7.68012683       7.50276693       6.15372022       7.13084666
       7.53472646       7.65837351       7.73654683       7.75189336       7.72849337       7.67626699       8.27231305       9.25958646       9.63741016      10.50525951      14.55529976      18.70070076      23.72081940      28.56449320      33.06214600      37.13556630      40.31064575      42.81095357      45.34850555      47.73685455
      49.60906738      51.26857269      51.90723948      51.78793345      51.50742594      51.05611918      50.41452769      49.69909892      48.68023895      47.36275431      45.21033096      41.50712967      37.41403961      33.97946167      31.40213013      29.45148087      27.22677040      24.20645905      20.54540062      17.31815910
      14.51285934      12.10988998       9.09491992       7.11733309       6.65393321       6.28494008       6.23689334       6.61222649       6.65465991       6.53046672       6.47896004
       6.57057317       6.60953331       6.57153320       6.64044698       6.62015343       6.60420672       6.58459981       6.52181307       6.51710002       6.55083974       6.58400663       6.56303342       6.60791969       6.68137995       6.75011317       6.82722028       6.94523303       7.02729352       7.01323318       6.98341306
       7.04498672       7.04626656       7.02511342       6.78377978       6.68187332       6.65023359       6.59257317       6.55325317       6.50311979       6.50669352       6.51241302       6.50977325       6.54846636       6.40222677       6.41510010       6.33492661       6.31324641       6.17423312       6.12636693       6.38804690
       6.27498690       6.21212641       6.48241361       6.71890640       6.78893344       6.76083310       6.76024691       6.78336652       6.76757304       6.73619970       6.74691327       6.78421974       6.80702655       6.82888031       6.84857305       6.90096664       6.93316650       6.92327309       6.90215302       6.91436005
       6.92068672       6.86416690       6.88316663       6.89195315       6.88495318       6.86760012       6.81993357       6.70898692       6.54596647       6.46986008       6.44522667       6.30954679       6.24974696       5.94589361       5.32405345       5.05751991       5.42767970       6.08589999       6.44539324       6.58143997
       6.60851351       6.58846029       5.67103322       5.38251305       5.45508639       5.54706001       6.13807360       6.35942014       6.47277323       5.81445312       5.81547356       7.01422691       6.78400675       7.00775337       6.92001979       6.59789975       7.48588689       7.53140640       6.26336670       6.94058673
       7.41049321       7.55715307       7.64270020       7.60640017       7.58411344       7.55086009       7.82828649       8.76613363       9.38803005      10.49654961      14.15222931      18.75987371      22.91107330      27.52507350      31.83485413      35.77325999      39.02886047      41.52835236      43.62035319      45.62112681
      47.49334005      49.16254781      49.63892568      49.45195363      49.35567220      49.13394063      48.65534770      47.94736684      46.93496043      45.53634135      43.10347900      38.66598129      34.25825882      30.42121124      27.38747025      25.24559021      23.73166084      21.50567958      18.23324051      15.01139323
      11.90432638       9.21299985       7.37346649       6.68303363       6.43449974       6.20121320       6.64309311       6.73325348       6.65378634       6.54370689       6.52150027
       6.60177358       6.58908653       6.58939362       6.65110016       6.63689995       6.63860639       6.62343979       6.53773308       6.49266688       6.52884674       6.54561361       6.54474004       6.59924634       6.65295347       6.71656672       6.83471362       6.94426028       7.01534017       7.02313995       7.10020638
       7.20287323       7.12761307       7.13235982       6.91382027       6.84352684       6.79610697       6.73648008       6.68329302       6.63467344       6.61209361       6.58695984       6.57873344       6.54319318       6.46121979       6.40181986       6.35316658       6.35247358       6.32186000       6.28165309       6.36937332
       6.17668025       6.10090637       6.25555992       6.55873362       6.73457972       6.72113355       6.75919342       6.75686646       6.76726659       6.77838008       6.78525988       6.77764002       6.79295349       6.79823303       6.81246694       6.84411303       6.85166677       6.85890007       6.86145973       6.87799327
       6.89381981       6.84548696       6.82442029       6.84904671       6.86723328       6.84244665       6.75764656       6.62535985       6.52866681       6.59198697       6.18567340       5.48041344       5.06180000       5.16863346       5.93132019       6.36435318       6.53818003       6.45505969       6.46082687       6.49900691
       6.56802686       6.68449974       6.65093994       6.48620669       6.23177973       6.04151980       6.16580009       6.38003985       6.56630643       6.06276004       5.74139341       7.11197344       7.01708031       6.95646667       6.98481305       6.57865334       7.32308642       7.66734695       6.52415339       6.71005313
       7.43085353       7.43878682       7.45591990       7.42745336       7.42544683       7.40384674       7.38372676       8.20215975       9.10529041      10.20954037      13.56457996      17.88299281      21.83138652      26.01898661      29.83458761      33.38091420      36.53674042      39.16922577      40.98546763      42.50936127
      44.33499237      46.01324646      46.34375895      46.16373383      46.57307434      46.59912679      46.36449300      45.73226603      44.83172597      43.49639435      41.04925395      36.40977859      31.86207962      27.53115082      24.10277939      21.81842995      20.57369995      18.53495290      15.83580709      12.47347361
       9.13525983       7.68093363       6.84438642       6.41493352       6.22415352       6.32216644       6.77724648       6.75543976       6.67297363       6.56883303       6.54727999
       6.60529327       6.59036001       6.61098671       6.63266691       6.63934644       6.63309352       6.61551348       6.53490639       6.48703321       6.52314695       6.52910678       6.55994670       6.60365359       6.67609342       6.72879346       6.80949974       6.94171969       7.02739334       7.04267311       7.07578659
       7.14193344       7.24237315       7.12721316       6.98200671       6.95314662       6.94830004       6.90197309       6.83682696       6.82077344       6.75281334       6.69859314       6.66135343       6.63281314       6.58303324       6.54849307       6.45771980       6.39335314       6.31004016       6.29784012       6.34066010
       6.21691322       6.07493973       6.05223338       6.20424652       6.51438014       6.60868009       6.67849350       6.67581304       6.71336683       6.76531347       6.77729352       6.74519984       6.74568685       6.75288645       6.75923347       6.76434008       6.75980695       6.74290657       6.75311979       6.77929306
       6.76403999       6.76075999       6.75600688       6.77764638       6.78862000       6.74485970       6.52126694       6.37315305       6.07399305       5.48989995       5.15369987       5.48689334       6.06615321       6.55205981       6.59992027       6.61130651       6.56234678       6.55308024       6.51657359       6.49801318
       6.52313360       6.54993312       6.42567317       6.25601323       6.29715983       6.21861331       6.26523972       6.39025307       6.67088636       6.44934654       5.62491989       7.02343305       6.95834668       6.89363988       7.04326693       6.58449300       7.16607348       7.73013306       6.35011355       6.43014654
       7.42179998       7.30911318       7.28708649       7.21483358       7.20923360       7.19230652       7.17860667       7.58231328       8.56131363       9.75596046      12.67218018      16.66322657      20.59839976      24.31157272      27.68322093      30.53552734      32.93967295      35.25594065      37.16967896      38.79620107
      40.62496572      42.07646698      42.30136678      42.25781281      42.64438629      43.00087962      43.10099986      42.81607218      41.95158010      40.75419210      38.51551381      34.40616989      29.44562912      25.01958084      21.40393066      19.06337929      17.46544017      15.79108627      13.72266652      10.60032654
       8.50049337       7.16813978       6.41975339       6.33087349       6.16121356       6.38606008       6.69457308       6.69834010       6.61709340       6.58023326       6.56941986
       6.63670667       6.60321363       6.63409360       6.61599350       6.62072690       6.62830671       6.60729345       6.55812645       6.49235980       6.51686668       6.48994637       6.49650637       6.56719971       6.65089353       6.70797348       6.76583989       6.93033346       7.02090645       7.05021350       7.06221326
       7.06555303       7.19135984       7.13794009       6.99095345       6.95272001       6.93591309       6.93567340       6.92623329       6.87441317       6.86289978       6.80872027       6.77784665       6.75210635       6.63217354       6.59494019       6.52813975       6.47882652       6.41122691       6.37721316       6.29931323
       6.22402636       6.17974663       6.14657974       5.97394689       6.20308685       6.48718007       6.57876650       6.56720670       6.58094660       6.63843346       6.62562688       6.60777346       6.58050028       6.54374631       6.47716649       6.61669350       6.55327988       6.39952024       6.55388641       6.61149979
       6.58606021       6.58848635       6.62085342       6.62988027       6.40076001       6.20298004       5.50946681       5.19895999       5.33183988       5.93815994       6.55698649       6.59381994       6.58908017       6.66080030       6.63450686       6.72910690       6.69404666       6.70057996       6.54179319       6.46856689
       6.42179998       6.51888657       6.41090012       6.28455989       6.41352018       6.40170670       6.43106016       6.43789991       6.69243304       6.58222644       5.63024012       7.08102671       7.00952021       6.86629359       7.10733350       6.67763964       6.90462685       7.54789352       6.44591967       6.10360018
       7.28092003       7.15397326       7.08164024       6.94961357       6.95722008       7.01330694       7.01111984       6.99845975       7.95060031       9.12002029      11.45201015      15.33441976      19.05156642      22.31480006      25.00823364      27.30615941      29.12591288      31.09406698      33.03741282      34.92556000
      36.71571269      37.70457296      37.79889923      37.82591878      38.38238525      38.83599986      39.33311218      39.31799459      38.80562612      37.70768636      35.11999288      31.58607101      27.06106949      22.68976974      19.06049919      16.65282059      14.32208679      12.63941961      11.64378611      10.30126699
       8.21337318       6.85731316       6.34072685       6.20648638       6.17944018       6.44663302       6.71279335       6.65967306       6.62377993       6.59657351       6.57487996
       6.66654015       6.64511363       6.65476672       6.60273361       6.59297307       6.61891365       6.59814008       6.56193988       6.54535993       6.53749975       6.46795972       6.46619987       6.54676692       6.60818672       6.64196014       6.68128014       6.81251335       6.93976021       6.99360021       6.95068677
       6.89775340       7.15265973       7.06686020       6.98569997       6.97441355       6.93203990       6.95248032       6.93194008       6.91089312       6.93974686       6.85824649       6.90398661       6.75675329       6.66739972       6.62147331       6.57303301       6.50821368       6.46951993       6.48243968       6.37921333
       6.26107979       6.18825976       6.25277328       6.21830686       6.13641357       6.25154686       6.49631310       6.52427355       6.53394000       6.45989354       6.35276667       6.29087321       6.25883357       6.06178665       6.13714663       6.16198031       5.96694692       6.08452670       5.99264654       6.10347366
       6.36415990       6.39057986       6.24624634       5.74887339       5.20871321       5.24705346       5.71827316       6.40402031       6.75300662       6.66182645       6.47637304       6.25591977       6.61169306       6.88764000       6.73513985       6.89966011       6.94176674       6.71981366       6.61581357       6.50365321
       6.43210665       6.47633998       6.51360639       6.38401985       6.50462023       6.53087997       6.52223333       6.77976672       6.49043973       6.07703336       5.53805987       7.01224009       6.96535365       6.83130010       7.15872002       6.82629331       6.49310684       7.48787308       6.54526011       5.63724645
       6.08483315       6.22416687       6.56389300       6.53285344       6.55512683       6.63809331       6.54626020       6.39701335       6.95832634       7.84089966       9.70468998      13.54863383      16.93325328      19.73824682      22.10465317      23.64012054      25.15686666      26.78721319      28.66392685      31.26695251
      32.99175985      33.17826762      33.25674611      33.21058105      34.09989421      34.85269460      35.53275380      36.01930613      35.47807983      34.21438039      31.85942576      28.70140076      24.51106071      20.33050919      16.85051918      13.84092692      11.08626007       9.43900681       9.50529989       9.24978002
       7.68492635       6.59432666       6.23557345       6.18655968       6.36760012       6.63132668       6.69606654       6.66179339       6.63239988       6.64756012       6.57346662
       6.65404002       6.67192650       6.65586662       6.58669345       6.57982699       6.60488002       6.57523346       6.56638654       6.59935315       6.56207975       6.46811994       6.46755346       6.51042684       6.54955991       6.63973363       6.67301305       6.72513326       6.88434664       7.01920001       6.99990018
       6.94931348       7.14724032       7.03373337       7.00045967       6.98538017       6.94433339       6.97040685       6.92383321       6.93066661       6.90789986       6.83927345       6.91313998       6.70720673       6.68675359       6.66411972       6.64683342       6.57415326       6.55020650       6.56115341       6.50923983
       6.38113340       6.23293304       6.20827357       6.17818006       5.93830681       5.98814011       6.02125994       6.15809313       6.56407356       6.37089984       6.17074649       6.15342649       6.17359988       6.14165306       6.27028020       6.40202014       6.28220685       6.19181315       6.03923353       5.73781967
       5.88456662       5.48612022       5.20875994       5.53090032       6.29975319       6.75669988       6.78423309       6.60936673       6.49448649       6.30264664       6.26172702       6.29483986       6.64993985       6.73801994       6.82802645       7.17429988       6.85612679       6.86670685       6.82773336       6.75620651
       6.61365318       6.42299970       6.50251325       6.59300677       6.72518031       6.65398026       6.62643305       6.28750674       5.42844009       5.57820638       5.55507978       6.63346672       6.78086662       6.70035998       7.19602648       6.97051303       6.29407310       7.31848653       6.87081973       5.47400665
       5.85959307       5.79263306       5.79654694       5.60214678       5.52443314       5.94713974       5.87903976       5.61792692       5.66115316       6.60559336       8.48635006      10.98487345      14.52056630      16.67539978      18.29671351      19.66424688      21.30627314      23.19406637      25.12966029      27.50348663
      28.83265305      28.97017288      28.44404984      28.87445068      30.06185404      31.03829397      31.95570780      32.42836100      32.07194061      30.83437347      28.78493958      25.38306999      21.71644974      17.85495949      14.45486069      10.98022652       8.10990651       7.65072695       7.50646655       7.27119319
       6.66841316       6.29424032       6.48436673       6.62084007       6.71734683       6.71798642       6.70538648       6.63556671       6.65351995       6.62918027       6.57307307
       6.66716003       6.65203985       6.62328657       6.57208697       6.55767314       6.56978671       6.55328687       6.55680021       6.61109352       6.53051313       6.46064695       6.44681994       6.45755323       6.49521319       6.57002004       6.66073990       6.70909309       6.82077980       7.01832008       6.99551328
       7.03284009       7.14721362       7.03038025       6.99510638       6.96883329       6.93393326       6.96273994       6.95027987       6.93239975       6.87436676       6.89940008       6.93836021       6.70509974       6.68837992       6.67270025       6.63691330       6.57823308       6.63431358       6.60051346       6.58159320
       6.42681313       6.28499349       6.30326653       6.57818667       6.51107343       6.44556681       6.27471352       6.10717328       6.05416679       5.78050677       5.56970024       5.53401311       5.45416641       5.38675308       5.34778023       5.29922009       5.30800660       5.27558009       5.25087325       5.15108013
       5.50929998       6.10733299       6.71107346       6.95220662       6.82255313       6.60561999       6.50231997       6.40630023       6.35991987       6.31691360       6.33631325       6.32422638       6.60230001       6.75346692       7.00690015       7.03001976       6.92885971       7.16162682       7.08327993       7.09273974
       6.86066691       6.69276683       6.58642642       6.59757360       6.72110685       6.63201968       6.63644028       5.68566640       5.83647982       5.72180684       5.69839350       5.85034688       5.88482030       6.41030693       7.20808029       7.08885320       6.42525355       7.07674026       7.12822660       5.59306018
       6.26875305       6.41319338       6.38852692       6.19152006       5.99299304       5.94207319       5.91084671       6.15233358       6.09110006       6.26086693       7.49219348       8.26525021      11.27372648      13.29349973      14.60117391      16.01608622      17.56484609      19.64078695      21.78330063      23.46247355
      24.35142685      24.58876038      23.60005951      24.12659073      25.88205973      26.97983281      27.99086604      28.60236059      28.49815943      27.43505274      25.59427071      22.34592056      18.85272026      15.29476929      11.82401339       8.35367986       7.00582631       6.63651975       6.43132019       6.38283348
       6.51622645       6.65533320       6.70347977       6.76303355       6.73399989       6.71238009       6.68858655       6.65339979       6.64826647       6.60055987       6.61896642
       6.63868014       6.64594650       6.61879349       6.56992022       6.54745356       6.55338669       6.55634689       6.53370031       6.57840665       6.52945328       6.47226016       6.46304639       6.44480642       6.44669342       6.53134028       6.64523315       6.71064695       6.78533363       6.98225339       6.94954681
       7.06543350       7.12241364       7.07435989       7.04811351       7.01845996       6.94817988       6.97811317       6.97034645       6.92236010       6.88786697       6.96980667       6.84823990       6.70941989       6.69624011       6.67071978       6.66787974       6.67144648       6.66326650       6.61476644       6.54753304
       6.62251345       6.25563304       5.69083977       5.51013311       5.32042662       5.28997326       5.33875338       5.40684636       5.51928012       5.70617994       6.02049319       6.44474030       6.59945361       6.65854009       6.78345998       6.91234690       6.97945989       7.00577342       7.05275307       7.13130697
       7.25870679       7.29400012       7.13551971       6.93106031       6.77992020       6.69906016       6.61278008       6.53708641       6.44779971       6.36992658       6.33681361       6.28074646       6.56153361       6.81332652       6.85410690       6.99956640       7.08157349       7.17581304       7.15199343       7.23492686
       7.06644694       6.98899333       6.96251361       6.60953331       6.72186661       6.63212013       6.62081973       5.52039973       5.94364675       6.45587349       7.07728004       7.29335976       6.71736018       6.51151339       7.21077983       7.18770027       6.59023984       6.93295352       7.29675357       5.91453997
       6.11793327       6.46815999       6.41105334       6.38688660       6.34837977       6.34078026       6.34977976       6.34705989       6.31175359       6.22392019       6.76859334       7.03229046       7.88449955       9.33955002      10.66537952      12.22035980      14.16991997      16.37750717      18.22387995      19.35066732
      19.87697983      19.72007942      18.81741905      19.37509918      21.32341003      22.98176722      24.00695969      24.80154607      24.94188644      24.30423330      22.64596939      19.74048996      16.14493942      12.81746006       9.29624685       6.74679311       6.29969343       6.69356664       6.83631325       6.79692014
       6.80567996       6.77387301       6.72540029       6.70869319       6.69970640       6.67580032       6.66452026       6.71453349       6.65110652       6.63741366       6.59999975
       6.59961319       6.62110011       6.57772636       6.55863317       6.53416634       6.54769325       6.54471334       6.53848648       6.58550644       6.55668640       6.50741323       6.50682004       6.45538648       6.44510651       6.51682663       6.61721357       6.68888028       6.69000689       6.88094012       7.03236643
       7.11140633       7.10440000       7.05464681       7.02087975       7.01999346       6.96262678       7.00239309       6.97229322       6.91559347       6.92546018       6.97144000       6.77259318       6.67857361       6.66010030       6.64818001       6.62988663       6.63910675       6.62052663       6.68795331       6.63065338
       5.65420024       5.30961990       6.00667318       6.46278636       6.62587992       6.67360687       6.74813334       6.83977318       6.84269333       6.78529358       6.76782672       6.94136670       7.04609319       7.09150668       7.17968674       7.20731992       7.28990000       7.30514687       7.34520643       7.38873355
       7.40637985       7.42440000       7.38278656       7.36312637       7.34261360       7.30932668       7.27341970       7.25384661       7.20091337       7.14982643       7.09665349       7.04339345       7.16550690       7.36785973       7.22478663       7.26527359       7.15491994       7.18099340       7.09137980       7.18798637
       7.23333359       7.07626661       7.29475339       6.87774022       6.82072639       6.72230021       6.01876005       5.70203336       6.67422676       7.42277336       7.45240021       7.23670006       6.80239995       6.63628006       7.21150653       7.26761309       6.71976662       6.63898659       7.39870008       6.39385986
       5.78260676       6.50584030       6.43306669       6.37676684       6.36212667       6.35077349       6.32704671       6.33380000       6.32946650       6.32125346       6.33794657       6.60883970       6.59348011       6.81087971       7.94176960       9.22093010      10.93904018      13.05922028      14.31139318      14.95989278
      15.32464981      15.30677032      15.08742905      15.86569023      17.17588043      18.78518631      19.98348704      20.94902003      21.35068609      20.92978007      19.82596059      17.37595940      13.85653019      10.36140671       6.95704651       6.23330688       6.68678665       6.89273326       6.78708649       6.80418650
       6.78174019       6.74352646       6.70732689       6.71636645       6.68477313       6.67711322       6.72108650       6.67882665       6.67516645       6.55873362       6.39967982
       6.53796641       6.58979988       6.55738640       6.53840637       6.53254000       6.54924011       6.55120659       6.55091349       6.59071350       6.56943321       6.52919324       6.47850672       6.45079994       6.44606654       6.50332006       6.56579336       6.62264633       6.65277354       6.78926023       7.00204659
       7.10077349       7.08505313       7.04956690       7.01288033       7.00804011       6.95381355       6.93339348       6.87515322       6.91311328       6.86521975       6.96676636       6.76461347       6.69012642       6.65055974       6.62007968       6.61044693       6.65505346       6.79435349       6.37983322       5.37586657
       5.57269986       6.42115339       6.70523326       6.72573980       6.69074694       6.55112648       6.45189985       6.43830681       6.61120021       6.77079366       6.98203303       7.16468697       7.30909307       7.39983996       7.43175977       7.43381023       7.46837044       7.45746040       7.51482010       7.51568985
       7.51688957       7.51404953       7.51774025       7.52915955       7.50667000       7.52320957       7.54668999       7.54074001       7.49794960       7.48241997       7.46568012       7.45454025       7.73857975       8.28184032       8.38545036       8.35069354       8.18385320       7.91981311       7.57122660       7.34361305
       7.29438655       7.36497307       8.07092031       7.83024661       6.61603991       6.73799324       5.70034027       6.29306666       7.52374649       7.62875303       7.49077352       7.22066689       6.96011353       6.78140640       7.19933319       7.34045347       6.87893359       6.48180008       7.31254641       6.99396642
       5.70875994       6.51451365       6.50142670       6.36130015       6.36485354       6.34680684       6.31971359       6.31211344       6.30643336       6.30838648       6.30410639       6.28028679       6.16129367       5.90617330       6.24870694       7.43180659       8.03774635       9.19070671      10.15488024      10.59998665
      11.16382678      11.58983040      11.97235012      12.14492035      13.04888636      14.31653381      15.80872706      17.06418020      17.66714717      17.48442001      16.59022003      14.64919973      11.41229973       7.73824018       6.31694667       6.53503990       6.87040647       6.79724693       6.80230014       6.78876686
       6.75691350       6.75681305       6.71938006       6.78992017       6.73118655       6.69686635       6.69882011       6.62355359       6.54139328       6.40398661       6.34856669
       6.47905350       6.55102666       6.53388023       6.51877975       6.55620639       6.54918671       6.55676651       6.56900024       6.60035324       6.56594658       6.53603999       6.50838661       6.46343358       6.44895363       6.49880028       6.55611992       6.59575335       6.62033971       6.73991330       6.81138674
       7.01237996       6.98077329       6.97378667       6.98586655       6.97496668       6.88851992       6.84839312       6.85825348       6.86163330       6.81152026       6.85223325       6.70138677       6.68132019       6.62420654       6.63751348       6.65078672       6.73827998       6.12863350       5.30534013       5.78363991
       6.24014664       6.41380692       6.44905980       6.44484647       6.43948682       6.66743329       6.86737353       7.03379339       7.23238004       7.40045357       7.62034022       7.58699989       7.56711006       7.53785038       7.50568008       7.46586037       7.48219967       7.47754002       7.50924015       7.55152988
       7.58718014       7.61452961       7.61662006       7.58930016       7.58660030       7.60540962       7.70893002       7.66007042       7.61528015       7.59037971       7.58617973       7.62850952       7.74833965       7.90915012       8.12817001       8.29413033       8.41851997       8.26239014       8.09665985       7.74400647
       7.65152690       7.13480657       6.89476649       6.89087359       6.75808016       6.95200030       6.50625992       6.77392006       7.53494008       7.68274689       7.60723305       7.26446660       7.22810682       6.88448652       7.18589973       7.40077337       7.04176648       6.52091980       7.01846695       7.01657995
       5.66860008       6.34830030       6.55983353       6.38381322       6.45159976       6.40269979       6.30637360       6.28187307       6.23166021       6.22976685       6.23544693       6.26120694       6.26111984       6.22039350       5.88714027       5.75381343       6.12362671       6.36908658       6.83426030       7.44973310
       8.18720690       8.84611320       9.11057345       9.15062014       9.45368640      10.65417353      12.34790675      13.81009928      14.46125285      14.22668711      13.28369395      11.48315366       8.49852651       6.67351977       6.38711357       6.88199361       6.85055351       6.80533981       6.78672663       6.79206022
       6.71589343       6.74332682       6.80481339       6.74071312       6.72531319       6.65594673       6.58676020       6.46166674       6.35311317       6.31565984       6.24301974
       6.46881358       6.49741364       6.51963997       6.50774701       6.53144010       6.50499980       6.51177979       6.55492020       6.58496666       6.56959979       6.53538640       6.50370026       6.47725995       6.46663348       6.50028674       6.55339305       6.60654640       6.64380646       6.73371315       6.70965322
       6.83917999       6.83399328       6.84581312       6.86767324       6.84395345       6.77609317       6.79328664       6.74333318       6.74396006       6.69496663       6.74150022       6.64103317       6.58406003       6.52755992       6.56595993       6.54067993       5.71740659       5.35831324       5.93928019       6.17364693
       6.37539991       6.47604698       6.69290657       6.94783312       7.29813347       7.51623993       7.70351346       7.88256696       7.99193001       7.96033955       7.88465977       7.79757023       7.74956989       7.73645020       7.70666027       7.69468975       7.80241013       7.97552967       8.08687019       8.05533981
       8.08279037       8.09381008       8.04913998       8.01599026       7.99036980       8.02791023       8.13922977       8.15318012       7.91693020       7.80862999       7.82273960       7.94645023       7.96072960       8.21434021       8.37712002       7.99063015       7.98169994       8.16666031       8.11287975       8.09533978
       7.97968671       7.58715345       7.16910009       6.96687317       6.99026680       6.89824677       6.87920698       6.83388646       7.39242681       7.49831327       7.44441986       7.44919332       7.39186668       7.02978007       7.15132014       7.44301351       7.18813324       6.69708697       6.69609324       7.26688639
       5.82283338       5.98276011       6.64780680       6.55945969       6.55234655       6.51695315       6.28097343       6.24150658       6.17495982       6.16938655       6.15516027       6.14039358       6.13607343       6.14651998       6.11237335       5.84466680       5.72400030       5.70657984       5.95340665       6.31407992
       6.54908689       6.87394651       7.20333354       7.42928696       7.58521970       8.36241341      10.22064654      11.65686671      12.01166026      11.70658620      10.75782649       9.25659307       7.32145309       6.32693990       6.77882640       6.87746684       6.83394686       6.77943993       6.74747976       6.74523354
       6.72901980       6.77056694       6.76680692       6.58858681       6.49085363       6.39287313       6.32018661       6.27386030       6.24615987       6.24025981       6.26527977
       6.52537982       6.49881999       6.49316025       6.48925972       6.52869987       6.50789324       6.49601364       6.54829979       6.55617332       6.54154015       6.53793335       6.52787971       6.48214022       6.43789991       6.48316638       6.53850683       6.57074674       6.66405360       6.68158023       6.66061974
       6.78516006       6.73618635       6.75575320       6.74574025       6.65876643       6.69640668       6.67682012       6.62604650       6.67124685       6.61441358       6.61498642       6.62064679       6.55024020       6.51250013       6.27692032       5.39145343       5.56646665       6.04789319       6.39423335       6.67716688
       6.92708674       7.18820656       7.60664698       7.88476690       8.15883306       8.51629995       8.88897349       8.76597023       8.68754005       8.47739029       8.38459969       8.41258049       8.30095005       8.35445976       8.20911026       8.21356010       8.75798035       9.83553028      10.31985950      10.12077999
       9.20209980       8.81054020       8.70471001       8.66788960       8.65291023       8.72467995       8.95917034       9.05799961       8.77849007       8.68432045       9.17695999      10.08672047      11.02696037      12.34274960      12.29734039      10.69639015       9.58553982       9.06620026       8.83928967       8.87543964
       9.15871048       8.84271344       8.33685346       7.73915980       7.60516675       7.43738683       6.88684654       6.89318657       7.24054019       7.38105329       7.53385989       7.58202680       7.57634672       7.26182683       7.09347979       7.47634633       7.30631320       6.80782000       6.70503998       7.38214684
       6.22439321       6.09264692       6.72473971       6.69867325       6.67065366       6.69642639       6.45608012       6.35544014       6.31455358       6.31272697       6.24584007       6.25254695       6.23325984       6.21510696       6.10178693       6.08355967       6.13500659       6.37808673       6.00011317       5.70018641
       5.91535314       6.18055344       6.43762652       6.74458694       7.11457316       7.80599340       9.47646650      10.32254028      10.51069323      10.25305303       9.36064657       7.89525350       6.51891327       6.46423340       6.85049311       6.87530645       6.81189346       6.77431997       6.72922643       6.71741358
       6.75831350       6.78564008       6.60768700       6.43258667       6.34783999       6.36845334       6.35507329       6.35591316       6.32666651       6.32338651       6.39149984
       6.55420685       6.53019333       6.51587359       6.50176684       6.50719325       6.48974673       6.48752658       6.55073357       6.51527977       6.51427968       6.55371984       6.54186694       6.46527990       6.45386696       6.51017316       6.50779343       6.51384672       6.56296666       6.58913994       6.60376676
       6.72129313       6.66142019       6.67305311       6.62493324       6.62354024       6.64521345       6.59202003       6.56204669       6.57857323       6.52266693       6.59569995       6.54309972       6.58882683       6.00739349       5.55346006       6.27439362       6.63579323       6.79398646       7.16226016       7.46535339
       7.94093325       8.24381986       8.47379341       9.05744642       9.46085307       9.40985012       9.36332035       9.15176964       9.08016968       8.97148037       8.93400002       9.06114960       9.14064980       9.21984005       9.25516033       9.90524006      11.53512001      13.30543041      13.48810005      12.82750988
      10.67228985       9.61997986       9.47381020       9.40608025       9.34121990       9.39929962       9.85264969      10.46105003      11.03470993      12.38006020      13.92943001      15.17794991      16.23859978      16.32461929      12.76996040      11.25030994      10.18846989       9.58633041       9.38156986       9.32048988
       9.50026035       9.57184982       8.98476659       8.35853320       7.78908666       7.76334000       7.17728678       6.94208018       7.09436671       7.39064026       7.46089363       7.62784640       7.69904645       7.41620000       7.11091995       7.50236638       7.39170011       6.85260010       6.94344012       7.42057991
       6.75753339       5.94192696       6.78058688       6.77977308       6.84265327       6.88729986       6.75653330       6.71068637       6.75952657       6.74261347       6.69025358       6.68770027       6.60032018       6.47916667       6.42148654       6.29256694       6.23145994       6.24062030       6.20907338       6.12126668
       5.68147977       5.92419306       6.39549319       6.68811353       6.83826001       7.23693975       7.74412664       8.30999311       8.58249982       8.14617348       7.35689354       6.53502019       6.40054639       6.49124018       6.85150019       6.89765994       6.79442660       6.74077988       6.77740033       6.73346647
       6.71725337       6.62980016       6.43159993       6.32213338       6.43015353       6.46835327       6.41135979       6.38486671       6.37484678       6.40933355       6.48364003
       6.56122653       6.54598681       6.53481992       6.50213305       6.46893311       6.40299988       6.42157364       6.52137311       6.49095980       6.48653984       6.57032013       6.60202662       6.49743334       6.48056666       6.47441991       6.47835986       6.48592695       6.52872022       6.56403351       6.68839327
       6.64669355       6.56239319       6.54897308       6.59215355       6.66961988       6.58273315       6.54491361       6.51883316       6.54206022       6.54442024       6.74552689       7.08954646       6.37662983       5.96445990       7.00899029       7.09587955       7.28289032       7.88556004       8.53332003       8.75772953
       8.81427956       8.86056042       8.88895988       9.15536976       9.95320988       9.95932961       9.95925999       9.93877983       9.71774006       9.45143032       9.27408028       9.48054028       9.92549038      10.28932953      10.97327995      12.47101021      14.71039009      16.28918076      16.22583961      14.89942932
      12.65876961      11.86143970      12.83392048      13.35793018      13.22177029      13.10859966      13.35688019      13.69361019      15.49917030      16.86445045      19.17708015      21.11845016      22.86661911      23.22664070      17.85153961      11.41884995      10.24936962       9.80463028       9.61833000       9.63551998
       9.69760990       9.74271011       9.63932683       8.95398654       8.27491315       7.85406685       7.37884013       6.95626640       7.00958697       7.32518641       7.42524020       7.60833995       7.80080668       7.59741974       7.15010643       7.52443314       7.47021993       6.92775345       7.12814649       7.37701352
       7.14281972       5.77136676       6.80989329       6.82054647       6.91481336       6.97091357       6.94859314       6.93762016       6.97769992       6.93763351       6.89657338       6.85042000       6.79281998       6.73770650       6.74340693       6.74383990       6.60873350       6.44274012       6.37505341       6.30502001
       6.19650014       6.05124029       5.69111315       5.90739314       6.24422646       6.35444641       6.15192668       6.58895365       6.74236679       6.67134031       6.49303309       6.31090673       6.55974007       6.48853302       6.89475314       6.90307363       6.77941322       6.72900009       6.73563321       6.74166679
       6.70601972       6.42101351       6.41891988       6.47559357       6.49878693       6.44889323       6.46022669       6.51153310       6.43977356       6.47469330       6.60066668
       6.60844676       6.57638677       6.55222003       6.54191971       6.52257983       6.42697334       6.38872019       6.41883341       6.45206642       6.47764015       6.56569990       6.55655988       6.51121330       6.46593984       6.45115344       6.48155975       6.47528648       6.51981354       6.52238019       6.64038022
       6.54884656       6.51046689       6.83485349       7.48210653       6.72912025       6.64082654       6.61437988       6.48583349       6.50971349       7.10794640       7.23945986       6.08864975       6.41127014       7.02851009       7.12326050       7.40153980       8.26632023       8.88786983       9.58051014       9.90402031
       9.44983959       8.83841991       8.61997032       8.82419014       9.80784988      10.09860992      10.15511990      10.18354988      10.09025955       9.91154003       9.70508957      10.68142986      12.15762997      12.87310028      13.50930023      14.92514992      17.36215019      18.88484001      18.74892998      16.92745972
      14.79174042      15.14359093      16.90925026      18.26837921      18.96348953      19.15653992      18.90191078      18.48983002      20.14521980      22.63932991      24.70058060      26.61841011      28.57329941      29.46608925      25.01608086      12.95423031      10.33823013      10.10956001       9.85258961       9.85521984
       9.94163036       9.95154953      10.05183029       9.59467328       8.81687991       7.88750648       7.47060649       7.02482669       7.00542641       7.10829353       7.33973312       7.57072639       7.81003316       7.71313985       7.18470001       7.52990023       7.54438655       7.02867317       7.11061986       7.25166639
       7.28140640       5.89374669       6.76339976       6.85442670       6.87077332       6.98779996       7.00186030       6.96406682       7.01098696       6.97271347       6.95878029       6.93166669       6.88926697       6.81763331       6.81107330       6.79252688       6.77095350       6.69580650       6.55422020       6.44755363
       6.37559319       6.31796646       6.01184654       5.98664665       5.69229317       5.80993334       5.81438637       5.71710650       5.80109342       6.17782021       5.98188655       6.31993993       6.52313995       6.57533328       6.84089343       6.85195986       6.74342028       6.75211334       6.65355364       6.61713982
       6.44146665       6.39838664       6.46100680       6.50677363       6.59493319       6.52211316       6.51838684       6.49602699       6.61010679       6.75115967       6.80105337
       6.63567988       6.58933322       6.56883303       6.57651329       6.56101990       6.51478640       6.46330643       6.37817319       6.39355977       6.55286662       6.55300649       6.53825315       6.50558662       6.47592672       6.46800677       6.46879323       6.46102651       6.46896680       6.46046003       6.65436681
       6.48705991       6.43232028       6.46831322       6.54505984       6.47731336       6.65474002       6.65824000       6.59470647       7.13351313       7.20200005       6.14371014       6.96708965       7.44659042       7.77785969       8.26346970       8.63346004       8.86233044      10.50979042      11.37584019      11.80671978
      11.06064034       9.42982006       8.74145031       8.73367977       9.12395954       9.67113018      10.17352009      10.30692005      10.18157005      10.18358994      10.89449024      12.75695992      14.69743919      15.57987022      15.92524910      17.84411049      20.67856026      21.38089943      20.79314995      18.75363922
      17.21830940      18.44120026      21.02820015      23.52470970      23.94253922      23.79290962      23.75001907      23.56677055      26.25991058      27.73045921      29.98282051      31.67631912      33.67406082      34.99982834      29.72089958      14.70235062      10.39210987      10.28689003      10.24400043      10.19680977
      10.14140034      10.11001015      10.29298019      10.14798693       9.38598696       8.00879331       7.31535975       7.05393982       6.92929331       7.05680021       7.27247365       7.53543345       7.68206660       7.70188649       7.26416651       7.51892662       7.61087354       7.15796661       7.13619359       7.18441327
       7.40523338       6.13733991       6.53502019       6.91090647       6.89338684       6.97713343       7.02755992       6.96958033       6.96715991       6.97649320       6.98528671       6.94213359       6.88843981       6.87177976       6.89949989       6.88317998       6.80771319       6.80076027       6.71697998       6.60263316
       6.50079346       6.46674029       6.40259997       6.31781324       6.19214694       6.20312691       6.23968697       6.11619314       5.98421987       5.86162694       5.80031331       5.92404683       6.34672674       6.58672015       6.73011335       6.68707339       6.66028659       6.61558660       6.50591342       6.42431323
       6.38043340       6.47192637       6.57213974       6.58745321       6.58264669       6.55538686       6.52247365       6.65928014       6.81322670       6.83230654       6.84371312
       6.64634005       6.61114693       6.58961360       6.58673350       6.54630025       6.51704025       6.50545311       6.39797974       6.31543350       6.48338000       6.56958008       6.52204005       6.56923993       6.56729317       6.51568667       6.53287315       6.48830668       6.48106003       6.50071971       6.64893977
       6.47204018       6.44871330       6.42863973       6.43073336       6.46147346       6.65101306       6.75696691       7.27005984       6.83800030       6.27700996       7.17319012       7.63959980       8.52501011       8.86157036       9.06593037       9.07273960       9.38535023      11.22008991      13.07145023      13.38088989
      12.76574039      10.49378014       9.03606987       8.85711956       9.00271034       9.20331955       9.61102009      10.18904972      10.34197998      10.62450027      12.56268024      14.98974037      17.01266098      18.10087967      19.63324928      21.26725006      22.33408928      22.44565010      22.10747910      20.50008965
      19.97595024      21.45615959      24.80429077      26.75041008      28.46599960      29.44824982      30.08263016      30.35380173      32.28279877      33.53948975      35.70838928      37.98379135      39.42794037      39.99996185      34.54312897      16.98850060      10.58143044      10.46488953      10.53125000      10.42098045
      10.49868011      10.50432014      10.66475010      10.77422047       9.95906639       8.28559339       7.27465312       7.12184652       6.93903987       6.99703979       7.14185969       7.41992696       7.56017303       7.56277339       7.28741328       7.49769338       7.67013995       7.31285985       7.09547997       7.10078684
       7.61915970       6.49987984       6.37848663       6.97364680       6.91396650       7.00247320       7.05039342       7.00296656       6.99467341       7.03489367       6.99818675       6.96980667       6.98573303       6.96068637       6.93823306       6.97792689       6.95528030       6.91532644       6.86737315       6.81657346
       6.74839338       6.58378665       6.52317301       6.49264654       6.44077365       6.34771983       6.21730677       6.13722674       6.14793332       6.14104017       6.11286672       6.08477338       5.85601997       6.13776652       6.42656644       6.49157969       6.46589979       6.42074649       6.43266678       6.43866666
       6.49611346       6.56665357       6.53363355       6.55668640       6.53993352       6.56496684       6.67975998       6.83235359       6.88375982       6.87542025       6.83165359
       6.68729337       6.64896011       6.59919993       6.55596670       6.52743975       6.50515366       6.51342010       6.42375310       6.31632678       6.34591993       6.45546659       6.54530017       6.57706642       6.58155314       6.59079997       6.65946007       6.46557363       6.48729324       6.47739347       6.55961990
       6.39944649       6.41242027       6.48795319       6.42504692       6.41931979       6.81126635       7.34514025       6.55233002       6.56394958       7.63852024       7.94845009       8.85591030       9.67168999      10.04615021       9.83355999      10.19225025      11.04652023      12.54069042      14.31024933      14.75746918
      14.15427017      11.50804996       9.48612022       9.15837002       9.31320000       9.44209957       9.83084011      10.26974964      10.56175995      11.35151958      13.96010017      16.98613930      19.04690933      20.03339958      21.09008026      22.44784927      23.92584991      24.08023071      23.69660950      22.48955917
      22.29997063      24.55389023      27.43313980      30.02096939      31.74147034      33.16559982      34.70745850      36.12960815      37.60694122      39.17538834      40.62815094      42.64307022      43.91062927      44.12127279      39.06301117      20.23628998      10.90567017      10.74557972      10.81519985      10.76189995
      10.90450954      10.91110992      11.09389019      11.69468021      10.86886648       8.80821353       7.33052635       7.16789309       7.04396693       6.95918655       7.08540026       7.24404653       7.51395988       7.55148697       7.29522641       7.46509361       7.71560669       7.45285988       7.09284019       7.07250023
       7.56381353       6.61749331       6.37844022       7.04190000       6.93143336       6.99457359       7.03370667       7.02935346       7.00003306       7.03208669       7.03990682       7.04419327       6.96955363       6.92672666       6.92541313       6.96137365       6.96128019       6.95879364       6.95827993       6.96514002
       6.94175339       6.89178658       6.66751353       6.56309319       6.56805356       6.52198664       6.45526695       6.30156008       6.21793365       6.18742688       6.17145983       6.14074008       5.90818659       5.74264654       5.90555318       6.27397346       6.43641980       6.46475347       6.51388677       6.50889333
       6.58060010       6.55117989       6.56020673       6.56626638       6.66032664       6.75676028       6.82916641       6.84339333       6.89967982       6.89183998       6.85257975
       6.70176697       6.65815989       6.58636665       6.54565303       6.50436656       6.51187325       6.49512672       6.38551331       6.28735987       6.28288651       6.14528020       6.31670634       6.43541972       6.54429309       6.56467311       6.47282664       6.43856684       6.41717339       6.45390638       6.45901362
       6.31262016       6.35086695       6.47327995       6.44654020       6.90306015       7.25763977       6.29555035       7.16207027       7.90318966       8.09333992       8.72163010      11.03740025      12.78750038      11.87627983      11.04413033      12.22327042      12.89066029      13.71452045      15.43969917      15.90347099
      14.83041000      12.02171993       9.93257046       9.51644993       9.67663002      10.00920010      10.42716980      10.76914024      11.02552032      11.98336983      14.52770996      18.28614044      20.90467072      21.46413994      21.84675026      22.62675095      25.98834038      26.44325066      25.74492073      24.42309952
      24.57316971      27.32555008      29.84367943      32.39368820      34.31042099      36.33370972      38.54655838      40.42267990      42.17795944      43.73611069      44.99444962      46.44131851      47.44814046      46.65661214      42.86565348      24.17707062      11.29026985      10.99761009      11.12913036      11.07170963
      11.26385975      11.65079021      12.26222038      13.19528961      12.05188649       9.54191327       7.93533984       7.20416005       7.11421331       7.10834694       7.03992017       7.11183993       7.47498639       7.60668691       7.23198636       7.41183980       7.76246643       7.57763990       7.07251994       7.06269328
       7.50560697       6.59521993       6.22063319       7.02965991       6.99952698       6.97548676       6.96322695       7.01986694       6.98901304       6.97056643       7.01888021       7.01152674       6.98191325       6.93963305       6.93067996       6.92948659       6.96016693       6.97493362       6.95856667       6.95908674
       6.98115985       6.98970032       6.96486028       6.74835968       6.61537997       6.61285337       6.58840688       6.52131971       6.38488007       6.25977325       6.22734642       6.16257985       6.10964012       5.98457972       5.85840670       5.98305321       6.25113360       6.40714645       6.55766678       6.54685338
       6.57942009       6.58073997       6.64406649       6.70555305       6.74296697       6.81186676       6.85971324       6.89588674       6.88034693       6.90927315       6.87240028
       6.61693319       6.57470004       6.51656024       6.47297986       6.46356646       6.44992002       6.43305333       6.29873975       6.24995995       6.28287315       5.90565999       5.99073346       6.23373985       6.40046692       6.47531319       6.48154640       6.38265355       6.37460645       6.50323995       6.40982691
       6.28542010       6.40876643       6.53994687       7.10324033       7.03609339       6.29790020       7.64377975       7.96177959       8.05574989       8.43900013      10.65964031      13.16104984      14.31794930      13.78952026      12.82898998      13.78211975      13.94649029      15.19857979      16.50065994      16.22591972
      14.39411926      12.08108044      10.65081978      10.20987034      10.31855965      10.73355007      11.18750954      11.46201038      11.76375961      12.77375031      15.38591003      19.24264908      22.19128036      23.02733994      23.61742973      25.02329063      27.06982040      28.16473961      27.66695023      26.52750015
      27.02132034      29.35399055      32.23598862      34.66254044      36.88917160      39.22219086      41.76264954      43.70579376      45.35308634      46.70563253      48.04992625      49.37506765      49.48247223      48.60139313      45.90353394      28.86138916      12.18474007      11.35772991      11.40036011      11.52274036
      12.15528965      12.83656025      13.75409031      14.58563995      13.19526005      10.51879978       8.78854027       7.77401314       7.20911980       7.07481321       6.96797307       7.10868009       7.15317980       7.32250659       7.20818647       7.34000651       7.80389977       7.69375356       7.08545303       7.08270645
       7.40065320       6.92898687       6.20283318       7.02968661       6.98137347       6.92601331       7.01369985       6.99846649       7.01146698       7.03339322       6.96622658       6.95555305       6.95530701       6.92144012       6.91599337       6.90917333       6.93431346       6.94815318       6.95483971       6.94666672
       6.97925313       6.99642690       6.98706690       6.98557981       6.81200027       6.63968023       6.63917351       6.62494024       6.57637342       6.47176679       6.32459323       6.19070689       6.18386650       6.15491994       6.07234701       6.05090650       6.23374685       6.33715312       6.41621971       6.52248001
       6.64525350       6.65347354       6.67739360       6.70343335       6.89963341       6.90068690       6.89507357       6.94021352       6.91968664       6.87123998       6.87123362
       6.44476636       6.45359993       6.42938677       6.39115334       6.42863973       6.44657326       6.40107346       6.32703972       6.23450661       6.11599986       5.93017324       5.96843338       6.09110006       6.38488007       6.46752675       6.43670019       6.39296023       6.38746643       6.50801341       6.57050006
       6.50800006       6.86146673       7.09093999       6.47408962       6.62841034       7.89503956       7.89735985       7.96290016       8.18383026       9.87075996      12.47949028      14.65946960      15.83008003      15.55726051      14.57780075      15.13850975      15.03362083      16.79018021      17.37573051      16.42664909
      14.43894005      12.78038979      11.83428955      11.41598988      11.40567017      11.63305950      12.06462002      12.19534016      12.70928001      14.08123016      16.88161087      20.67226028      23.52705002      24.42561913      25.36627960      26.44647026      28.54195976      29.55291939      29.23542976      28.66643906
      29.21368027      31.39833832      34.25085831      36.72777939      39.39746094      41.96784973      44.35198761      46.33495951      47.81062754      49.00429281      50.09050568      50.94091431      50.82261302      50.04487966      48.15224762      34.39382935      14.20354080      11.96166992      12.01430988      12.58831978
      13.45269012      14.55032921      15.60143089      15.99578094      14.16235924      10.65579033       9.26521969       8.59775986       7.65626658       7.07064692       7.02178701       7.04924011       7.09020678       7.05327988       7.16082700       7.29710642       7.83579318       7.79946645       7.21106021       7.21891975
       7.44078000       7.07137362       6.21830686       7.27699979       7.36031342       7.37957319       7.37539991       7.19132678       7.02353986       7.07089996       6.99795977       6.94447327       6.96511968       6.95035362       6.92565346       6.90439351       6.91111310       6.93552017       6.96991348       6.97625351
       6.97597313       7.00118001       7.01402664       7.02768644       7.00643349       6.83684667       6.67389997       6.66829364       6.64416695       6.61363347       6.52791341       6.40103976       6.28440030       6.24009323       6.27442678       6.23495992       6.46118673       6.47856649       6.51878675       6.48421351
       6.53226026       6.67092641       6.75138028       6.82482020       6.92915344       6.94945335       6.91438675       6.91978645       6.94164022       6.89398003       6.87067986
       6.37213326       6.40601985       6.39117304       6.35998027       6.39000003       6.36879985       6.38011360       6.29229355       6.27948697       6.15940666       5.95729319       5.92679977       5.90125338       6.20956675       6.37513351       6.44339307       6.37288666       6.33838018       6.41445363       6.86354637
       7.20870641       7.20772654       6.21767998       7.05523968       7.94377041       7.83232021       7.90159988       7.93616009       8.69876957      11.51451969      14.54190063      16.26143074      17.21953964      17.23632050      16.16222954      16.13377953      16.03161049      17.74927902      18.38047981      17.29018974
      15.54985046      14.19389915      13.59350014      13.56285000      13.39068985      13.10416985      13.16331005      13.27143002      14.19490051      16.22563934      19.17576027      22.87557983      25.40612030      26.24785995      27.05077934      28.57345009      30.51520920      31.61750031      31.33501816      30.98072052
      31.52901840      33.25923920      36.10184860      39.12509155      41.90110016      44.54111216      46.92619253      48.67667257      49.94028025      50.81705983      51.47456553      51.98815287      51.63296102      50.66599375      49.42744039      38.93265152      17.21726990      13.03975964      13.15289021      14.23085976
      15.31860924      16.52695084      17.63278961      18.50861931      14.24472046      10.18657017       9.11758995       8.99479008       8.49497348       7.58405329       7.06232643       7.05660693       7.19005330       7.06818008       7.10691325       7.41318003       7.85500018       7.87877337       7.50727336       7.24551328
       7.61022631       7.63356654       7.20664660       7.53443972       7.34037336       7.15962029       7.16812642       7.29327329       7.11292013       7.05374654       6.96961975       6.91571363       6.93462690       6.92498652       6.91706022       6.93277359       6.89697329       6.91945330       6.93575350       6.95770645
       6.98988660       7.00927353       7.01604017       7.02944692       7.03885969       7.02638690       6.84875361       6.68338013       6.69894028       6.67045975       6.59630013       6.54766019       6.43383980       6.39639982       6.40718651       6.46836662       6.39053981       6.28934669       6.27623304       6.36048635
       6.52591324       6.71080653       6.79736646       6.87543360       6.94701322       6.99740028       6.95360692       6.94262695       6.93105316       6.89252663       6.87377357
       6.39368693       6.43279330       6.36914698       6.30769348       6.27254677       6.25625356       6.27408663       6.20106634       6.25252024       6.18740654       6.01003329       6.12318675       5.97381337       5.93802643       6.31516647       6.37228648       6.23244031       6.45887362       6.92446671       7.45614688
       6.90392971       6.13358974       7.36285973       7.85391998       7.75792980       7.89713955       7.91948032       8.35081959      10.36491966      13.80128002      16.67107010      17.89702988      18.54557037      18.68153954      17.44566917      16.95354080      16.85675049      18.80620956      19.57777977      18.83452034
      17.35812950      16.35009003      16.06859970      16.06399918      15.67839050      14.93405914      14.43520927      14.93958092      16.74710083      19.28344917      22.30089951      25.55911064      27.45862007      28.41799927      29.60022926      31.20998001      32.90861130      33.73299026      33.76321030      33.59225082
      34.00780869      35.33900833      38.31578064      41.46474075      44.64481303      47.11343394      49.38504100      50.73522064      51.70313456      52.17428080      52.34129903      52.39208089      51.90987447      50.86722666      49.73992055      40.98107147      20.11673927      14.67745972      14.81583023      15.97954941
      17.31027985      18.58128929      19.51708984      18.28099060      13.12057972      10.67317009       9.52972984       9.11641979       9.01908016       8.47176654       7.63866638       7.03942680       7.16646640       7.33655357       7.34774653       7.59604645       7.85628001       7.93824641       7.86662674       7.86641312
       7.83676020       7.66701317       6.70481300       7.19597308       7.03355980       6.95233981       6.91088676       6.92189344       7.13047345       7.06607310       6.97030640       6.92532667       6.89223989       6.89516640       6.91068014       6.93090693       6.89438693       6.90868696       6.91701317       6.95121320
       6.96873983       6.99866676       7.00676028       7.00611305       7.04788017       7.05020014       7.03400675       6.78359350       6.72368685       6.74917348       6.67607307       6.61994680       6.60310682       6.51180013       6.38153330       6.26779366       6.20041339       6.16043981       6.21134694       6.25324694
       6.37013308       6.57095337       6.74891980       6.91668638       7.00082016       7.01056671       6.96393331       6.95995331       6.95320638       6.94183985       6.90980021
       6.50328636       6.55578677       6.55533346       6.50085322       6.44115321       6.39346695       6.35828654       6.30905342       6.24931971       6.21950022       6.21492004       6.27697309       6.16018677       5.93626658       6.24902026       6.40117989       6.73277334       7.18688660       7.60495987       6.55854988
       6.49682999       7.76653957       7.84953976       7.84099960       8.05751991       8.20398998       8.44851017       9.56877041      12.71854019      16.41393089      18.91276932      19.91951942      20.24400902      19.97875977      18.53170013      17.81023979      17.60489082      19.76711082      20.39485931      20.26333046
      19.33695984      18.82848930      18.79036903      18.96668053      18.32492065      16.99950027      15.89888954      17.17489052      19.85433006      22.82905006      25.95673943      28.58493996      30.10530853      31.06425858      32.20352936      33.59297943      34.65874100      35.24496078      35.75942993      36.06151962
      36.40145111      37.67456055      40.29813004      43.59949112      46.87475942      49.48282654      51.51008057      52.48374064      53.01233999      53.12720744      52.85593343      52.34180562      51.37516022      49.86517436      48.03843384      40.63996124      22.38463020      16.63736916      16.78289986      17.86070061
      19.22529984      20.51853943      20.78553009      16.15527916      13.15464973      11.43715000      10.00349045       9.34109974       9.06381989       8.82680035       8.78846670       8.12897362       7.25233332       7.38332685       7.52460670       7.67911339       7.87288030       7.98305321       7.89956029       7.77210681
       7.60217349       7.11664645       5.87711970       7.00586637       7.01386007       6.94301351       6.93423335       6.88313357       6.86275991       7.08565331       7.00161362       6.93936666       6.90041987       6.87676684       6.88497353       6.90250015       6.89809990       6.92708651       6.92947324       6.94485982
       6.97117996       6.98994637       6.99136670       7.01116689       7.04137357       7.10939980       7.09638023       6.95251338       6.88712692       6.84056028       6.75988007       6.66734695       6.57892672       6.57207998       6.41041311       6.34040642       6.26360639       6.18310674       6.13257980       6.25815964
       6.32531993       6.39706675       6.68033346       6.91195997       7.01759338       7.03068034       6.98129972       6.95723343       6.95025317       6.93637975       6.91708692
       5.52777990       5.51009305       5.64064662       5.79295985       5.93117332       6.16504669       6.34616661       6.44369316       6.48461342       6.57283974       6.63820012       6.63803355       6.44576009       6.28628667       6.46343358       6.96064644       7.51231346       7.48243999       6.23746967       7.01506042
       7.97694016       7.85867023       7.97824955       8.25800037       8.66565037       8.93638992       9.59418011      11.48517990      15.25052071      19.06336021      21.21365929      21.80707932      21.56282043      20.95747948      19.45589066      18.44573975      18.15356064      19.79512024      20.64233017      20.86804008
      21.05621910      21.11660957      21.51449013      21.68113899      20.98558044      19.03339005      17.34988022      18.89734077      22.15048027      25.94272995      29.27279091      31.37218094      32.51692963      33.33692932      34.10688019      34.98614120      35.80575943      36.67126846      37.57833862      38.30564117
      38.44609070      39.86801147      42.20619965      45.51834106      48.91027323      51.43611959      52.98326721      53.65621338      53.86027222      53.63715871      52.91096039      51.24776077      49.07326126      47.14588928      45.37142181      40.20689011      24.08984947      18.57559967      18.83152008      19.81365967
      20.92090988      22.26078987      21.83633041      16.61399078      13.93914986      12.09568977      10.86528969       9.81589031       9.37255001       9.10223007       8.84504986       8.94472980       8.31677310       7.29681333       7.42271996       7.60683314       7.88835971       8.02311325       7.94834010       7.58585993
       7.53433355       6.85901324       5.76695315       6.92393303       7.04800669       6.96868642       6.85704676       6.80092684       6.77256648       6.86131986       7.04876645       6.96081988       6.89747302       6.88305982       6.88207308       6.87486649       6.86972682       6.89053345       6.92407990       6.94047356
       6.95526695       6.96173986       6.98530006       7.08957354       7.03314654       6.96846008       6.96504656       6.97102674       6.92669360       6.88757324       6.81280009       6.76180649       6.68911997       6.51377996       6.44655991       6.44517326       6.32689985       6.24307315       6.12613360       6.23762004
       6.36870639       6.33292007       6.50720660       6.86766688       7.00843302       7.02930641       6.95703316       6.91031329       6.86886660       6.86141968       6.87629318
       6.75565974       6.64812660       6.52297338       6.38758659       6.17542013       5.90827306       5.63628006       5.50167338       5.43670654       5.46145312       5.59106000       5.86577988       6.11687978       6.36717351       6.98447990       7.49963315       7.12473965       6.25253963       7.20705032       8.12003994
       8.11900997       8.20343018       8.83434963       9.84488964      10.37742996      10.68980026      11.62465000      13.98491001      17.71421051      21.23494911      23.27368927      23.55117035      22.96335030      21.95037079      20.28471947      19.19750023      18.88435936      19.82646942      20.96740913      21.82691956
      22.81506920      23.28704071      23.57053947      23.30687904      22.21066093      20.34659958      18.79820061      20.34613037      24.14705086      28.55565071      31.96097946      33.28710938      33.85842133      34.27178955      34.91386032      35.73321915      36.94580841      38.39609909      39.56795883      40.21012115
      40.86357117      42.02481842      44.22993088      47.52394867      50.78460592      53.06388672      54.15447225      54.48041443      54.49083282      53.85690053      52.28673935      49.42163849      46.80720139      44.38961029      41.97410965      37.93708801      28.84600067      22.42157936      21.16250038      21.81830978
      23.42073059      23.35386086      20.53178024      17.54987907      15.54734993      13.60807037      12.13591003      10.93021011      10.32384014       9.74199009       9.02274036       8.90746975       8.78069019       7.89711983       7.37186686       7.52952639       7.83829308       8.05655352       7.95684687       7.56016668
       7.54105314       6.87006632       5.78656006       6.88498688       7.02588018       6.86583328       6.82846642       6.88551331       6.87379328       6.88221995       6.83238029       6.90485319       6.85982005       6.89486694       6.87977346       6.87654686       6.87938690       6.87631989       6.90508016       6.94181315
       6.99195989       6.97389984       6.98049990       6.98116684       7.04129346       7.03838666       6.99239985       7.03329341       7.06530635       7.01785978       6.92163976       6.76704025       6.67168681       6.65335973       6.59732691       6.48209318       6.59001350       6.66152636       6.55350685       6.10934639
       6.28989347       6.37298012       6.45735359       6.68146642       6.77319336       6.77558645       6.79347992       6.74535306       6.77301343       6.82007980       6.85013326
       6.16037305       6.02946663       6.11371994       6.21577326       6.43943977       6.67246691       6.82793999       6.81808662       6.80444654       6.76744652       6.58196004       6.30790011       6.02111333       6.22495982       6.37187958       6.29825974       6.48443031       7.80004025       8.28524971       8.36415005
       8.54267979      10.30539989      11.99108028      13.36487961      14.01605034      14.18761063      14.80616951      16.54721069      19.63003922      22.86619949      24.64295959      24.88209915      24.12155914      22.89156914      21.14888000      19.90707970      19.76461029      20.30168915      21.66274071      23.56986046
      24.57336998      25.12854958      25.07514954      24.20862007      22.82043076      21.49711990      21.21566010      22.18848991      25.30134010      29.79894066      32.78231049      33.62841034      34.22434998      34.82001114      35.50275040      36.51562119      37.96947098      39.61851120      41.02640152      41.88982010
      42.78733826      43.94308090      46.02177811      49.42671204      52.47975972      54.31758718      54.99906545      55.05788086      54.65641235      53.59219869      51.41299820      48.55329895      45.98326874      43.08584976      40.10464096      37.19908142      33.86130142      31.11890030      28.87290001      27.87639046
      26.10819054      24.11763954      22.18239975      20.18073082      18.36459923      16.82732010      15.52337074      14.03326988      12.74067020      11.65725040      10.28981972       9.56153965       9.16926003       8.76204679       7.46394666       7.50565338       7.76876005       8.08097331       8.01977348       7.45890681
       7.51799329       6.91552671       5.73716672       6.75077311       7.01557350       6.98907344       6.95336024       6.92308680       6.88000679       6.78075345       6.66358693       6.61962001       6.89252663       6.86638006       6.87706693       6.87571971       6.90722020       6.91993332       6.92800013       6.92420642
       6.95341365       7.03190676       7.05878003       7.08148003       7.11429977       7.16727320       7.16035334       7.09724681       7.10032018       7.06453323       7.02997335       6.94860013       6.75897980       6.63453992       6.61953990       6.54965973       6.70137342       6.66216660       6.67368698       6.29663340
       6.24142011       6.37861315       6.45174026       6.48085340       6.50915337       6.60466003       6.70315997       6.69785309       6.74380684       6.78630002       6.78481356
       6.03235308       5.78738658       5.97477976       5.96021334       6.18050639       6.39985975       6.47523308       6.47281329       6.44458644       6.44393349       6.45451991       6.59590642       6.96941310       7.35689334       7.46809959       7.52593040       7.80663013       8.09558010       8.64011955       8.84661007
       9.35354042      11.12191010      15.07930946      17.45963097      18.25292969      18.31962013      18.30648994      19.42363930      21.62898064      24.24143028      25.92210960      25.92922020      25.05200958      23.70434952      22.05261040      21.12025070      20.87302971      21.58439064      23.20649910      25.02016068
      26.18944931      26.66345024      26.41114044      25.12791061      23.93334007      23.72738075      24.40107918      25.36845970      26.95034981      30.11371994      32.77262115      34.02336884      34.87448120      35.67007065      36.55728149      37.70309830      39.15008926      40.61428833      42.06608963      43.19145966
      44.41151810      45.88862991      47.96149063      51.05165100      53.71033859      55.35961355      56.03984019      55.84401906      55.27442118      53.68037033      51.34806061      48.85578918      46.71736908      44.51861954      42.16767120      39.66009903      37.34674835      35.34035110      33.56462097      31.82316971
      30.10836029      28.04937935      25.90858078      24.03614998      22.27371025      20.81308937      19.42848015      17.77339935      16.07891083      14.12809944      12.36273003      11.31577015      10.24855042       9.78462982       7.92026698       7.49351311       7.75996653       8.09201304       8.08694649       7.58977318
       7.51493327       6.94890658       5.82969983       6.67337990       6.98464012       6.98757362       6.98504639       6.94155312       6.77931341       6.80147998       6.78612645       6.76751328       6.67373339       7.04587301       6.95237986       6.90732638       6.93159358       6.92655309       7.00607363       7.04151980
       7.04825338       7.07831319       7.10802015       7.12022018       7.17773310       7.14275996       7.18696658       7.14108022       7.11531321       7.09255346       7.10312017       7.12503306       7.15666644       6.77123324       6.64110692       6.63527997       6.68019358       6.69509315       6.58244642       6.41971970
       6.31097349       6.28886668       6.38206673       6.42729314       6.43645350       6.51149305       6.61349360       6.66073354       6.70178668       6.75171979       6.77146022
       6.00182660       5.96011353       6.33778000       6.43047333       6.52033361       6.53428014       6.53234673       6.48709997       6.46375974       6.63766683       6.84444659       7.03031354       7.35544693       7.56620026       7.57721043       7.49376011       8.05206013       8.37827969       8.93111992       9.53715038
      10.83316040      11.10799026      11.57666969      19.59483910      22.26465988      22.64719963      22.41955948      22.82131958      24.18350029      25.62488937      26.20071983      26.17621994      25.60260963      24.35387993      22.93568993      22.36453056      22.28499985      23.50576019      25.32666016      26.73719978
      27.57551003      28.20219040      27.70421982      26.27198029      25.71858025      26.61705971      28.19255066      29.50820923      30.54779816      32.10203171      33.80596924      34.99256897      36.00524139      37.06351852      38.22629929      39.40800095      40.82535934      41.98477173      43.23223877      44.68025970
      46.11077881      47.79396057      49.71752167      52.04701996      54.84975052      56.99332809      57.36169052      56.79811096      55.73165894      54.45006943      52.85340881      51.02381897      49.19879913      47.45875931      45.47397995      43.33073044      41.27761841      39.59437943      37.97290039      36.32931137
      34.64859009      32.77655792      30.49396896      28.45763016      26.67498970      24.91706085      23.19264030      21.28565979      19.45779991      17.71084976      15.75715065      14.05688095      11.68191051       9.85914040       8.48299306       7.57457987       7.73029327       8.08942668       8.14600690       7.62139320
       7.49065971       6.94791349       5.83552678       6.51843325       6.96187973       6.94965363       6.95034663       6.92188644       6.89293353       6.88776016       6.83957990       6.84380023       6.71544647       6.83146667       7.10710653       7.08444023       7.05877304       7.06669362       7.05255318       7.07855352
       7.06127357       7.06940651       7.08670680       7.10655340       7.11937332       7.18059349       7.22428640       7.18377368       7.08127975       7.08161990       7.07881355       7.14926020       7.23810005       7.17677307       6.69459979       6.69389343       6.65885989       6.57891337       6.53591347       6.46328672
       6.39432653       6.32696660       6.29968643       6.34190687       6.37707329       6.41187986       6.53388023       6.60996691       6.62399356       6.68662643       6.74930000
       5.97702026       6.39236005       6.58851306       6.59132004       6.59499995       6.60346667       6.60296694       6.71190681       6.88015353       7.14931361       7.27895304       7.55421982       7.82853031       7.83532047       7.95263004       7.64710999       8.57267952       8.98015022       9.52221012      10.42232990
      11.37456989      13.48822975      16.29056931      20.34902954      24.43232918      26.08521080      26.31440926      26.60263062      27.37619972      27.51065063      26.91386986      26.57584000      26.13858986      25.07529068      23.83724022      23.63857079      24.28255081      25.89727020      27.52124023      28.61277008
      29.48155975      29.83054924      29.21121979      27.83576012      28.00613022      29.68955040      31.45796967      32.80973053      33.70999146      34.65869141      35.92343140      37.33105850      38.53778076      39.57492065      40.56478119      41.50722885      42.60100937      43.83686829      45.26345062      46.76752090
      48.60023117      50.23744202      51.80131149      54.17758179      56.72702026      58.38457870      58.54745865      58.16500854      57.36111069      56.48020935      55.30696869      54.16611862      52.70988083      50.91802979      49.10112000      47.32033157      45.58206940      44.09403992      42.64918900      40.96208191
      39.02067947      36.84650040      34.57371902      32.58736038      30.78984070      28.76646042      26.76390076      24.89974022      23.00515938      21.21136093      19.40827942      17.83930969      13.24983025      10.70448971       9.10592651       7.97482681       7.63789304       8.07371330       8.20147324       7.69566663
       7.44065348       6.94564692       6.01465352       6.39535968       6.93938001       7.03214645       7.03560003       6.97835986       6.90876007       6.86198680       6.86966642       6.81663322       6.78892644       6.51396688       6.70326678       7.01970673       7.00398699       7.01250648       7.04261335       7.04888662
       7.01080004       6.97677994       6.99592018       7.03594017       7.10268021       7.16884677       7.19811312       7.19112015       7.09820684       7.10910670       7.07679303       7.13576635       7.22165998       7.13920021       6.85368665       6.77220662       6.74945323       6.65172640       6.59365336       6.48823992
       6.44670677       6.37364642       6.32137998       6.29600016       6.34925969       6.33674685       6.43605359       6.52904002       6.54525312       6.60127322       6.70359993
       6.28039360       6.57509995       6.55594699       6.55899302       6.55098661       6.73932645       6.99699333       7.13531995       7.36118688       7.62721303       7.79327965       7.71473980       7.68245983       7.98155975       7.63043976       8.35328960       9.28318024      10.07357979      11.96940994      13.09832954
      13.75603962      14.04793930      15.68616104      19.02622986      22.75804901      26.43363953      28.79565048      29.99877930      30.68788147      30.49132919      29.47697067      28.11866951      27.00465012      26.01054955      25.12960052      25.69030952      26.77771950      28.55065918      30.05437088      31.08309937
      31.76536179      31.88599014      30.93046951      29.80443954      30.72132111      32.56637955      33.84770966      34.99282837      36.32641983      37.51042938      38.86233139      40.34519958      42.03467178      42.78910828      43.37181854      44.24222183      45.59357071      46.69229126      48.13188171      49.82828140
      51.63621140      53.06473160      54.66249847      56.70433044      59.31459045      60.75997925      60.87022018      60.45156097      59.88785934      59.22869110      58.56869888      57.73033142      56.72085953      55.20188141      53.50098038      51.75308990      50.80218887      50.11003113      47.55144119      45.05973053
      42.75897980      40.58617020      38.21171188      35.91151047      33.98786926      32.07920837      30.19150925      28.31052017      26.41382027      24.77926064      22.96759033      20.52578926      13.11592960      11.82194042       9.99661357       7.97931989       7.59866015       8.04075305       8.23560015       7.67564646
       7.35483360       6.94917997       6.27766673       6.23734029       7.06060664       7.05838013       6.99242020       6.88755989       6.89726639       6.88703982       6.87751325       6.84863981       6.86267344       6.85539309       6.92508698       7.06438001       6.97661972       6.96910667       6.94102669       6.95672671
       6.93018023       6.92152023       6.96233368       7.01324654       7.07126681       7.13227336       7.16035970       7.14070638       7.15690676       7.07839966       7.12649345       7.12978681       7.13745308       7.07588641       6.94531314       6.81755320       6.75317319       6.69583321       6.61342684       6.56052017
       6.47673353       6.42449315       6.39201355       6.31288020       6.30422656       6.31840007       6.36471303       6.40625318       6.45432027       6.52995300       6.63993327
       6.60120010       6.59855970       6.69712003       6.74691981       6.99900691       7.26410657       7.60481354       7.70282692       7.91166679       8.02392006       8.00047970       7.80461025       7.69130993       7.76093006       8.42467976       9.43428040      10.35249043      13.78289032      16.24761009      17.70471001
      18.25842094      18.10317039      17.35112953      17.99371910      20.80389023      24.70211983      28.67015076      31.81335831      31.98860931      31.96662903      31.66798019      30.24869919      28.45330048      27.27182961      27.00978088      27.74678993      29.26482964      31.45893097      33.21804810      33.88552856
      34.14939880      34.31858063      33.24158096      31.96110916      33.27368927      35.08118057      36.27600098      37.65625000      39.08670044      40.30274963      41.71229935      43.08184052      45.21138000      45.73833084      46.32514954      47.07149124      48.23849106      49.50825119      51.21995926      53.17520142
      55.10364914      56.46382141      57.78432846      59.70529175      62.31159210      63.82286835      64.25226593      63.68943787      63.05056000      62.41040802      61.99193954      61.55047226      60.51239014      59.27164078      58.01427841      56.58998108      55.52883148      55.46818924      53.32498169      49.94100952
      46.99573898      44.08541870      41.76977158      39.34358978      37.21376038      35.23345184      33.31961060      31.52947998      29.58989906      27.76731389      25.91903961      20.93144989      13.73565006      13.05733967      11.22564646       8.04958687       7.60206032       8.00559998       8.26289304       7.87626012
       7.26460012       6.94257355       6.52422651       5.99716695       7.10275332       7.06281980       6.95056025       6.84847323       6.88812637       6.92001979       6.99214681       7.04348691       6.99209340       6.96597354       6.99307315       7.01590029       6.93738683       6.90728696       6.89552689       6.95924632
       6.97787984       6.95146688       6.97005971       7.00016658       7.04626656       7.08044688       7.07883326       7.11111323       7.10778681       7.12598674       7.08989334       7.13213348       7.17565346       7.13414001       6.98887316       6.86041323       6.81885338       6.72678693       6.66080030       6.58128675
       6.51507314       6.48418681       6.44292005       6.34149996       6.29177984       6.31614685       6.32886632       6.36319987       6.40542666       6.43435351       6.53176689
       6.83452695       6.93147341       7.04496641       7.35829323       7.59956678       7.77777321       7.93495303       7.82409000       7.95631027       7.95499992       7.83323956       7.95837975       8.06190968       8.39239979       8.93280983       9.81124973      12.68682957      17.09722900      20.54291916      22.63488960
      23.28764915      22.96582985      21.75190926      20.52227020      20.35932922      22.82254028      27.08602905      31.69329071      32.13722992      32.15528870      32.16411972      31.89583969      30.39619827      28.77033997      28.67141914      29.68911934      31.64097977      34.24929047      36.25056839      37.01185989
      37.01358032      36.81911850      35.89743042      34.36278915      35.83063126      37.72853851      39.30566025      41.06629181      42.50584030      43.47032166      44.47898865      45.64886856      46.92127991      47.90206146      48.79901123      49.74039078      51.18288040      52.19715881      53.97272873      56.20232010
      58.39778900      59.76742935      61.25271988      63.33679199      65.62352753      67.10163116      67.64418030      67.31250763      66.66364288      65.99622345      65.42774200      64.84966278      64.14243317      63.47045898      62.39936066      60.63782883      56.07770157      55.88146973      55.79967880      54.78245163
      51.78926086      48.54001999      45.56813812      43.06082916      40.84941864      38.46411133      36.10379028      33.99977112      31.92296570      29.73682760      27.65734716      19.90180016      14.93588066      14.51862907      12.42826640       8.34330635       7.66714668       7.95149994       8.26284027       8.02283986
       7.24137306       6.93110657       6.65037982       5.93702698       7.09084002       7.00063324       6.95101357       6.96577326       6.99702644       7.01011340       7.03857358       7.02341334       7.03017998       7.02915319       7.02066676       6.99964650       6.92555364       6.92182668       6.92358017       6.95077324
       7.06848017       7.05343310       6.99406687       6.98261325       7.05712636       7.09585317       7.07107353       7.07898013       7.07712682       7.02956645       7.03652000       7.06495349       7.18002637       7.11769358       7.05645307       6.97434680       6.90475337       6.78364690       6.72554016       6.65350024
       6.58362007       6.53623327       6.48815982       6.41110675       6.33351326       6.33502007       6.33182653       6.35309347       6.38047345       6.38002014       6.42089335
       7.41681989       7.49187317       7.58687307       7.75117986       8.00771332       8.02910995       7.88129044       7.74921989       7.85029984       8.02756977       8.26733017       8.18688965       8.26194000       8.33277988       9.25321960      11.05004978      14.78150940      19.54677010      23.62287903      26.14649963
      27.44105911      27.44827080      26.34402084      24.68989944      22.97068024      22.77103043      25.78626060      30.94150162      32.42214966      32.18424988      32.23543167      32.15184021      31.64125824      30.33209991      30.28042984      31.34638977      33.70175934      36.80934143      39.34806061      40.14279938
      39.92393112      39.24127960      38.11828995      36.73659897      37.87957001      39.95616150      42.30707932      44.25349045      45.63389969      46.63114929      47.24755859      48.12144852      49.10049820      50.51089859      51.11019135      52.16466904      53.56248856      54.71823120      56.38105011      58.63574982
      61.19789124      63.03446960      64.69544983      66.78357697      68.34230042      69.81826019      70.64089203      70.68624115      70.33808136      69.71775818      69.41735077      68.84506989      68.52677917      67.93977356      67.10060120      65.80133057      62.83889771      57.72056961      55.88616943      55.62068939
      55.26945114      53.10949432      49.48223114      46.16334915      43.78355026      41.28874969      38.40153122      35.95059204      33.55736705      31.21062775      28.39078715      19.61101913      16.50415993      16.07748985      13.53631363       8.63340696       7.77733994       7.88201968       8.24183973       8.02528699
       7.42482694       7.00544675       6.53136635       5.99282646       7.04335976       7.06271362       7.11017354       7.14642652       7.07574018       7.05631320       7.08551979       7.05957349       7.01084010       6.99011993       6.97176679       7.00445366       6.95677312       6.92570686       6.97543971       6.98563321
       7.08314006       7.08252017       7.06590017       6.96304003       7.03660647       7.15059980       7.10308647       7.05877368       7.06813304       7.00778008       7.02454694       7.07640012       7.13827324       7.09827360       7.06562678       7.07844671       6.97842662       6.86702029       6.78879992       6.71699333
       6.66403325       6.57241313       6.54900678       6.51502673       6.44506645       6.36985334       6.32772001       6.37656021       6.38563983       6.41155306       6.37345314
       7.81172663       7.92609355       8.02121989       8.18927320       8.06188965       7.91897011       8.07800961       8.26513958       8.29588032       8.14074993       8.21957970       8.43150997       8.80587959       9.94956017      11.33953953      13.58615017      16.72672081      21.22436905      25.69531059      28.40819931
      29.87515068      30.73870087      30.24000931      28.75992966      26.11067963      24.34300995      26.04120064      29.94503021      32.71992874      32.84634018      32.29690170      32.67800140      32.53187943      31.64593124      31.70204163      32.91334152      35.53807068      38.78689957      41.52450943      42.41970825
      42.30500031      41.52930069      40.25210953      38.93143082      39.67647171      41.87985992      44.53139877      46.87509155      48.78165054      49.63459015      49.99869919      50.32619858      51.08177948      52.76609039      53.23928070      54.58338165      55.85937881      57.02893829      58.60857010      61.23138809
      64.04116821      66.08235168      67.66503143      69.41856384      70.83927155      72.70311737      73.73552704      74.16834259      73.94120789      73.91123962      73.82907867      73.44127655      73.29689026      72.93994141      72.05188751      70.44360352      68.41526794      66.13619995      60.66534042      56.10998154
      55.52429199      54.89445877      52.40951920      48.39242935      45.43978119      42.96179962      39.74607849      36.86922073      34.28686905      31.94807053      29.10683060      20.40574074      18.17793083      17.86439972      14.74167379       8.92768021       7.69971339       7.84334691       8.21578026       8.03647995
       7.44943364       7.05573972       6.44902674       6.10447311       7.04840024       7.10664686       7.10217985       7.14552689       7.13047981       7.06734657       7.02002652       6.99213982       6.99328677       6.99278005       6.97095998       6.96643321       6.93475978       6.96387355       7.03016027       7.04939334
       7.04979324       7.08366648       7.08724022       7.01396688       7.03533999       7.15712674       7.15420024       7.12177340       7.05121994       6.98692640       6.99397977       7.01280657       7.07191340       7.12501971       7.07578659       7.06905301       7.01147334       6.96597989       6.86566671       6.82907995
       6.73175303       6.64406013       6.61633364       6.57619349       6.59450022       6.51805305       6.44390678       6.41238022       6.33703359       6.37994003       6.36377970
       8.28255348       8.22143987       8.00282001       7.80251026       8.04553986       8.38891029       8.29246998       8.22620010       8.22140980       8.39013958       8.64216995       8.87353039      10.33606052      12.75456047      14.59206009      16.27087021      18.82604980      22.66772079      26.84996033      29.83346939
      31.46059036      32.68558884      33.04999161      32.01839828      28.78727913      26.45594978      28.48760986      30.60461044      33.12223816      33.54861832      33.69766998      34.65856171      34.03282166      33.11645126      33.19075012      34.48955154      37.06388092      40.61671829      42.88671112      43.85573196
      44.00086975      43.11109924      42.02233124      40.92391968      41.49805069      43.45869827      46.20508194      48.88951874      51.15365982      52.11217117      52.11109161      52.42171860      53.24943924      54.82725906      55.32801056      56.48157883      57.49493027      58.74185944      61.05001831      63.81529999
      66.64298248      68.56294250      70.18395233      71.83318329      73.29493713      74.89611053      76.64753723      77.52799225      77.95160675      78.12069702      77.86332703      77.85537720      77.86891937      77.58891296      76.94632721      75.42397308      73.02129364      70.24664307      66.95567322      62.22241974
      56.88222122      54.76385880      52.45238113      49.46540070      46.48289108      43.32532120      40.06679916      36.97565842      34.07308960      31.66204071      29.11012077      21.89679909      20.08902931      19.31123327      16.09053396       9.30103340       7.50094032       7.78810692       8.17737325       8.01032003
       7.40605990       7.12071355       6.27365303       6.16671308       7.13456662       7.17888006       7.16476695       7.12011973       7.10126686       7.02987989       7.01678658       7.01579348       7.03925323       7.03669357       7.00262006       6.95478694       6.92175357       6.94578679       7.02963320       7.07316017
       7.07010651       7.10685984       7.11844699       7.04141998       7.00971985       7.11982663       7.17038027       7.14879990       7.08413315       7.03182030       6.98594666       7.00549316       7.01071358       7.10181999       7.06774648       7.06344668       7.02414004       7.02312660       6.95971998       6.94304657
       6.82186000       6.74345334       6.70734024       6.65871366       6.61024030       6.58507983       6.53802681       6.45889346       6.36243312       6.32220014       6.32346026
       7.84047031       7.89062023       8.22068977       8.36380005       8.40530014       8.27873039       8.34436035       8.45429039       8.66510010       8.84438038       8.95011997      10.03090000      12.72723961      15.57212067      17.41172981      18.92231941      21.28100014      24.60253906      28.23188019      31.08065033
      32.73218918      33.88776016      34.29344177      33.38919830      30.21332932      28.96450043      31.55017853      33.03340912      33.79803085      34.35707092      35.22042847      35.82316971      35.18724823      34.44079971      34.69546127      36.02930832      38.43762970      41.56716156      43.76980972      45.07210922
      45.46804810      44.67498016      43.49705887      42.82714844      43.34086990      45.34862137      47.89051056      50.38756943      52.80212021      54.17927170      54.38718033      54.59899139      55.29663849      56.29833984      57.11658859      57.94913101      59.00265884      61.25500107      63.82050323      66.34822845
      68.90647125      71.16747284      73.04740906      74.55213928      75.81661224      77.33384705      79.26618958      80.90219879      81.75363922      81.87843323      82.01934052      82.08940887      82.31604004      82.45484924      82.26757812      80.08878398      77.31784607      73.96094523      70.11260986      66.38072205
      61.99789047      57.51401138      51.81975174      49.44731140      46.43127060      42.94316864      39.54618835      36.10709000      32.98682022      30.38948059      28.08614922      23.11364937      20.16291046      19.70750682      16.67483342       9.83454666       7.48819987       7.74199359       8.12678655       7.96692657
       7.46133359       7.04221344       6.18782679       6.49289322       7.15968641       7.14855321       7.13715998       7.10974693       7.11667315       7.06982676       7.03760656       7.03355980       7.06055323       7.04862022       7.00900014       6.98740641       6.93048668       6.91431363       6.95729319       7.01412010
       7.02932676       7.07798004       7.08977318       7.05968030       7.00722694       7.09598668       7.16208649       7.13143349       7.13186646       7.04519971       6.96088028       6.99111303       6.99530665       7.07759349       7.09197998       7.06981341       7.06071981       7.03149350       7.00617981       6.99813970
       6.94138654       6.87538020       6.79597346       6.74218686       6.67327309       6.62253316       6.55867322       6.53290685       6.45421982       6.36396027       6.32553355
       8.29792023       8.52519989       8.44408989       8.52884007       8.73985958       8.75158024       8.75543976       9.00444984       9.12010956       9.13311958       9.71893024      11.81525040      15.20141029      18.04084015      20.23492050      21.80658913      23.77803993      26.97266006      30.14236832      32.69939041
      34.04993057      34.83177948      34.97623062      33.93785858      31.20510864      31.54542160      34.11845016      35.15969849      35.57546997      36.18302917      36.99505997      37.39870071      36.67797089      35.91054153      36.20441818      37.73968124      40.13871002      42.88796997      44.92348099      46.16867065
      46.71744919      46.09999847      44.95483017      44.55118179      45.21749115      47.31597900      49.77923965      51.99794006      54.05390167      55.68679810      56.10739136      56.54481888      57.41276169      58.18301010      58.80677032      59.71403885      61.64078903      63.62544250      66.45307922      68.74994659
      71.33950043      73.95532227      75.90133667      77.15524292      78.29469299      79.79087830      81.97332764      84.05947113      85.27793121      85.82238007      85.94624329      86.22498322      86.47572327      86.49929810      85.49514465      83.49075439      80.35507243      76.51527364      72.08860016      67.89137268
      63.18289948      58.31309128      52.30126953      48.74655914      45.54978943      41.90121841      38.19203186      34.71931839      31.52944183      28.98492050      26.48748016      23.68041992      20.08333015      18.91650963      16.22545319      10.20172025       7.53440666       7.71506691       8.06980642       7.89455350
       7.36026700       6.93273989       5.86313311       6.68434652       7.14073308       7.14618683       7.12166023       7.10317357       7.10706647       7.09804662       7.03939311       7.03598022       7.02879333       7.03048007       7.00303332       6.99908638       6.93156687       6.94267337       7.00476011       6.97380638
       6.98441315       6.97757339       7.01829338       7.03577360       6.99374008       7.02227338       7.05561320       7.04623985       7.09192657       7.06763331       6.97973315       6.99433327       7.02788035       7.03082021       7.09789975       7.06977336       7.05772654       7.01473999       7.02935982       7.01338005
       7.05307325       7.01605352       6.92752647       6.80706024       6.72602654       6.67543983       6.60703341       6.56569990       6.51190694       6.45092646       6.36866633
       9.07378960       9.12197018       8.95355034       8.92887974       9.11297989       9.36371040       9.37226963       9.48754025       9.59259033       9.77536964      10.90894985      14.02930069      17.43909073      20.43445015      22.72141075      24.33558083      26.61544037      29.58452988      32.77359009      34.86901093
      35.67137146      35.78778076      35.50434875      34.33501816      32.81964874      33.69211197      35.67654800      36.80820084      37.52236176      38.22024155      39.04473114      39.51198959      38.77851105      37.69379807      38.06813049      40.15887070      42.60535812      44.64949036      46.33501053      47.63434982
      48.22201157      47.94282913      47.06188965      46.76612854      47.43423080      49.53929901      52.21678925      54.54130936      55.79946136      56.78218079      57.56119156      58.17607880      59.12017059      60.01153946      61.07178879      61.97584152      63.84599304      66.37299347      68.94689178      71.36557770
      73.98206329      76.76660919      78.78646088      80.21650696      81.44129944      82.91857910      84.83885956      87.08718872      88.84620667      89.44991302      89.79157257      90.25923157      90.43991089      89.95482218      88.19019165      85.87559367      82.48485942      78.13634623      73.15837097      68.18856812
      63.30232239      58.29095840      52.91732025      47.93667984      44.65628052      40.85313034      36.98894119      33.36447144      30.29988861      27.54235077      24.88846970      22.36739922      19.65934944      16.79525948      14.46995392      10.17554662       7.60422643       7.67389997       8.01389313       7.78118642
       7.13409996       6.42542648       5.89430682       7.01617304       7.16407331       7.14396667       7.10702006       7.07528687       7.10303307       7.08827972       7.05346680       7.02925364       7.01590029       7.00245984       6.99343363       6.96604665       6.90785344       6.94152006       7.02017339       7.05698013
       7.02563985       6.98783302       6.98152033       6.98342641       6.94315974       6.98612022       7.00459989       7.02489344       7.02838643       7.04517365       6.99495316       7.00847308       7.06293360       6.98438644       7.08559354       7.05570030       7.03612645       7.02728017       7.03961309       7.06391335
       7.13837306       7.10983340       7.02290026       6.87332026       6.79518000       6.72559992       6.64052645       6.59950002       6.56324641       6.51717313       6.44353358
      10.03952026       9.85457039       9.55945015       9.47309017       9.63605022       9.80889988       9.99998951       9.89599037       9.95254993      10.46837997      12.15550041      15.83760071      19.50637054      22.50056076      24.81114006      26.77109909      29.27356911      32.31203079      35.37633896      37.13750076
      37.62049866      37.21976089      36.37360001      35.39764023      34.70700836      35.52510834      36.99798965      38.19747162      39.31291962      40.26736069      41.23735046      41.87773895      41.44363022      40.31143951      40.21014023      42.48326111      45.06061935      46.79219055      48.25584030      49.25798035
      49.95272827      49.90956879      49.53844833      49.34920883      49.93540955      51.78435135      54.58897018      57.33554077      58.53919983      58.86188889      59.34991074      60.09535980      60.93965149      62.09633636      64.25662231      65.02616119      67.13620758      69.52748108      72.11203766      74.55758667
      77.15534973      79.65662384      81.61509705      83.34152222      84.97441864      86.27172089      87.92189789      90.47529602      92.36302185      93.08519745      93.61495972      94.23152924      94.42944641      92.69116618      90.59916687      87.87163391      84.17120056      79.17653198      73.46224976      68.11657715
      62.96556854      57.83518982      52.64825058      47.15106964      44.42081833      39.89736176      36.20182037      32.60995865      29.34049988      26.35928917      23.55760002      20.73963928      18.09501076      14.93556023      12.39970970       9.84784660       7.72410647       7.68150012       7.95219358       7.62523333
       6.89424006       5.97380638       6.60412661       7.07830683       7.14419365       7.14817365       7.12782669       7.11138026       7.06879361       7.06955338       7.07777977       7.02624639       7.00512695       6.98331324       6.94907316       6.96955999       6.90672684       6.89126650       6.98679352       7.05322647
       7.04929352       7.00774002       6.97789319       6.96448008       6.94750659       6.97699992       6.99672000       7.03654671       6.99806658       7.02076022       6.99488004       7.00093969       7.00713348       6.94179344       7.01228650       7.07798004       7.04090691       7.00765991       7.05113983       7.10268021
       7.15516663       7.16620000       7.05117989       6.94779332       6.87007332       6.79304695       6.72614670       6.66220029       6.61918640       6.60296694       6.58809980
      12.40174961      11.72424984      11.13440990      10.45314026      10.16489029      10.16786003      10.30241013      10.78565025      10.88829041      11.35054016      13.02787971      16.80143929      20.80438042      24.26256943      27.08929062      29.24739075      31.61862946      34.48918060      37.43847941      39.40773926
      39.58544922      38.85169983      37.77910995      36.92721176      36.66051102      37.23933029      38.45706177      39.63206863      40.87984085      42.08230972      43.23102951      44.29005051      44.34365845      42.94913864      42.33224106      44.38827896      47.04618835      48.99422073      50.09608841      51.04917908
      51.80186844      52.13275146      52.11436844      52.11236954      52.73073959      54.25614166      56.82415009      60.02920151      61.45967102      61.30606079      61.43500900      62.04316711      63.17894745      64.52633667      66.22261047      67.81974030      70.00113678      72.72371674      75.51860046      78.26812744
      80.85975647      83.04298401      85.08242798      87.05436707      88.60389709      89.74461365      91.45674133      93.98251343      95.75605754      96.42964172      97.06804423      97.64895162      97.21248901      95.52412882      92.86067098      89.63561340      85.11552714      79.59297404      73.61280823      67.94316101
      62.71251678      57.31774902      52.10998917      47.19499969      43.63623047      39.70138168      35.77767181      32.07410049      28.49677086      25.32500076      22.34211922      19.47513962      16.51678085      13.71893978      11.55261993       9.64481979       7.80026690       7.69734637       7.88273303       7.52065341
       6.64999326       6.05207316       6.97603353       7.06939316       7.07200686       7.10198021       7.13386663       7.10696665       7.08094660       7.03719966       7.05109978       7.02252642       7.01351357       6.97900009       6.94396655       6.95770645       6.89606667       6.83883349       6.96601359       7.02632014
       7.04510689       7.01148669       6.96061325       6.94052696       6.95115344       6.97633998       6.96527354       6.98310661       7.01783307       7.00008647       7.00993983       7.00567309       6.99033356       6.96385320       6.95940018       7.09385999       7.02648671       6.96241315       6.99334017       7.10724004
       7.20182673       7.18479983       7.09158007       7.02284686       6.92983309       6.87752024       6.82507324       6.81201299       6.79451307       6.72422663       6.63050652
      15.92296028      15.17094994      14.06600952      12.52297974      11.11866951      10.92166042      10.82304001      11.30010986      11.86118031      12.44758987      13.72620964      17.14677048      21.49256897      25.74114037      28.85959346      31.24651276      33.63358083      36.51743439      39.28404704      41.07291972
      41.24705124      40.34059143      39.29954910      38.63890839      38.47154999      39.06855011      40.03371048      41.14503098      42.45330048      43.81106186      45.03628159      46.34910965      46.94847870      45.51673126      44.59983063      46.15859985      48.81507874      50.73588181      51.70104980      52.60311890
      53.26797104      53.81996155      54.20756912      54.69918823      55.62958908      56.94760132      59.01779938      61.75373077      63.52722168      63.39222717      63.53418732      64.25681305      65.46295166      66.95092773      68.46904755      70.60404205      73.48419189      76.69346619      79.67385864      82.23578644
      84.63027191      86.92263794      88.85585785      90.47093964      91.60182190      92.91271210      94.76087189      97.13509847      98.46970479      99.50793457     100.76863749     101.70409932     100.73737834      97.83171102      94.79509277      90.67227254      85.29180766      79.91980123      73.96607971      67.98941803
      62.43920898      57.03596115      52.06081009      47.70993042      42.59920883      39.80001068      35.19831085      31.61008072      27.78474045      24.38701057      21.48156929      18.41391945      15.39262009      12.94536018      11.48462009       9.65471985       7.88129997       7.69307327       7.83084679       7.33379300
       6.20809364       6.49617322       7.05107307       7.02782694       7.00342687       7.07042694       7.14385351       7.10377312       7.05192693       7.02154668       7.02768008       7.01538022       7.00328636       6.98807335       6.95371310       6.92898687       6.89437993       6.85020002       6.95223363       7.02028656
       7.05276680       7.00087357       6.92882029       6.91970698       6.96928024       6.99005318       6.97325325       6.99868647       7.01452637       7.02549362       7.05452029       7.02081998       6.99868647       6.98394648       6.94384638       7.05603345       7.04870669       6.96232669       6.96922684       7.06638654
       7.18823306       7.16971334       7.11060015       7.07408651       7.02077357       7.03517977       7.00053342       6.89051310       6.77497991       6.67628670       6.60479355
      19.71884918      18.69186974      17.40122986      15.09198952      12.34780979      11.63848019      11.82369041      12.55169010      13.07843018      13.59961987      14.61544037      17.67280960      22.02387047      26.63924026      30.31293894      32.94556641      35.45257334      38.45277232      40.90403381      42.50218658
      42.64315033      41.77471924      40.83110809      40.24991989      40.29759979      40.83520126      41.77912140      42.83876038      44.15251923      45.46331024      46.80018997      48.10052109      48.76821136      47.84645844      46.84164047      47.91386032      50.45103073      52.23146820      53.34664917      54.08422089
      54.78509903      55.64632034      56.48683929      57.44208908      58.57315063      60.01358032      61.28445816      63.29062653      64.94107819      65.18559265      65.43270111      66.32785797      67.78607941      69.70648193      71.39633942      74.00652313      77.06803894      80.26405334      83.56040955      86.37515259
      88.63262177      90.96559143      92.66941833      93.68302155      94.74018097      96.26970673      98.28176117     100.21932454     101.57761373     102.85856628     104.30852010     104.50146505     103.20483866      99.78032003      96.02139486      91.20322489      85.74214111      80.23663330      74.31787109      68.15547180
      62.41497040      57.28947830      52.56016922      47.92449951      42.83488083      39.17161942      34.93611145      30.89807892      27.48880959      23.87128067      20.73355103      17.60548973      14.45037079      12.54839039      11.36559963       9.62591344       7.85848681       7.67291323       7.80769348       7.23285357
       6.07983335       6.82863998       7.01082675       7.02586683       7.04078674       7.03458023       7.12200673       7.10197322       7.03701973       7.02186012       7.01137988       7.00354004       6.99447314       6.99242020       6.97211329       6.93156687       6.89004644       6.83472697       6.94419988       7.02183978
       7.05649312       6.95413335       6.92727979       6.90604655       6.95354017       6.98997307       7.00408681       6.98350016       7.00079346       6.99939982       7.00764656       7.02166684       6.98812675       6.94121997       6.94735336       7.02365303       7.05414009       6.97495333       6.98281352       7.03078016
       7.13721339       7.14263980       7.11859322       7.18053309       7.17899323       7.05663363       6.95411364       6.87473996       6.77986018       6.73520025       6.66070684
      22.76110703      21.89786636      20.38892937      17.12532997      13.69365025      12.74242020      13.72459030      14.66938972      14.76366997      14.98954964      15.87237930      18.25419044      22.52795029      27.39579010      31.49064077      34.33624756      36.95564789      39.84213298      42.33511424      43.73877309
      43.81343079      43.12464905      42.27719116      41.92987823      42.32735062      43.17430878      44.08784103      44.98027039      46.03464890      47.23884964      48.60541916      49.78348160      50.45357132      49.90200043      49.05609894      49.89490891      52.08401108      53.66659164      54.75532913      55.63499832
      56.71181870      57.88628006      59.08995056      60.03380966      61.46963120      63.24807739      64.11206055      65.25940704      66.16945648      66.70066833      67.53430939      69.00788116      70.80204773      72.55979156      74.86917877      77.56539154      80.65431976      84.15326691      87.38494110      90.06983185
      92.08759308      94.23963165      95.90207672      96.76236725      98.16452026     100.23319244     102.02871562     103.38797241     104.69591899     105.88871765     106.35046773     105.71608744     103.62397441     100.78828064      96.82405192      91.66088420      86.42557800      80.74476624      74.35630798      68.52295685
      63.17857361      58.15008163      53.20392990      48.38574982      43.64812088      38.08023071      35.01766968      30.57854843      27.01409912      23.97150040      20.72093964      17.48978996      14.30200958      12.30498028      11.16005039       9.61101987       7.85438029       7.63826688       7.78286680       7.21024640
       6.12269974       6.88600667       7.01170667       7.02903303       7.06022644       7.04916636       7.07469304       7.11393992       7.06234678       7.01902644       6.99213346       6.99600029       6.97317314       6.97905350       6.97902679       6.97582690       6.93000666       6.84096018       6.90390015       7.00901985
       7.02048683       6.91156642       6.91267331       6.93798637       6.93910027       6.98022652       7.00654666       7.00428645       6.95477359       6.98902639       7.00245349       6.99429321       7.00014687       6.95573997       6.95042674       7.03336652       7.10430018       7.02256648       7.01107979       7.02551969
       7.12692006       7.14285978       7.09311358       7.11930656       7.16306686       7.07033348       6.99259313       6.91548030       6.83566666       6.78245354       6.73613993
      23.64401054      22.32788086      20.70291901      17.44754982      14.45421028      14.45219040      16.17033005      17.34618950      16.78475952      16.42239952      17.22723961      18.74461937      22.43676949      27.61973000      31.87964630      34.86092631      37.57897441      40.34574636      42.84136709      44.56429291
      44.72134018      44.35873032      43.90298080      43.87860870      44.53512192      45.68307114      46.71997070      47.41386032      48.26892090      49.52087021      50.69659042      51.86595917      52.57107925      51.90528870      51.48567963      52.11561966      53.76533890      55.33943176      56.73723984      58.11650085
      59.73315048      61.43531036      62.43553925      63.35108948      64.68900299      65.78791809      66.26200104      66.71498871      67.43374634      68.28253937      69.64920044      71.87816620      74.08831024      76.15445709      78.34156799      81.24603271      84.65373230      88.05052185      90.91078949      93.43083954
      95.39225769      97.32623291      98.53578186      99.83213043     102.12702942     104.22361755     105.46936035     106.50606283     107.53463745     108.18422445     107.81497192     106.42559306     103.89696655     100.83499349      97.99626160      93.43322550      87.77102763      81.63313293      75.01074982      68.70258331
      63.80931854      58.84915924      53.71004105      48.62844086      43.69433975      38.67961884      34.57588959      30.90711975      27.18354988      23.73978043      20.82444954      17.61841011      14.46048927      12.18136024      10.94219971       9.67114677       7.89181328       7.63854027       7.75821304       7.09767977
       6.09314664       6.90654691       6.94547971       7.00807317       7.04388682       7.06344032       7.06879361       7.09092013       7.06153361       7.05356661       7.00039991       6.99599330       7.00414022       6.98884010       6.96037992       6.96544011       6.94885317       6.90988032       6.89129321       6.96839968
       6.96209971       6.89546649       6.91516685       6.92093976       6.92446645       6.95400683       6.98963992       7.01569303       6.94596672       7.00225321       7.01619339       7.03372002       6.99718030       6.96352641       6.97875341       7.02154668       7.10510635       7.08953985       7.06267993       7.08090655
       7.09097989       7.09010696       7.09376017       7.11315346       7.12800662       7.03235308       6.99966685       6.95146688       6.86889966       6.80920029       6.79824003
      21.95960999      20.54995918      18.64267921      16.60367012      15.79208946      16.75927925      19.12459946      20.31896019      19.49876976      18.43856049      18.47970963      19.60700989      21.92539024      26.04877090      30.35747147      33.37042999      36.31782913      39.55516052      42.55966187      44.67686844
      45.59477997      45.70592117      45.61671829      45.79254913      46.39886093      47.60023117      48.93677139      49.96250153      50.98738861      52.08958817      53.26607132      54.45175934      55.05559921      54.61338043      54.00350952      54.46928024      55.85530853      57.63484192      59.31734848      61.25815201
      63.65862274      65.47791290      66.56562805      67.12246704      68.08341217      68.29342651      68.27586365      68.64853668      69.41287994      70.63571930      72.55106354      75.35864258      77.91696167      80.15048981      81.98123932      84.75891876      88.19036102      91.31700897      94.02046204      96.37435913
      98.14644623     100.00475311     101.30558777     103.39830017     105.81488800     107.51201904     108.60194539     109.15677144     109.39396545     108.90926107     107.83333964     106.20824931     103.61846537     100.59454610      98.27442830      95.27221212      89.27029093      83.14035034      76.28176880      70.23002625
      64.82721710      59.49816895      54.27027893      49.26195145      44.28739929      39.49539185      34.77656937      31.32176208      27.66078949      24.20148087      21.00283051      17.66778946      14.76217079      12.29971981      11.04932976       9.70079997       7.97671318       7.65494665       7.75746663       7.00768026
       6.10326004       6.95249303       6.96846644       6.98723984       7.02444649       7.06463305       7.03838666       7.10081991       7.09018644       7.06552696       7.01738675       6.97356669       6.96742694       6.97660637       6.96530024       6.93954023       6.96135330       6.92569987       6.89690018       6.96289317
       6.92108027       6.89061991       6.90378698       6.90937996       6.90931320       6.95193990       6.96732648       7.01151339       7.03004646       7.03271357       7.06624031       7.11997350       7.02099355       6.97380002       7.00573985       7.05535316       7.02587318       7.10248693       7.03911336       7.04257329
       7.05275981       7.08479309       7.11664009       7.12350655       7.10572688       7.03506660       6.99144681       6.93861326       6.83412679       6.82729975       6.87629318
      22.01469994      20.74995041      19.54128075      18.42441940      18.25897980      19.06069946      21.58083916      23.37924004      22.70574951      21.23827934      20.25370979      20.60975075      21.83366966      24.01921082      27.17749023      30.28036880      33.69255829      37.61481857      41.66992950      44.69451904
      46.90053177      47.55002975      47.65113068      47.82371902      48.42525864      49.41104889      50.73371887      52.08512878      53.28726959      54.61885834      56.08808136      57.19686127      57.81188965      57.51087952      56.95557022      57.05002975      58.23672867      60.07141113      62.37738037      65.21649170
      67.67433929      69.61102295      70.07118988      70.30818939      70.55954742      70.72071838      70.91811371      71.49317169      72.43656158      73.86155701      76.04579926      79.21681976      81.77141571      83.58099365      85.28343201      87.98487091      91.25849915      94.11166382      97.15355682      99.31739807
     101.07643127     102.91236877     104.34007263     106.50636292     108.79418945     110.21186869     111.18177572     111.21562215     110.20998393     108.67079163     106.72162628     104.26194000     101.98374176     100.15483856      98.45730896      95.83162720      90.28845988      83.97718811      77.61113739      71.58969879
      66.03188324      60.43669128      55.12435150      50.13071823      45.30105972      40.61162949      36.24866867      31.52598953      28.59281921      25.07674980      21.60688019      18.24258995      15.13628006      12.79214001      11.52910042       9.72079308       7.96640650       7.67346001       7.78626696       6.80982018
       6.15206655       7.02637990       6.97973315       6.98560015       7.03041331       7.05671310       7.02442678       7.03862699       7.06228638       7.02449354       7.01575343       6.99097315       6.95502663       6.94349353       6.97212664       6.96914673       6.96971321       6.93103345       6.87457975       6.91197332
       6.86222649       6.85812696       6.88057327       6.90429306       6.90591304       6.91624006       6.94738007       7.03114001       7.05932681       7.05736669       7.07684008       7.10829989       7.09306018       7.10616684       7.03569349       6.98495356       6.96389325       7.04626020       7.15544001       7.06428019
       7.05941327       7.09091314       7.13493983       7.13294665       7.10571988       7.09557978       7.02065341       6.93507322       6.85483360       6.86402639       6.92076683
      23.99238014      23.89855957      22.82832909      21.59270096      21.07958984      21.82263947      24.26889038      26.47443008      26.40126991      24.80060005      23.15694046      22.49139977      22.86190987      24.02795029      25.66840935      28.17439079      31.82759094      36.51160049      41.16526031      44.76794815
      47.98770905      49.58856201      50.13549042      50.61988831      51.06890869      51.78031158      52.76797867      54.02627182      55.34349060      56.98217010      58.62144852      59.69274139      60.46939087      60.54064178      59.94905090      59.83335876      60.67856979      62.62760925      65.74063873      69.05258942
      71.62030792      72.84664917      73.35839081      73.65058136      73.63027954      73.53002930      73.82950592      74.69383240      75.76693726      77.33470154      79.96333313      83.11087799      85.53254700      87.11663818      88.88266754      91.21101379      94.11637115      97.14257812     100.36646271     102.57041931
     104.63326263     106.44380188     107.74474335     109.27084351     111.16311646     112.27133321     113.15672485     112.57205424     110.43712626     107.52671051     104.47586060     102.30464935     100.76985931     100.01351929      98.72857768      96.43977437      90.98270223      85.34511861      79.29802704      72.97712708
      67.36515045      61.53828049      56.34659958      51.38307953      46.38864136      41.74776077      37.58414841      33.51906967      28.82258034      26.10751915      22.39839935      19.17678070      16.16510010      14.00925064      12.17883968       9.83364675       7.99373309       7.71333313       7.82199351       6.61438688
       6.07990646       7.02662659       6.97031339       6.96729978       6.98514684       7.03735352       7.02883975       7.02058665       7.02128665       6.99530029       7.00703303       7.00071971       6.98958015       6.95712026       6.98018010       6.96058019       6.96138636       6.93501981       6.88972664       6.88877996
       6.82173347       6.84938685       6.87585322       6.90347989       6.88600032       6.91208013       6.96536001       7.02777354       7.04254023       7.07718023       7.12446658       7.07670021       6.97485352       6.93736649       6.93295352       6.94557317       6.99099350       6.99031321       7.10783323       7.10135969
       7.10711988       7.11674690       7.16401354       7.14351336       7.10844676       7.10011991       7.05007362       6.97720019       6.88132032       6.82786687       6.91501363
      26.92431068      27.29468918      26.58571053      25.65299988      24.47580910      24.86029053      27.36277962      29.96545029      30.63108063      29.24828911      27.45087051      26.07752037      25.31040955      25.51943970      26.62899971      28.07386971      30.91651154      35.44400024      40.13425064      44.50148010
      48.34115982      50.93645859      52.42913055      53.39154816      54.16870117      54.95827866      55.59363174      56.26424026      57.31148911      59.13024139      60.95212173      62.24284363      63.35400391      63.71089935      63.56009674      63.35944366      63.82083893      65.48075867      68.79679108      72.12583923
      73.96507263      75.17017365      76.03717041      76.63197327      76.44885254      76.46437836      77.00431061      77.98227692      79.30034637      81.16951752      83.72702789      86.73159027      89.06762695      90.98052979      92.67189026      94.76513672      97.40872192     100.38983154     103.55930328     105.75981903
     107.77644348     109.12393951     110.22125244     111.81419373     112.88268840     113.52449361     113.58974548     112.18384664     109.72948079     106.01043701     103.00282288     101.65979004     100.98690796     100.20932770      98.83172913      96.95832764      92.26261475      86.86484497      81.35472473      75.17089081
      69.12484741      63.35420990      57.90821075      52.87878036      47.84053040      43.52722931      39.42082977      35.00893021      30.58742905      26.16787910      23.63067055      20.59836960      17.41856003      15.32308960      12.45656013      10.36796028       8.11892685       7.75832685       7.82262675       6.46912638
       6.21028010       6.99714661       7.06661987       6.94389343       6.95817312       7.00908661       7.02136676       6.99288686       6.98961322       6.98903338       7.00344658       7.00591977       6.99947357       6.95505333       6.93294652       6.94513321       6.91956647       6.90858014       6.92604001       6.90381304
       6.81031990       6.84265327       6.85877355       6.88138008       6.87041346       6.90583356       6.97485352       7.04652659       7.09573364       7.05073357       6.94248645       6.93828011       6.94363976       6.92521350       6.91296005       6.89035988       6.93472672       6.96213341       7.03616651       7.10108693
       7.13942019       7.13312022       7.14039993       7.12385305       7.10892677       7.06236649       7.07228025       6.97984695       6.87627983       6.84754690       6.89787356
      30.08926010      30.45851898      30.43526840      29.96438980      28.50148010      28.07670975      30.85306931      33.47999954      34.69654083      34.21812820      32.55335999      31.09143066      29.74663925      28.84939003      28.72381973      29.45904922      30.89286041      34.27486038      38.79114914      43.66920090
      48.32312012      51.89812851      54.17314911      55.66252899      56.80113983      57.83385086      58.58747864      59.11457825      59.93984985      61.29077911      62.81921387      64.35028076      65.76471710      66.82348633      67.29579926      67.35910797      67.48870087      68.77171326      71.46675110      74.05242157
      75.51940918      76.70178223      78.01058960      78.79808044      78.92350006      79.44207001      80.26360321      81.61504364      83.23519135      85.09676361      87.42549133      90.28795624      92.95848846      94.94146729      96.57180786      98.67125702     101.40145874     103.76149750     106.07241821     108.33167267
     110.20101166     110.90384674     111.86406708     113.49380493     113.72532145     113.70996094     112.94336446     111.03093465     107.85314178     104.68109894     102.72110748     101.92378235     101.23724365     100.31062317      98.86003113      97.32566121      94.07994181      88.82315470      83.09159546      77.57916260
      71.73497009      65.83354187      60.02698898      54.88628006      49.97269821      45.11420059      40.51319122      36.33275986      32.17927933      28.21714020      23.80795097      21.22554016      18.65455055      16.71677017      13.29356003      10.96693357       8.33827337       7.79947980       7.79109319       6.46873983
       6.11391322       6.97502645       7.07602692       6.93700663       6.93790690       6.97286669       7.00325330       6.98090680       7.00416692       6.99752680       6.96934636       6.97576014       6.97322019       6.95493317       6.90566635       6.90473302       6.90741984       6.90917333       6.92826653       6.94397354
       6.78128688       6.80378660       6.82530022       6.87280019       6.92751312       6.96670024       7.00884692       6.94400660       6.90483348       6.90165329       6.89591980       6.92196655       6.96505992       6.91825358       6.90244675       6.89945984       6.94113986       6.96322695       6.97644679       7.06414668
       7.10993322       7.11562665       7.10590680       7.10388692       7.08709335       7.02016004       7.04339345       6.95272636       6.86675326       6.88563347       6.85441335
