     -10.00000000     -10.00000000     -10.00000000     -10.00000000     -10.00000000     -10.00000000     -10.00000000     -10.00000000     -10.00000000     -10.00000000     -10.00000000     -10.00000000     -10.00000000     -10.00000000     -10.00000000     -10.00000000     -10.00000000     -10.00000000     -10.00000000     -10.00000000
     -10.00000000     -10.00000000     -10.00000000     -10.00000000     -10.00000000     -10.00000000     -10.00000000     -10.00000000     -10.00000000     -10.00000000     -10.00000000     -10.00000000     -10.00000000     -10.00000000     -10.00000000     -10.00000000     -10.00000000     -10.00000000     -10.00000000     -10.00000000
     -10.00000000     -10.00000000     -10.00000000     -10.00000000     -10.00000000     -10.00000000     -10.00000000     -10.00000000     -10.00000000     -10.00000000     -10.00000000     -10.00000000     -10.00000000     -10.00000000     -10.00000000     -10.00000000     -10.00000000     -10.00000000     -10.00000000     -10.00000000
     -10.00000000     -10.00000000     -10.00000000     -10.00000000     -10.00000000     -10.00000000     -10.00000000     -10.00000000     -10.00000000     -10.00000000     -10.00000000     -10.00000000     -10.00000000     -10.00000000     -10.00000000     -10.00000000     -10.00000000     -10.00000000     -10.00000000     -10.00000000
     -10.00000000     -10.00000000     -10.00000000     -10.00000000     -10.00000000     -10.00000000     -10.00000000     -10.00000000     -10.00000000     -10.00000000     -10.00000000     -10.00000000     -10.00000000     -10.00000000     -10.00000000     -10.00000000     -10.00000000     -10.00000000     -10.00000000     -10.00000000
     -10.00000000     -10.00000000     -10.00000000     -10.00000000     -10.00000000     -10.00000000     -10.00000000     -10.00000000     -10.00000000     -10.00000000     -10.00000000     -10.00000000     -10.00000000     -10.00000000     -10.00000000     -10.00000000     -10.00000000     -10.00000000     -10.00000000     -10.00000000
     -10.00000000     -10.00000000     -10.00000000     -10.00000000     -10.00000000     -10.00000000     -10.00000000     -10.00000000     -10.00000000     -10.00000000     -10.00000000     -10.00000000     -10.00000000     -10.00000000     -10.00000000     -10.00000000     -10.00000000     -10.00000000     -10.00000000     -10.00000000
     -10.00000000     -10.00000000     -10.00000000     -10.00000000     -10.00000000     -10.00000000     -10.00000000     -10.00000000     -10.00000000     -10.00000000     -10.00000000
     -10.00000000     -10.00000000     -10.00000000     -10.00000000     -10.00000000     -10.00000000     -10.00000000     -10.00000000     -10.00000000     -10.00000000     -10.00000000     -10.00000000     -10.00000000     -10.00000000     -10.00000000     -10.00000000     -10.00000000     -10.00000000     -10.00000000     -10.00000000
     -10.00000000     -10.00000000     -10.00000000     -10.00000000     -10.00000000     -10.00000000     -10.00000000     -10.00000000     -10.00000000     -10.00000000     -10.00000000     -10.00000000     -10.00000000     -10.00000000     -10.00000000     -10.00000000     -10.00000000     -10.00000000     -10.00000000     -10.00000000
     -10.00000000     -10.00000000     -10.00000000     -10.00000000     -10.00000000     -10.00000000     -10.00000000     -10.00000000     -10.00000000     -10.00000000     -10.00000000     -10.00000000     -10.00000000     -10.00000000     -10.00000000     -10.00000000     -10.00000000     -10.00000000     -10.00000000     -10.00000000
     -10.00000000     -10.00000000     -10.00000000     -10.00000000     -10.00000000     -10.00000000     -10.00000000     -10.00000000     -10.00000000     -10.00000000     -10.00000000     -10.00000000     -10.00000000     -10.00000000     -10.00000000     -10.00000000     -10.00000000     -10.00000000     -10.00000000     -10.00000000
     -10.00000000     -10.00000000     -10.00000000     -10.00000000     -10.00000000     -10.00000000     -10.00000000     -10.00000000     -10.00000000     -10.00000000     -10.00000000     -10.00000000     -10.00000000     -10.00000000     -10.00000000     -10.00000000     -10.00000000     -10.00000000     -10.00000000     -10.00000000
     -10.00000000     -10.00000000     -10.00000000     -10.00000000     -10.00000000     -10.00000000     -10.00000000     -10.00000000     -10.00000000     -10.00000000     -10.00000000     -10.00000000     -10.00000000     -10.00000000     -10.00000000     -10.00000000     -10.00000000     -10.00000000     -10.00000000     -10.00000000
     -10.00000000     -10.00000000     -10.00000000     -10.00000000     -10.00000000     -10.00000000     -10.00000000     -10.00000000     -10.00000000     -10.00000000     -10.00000000     -10.00000000     -10.00000000     -10.00000000     -10.00000000     -10.00000000     -10.00000000     -10.00000000     -10.00000000     -10.00000000
     -10.00000000     -10.00000000     -10.00000000     -10.00000000     -10.00000000     -10.00000000     -10.00000000     -10.00000000     -10.00000000     -10.00000000     -10.00000000
     -10.00000000     -10.00000000     -10.00000000     -10.00000000     -10.00000000     -10.00000000     -10.00000000     -10.00000000     -10.00000000     -10.00000000     -10.00000000     -10.00000000     -10.00000000     -10.00000000     -10.00000000     -10.00000000     -10.00000000     -10.00000000     -10.00000000     -10.00000000
     -10.00000000     -10.00000000     -10.00000000     -10.00000000     -10.00000000     -10.00000000     -10.00000000     -10.00000000     -10.00000000     -10.00000000     -10.00000000     -10.00000000     -10.00000000     -10.00000000     -10.00000000     -10.00000000     -10.00000000     -10.00000000     -10.00000000     -10.00000000
     -10.00000000     -10.00000000     -10.00000000     -10.00000000     -10.00000000     -10.00000000     -10.00000000     -10.00000000     -10.00000000     -10.00000000     -10.00000000     -10.00000000     -10.00000000     -10.00000000     -10.00000000     -10.00000000     -10.00000000     -10.00000000     -10.00000000     -10.00000000
     -10.00000000     -10.00000000     -10.00000000     -10.00000000     -10.00000000     -10.00000000     -10.00000000     -10.00000000     -10.00000000     -10.00000000     -10.00000000     -10.00000000     -10.00000000     -10.00000000     -10.00000000     -10.00000000     -10.00000000     -10.00000000     -10.00000000     -10.00000000
     -10.00000000     -10.00000000     -10.00000000     -10.00000000     -10.00000000     -10.00000000     -10.00000000     -10.00000000     -10.00000000     -10.00000000     -10.00000000     -10.00000000     -10.00000000     -10.00000000     -10.00000000     -10.00000000     -10.00000000     -10.00000000     -10.00000000     -10.00000000
     -10.00000000     -10.00000000     -10.00000000     -10.00000000     -10.00000000     -10.00000000     -10.00000000     -10.00000000     -10.00000000     -10.00000000     -10.00000000     -10.00000000     -10.00000000     -10.00000000     -10.00000000     -10.00000000     -10.00000000     -10.00000000     -10.00000000     -10.00000000
     -10.00000000     -10.00000000     -10.00000000     -10.00000000     -10.00000000     -10.00000000     -10.00000000     -10.00000000     -10.00000000     -10.00000000     -10.00000000     -10.00000000     -10.00000000     -10.00000000     -10.00000000     -10.00000000     -10.00000000     -10.00000000     -10.00000000     -10.00000000
     -10.00000000     -10.00000000     -10.00000000     -10.00000000     -10.00000000     -10.00000000     -10.00000000     -10.00000000     -10.00000000     -10.00000000     -10.00000000
     -10.00000000     -10.00000000     -10.00000000     -10.00000000     -10.00000000     -10.00000000     -10.00000000     -10.00000000     -10.00000000     -10.00000000     -10.00000000     -10.00000000     -10.00000000     -10.00000000     -10.00000000     -10.00000000     -10.00000000     -10.00000000     -10.00000000     -10.00000000
     -10.00000000     -10.00000000     -10.00000000     -10.00000000     -10.00000000     -10.00000000     -10.00000000     -10.00000000     -10.00000000     -10.00000000     -10.00000000     -10.00000000     -10.00000000     -10.00000000     -10.00000000     -10.00000000     -10.00000000     -10.00000000     -10.00000000     -10.00000000
     -10.00000000     -10.00000000     -10.00000000     -10.00000000     -10.00000000     -10.00000000     -10.00000000     -10.00000000     -10.00000000     -10.00000000     -10.00000000     -10.00000000     -10.00000000     -10.00000000     -10.00000000     -10.00000000     -10.00000000     -10.00000000     -10.00000000     -10.00000000
     -10.00000000     -10.00000000     -10.00000000     -10.00000000     -10.00000000     -10.00000000     -10.00000000     -10.00000000     -10.00000000     -10.00000000     -10.00000000     -10.00000000     -10.00000000     -10.00000000     -10.00000000     -10.00000000     -10.00000000     -10.00000000     -10.00000000     -10.00000000
     -10.00000000     -10.00000000     -10.00000000     -10.00000000     -10.00000000     -10.00000000     -10.00000000     -10.00000000     -10.00000000     -10.00000000     -10.00000000     -10.00000000     -10.00000000     -10.00000000     -10.00000000     -10.00000000     -10.00000000     -10.00000000     -10.00000000     -10.00000000
     -10.00000000     -10.00000000     -10.00000000     -10.00000000     -10.00000000     -10.00000000     -10.00000000     -10.00000000     -10.00000000     -10.00000000     -10.00000000     -10.00000000     -10.00000000     -10.00000000     -10.00000000     -10.00000000     -10.00000000     -10.00000000     -10.00000000     -10.00000000
     -10.00000000     -10.00000000     -10.00000000     -10.00000000     -10.00000000     -10.00000000     -10.00000000     -10.00000000     -10.00000000     -10.00000000     -10.00000000     -10.00000000     -10.00000000     -10.00000000     -10.00000000     -10.00000000     -10.00000000     -10.00000000     -10.00000000     -10.00000000
     -10.00000000     -10.00000000     -10.00000000     -10.00000000     -10.00000000     -10.00000000     -10.00000000     -10.00000000     -10.00000000     -10.00000000     -10.00000000
     -10.00000000     -10.00000000     -10.00000000     -10.00000000     -10.00000000     -10.00000000     -10.00000000     -10.00000000     -10.00000000     -10.00000000     -10.00000000     -10.00000000     -10.00000000     -10.00000000     -10.00000000     -10.00000000     -10.00000000     -10.00000000     -10.00000000     -10.00000000
     -10.00000000     -10.00000000     -10.00000000     -10.00000000     -10.00000000     -10.00000000     -10.00000000     -10.00000000     -10.00000000     -10.00000000     -10.00000000     -10.00000000     -10.00000000     -10.00000000     -10.00000000     -10.00000000     -10.00000000     -10.00000000     -10.00000000     -10.00000000
     -10.00000000     -10.00000000     -10.00000000     -10.00000000     -10.00000000     -10.00000000     -10.00000000     -10.00000000     -10.00000000     -10.00000000     -10.00000000     -10.00000000     -10.00000000     -10.00000000     -10.00000000     -10.00000000     -10.00000000     -10.00000000     -10.00000000     -10.00000000
     -10.00000000     -10.00000000     -10.00000000     -10.00000000     -10.00000000     -10.00000000     -10.00000000     -10.00000000     -10.00000000     -10.00000000     -10.00000000     -10.00000000     -10.00000000     -10.00000000     -10.00000000     -10.00000000     -10.00000000     -10.00000000     -10.00000000     -10.00000000
     -10.00000000     -10.00000000     -10.00000000     -10.00000000     -10.00000000     -10.00000000     -10.00000000     -10.00000000     -10.00000000     -10.00000000     -10.00000000     -10.00000000     -10.00000000     -10.00000000     -10.00000000     -10.00000000     -10.00000000     -10.00000000     -10.00000000     -10.00000000
     -10.00000000     -10.00000000     -10.00000000     -10.00000000     -10.00000000     -10.00000000     -10.00000000     -10.00000000     -10.00000000     -10.00000000     -10.00000000     -10.00000000     -10.00000000     -10.00000000     -10.00000000     -10.00000000     -10.00000000     -10.00000000     -10.00000000     -10.00000000
     -10.00000000     -10.00000000     -10.00000000     -10.00000000     -10.00000000     -10.00000000     -10.00000000     -10.00000000     -10.00000000     -10.00000000     -10.00000000     -10.00000000     -10.00000000     -10.00000000     -10.00000000     -10.00000000     -10.00000000     -10.00000000     -10.00000000     -10.00000000
     -10.00000000     -10.00000000     -10.00000000     -10.00000000     -10.00000000     -10.00000000     -10.00000000     -10.00000000     -10.00000000     -10.00000000     -10.00000000
     -10.00000000     -10.00000000     -10.00000000     -10.00000000     -10.00000000     -10.00000000     -10.00000000     -10.00000000     -10.00000000     -10.00000000     -10.00000000     -10.00000000     -10.00000000     -10.00000000     -10.00000000     -10.00000000     -10.00000000     -10.00000000     -10.00000000     -10.00000000
     -10.00000000     -10.00000000     -10.00000000     -10.00000000     -10.00000000     -10.00000000     -10.00000000     -10.00000000     -10.00000000     -10.00000000     -10.00000000     -10.00000000     -10.00000000     -10.00000000     -10.00000000     -10.00000000     -10.00000000     -10.00000000     -10.00000000     -10.00000000
     -10.00000000     -10.00000000     -10.00000000     -10.00000000     -10.00000000     -10.00000000     -10.00000000     -10.00000000     -10.00000000     -10.00000000     -10.00000000     -10.00000000     -10.00000000     -10.00000000     -10.00000000     -10.00000000     -10.00000000     -10.00000000     -10.00000000     -10.00000000
     -10.00000000     -10.00000000     -10.00000000     -10.00000000     -10.00000000     -10.00000000     -10.00000000     -10.00000000     -10.00000000     -10.00000000     -10.00000000     -10.00000000     -10.00000000     -10.00000000     -10.00000000     -10.00000000     -10.00000000     -10.00000000     -10.00000000     -10.00000000
     -10.00000000     -10.00000000     -10.00000000     -10.00000000     -10.00000000     -10.00000000     -10.00000000     -10.00000000     -10.00000000     -10.00000000     -10.00000000     -10.00000000     -10.00000000     -10.00000000     -10.00000000     -10.00000000     -10.00000000     -10.00000000     -10.00000000     -10.00000000
     -10.00000000     -10.00000000     -10.00000000     -10.00000000     -10.00000000     -10.00000000     -10.00000000     -10.00000000     -10.00000000     -10.00000000     -10.00000000     -10.00000000     -10.00000000     -10.00000000     -10.00000000     -10.00000000     -10.00000000     -10.00000000     -10.00000000     -10.00000000
     -10.00000000     -10.00000000     -10.00000000     -10.00000000     -10.00000000     -10.00000000     -10.00000000     -10.00000000     -10.00000000     -10.00000000     -10.00000000     -10.00000000     -10.00000000     -10.00000000     -10.00000000     -10.00000000     -10.00000000     -10.00000000     -10.00000000     -10.00000000
     -10.00000000     -10.00000000     -10.00000000     -10.00000000     -10.00000000     -10.00000000     -10.00000000     -10.00000000     -10.00000000     -10.00000000     -10.00000000
     -10.00000000     -10.00000000     -10.00000000     -10.00000000     -10.00000000     -10.00000000     -10.00000000     -10.00000000     -10.00000000     -10.00000000     -10.00000000     -10.00000000     -10.00000000     -10.00000000     -10.00000000     -10.00000000     -10.00000000     -10.00000000     -10.00000000     -10.00000000
     -10.00000000     -10.00000000     -10.00000000     -10.00000000     -10.00000000     -10.00000000     -10.00000000     -10.00000000     -10.00000000     -10.00000000     -10.00000000     -10.00000000     -10.00000000     -10.00000000     -10.00000000     -10.00000000     -10.00000000     -10.00000000     -10.00000000     -10.00000000
     -10.00000000     -10.00000000     -10.00000000     -10.00000000     -10.00000000     -10.00000000     -10.00000000     -10.00000000     -10.00000000     -10.00000000     -10.00000000     -10.00000000     -10.00000000     -10.00000000     -10.00000000     -10.00000000     -10.00000000     -10.00000000     -10.00000000     -10.00000000
     -10.00000000     -10.00000000     -10.00000000     -10.00000000     -10.00000000     -10.00000000     -10.00000000     -10.00000000     -10.00000000     -10.00000000     -10.00000000     -10.00000000     -10.00000000     -10.00000000     -10.00000000     -10.00000000     -10.00000000     -10.00000000     -10.00000000     -10.00000000
     -10.00000000     -10.00000000     -10.00000000     -10.00000000     -10.00000000     -10.00000000     -10.00000000     -10.00000000     -10.00000000     -10.00000000     -10.00000000     -10.00000000     -10.00000000     -10.00000000     -10.00000000     -10.00000000     -10.00000000     -10.00000000     -10.00000000     -10.00000000
     -10.00000000     -10.00000000     -10.00000000     -10.00000000     -10.00000000     -10.00000000     -10.00000000     -10.00000000     -10.00000000     -10.00000000     -10.00000000     -10.00000000     -10.00000000     -10.00000000     -10.00000000     -10.00000000     -10.00000000     -10.00000000     -10.00000000     -10.00000000
     -10.00000000     -10.00000000     -10.00000000     -10.00000000     -10.00000000     -10.00000000     -10.00000000     -10.00000000     -10.00000000     -10.00000000     -10.00000000     -10.00000000     -10.00000000     -10.00000000     -10.00000000     -10.00000000     -10.00000000     -10.00000000     -10.00000000     -10.00000000
     -10.00000000     -10.00000000     -10.00000000     -10.00000000     -10.00000000     -10.00000000     -10.00000000     -10.00000000     -10.00000000     -10.00000000     -10.00000000
     -10.00000000     -10.00000000     -10.00000000     -10.00000000     -10.00000000     -10.00000000     -10.00000000     -10.00000000     -10.00000000     -10.00000000     -10.00000000     -10.00000000     -10.00000000     -10.00000000     -10.00000000     -10.00000000     -10.00000000     -10.00000000     -10.00000000     -10.00000000
     -10.00000000     -10.00000000     -10.00000000     -10.00000000     -10.00000000     -10.00000000     -10.00000000     -10.00000000     -10.00000000     -10.00000000     -10.00000000     -10.00000000     -10.00000000     -10.00000000     -10.00000000     -10.00000000     -10.00000000     -10.00000000     -10.00000000     -10.00000000
     -10.00000000     -10.00000000     -10.00000000     -10.00000000     -10.00000000     -10.00000000     -10.00000000     -10.00000000     -10.00000000     -10.00000000     -10.00000000     -10.00000000     -10.00000000     -10.00000000     -10.00000000     -10.00000000     -10.00000000     -10.00000000     -10.00000000     -10.00000000
     -10.00000000     -10.00000000     -10.00000000     -10.00000000     -10.00000000     -10.00000000     -10.00000000     -10.00000000     -10.00000000     -10.00000000     -10.00000000     -10.00000000     -10.00000000     -10.00000000     -10.00000000     -10.00000000     -10.00000000     -10.00000000     -10.00000000     -10.00000000
     -10.00000000     -10.00000000     -10.00000000     -10.00000000     -10.00000000     -10.00000000     -10.00000000     -10.00000000     -10.00000000     -10.00000000     -10.00000000     -10.00000000     -10.00000000     -10.00000000     -10.00000000     -10.00000000     -10.00000000     -10.00000000     -10.00000000     -10.00000000
     -10.00000000     -10.00000000     -10.00000000     -10.00000000     -10.00000000     -10.00000000     -10.00000000     -10.00000000     -10.00000000     -10.00000000     -10.00000000     -10.00000000     -10.00000000     -10.00000000     -10.00000000     -10.00000000     -10.00000000     -10.00000000     -10.00000000     -10.00000000
     -10.00000000     -10.00000000     -10.00000000     -10.00000000     -10.00000000     -10.00000000     -10.00000000     -10.00000000     -10.00000000     -10.00000000     -10.00000000     -10.00000000     -10.00000000     -10.00000000     -10.00000000     -10.00000000     -10.00000000     -10.00000000     -10.00000000     -10.00000000
     -10.00000000     -10.00000000     -10.00000000     -10.00000000     -10.00000000     -10.00000000     -10.00000000     -10.00000000     -10.00000000     -10.00000000     -10.00000000
     -10.00000000     -10.00000000     -10.00000000     -10.00000000     -10.00000000     -10.00000000     -10.00000000     -10.00000000     -10.00000000     -10.00000000     -10.00000000     -10.00000000     -10.00000000     -10.00000000     -10.00000000     -10.00000000     -10.00000000     -10.00000000     -10.00000000     -10.00000000
     -10.00000000     -10.00000000     -10.00000000     -10.00000000     -10.00000000     -10.00000000     -10.00000000     -10.00000000     -10.00000000     -10.00000000     -10.00000000     -10.00000000     -10.00000000     -10.00000000     -10.00000000     -10.00000000     -10.00000000     -10.00000000     -10.00000000     -10.00000000
     -10.00000000     -10.00000000     -10.00000000     -10.00000000     -10.00000000     -10.00000000     -10.00000000     -10.00000000     -10.00000000     -10.00000000     -10.00000000     -10.00000000     -10.00000000     -10.00000000     -10.00000000     -10.00000000     -10.00000000     -10.00000000     -10.00000000     -10.00000000
     -10.00000000     -10.00000000     -10.00000000     -10.00000000     -10.00000000     -10.00000000     -10.00000000     -10.00000000     -10.00000000     -10.00000000     -10.00000000     -10.00000000     -10.00000000     -10.00000000     -10.00000000     -10.00000000     -10.00000000     -10.00000000     -10.00000000     -10.00000000
     -10.00000000     -10.00000000     -10.00000000     -10.00000000     -10.00000000     -10.00000000     -10.00000000     -10.00000000     -10.00000000     -10.00000000     -10.00000000     -10.00000000     -10.00000000     -10.00000000     -10.00000000     -10.00000000     -10.00000000     -10.00000000     -10.00000000     -10.00000000
     -10.00000000     -10.00000000     -10.00000000     -10.00000000     -10.00000000     -10.00000000     -10.00000000     -10.00000000     -10.00000000     -10.00000000     -10.00000000     -10.00000000     -10.00000000     -10.00000000     -10.00000000     -10.00000000     -10.00000000     -10.00000000     -10.00000000     -10.00000000
     -10.00000000     -10.00000000     -10.00000000     -10.00000000     -10.00000000     -10.00000000     -10.00000000     -10.00000000     -10.00000000     -10.00000000     -10.00000000     -10.00000000     -10.00000000     -10.00000000     -10.00000000     -10.00000000     -10.00000000     -10.00000000     -10.00000000     -10.00000000
     -10.00000000     -10.00000000     -10.00000000     -10.00000000     -10.00000000     -10.00000000     -10.00000000     -10.00000000     -10.00000000     -10.00000000     -10.00000000
     -10.00000000     -10.00000000     -10.00000000     -10.00000000     -10.00000000     -10.00000000     -10.00000000     -10.00000000     -10.00000000     -10.00000000     -10.00000000     -10.00000000     -10.00000000     -10.00000000     -10.00000000     -10.00000000     -10.00000000     -10.00000000     -10.00000000     -10.00000000
     -10.00000000     -10.00000000     -10.00000000     -10.00000000     -10.00000000     -10.00000000     -10.00000000     -10.00000000     -10.00000000     -10.00000000     -10.00000000     -10.00000000     -10.00000000     -10.00000000     -10.00000000     -10.00000000     -10.00000000     -10.00000000     -10.00000000     -10.00000000
     -10.00000000     -10.00000000     -10.00000000     -10.00000000     -10.00000000     -10.00000000     -10.00000000     -10.00000000     -10.00000000     -10.00000000     -10.00000000     -10.00000000     -10.00000000     -10.00000000     -10.00000000     -10.00000000     -10.00000000     -10.00000000     -10.00000000     -10.00000000
     -10.00000000     -10.00000000     -10.00000000     -10.00000000     -10.00000000     -10.00000000     -10.00000000     -10.00000000     -10.00000000     -10.00000000     -10.00000000     -10.00000000     -10.00000000     -10.00000000     -10.00000000     -10.00000000     -10.00000000     -10.00000000     -10.00000000     -10.00000000
     -10.00000000     -10.00000000     -10.00000000     -10.00000000     -10.00000000     -10.00000000     -10.00000000     -10.00000000     -10.00000000     -10.00000000     -10.00000000     -10.00000000     -10.00000000     -10.00000000     -10.00000000     -10.00000000     -10.00000000     -10.00000000     -10.00000000     -10.00000000
     -10.00000000     -10.00000000     -10.00000000     -10.00000000     -10.00000000     -10.00000000     -10.00000000     -10.00000000     -10.00000000     -10.00000000     -10.00000000     -10.00000000     -10.00000000     -10.00000000     -10.00000000     -10.00000000     -10.00000000     -10.00000000     -10.00000000     -10.00000000
     -10.00000000     -10.00000000     -10.00000000     -10.00000000     -10.00000000     -10.00000000     -10.00000000     -10.00000000     -10.00000000     -10.00000000     -10.00000000     -10.00000000     -10.00000000     -10.00000000     -10.00000000     -10.00000000     -10.00000000     -10.00000000     -10.00000000     -10.00000000
     -10.00000000     -10.00000000     -10.00000000     -10.00000000     -10.00000000     -10.00000000     -10.00000000     -10.00000000     -10.00000000     -10.00000000     -10.00000000
     -10.00000000     -10.00000000     -10.00000000     -10.00000000     -10.00000000     -10.00000000     -10.00000000     -10.00000000     -10.00000000     -10.00000000     -10.00000000     -10.00000000     -10.00000000     -10.00000000     -10.00000000     -10.00000000     -10.00000000     -10.00000000     -10.00000000     -10.00000000
     -10.00000000     -10.00000000     -10.00000000     -10.00000000     -10.00000000     -10.00000000     -10.00000000     -10.00000000     -10.00000000     -10.00000000     -10.00000000     -10.00000000     -10.00000000     -10.00000000     -10.00000000     -10.00000000     -10.00000000     -10.00000000     -10.00000000     -10.00000000
     -10.00000000     -10.00000000     -10.00000000     -10.00000000     -10.00000000     -10.00000000     -10.00000000     -10.00000000     -10.00000000     -10.00000000     -10.00000000     -10.00000000     -10.00000000     -10.00000000     -10.00000000     -10.00000000     -10.00000000     -10.00000000     -10.00000000     -10.00000000
     -10.00000000     -10.00000000     -10.00000000     -10.00000000     -10.00000000     -10.00000000     -10.00000000     -10.00000000     -10.00000000     -10.00000000     -10.00000000     -10.00000000     -10.00000000     -10.00000000     -10.00000000     -10.00000000     -10.00000000     -10.00000000     -10.00000000     -10.00000000
     -10.00000000     -10.00000000     -10.00000000     -10.00000000     -10.00000000     -10.00000000     -10.00000000     -10.00000000     -10.00000000     -10.00000000     -10.00000000     -10.00000000     -10.00000000     -10.00000000     -10.00000000     -10.00000000     -10.00000000     -10.00000000     -10.00000000     -10.00000000
     -10.00000000     -10.00000000     -10.00000000     -10.00000000     -10.00000000     -10.00000000     -10.00000000     -10.00000000     -10.00000000     -10.00000000     -10.00000000     -10.00000000     -10.00000000     -10.00000000     -10.00000000     -10.00000000     -10.00000000     -10.00000000     -10.00000000     -10.00000000
     -10.00000000     -10.00000000     -10.00000000     -10.00000000     -10.00000000     -10.00000000     -10.00000000     -10.00000000     -10.00000000     -10.00000000     -10.00000000     -10.00000000     -10.00000000     -10.00000000     -10.00000000     -10.00000000     -10.00000000     -10.00000000     -10.00000000     -10.00000000
     -10.00000000     -10.00000000     -10.00000000     -10.00000000     -10.00000000     -10.00000000     -10.00000000     -10.00000000     -10.00000000     -10.00000000     -10.00000000
     -10.00000000     -10.00000000     -10.00000000     -10.00000000     -10.00000000     -10.00000000     -10.00000000     -10.00000000     -10.00000000     -10.00000000     -10.00000000     -10.00000000     -10.00000000     -10.00000000     -10.00000000     -10.00000000     -10.00000000     -10.00000000     -10.00000000     -10.00000000
     -10.00000000     -10.00000000     -10.00000000     -10.00000000     -10.00000000     -10.00000000     -10.00000000     -10.00000000     -10.00000000     -10.00000000     -10.00000000     -10.00000000     -10.00000000     -10.00000000     -10.00000000     -10.00000000     -10.00000000     -10.00000000     -10.00000000     -10.00000000
     -10.00000000     -10.00000000     -10.00000000     -10.00000000     -10.00000000     -10.00000000     -10.00000000     -10.00000000     -10.00000000     -10.00000000     -10.00000000     -10.00000000     -10.00000000     -10.00000000     -10.00000000     -10.00000000     -10.00000000     -10.00000000     -10.00000000     -10.00000000
     -10.00000000     -10.00000000     -10.00000000     -10.00000000     -10.00000000     -10.00000000     -10.00000000     -10.00000000     -10.00000000     -10.00000000     -10.00000000     -10.00000000     -10.00000000     -10.00000000     -10.00000000     -10.00000000     -10.00000000     -10.00000000     -10.00000000     -10.00000000
     -10.00000000     -10.00000000     -10.00000000     -10.00000000     -10.00000000     -10.00000000     -10.00000000     -10.00000000     -10.00000000     -10.00000000     -10.00000000     -10.00000000     -10.00000000     -10.00000000     -10.00000000     -10.00000000     -10.00000000     -10.00000000     -10.00000000     -10.00000000
     -10.00000000     -10.00000000     -10.00000000     -10.00000000     -10.00000000     -10.00000000     -10.00000000     -10.00000000     -10.00000000     -10.00000000     -10.00000000     -10.00000000     -10.00000000     -10.00000000     -10.00000000     -10.00000000     -10.00000000     -10.00000000     -10.00000000     -10.00000000
     -10.00000000     -10.00000000     -10.00000000     -10.00000000     -10.00000000     -10.00000000     -10.00000000     -10.00000000     -10.00000000     -10.00000000     -10.00000000     -10.00000000     -10.00000000     -10.00000000     -10.00000000     -10.00000000     -10.00000000     -10.00000000     -10.00000000     -10.00000000
     -10.00000000     -10.00000000     -10.00000000     -10.00000000     -10.00000000     -10.00000000     -10.00000000     -10.00000000     -10.00000000     -10.00000000     -10.00000000
     -10.00000000     -10.00000000     -10.00000000     -10.00000000     -10.00000000     -10.00000000     -10.00000000     -10.00000000     -10.00000000     -10.00000000     -10.00000000     -10.00000000     -10.00000000     -10.00000000     -10.00000000     -10.00000000     -10.00000000     -10.00000000     -10.00000000     -10.00000000
     -10.00000000     -10.00000000     -10.00000000     -10.00000000     -10.00000000     -10.00000000     -10.00000000     -10.00000000     -10.00000000     -10.00000000     -10.00000000     -10.00000000     -10.00000000     -10.00000000     -10.00000000     -10.00000000     -10.00000000     -10.00000000     -10.00000000     -10.00000000
     -10.00000000     -10.00000000     -10.00000000     -10.00000000     -10.00000000     -10.00000000     -10.00000000     -10.00000000     -10.00000000     -10.00000000     -10.00000000     -10.00000000     -10.00000000     -10.00000000     -10.00000000     -10.00000000     -10.00000000     -10.00000000     -10.00000000     -10.00000000
     -10.00000000     -10.00000000     -10.00000000     -10.00000000     -10.00000000     -10.00000000     -10.00000000     -10.00000000     -10.00000000     -10.00000000     -10.00000000     -10.00000000     -10.00000000     -10.00000000     -10.00000000     -10.00000000     -10.00000000     -10.00000000     -10.00000000     -10.00000000
     -10.00000000     -10.00000000     -10.00000000     -10.00000000     -10.00000000     -10.00000000     -10.00000000     -10.00000000     -10.00000000     -10.00000000     -10.00000000     -10.00000000     -10.00000000     -10.00000000     -10.00000000     -10.00000000     -10.00000000     -10.00000000     -10.00000000     -10.00000000
     -10.00000000     -10.00000000     -10.00000000     -10.00000000     -10.00000000     -10.00000000     -10.00000000     -10.00000000     -10.00000000     -10.00000000     -10.00000000     -10.00000000     -10.00000000     -10.00000000     -10.00000000     -10.00000000     -10.00000000     -10.00000000     -10.00000000     -10.00000000
     -10.00000000     -10.00000000     -10.00000000     -10.00000000     -10.00000000     -10.00000000     -10.00000000     -10.00000000     -10.00000000     -10.00000000     -10.00000000     -10.00000000     -10.00000000     -10.00000000     -10.00000000     -10.00000000     -10.00000000     -10.00000000     -10.00000000     -10.00000000
     -10.00000000     -10.00000000     -10.00000000     -10.00000000     -10.00000000     -10.00000000     -10.00000000     -10.00000000     -10.00000000     -10.00000000     -10.00000000
     -10.00000000     -10.00000000     -10.00000000     -10.00000000     -10.00000000     -10.00000000     -10.00000000     -10.00000000     -10.00000000     -10.00000000     -10.00000000     -10.00000000     -10.00000000     -10.00000000     -10.00000000     -10.00000000     -10.00000000     -10.00000000     -10.00000000     -10.00000000
     -10.00000000     -10.00000000     -10.00000000     -10.00000000     -10.00000000     -10.00000000     -10.00000000     -10.00000000     -10.00000000     -10.00000000     -10.00000000     -10.00000000     -10.00000000     -10.00000000     -10.00000000     -10.00000000     -10.00000000     -10.00000000     -10.00000000     -10.00000000
     -10.00000000     -10.00000000     -10.00000000     -10.00000000     -10.00000000     -10.00000000     -10.00000000     -10.00000000     -10.00000000     -10.00000000     -10.00000000     -10.00000000     -10.00000000     -10.00000000     -10.00000000     -10.00000000     -10.00000000     -10.00000000     -10.00000000     -10.00000000
     -10.00000000     -10.00000000     -10.00000000     -10.00000000     -10.00000000     -10.00000000     -10.00000000     -10.00000000     -10.00000000     -10.00000000     -10.00000000     -10.00000000     -10.00000000     -10.00000000     -10.00000000     -10.00000000     -10.00000000     -10.00000000     -10.00000000     -10.00000000
     -10.00000000     -10.00000000     -10.00000000     -10.00000000     -10.00000000     -10.00000000     -10.00000000     -10.00000000     -10.00000000     -10.00000000     -10.00000000     -10.00000000     -10.00000000     -10.00000000     -10.00000000     -10.00000000     -10.00000000     -10.00000000     -10.00000000     -10.00000000
     -10.00000000     -10.00000000     -10.00000000     -10.00000000     -10.00000000     -10.00000000     -10.00000000     -10.00000000     -10.00000000     -10.00000000     -10.00000000     -10.00000000     -10.00000000     -10.00000000     -10.00000000     -10.00000000     -10.00000000     -10.00000000     -10.00000000     -10.00000000
     -10.00000000     -10.00000000     -10.00000000     -10.00000000     -10.00000000     -10.00000000     -10.00000000     -10.00000000     -10.00000000     -10.00000000     -10.00000000     -10.00000000     -10.00000000     -10.00000000     -10.00000000     -10.00000000     -10.00000000     -10.00000000     -10.00000000     -10.00000000
     -10.00000000     -10.00000000     -10.00000000     -10.00000000     -10.00000000     -10.00000000     -10.00000000     -10.00000000     -10.00000000     -10.00000000     -10.00000000
     -10.00000000     -10.00000000     -10.00000000     -10.00000000     -10.00000000     -10.00000000     -10.00000000     -10.00000000     -10.00000000     -10.00000000     -10.00000000     -10.00000000     -10.00000000     -10.00000000     -10.00000000     -10.00000000     -10.00000000     -10.00000000     -10.00000000     -10.00000000
     -10.00000000     -10.00000000     -10.00000000     -10.00000000     -10.00000000     -10.00000000     -10.00000000     -10.00000000     -10.00000000     -10.00000000     -10.00000000     -10.00000000     -10.00000000     -10.00000000     -10.00000000     -10.00000000     -10.00000000     -10.00000000     -10.00000000     -10.00000000
     -10.00000000     -10.00000000     -10.00000000     -10.00000000     -10.00000000     -10.00000000     -10.00000000     -10.00000000     -10.00000000     -10.00000000     -10.00000000     -10.00000000     -10.00000000     -10.00000000     -10.00000000     -10.00000000     -10.00000000     -10.00000000     -10.00000000     -10.00000000
     -10.00000000     -10.00000000     -10.00000000     -10.00000000     -10.00000000     -10.00000000     -10.00000000     -10.00000000     -10.00000000     -10.00000000     -10.00000000     -10.00000000     -10.00000000     -10.00000000     -10.00000000     -10.00000000     -10.00000000     -10.00000000     -10.00000000     -10.00000000
     -10.00000000     -10.00000000     -10.00000000     -10.00000000     -10.00000000     -10.00000000     -10.00000000     -10.00000000     -10.00000000     -10.00000000     -10.00000000     -10.00000000     -10.00000000     -10.00000000     -10.00000000     -10.00000000     -10.00000000     -10.00000000     -10.00000000     -10.00000000
     -10.00000000     -10.00000000     -10.00000000     -10.00000000     -10.00000000     -10.00000000     -10.00000000     -10.00000000     -10.00000000     -10.00000000     -10.00000000     -10.00000000     -10.00000000     -10.00000000     -10.00000000     -10.00000000     -10.00000000     -10.00000000     -10.00000000     -10.00000000
     -10.00000000     -10.00000000     -10.00000000     -10.00000000     -10.00000000     -10.00000000     -10.00000000     -10.00000000     -10.00000000     -10.00000000     -10.00000000     -10.00000000     -10.00000000     -10.00000000     -10.00000000     -10.00000000     -10.00000000     -10.00000000     -10.00000000     -10.00000000
     -10.00000000     -10.00000000     -10.00000000     -10.00000000     -10.00000000     -10.00000000     -10.00000000     -10.00000000     -10.00000000     -10.00000000     -10.00000000
     -10.00000000     -10.00000000     -10.00000000     -10.00000000     -10.00000000     -10.00000000     -10.00000000     -10.00000000     -10.00000000     -10.00000000     -10.00000000     -10.00000000     -10.00000000     -10.00000000     -10.00000000     -10.00000000     -10.00000000     -10.00000000     -10.00000000     -10.00000000
     -10.00000000     -10.00000000     -10.00000000     -10.00000000     -10.00000000     -10.00000000     -10.00000000     -10.00000000     -10.00000000     -10.00000000     -10.00000000     -10.00000000     -10.00000000     -10.00000000     -10.00000000     -10.00000000     -10.00000000     -10.00000000     -10.00000000     -10.00000000
     -10.00000000     -10.00000000     -10.00000000     -10.00000000     -10.00000000     -10.00000000     -10.00000000     -10.00000000     -10.00000000     -10.00000000     -10.00000000     -10.00000000     -10.00000000     -10.00000000     -10.00000000     -10.00000000     -10.00000000     -10.00000000     -10.00000000     -10.00000000
     -10.00000000     -10.00000000     -10.00000000     -10.00000000     -10.00000000     -10.00000000     -10.00000000     -10.00000000     -10.00000000     -10.00000000     -10.00000000     -10.00000000     -10.00000000     -10.00000000     -10.00000000     -10.00000000     -10.00000000     -10.00000000     -10.00000000     -10.00000000
     -10.00000000     -10.00000000     -10.00000000     -10.00000000     -10.00000000     -10.00000000     -10.00000000     -10.00000000     -10.00000000     -10.00000000     -10.00000000     -10.00000000     -10.00000000     -10.00000000     -10.00000000     -10.00000000     -10.00000000     -10.00000000     -10.00000000     -10.00000000
     -10.00000000     -10.00000000     -10.00000000     -10.00000000     -10.00000000     -10.00000000     -10.00000000     -10.00000000     -10.00000000     -10.00000000     -10.00000000     -10.00000000     -10.00000000     -10.00000000     -10.00000000     -10.00000000     -10.00000000     -10.00000000     -10.00000000     -10.00000000
     -10.00000000     -10.00000000     -10.00000000     -10.00000000     -10.00000000     -10.00000000     -10.00000000     -10.00000000     -10.00000000     -10.00000000     -10.00000000     -10.00000000     -10.00000000     -10.00000000     -10.00000000     -10.00000000     -10.00000000     -10.00000000     -10.00000000     -10.00000000
     -10.00000000     -10.00000000     -10.00000000     -10.00000000     -10.00000000     -10.00000000     -10.00000000     -10.00000000     -10.00000000     -10.00000000     -10.00000000
     -10.00000000     -10.00000000     -10.00000000     -10.00000000     -10.00000000     -10.00000000     -10.00000000     -10.00000000     -10.00000000     -10.00000000     -10.00000000     -10.00000000     -10.00000000     -10.00000000     -10.00000000     -10.00000000     -10.00000000     -10.00000000     -10.00000000     -10.00000000
     -10.00000000     -10.00000000     -10.00000000     -10.00000000     -10.00000000     -10.00000000     -10.00000000     -10.00000000     -10.00000000     -10.00000000     -10.00000000     -10.00000000     -10.00000000     -10.00000000     -10.00000000     -10.00000000     -10.00000000     -10.00000000     -10.00000000     -10.00000000
     -10.00000000     -10.00000000     -10.00000000     -10.00000000     -10.00000000     -10.00000000     -10.00000000     -10.00000000     -10.00000000     -10.00000000     -10.00000000     -10.00000000     -10.00000000     -10.00000000     -10.00000000     -10.00000000     -10.00000000     -10.00000000     -10.00000000     -10.00000000
     -10.00000000     -10.00000000     -10.00000000     -10.00000000     -10.00000000     -10.00000000     -10.00000000     -10.00000000     -10.00000000     -10.00000000     -10.00000000     -10.00000000     -10.00000000     -10.00000000     -10.00000000     -10.00000000     -10.00000000     -10.00000000     -10.00000000     -10.00000000
     -10.00000000     -10.00000000     -10.00000000     -10.00000000     -10.00000000     -10.00000000     -10.00000000     -10.00000000     -10.00000000     -10.00000000     -10.00000000     -10.00000000     -10.00000000     -10.00000000     -10.00000000     -10.00000000     -10.00000000     -10.00000000     -10.00000000     -10.00000000
     -10.00000000     -10.00000000     -10.00000000     -10.00000000     -10.00000000     -10.00000000     -10.00000000     -10.00000000     -10.00000000     -10.00000000     -10.00000000     -10.00000000     -10.00000000     -10.00000000     -10.00000000     -10.00000000     -10.00000000     -10.00000000     -10.00000000     -10.00000000
     -10.00000000     -10.00000000     -10.00000000     -10.00000000     -10.00000000     -10.00000000     -10.00000000     -10.00000000     -10.00000000     -10.00000000     -10.00000000     -10.00000000     -10.00000000     -10.00000000     -10.00000000     -10.00000000     -10.00000000     -10.00000000     -10.00000000     -10.00000000
     -10.00000000     -10.00000000     -10.00000000     -10.00000000     -10.00000000     -10.00000000     -10.00000000     -10.00000000     -10.00000000     -10.00000000     -10.00000000
     -10.00000000     -10.00000000     -10.00000000     -10.00000000     -10.00000000     -10.00000000     -10.00000000     -10.00000000     -10.00000000     -10.00000000     -10.00000000     -10.00000000     -10.00000000     -10.00000000     -10.00000000     -10.00000000     -10.00000000     -10.00000000     -10.00000000     -10.00000000
     -10.00000000     -10.00000000     -10.00000000     -10.00000000     -10.00000000     -10.00000000     -10.00000000     -10.00000000     -10.00000000     -10.00000000     -10.00000000     -10.00000000     -10.00000000     -10.00000000     -10.00000000     -10.00000000     -10.00000000     -10.00000000     -10.00000000     -10.00000000
     -10.00000000     -10.00000000     -10.00000000     -10.00000000     -10.00000000     -10.00000000     -10.00000000     -10.00000000     -10.00000000     -10.00000000     -10.00000000     -10.00000000     -10.00000000     -10.00000000     -10.00000000     -10.00000000     -10.00000000     -10.00000000     -10.00000000     -10.00000000
     -10.00000000     -10.00000000     -10.00000000     -10.00000000     -10.00000000     -10.00000000     -10.00000000     -10.00000000     -10.00000000     -10.00000000     -10.00000000     -10.00000000     -10.00000000     -10.00000000     -10.00000000     -10.00000000     -10.00000000     -10.00000000     -10.00000000     -10.00000000
     -10.00000000     -10.00000000     -10.00000000     -10.00000000     -10.00000000     -10.00000000     -10.00000000     -10.00000000     -10.00000000     -10.00000000     -10.00000000     -10.00000000     -10.00000000     -10.00000000     -10.00000000     -10.00000000     -10.00000000     -10.00000000     -10.00000000     -10.00000000
     -10.00000000     -10.00000000     -10.00000000     -10.00000000     -10.00000000     -10.00000000     -10.00000000     -10.00000000     -10.00000000     -10.00000000     -10.00000000     -10.00000000     -10.00000000     -10.00000000     -10.00000000     -10.00000000     -10.00000000     -10.00000000     -10.00000000     -10.00000000
     -10.00000000     -10.00000000     -10.00000000     -10.00000000     -10.00000000     -10.00000000     -10.00000000     -10.00000000     -10.00000000     -10.00000000     -10.00000000     -10.00000000     -10.00000000     -10.00000000     -10.00000000     -10.00000000     -10.00000000     -10.00000000     -10.00000000     -10.00000000
     -10.00000000     -10.00000000     -10.00000000     -10.00000000     -10.00000000     -10.00000000     -10.00000000     -10.00000000     -10.00000000     -10.00000000     -10.00000000
     -10.00000000     -10.00000000     -10.00000000     -10.00000000     -10.00000000     -10.00000000     -10.00000000     -10.00000000     -10.00000000     -10.00000000     -10.00000000     -10.00000000     -10.00000000     -10.00000000     -10.00000000     -10.00000000     -10.00000000     -10.00000000     -10.00000000     -10.00000000
     -10.00000000     -10.00000000     -10.00000000     -10.00000000     -10.00000000     -10.00000000     -10.00000000     -10.00000000     -10.00000000     -10.00000000     -10.00000000     -10.00000000     -10.00000000     -10.00000000     -10.00000000     -10.00000000     -10.00000000     -10.00000000     -10.00000000     -10.00000000
     -10.00000000     -10.00000000     -10.00000000     -10.00000000     -10.00000000     -10.00000000     -10.00000000     -10.00000000     -10.00000000     -10.00000000     -10.00000000     -10.00000000     -10.00000000     -10.00000000     -10.00000000     -10.00000000     -10.00000000     -10.00000000     -10.00000000     -10.00000000
     -10.00000000     -10.00000000     -10.00000000     -10.00000000     -10.00000000     -10.00000000     -10.00000000     -10.00000000     -10.00000000     -10.00000000     -10.00000000     -10.00000000     -10.00000000     -10.00000000     -10.00000000     -10.00000000     -10.00000000     -10.00000000     -10.00000000     -10.00000000
     -10.00000000     -10.00000000     -10.00000000     -10.00000000     -10.00000000     -10.00000000     -10.00000000     -10.00000000     -10.00000000     -10.00000000     -10.00000000     -10.00000000     -10.00000000     -10.00000000     -10.00000000     -10.00000000     -10.00000000     -10.00000000     -10.00000000     -10.00000000
     -10.00000000     -10.00000000     -10.00000000     -10.00000000     -10.00000000     -10.00000000     -10.00000000     -10.00000000     -10.00000000     -10.00000000     -10.00000000     -10.00000000     -10.00000000     -10.00000000     -10.00000000     -10.00000000     -10.00000000     -10.00000000     -10.00000000     -10.00000000
     -10.00000000     -10.00000000     -10.00000000     -10.00000000     -10.00000000     -10.00000000     -10.00000000     -10.00000000     -10.00000000     -10.00000000     -10.00000000     -10.00000000     -10.00000000     -10.00000000     -10.00000000     -10.00000000     -10.00000000     -10.00000000     -10.00000000     -10.00000000
     -10.00000000     -10.00000000     -10.00000000     -10.00000000     -10.00000000     -10.00000000     -10.00000000     -10.00000000     -10.00000000     -10.00000000     -10.00000000
     -10.00000000     -10.00000000     -10.00000000     -10.00000000     -10.00000000     -10.00000000     -10.00000000     -10.00000000     -10.00000000     -10.00000000     -10.00000000     -10.00000000     -10.00000000     -10.00000000     -10.00000000     -10.00000000     -10.00000000     -10.00000000     -10.00000000     -10.00000000
     -10.00000000     -10.00000000     -10.00000000     -10.00000000     -10.00000000     -10.00000000     -10.00000000     -10.00000000     -10.00000000     -10.00000000     -10.00000000     -10.00000000     -10.00000000     -10.00000000     -10.00000000     -10.00000000     -10.00000000     -10.00000000     -10.00000000     -10.00000000
     -10.00000000     -10.00000000     -10.00000000     -10.00000000     -10.00000000     -10.00000000     -10.00000000     -10.00000000     -10.00000000     -10.00000000     -10.00000000     -10.00000000     -10.00000000     -10.00000000     -10.00000000     -10.00000000     -10.00000000     -10.00000000     -10.00000000     -10.00000000
     -10.00000000     -10.00000000     -10.00000000     -10.00000000     -10.00000000     -10.00000000     -10.00000000     -10.00000000     -10.00000000     -10.00000000     -10.00000000     -10.00000000     -10.00000000     -10.00000000     -10.00000000     -10.00000000     -10.00000000     -10.00000000     -10.00000000     -10.00000000
     -10.00000000     -10.00000000     -10.00000000     -10.00000000     -10.00000000     -10.00000000     -10.00000000     -10.00000000     -10.00000000     -10.00000000     -10.00000000     -10.00000000     -10.00000000     -10.00000000     -10.00000000     -10.00000000     -10.00000000     -10.00000000     -10.00000000     -10.00000000
     -10.00000000     -10.00000000     -10.00000000     -10.00000000     -10.00000000     -10.00000000     -10.00000000     -10.00000000     -10.00000000     -10.00000000     -10.00000000     -10.00000000     -10.00000000     -10.00000000     -10.00000000     -10.00000000     -10.00000000     -10.00000000     -10.00000000     -10.00000000
     -10.00000000     -10.00000000     -10.00000000     -10.00000000     -10.00000000     -10.00000000     -10.00000000     -10.00000000     -10.00000000     -10.00000000     -10.00000000     -10.00000000     -10.00000000     -10.00000000     -10.00000000     -10.00000000     -10.00000000     -10.00000000     -10.00000000     -10.00000000
     -10.00000000     -10.00000000     -10.00000000     -10.00000000     -10.00000000     -10.00000000     -10.00000000     -10.00000000     -10.00000000     -10.00000000     -10.00000000
     -10.00000000     -10.00000000     -10.00000000     -10.00000000     -10.00000000     -10.00000000     -10.00000000     -10.00000000     -10.00000000     -10.00000000     -10.00000000     -10.00000000     -10.00000000     -10.00000000     -10.00000000     -10.00000000     -10.00000000     -10.00000000     -10.00000000     -10.00000000
     -10.00000000     -10.00000000     -10.00000000     -10.00000000     -10.00000000     -10.00000000     -10.00000000     -10.00000000     -10.00000000     -10.00000000     -10.00000000     -10.00000000     -10.00000000     -10.00000000     -10.00000000     -10.00000000     -10.00000000     -10.00000000     -10.00000000     -10.00000000
     -10.00000000     -10.00000000     -10.00000000     -10.00000000     -10.00000000     -10.00000000     -10.00000000     -10.00000000     -10.00000000     -10.00000000     -10.00000000     -10.00000000     -10.00000000     -10.00000000     -10.00000000     -10.00000000     -10.00000000     -10.00000000     -10.00000000     -10.00000000
     -10.00000000     -10.00000000     -10.00000000     -10.00000000     -10.00000000     -10.00000000     -10.00000000     -10.00000000     -10.00000000     -10.00000000     -10.00000000     -10.00000000     -10.00000000     -10.00000000     -10.00000000     -10.00000000     -10.00000000     -10.00000000     -10.00000000     -10.00000000
     -10.00000000     -10.00000000     -10.00000000     -10.00000000     -10.00000000     -10.00000000     -10.00000000     -10.00000000     -10.00000000     -10.00000000     -10.00000000     -10.00000000     -10.00000000     -10.00000000     -10.00000000     -10.00000000     -10.00000000     -10.00000000     -10.00000000     -10.00000000
     -10.00000000     -10.00000000     -10.00000000     -10.00000000     -10.00000000     -10.00000000     -10.00000000     -10.00000000     -10.00000000     -10.00000000     -10.00000000     -10.00000000     -10.00000000     -10.00000000     -10.00000000     -10.00000000     -10.00000000     -10.00000000     -10.00000000     -10.00000000
     -10.00000000     -10.00000000     -10.00000000     -10.00000000     -10.00000000     -10.00000000     -10.00000000     -10.00000000     -10.00000000     -10.00000000     -10.00000000     -10.00000000     -10.00000000     -10.00000000     -10.00000000     -10.00000000     -10.00000000     -10.00000000     -10.00000000     -10.00000000
     -10.00000000     -10.00000000     -10.00000000     -10.00000000     -10.00000000     -10.00000000     -10.00000000     -10.00000000     -10.00000000     -10.00000000     -10.00000000
     -10.00000000     -10.00000000     -10.00000000     -10.00000000     -10.00000000     -10.00000000     -10.00000000     -10.00000000     -10.00000000     -10.00000000     -10.00000000     -10.00000000     -10.00000000     -10.00000000     -10.00000000     -10.00000000     -10.00000000     -10.00000000     -10.00000000     -10.00000000
     -10.00000000     -10.00000000     -10.00000000     -10.00000000     -10.00000000     -10.00000000     -10.00000000     -10.00000000     -10.00000000     -10.00000000     -10.00000000     -10.00000000     -10.00000000     -10.00000000     -10.00000000     -10.00000000     -10.00000000     -10.00000000     -10.00000000     -10.00000000
     -10.00000000     -10.00000000     -10.00000000     -10.00000000     -10.00000000     -10.00000000     -10.00000000     -10.00000000     -10.00000000     -10.00000000     -10.00000000     -10.00000000     -10.00000000     -10.00000000     -10.00000000     -10.00000000     -10.00000000     -10.00000000     -10.00000000     -10.00000000
     -10.00000000     -10.00000000     -10.00000000     -10.00000000     -10.00000000     -10.00000000     -10.00000000     -10.00000000     -10.00000000     -10.00000000     -10.00000000     -10.00000000     -10.00000000     -10.00000000     -10.00000000     -10.00000000     -10.00000000     -10.00000000     -10.00000000     -10.00000000
     -10.00000000     -10.00000000     -10.00000000     -10.00000000     -10.00000000     -10.00000000     -10.00000000     -10.00000000     -10.00000000     -10.00000000     -10.00000000     -10.00000000     -10.00000000     -10.00000000     -10.00000000     -10.00000000     -10.00000000     -10.00000000     -10.00000000     -10.00000000
     -10.00000000     -10.00000000     -10.00000000     -10.00000000     -10.00000000     -10.00000000     -10.00000000     -10.00000000     -10.00000000     -10.00000000     -10.00000000     -10.00000000     -10.00000000     -10.00000000     -10.00000000     -10.00000000     -10.00000000     -10.00000000     -10.00000000     -10.00000000
     -10.00000000     -10.00000000     -10.00000000     -10.00000000     -10.00000000     -10.00000000     -10.00000000     -10.00000000     -10.00000000     -10.00000000     -10.00000000     -10.00000000     -10.00000000     -10.00000000     -10.00000000     -10.00000000     -10.00000000     -10.00000000     -10.00000000     -10.00000000
     -10.00000000     -10.00000000     -10.00000000     -10.00000000     -10.00000000     -10.00000000     -10.00000000     -10.00000000     -10.00000000     -10.00000000     -10.00000000
     -10.00000000     -10.00000000     -10.00000000     -10.00000000     -10.00000000     -10.00000000     -10.00000000     -10.00000000     -10.00000000     -10.00000000     -10.00000000     -10.00000000     -10.00000000     -10.00000000     -10.00000000     -10.00000000     -10.00000000     -10.00000000     -10.00000000     -10.00000000
     -10.00000000     -10.00000000     -10.00000000     -10.00000000     -10.00000000     -10.00000000     -10.00000000     -10.00000000     -10.00000000     -10.00000000     -10.00000000     -10.00000000     -10.00000000     -10.00000000     -10.00000000     -10.00000000     -10.00000000     -10.00000000     -10.00000000     -10.00000000
     -10.00000000     -10.00000000     -10.00000000     -10.00000000     -10.00000000     -10.00000000     -10.00000000     -10.00000000     -10.00000000     -10.00000000     -10.00000000     -10.00000000     -10.00000000     -10.00000000     -10.00000000     -10.00000000     -10.00000000     -10.00000000     -10.00000000     -10.00000000
     -10.00000000     -10.00000000     -10.00000000     -10.00000000     -10.00000000     -10.00000000     -10.00000000     -10.00000000     -10.00000000     -10.00000000     -10.00000000     -10.00000000     -10.00000000     -10.00000000     -10.00000000     -10.00000000     -10.00000000     -10.00000000     -10.00000000     -10.00000000
     -10.00000000     -10.00000000     -10.00000000     -10.00000000     -10.00000000     -10.00000000     -10.00000000     -10.00000000     -10.00000000     -10.00000000     -10.00000000     -10.00000000     -10.00000000     -10.00000000     -10.00000000     -10.00000000     -10.00000000     -10.00000000     -10.00000000     -10.00000000
     -10.00000000     -10.00000000     -10.00000000     -10.00000000     -10.00000000     -10.00000000     -10.00000000     -10.00000000     -10.00000000     -10.00000000     -10.00000000     -10.00000000     -10.00000000     -10.00000000     -10.00000000     -10.00000000     -10.00000000     -10.00000000     -10.00000000     -10.00000000
     -10.00000000     -10.00000000     -10.00000000     -10.00000000     -10.00000000     -10.00000000     -10.00000000     -10.00000000     -10.00000000     -10.00000000     -10.00000000     -10.00000000     -10.00000000     -10.00000000     -10.00000000     -10.00000000     -10.00000000     -10.00000000     -10.00000000     -10.00000000
     -10.00000000     -10.00000000     -10.00000000     -10.00000000     -10.00000000     -10.00000000     -10.00000000     -10.00000000     -10.00000000     -10.00000000     -10.00000000
     -10.00000000     -10.00000000     -10.00000000     -10.00000000     -10.00000000     -10.00000000     -10.00000000     -10.00000000     -10.00000000     -10.00000000     -10.00000000     -10.00000000     -10.00000000     -10.00000000     -10.00000000     -10.00000000     -10.00000000     -10.00000000     -10.00000000     -10.00000000
     -10.00000000     -10.00000000     -10.00000000     -10.00000000     -10.00000000     -10.00000000     -10.00000000     -10.00000000     -10.00000000     -10.00000000     -10.00000000     -10.00000000     -10.00000000     -10.00000000     -10.00000000     -10.00000000     -10.00000000     -10.00000000     -10.00000000     -10.00000000
     -10.00000000     -10.00000000     -10.00000000     -10.00000000     -10.00000000     -10.00000000     -10.00000000     -10.00000000     -10.00000000     -10.00000000     -10.00000000     -10.00000000     -10.00000000     -10.00000000     -10.00000000     -10.00000000     -10.00000000     -10.00000000     -10.00000000     -10.00000000
     -10.00000000     -10.00000000     -10.00000000     -10.00000000     -10.00000000     -10.00000000     -10.00000000     -10.00000000     -10.00000000     -10.00000000     -10.00000000     -10.00000000     -10.00000000     -10.00000000     -10.00000000     -10.00000000     -10.00000000     -10.00000000     -10.00000000     -10.00000000
     -10.00000000     -10.00000000     -10.00000000     -10.00000000     -10.00000000     -10.00000000     -10.00000000     -10.00000000     -10.00000000     -10.00000000     -10.00000000     -10.00000000     -10.00000000     -10.00000000     -10.00000000     -10.00000000     -10.00000000     -10.00000000     -10.00000000     -10.00000000
     -10.00000000     -10.00000000     -10.00000000     -10.00000000     -10.00000000     -10.00000000     -10.00000000     -10.00000000     -10.00000000     -10.00000000     -10.00000000     -10.00000000     -10.00000000     -10.00000000     -10.00000000     -10.00000000     -10.00000000     -10.00000000     -10.00000000     -10.00000000
     -10.00000000     -10.00000000     -10.00000000     -10.00000000     -10.00000000     -10.00000000     -10.00000000     -10.00000000     -10.00000000     -10.00000000     -10.00000000     -10.00000000     -10.00000000     -10.00000000     -10.00000000     -10.00000000     -10.00000000     -10.00000000     -10.00000000     -10.00000000
     -10.00000000     -10.00000000     -10.00000000     -10.00000000     -10.00000000     -10.00000000     -10.00000000     -10.00000000     -10.00000000     -10.00000000     -10.00000000
     -10.00000000     -10.00000000     -10.00000000     -10.00000000     -10.00000000     -10.00000000     -10.00000000     -10.00000000     -10.00000000     -10.00000000     -10.00000000     -10.00000000     -10.00000000     -10.00000000     -10.00000000     -10.00000000     -10.00000000     -10.00000000     -10.00000000     -10.00000000
     -10.00000000     -10.00000000     -10.00000000     -10.00000000     -10.00000000     -10.00000000     -10.00000000     -10.00000000     -10.00000000     -10.00000000     -10.00000000     -10.00000000     -10.00000000     -10.00000000     -10.00000000     -10.00000000     -10.00000000     -10.00000000     -10.00000000     -10.00000000
     -10.00000000     -10.00000000     -10.00000000     -10.00000000     -10.00000000     -10.00000000     -10.00000000     -10.00000000     -10.00000000     -10.00000000     -10.00000000     -10.00000000     -10.00000000     -10.00000000     -10.00000000     -10.00000000     -10.00000000     -10.00000000     -10.00000000     -10.00000000
     -10.00000000     -10.00000000     -10.00000000     -10.00000000     -10.00000000     -10.00000000     -10.00000000     -10.00000000     -10.00000000     -10.00000000     -10.00000000     -10.00000000     -10.00000000     -10.00000000     -10.00000000     -10.00000000     -10.00000000     -10.00000000     -10.00000000     -10.00000000
     -10.00000000     -10.00000000     -10.00000000     -10.00000000     -10.00000000     -10.00000000     -10.00000000     -10.00000000     -10.00000000     -10.00000000     -10.00000000     -10.00000000     -10.00000000     -10.00000000     -10.00000000     -10.00000000     -10.00000000     -10.00000000     -10.00000000     -10.00000000
     -10.00000000     -10.00000000     -10.00000000     -10.00000000     -10.00000000     -10.00000000     -10.00000000     -10.00000000     -10.00000000     -10.00000000     -10.00000000     -10.00000000     -10.00000000     -10.00000000     -10.00000000     -10.00000000     -10.00000000     -10.00000000     -10.00000000     -10.00000000
     -10.00000000     -10.00000000     -10.00000000     -10.00000000     -10.00000000     -10.00000000     -10.00000000     -10.00000000     -10.00000000     -10.00000000     -10.00000000     -10.00000000     -10.00000000     -10.00000000     -10.00000000     -10.00000000     -10.00000000     -10.00000000     -10.00000000     -10.00000000
     -10.00000000     -10.00000000     -10.00000000     -10.00000000     -10.00000000     -10.00000000     -10.00000000     -10.00000000     -10.00000000     -10.00000000     -10.00000000
     -10.00000000     -10.00000000     -10.00000000     -10.00000000     -10.00000000     -10.00000000     -10.00000000     -10.00000000     -10.00000000     -10.00000000     -10.00000000     -10.00000000     -10.00000000     -10.00000000     -10.00000000     -10.00000000     -10.00000000     -10.00000000     -10.00000000     -10.00000000
     -10.00000000     -10.00000000     -10.00000000     -10.00000000     -10.00000000     -10.00000000     -10.00000000     -10.00000000     -10.00000000     -10.00000000     -10.00000000     -10.00000000     -10.00000000     -10.00000000     -10.00000000     -10.00000000     -10.00000000     -10.00000000     -10.00000000     -10.00000000
     -10.00000000     -10.00000000     -10.00000000     -10.00000000     -10.00000000     -10.00000000     -10.00000000     -10.00000000     -10.00000000     -10.00000000     -10.00000000     -10.00000000     -10.00000000     -10.00000000     -10.00000000     -10.00000000     -10.00000000     -10.00000000     -10.00000000     -10.00000000
     -10.00000000     -10.00000000     -10.00000000     -10.00000000     -10.00000000     -10.00000000     -10.00000000     -10.00000000     -10.00000000     -10.00000000     -10.00000000     -10.00000000     -10.00000000     -10.00000000     -10.00000000     -10.00000000     -10.00000000     -10.00000000     -10.00000000     -10.00000000
     -10.00000000     -10.00000000     -10.00000000     -10.00000000     -10.00000000     -10.00000000     -10.00000000     -10.00000000     -10.00000000     -10.00000000     -10.00000000     -10.00000000     -10.00000000     -10.00000000     -10.00000000     -10.00000000     -10.00000000     -10.00000000     -10.00000000     -10.00000000
     -10.00000000     -10.00000000     -10.00000000     -10.00000000     -10.00000000     -10.00000000     -10.00000000     -10.00000000     -10.00000000     -10.00000000     -10.00000000     -10.00000000     -10.00000000     -10.00000000     -10.00000000     -10.00000000     -10.00000000     -10.00000000     -10.00000000     -10.00000000
     -10.00000000     -10.00000000     -10.00000000     -10.00000000     -10.00000000     -10.00000000     -10.00000000     -10.00000000     -10.00000000     -10.00000000     -10.00000000     -10.00000000     -10.00000000     -10.00000000     -10.00000000     -10.00000000     -10.00000000     -10.00000000     -10.00000000     -10.00000000
     -10.00000000     -10.00000000     -10.00000000     -10.00000000     -10.00000000     -10.00000000     -10.00000000     -10.00000000     -10.00000000     -10.00000000     -10.00000000
     -10.00000000     -10.00000000     -10.00000000     -10.00000000     -10.00000000     -10.00000000     -10.00000000     -10.00000000     -10.00000000     -10.00000000     -10.00000000     -10.00000000     -10.00000000     -10.00000000     -10.00000000     -10.00000000     -10.00000000     -10.00000000     -10.00000000     -10.00000000
     -10.00000000     -10.00000000     -10.00000000     -10.00000000     -10.00000000     -10.00000000     -10.00000000     -10.00000000     -10.00000000     -10.00000000     -10.00000000     -10.00000000     -10.00000000     -10.00000000     -10.00000000     -10.00000000     -10.00000000     -10.00000000     -10.00000000     -10.00000000
     -10.00000000     -10.00000000     -10.00000000     -10.00000000     -10.00000000     -10.00000000     -10.00000000     -10.00000000     -10.00000000     -10.00000000     -10.00000000     -10.00000000     -10.00000000     -10.00000000     -10.00000000     -10.00000000     -10.00000000     -10.00000000     -10.00000000     -10.00000000
     -10.00000000     -10.00000000     -10.00000000     -10.00000000     -10.00000000     -10.00000000     -10.00000000     -10.00000000     -10.00000000     -10.00000000     -10.00000000     -10.00000000     -10.00000000     -10.00000000     -10.00000000     -10.00000000     -10.00000000     -10.00000000     -10.00000000     -10.00000000
     -10.00000000     -10.00000000     -10.00000000     -10.00000000     -10.00000000     -10.00000000     -10.00000000     -10.00000000     -10.00000000     -10.00000000     -10.00000000     -10.00000000     -10.00000000     -10.00000000     -10.00000000     -10.00000000     -10.00000000     -10.00000000     -10.00000000     -10.00000000
     -10.00000000     -10.00000000     -10.00000000     -10.00000000     -10.00000000     -10.00000000     -10.00000000     -10.00000000     -10.00000000     -10.00000000     -10.00000000     -10.00000000     -10.00000000     -10.00000000     -10.00000000     -10.00000000     -10.00000000     -10.00000000     -10.00000000     -10.00000000
     -10.00000000     -10.00000000     -10.00000000     -10.00000000     -10.00000000     -10.00000000     -10.00000000     -10.00000000     -10.00000000     -10.00000000     -10.00000000     -10.00000000     -10.00000000     -10.00000000     -10.00000000     -10.00000000     -10.00000000     -10.00000000     -10.00000000     -10.00000000
     -10.00000000     -10.00000000     -10.00000000     -10.00000000     -10.00000000     -10.00000000     -10.00000000     -10.00000000     -10.00000000     -10.00000000     -10.00000000
     -10.00000000     -10.00000000     -10.00000000     -10.00000000     -10.00000000     -10.00000000     -10.00000000     -10.00000000     -10.00000000     -10.00000000     -10.00000000     -10.00000000     -10.00000000     -10.00000000     -10.00000000     -10.00000000     -10.00000000     -10.00000000     -10.00000000     -10.00000000
     -10.00000000     -10.00000000     -10.00000000     -10.00000000     -10.00000000     -10.00000000     -10.00000000     -10.00000000     -10.00000000     -10.00000000     -10.00000000     -10.00000000     -10.00000000     -10.00000000     -10.00000000     -10.00000000     -10.00000000     -10.00000000     -10.00000000     -10.00000000
     -10.00000000     -10.00000000     -10.00000000     -10.00000000     -10.00000000     -10.00000000     -10.00000000     -10.00000000     -10.00000000     -10.00000000     -10.00000000     -10.00000000     -10.00000000     -10.00000000     -10.00000000     -10.00000000     -10.00000000     -10.00000000     -10.00000000     -10.00000000
     -10.00000000     -10.00000000     -10.00000000     -10.00000000     -10.00000000     -10.00000000     -10.00000000     -10.00000000     -10.00000000     -10.00000000     -10.00000000     -10.00000000     -10.00000000     -10.00000000     -10.00000000     -10.00000000     -10.00000000     -10.00000000     -10.00000000     -10.00000000
     -10.00000000     -10.00000000     -10.00000000     -10.00000000     -10.00000000     -10.00000000     -10.00000000     -10.00000000     -10.00000000     -10.00000000     -10.00000000     -10.00000000     -10.00000000     -10.00000000     -10.00000000     -10.00000000     -10.00000000     -10.00000000     -10.00000000     -10.00000000
     -10.00000000     -10.00000000     -10.00000000     -10.00000000     -10.00000000     -10.00000000     -10.00000000     -10.00000000     -10.00000000     -10.00000000     -10.00000000     -10.00000000     -10.00000000     -10.00000000     -10.00000000     -10.00000000     -10.00000000     -10.00000000     -10.00000000     -10.00000000
     -10.00000000     -10.00000000     -10.00000000     -10.00000000     -10.00000000     -10.00000000     -10.00000000     -10.00000000     -10.00000000     -10.00000000     -10.00000000     -10.00000000     -10.00000000     -10.00000000     -10.00000000     -10.00000000     -10.00000000     -10.00000000     -10.00000000     -10.00000000
     -10.00000000     -10.00000000     -10.00000000     -10.00000000     -10.00000000     -10.00000000     -10.00000000     -10.00000000     -10.00000000     -10.00000000     -10.00000000
     -10.00000000     -10.00000000     -10.00000000     -10.00000000     -10.00000000     -10.00000000     -10.00000000     -10.00000000     -10.00000000     -10.00000000     -10.00000000     -10.00000000     -10.00000000     -10.00000000     -10.00000000     -10.00000000     -10.00000000     -10.00000000     -10.00000000     -10.00000000
     -10.00000000     -10.00000000     -10.00000000     -10.00000000     -10.00000000     -10.00000000     -10.00000000     -10.00000000     -10.00000000     -10.00000000     -10.00000000     -10.00000000     -10.00000000     -10.00000000     -10.00000000     -10.00000000     -10.00000000     -10.00000000     -10.00000000     -10.00000000
     -10.00000000     -10.00000000     -10.00000000     -10.00000000     -10.00000000     -10.00000000     -10.00000000     -10.00000000     -10.00000000     -10.00000000     -10.00000000     -10.00000000     -10.00000000     -10.00000000     -10.00000000     -10.00000000     -10.00000000     -10.00000000     -10.00000000     -10.00000000
     -10.00000000     -10.00000000     -10.00000000     -10.00000000     -10.00000000     -10.00000000     -10.00000000     -10.00000000     -10.00000000     -10.00000000     -10.00000000     -10.00000000     -10.00000000     -10.00000000     -10.00000000     -10.00000000     -10.00000000     -10.00000000     -10.00000000     -10.00000000
     -10.00000000     -10.00000000     -10.00000000     -10.00000000     -10.00000000     -10.00000000     -10.00000000     -10.00000000     -10.00000000     -10.00000000     -10.00000000     -10.00000000     -10.00000000     -10.00000000     -10.00000000     -10.00000000     -10.00000000     -10.00000000     -10.00000000     -10.00000000
     -10.00000000     -10.00000000     -10.00000000     -10.00000000     -10.00000000     -10.00000000     -10.00000000     -10.00000000     -10.00000000     -10.00000000     -10.00000000     -10.00000000     -10.00000000     -10.00000000     -10.00000000     -10.00000000     -10.00000000     -10.00000000     -10.00000000     -10.00000000
     -10.00000000     -10.00000000     -10.00000000     -10.00000000     -10.00000000     -10.00000000     -10.00000000     -10.00000000     -10.00000000     -10.00000000     -10.00000000     -10.00000000     -10.00000000     -10.00000000     -10.00000000     -10.00000000     -10.00000000     -10.00000000     -10.00000000     -10.00000000
     -10.00000000     -10.00000000     -10.00000000     -10.00000000     -10.00000000     -10.00000000     -10.00000000     -10.00000000     -10.00000000     -10.00000000     -10.00000000
     -10.00000000     -10.00000000     -10.00000000     -10.00000000     -10.00000000     -10.00000000     -10.00000000     -10.00000000     -10.00000000     -10.00000000     -10.00000000     -10.00000000     -10.00000000     -10.00000000     -10.00000000     -10.00000000     -10.00000000     -10.00000000     -10.00000000     -10.00000000
     -10.00000000     -10.00000000     -10.00000000     -10.00000000     -10.00000000     -10.00000000     -10.00000000     -10.00000000     -10.00000000     -10.00000000     -10.00000000     -10.00000000     -10.00000000     -10.00000000     -10.00000000     -10.00000000     -10.00000000     -10.00000000     -10.00000000     -10.00000000
     -10.00000000     -10.00000000     -10.00000000     -10.00000000     -10.00000000     -10.00000000     -10.00000000     -10.00000000     -10.00000000     -10.00000000     -10.00000000     -10.00000000     -10.00000000     -10.00000000     -10.00000000     -10.00000000     -10.00000000     -10.00000000     -10.00000000     -10.00000000
     -10.00000000     -10.00000000     -10.00000000     -10.00000000     -10.00000000     -10.00000000     -10.00000000     -10.00000000     -10.00000000     -10.00000000     -10.00000000     -10.00000000     -10.00000000     -10.00000000     -10.00000000     -10.00000000     -10.00000000     -10.00000000     -10.00000000     -10.00000000
     -10.00000000     -10.00000000     -10.00000000     -10.00000000     -10.00000000     -10.00000000     -10.00000000     -10.00000000     -10.00000000     -10.00000000     -10.00000000     -10.00000000     -10.00000000     -10.00000000     -10.00000000     -10.00000000     -10.00000000     -10.00000000     -10.00000000     -10.00000000
     -10.00000000     -10.00000000     -10.00000000     -10.00000000     -10.00000000     -10.00000000     -10.00000000     -10.00000000     -10.00000000     -10.00000000     -10.00000000     -10.00000000     -10.00000000     -10.00000000     -10.00000000     -10.00000000     -10.00000000     -10.00000000     -10.00000000     -10.00000000
     -10.00000000     -10.00000000     -10.00000000     -10.00000000     -10.00000000     -10.00000000     -10.00000000     -10.00000000     -10.00000000     -10.00000000     -10.00000000     -10.00000000     -10.00000000     -10.00000000     -10.00000000     -10.00000000     -10.00000000     -10.00000000     -10.00000000     -10.00000000
     -10.00000000     -10.00000000     -10.00000000     -10.00000000     -10.00000000     -10.00000000     -10.00000000     -10.00000000     -10.00000000     -10.00000000     -10.00000000
     -10.00000000     -10.00000000     -10.00000000     -10.00000000     -10.00000000     -10.00000000     -10.00000000     -10.00000000     -10.00000000     -10.00000000     -10.00000000     -10.00000000     -10.00000000     -10.00000000     -10.00000000     -10.00000000     -10.00000000     -10.00000000     -10.00000000     -10.00000000
     -10.00000000     -10.00000000     -10.00000000     -10.00000000     -10.00000000     -10.00000000     -10.00000000     -10.00000000     -10.00000000     -10.00000000     -10.00000000     -10.00000000     -10.00000000     -10.00000000     -10.00000000     -10.00000000     -10.00000000     -10.00000000     -10.00000000     -10.00000000
     -10.00000000     -10.00000000     -10.00000000     -10.00000000     -10.00000000     -10.00000000     -10.00000000     -10.00000000     -10.00000000     -10.00000000     -10.00000000     -10.00000000     -10.00000000     -10.00000000     -10.00000000     -10.00000000     -10.00000000     -10.00000000     -10.00000000     -10.00000000
     -10.00000000     -10.00000000     -10.00000000     -10.00000000     -10.00000000     -10.00000000     -10.00000000     -10.00000000     -10.00000000     -10.00000000     -10.00000000     -10.00000000     -10.00000000     -10.00000000     -10.00000000     -10.00000000     -10.00000000     -10.00000000     -10.00000000     -10.00000000
     -10.00000000     -10.00000000     -10.00000000     -10.00000000     -10.00000000     -10.00000000     -10.00000000     -10.00000000     -10.00000000     -10.00000000     -10.00000000     -10.00000000     -10.00000000     -10.00000000     -10.00000000     -10.00000000     -10.00000000     -10.00000000     -10.00000000     -10.00000000
     -10.00000000     -10.00000000     -10.00000000     -10.00000000     -10.00000000     -10.00000000     -10.00000000     -10.00000000     -10.00000000     -10.00000000     -10.00000000     -10.00000000     -10.00000000     -10.00000000     -10.00000000     -10.00000000     -10.00000000     -10.00000000     -10.00000000     -10.00000000
     -10.00000000     -10.00000000     -10.00000000     -10.00000000     -10.00000000     -10.00000000     -10.00000000     -10.00000000     -10.00000000     -10.00000000     -10.00000000     -10.00000000     -10.00000000     -10.00000000     -10.00000000     -10.00000000     -10.00000000     -10.00000000     -10.00000000     -10.00000000
     -10.00000000     -10.00000000     -10.00000000     -10.00000000     -10.00000000     -10.00000000     -10.00000000     -10.00000000     -10.00000000     -10.00000000     -10.00000000
     -10.00000000     -10.00000000     -10.00000000     -10.00000000     -10.00000000     -10.00000000     -10.00000000     -10.00000000     -10.00000000     -10.00000000     -10.00000000     -10.00000000     -10.00000000     -10.00000000     -10.00000000     -10.00000000     -10.00000000     -10.00000000     -10.00000000     -10.00000000
     -10.00000000     -10.00000000     -10.00000000     -10.00000000     -10.00000000     -10.00000000     -10.00000000     -10.00000000     -10.00000000     -10.00000000     -10.00000000     -10.00000000     -10.00000000     -10.00000000     -10.00000000     -10.00000000     -10.00000000     -10.00000000     -10.00000000     -10.00000000
     -10.00000000     -10.00000000     -10.00000000     -10.00000000     -10.00000000     -10.00000000     -10.00000000     -10.00000000     -10.00000000     -10.00000000     -10.00000000     -10.00000000     -10.00000000     -10.00000000     -10.00000000     -10.00000000     -10.00000000     -10.00000000     -10.00000000     -10.00000000
     -10.00000000     -10.00000000     -10.00000000     -10.00000000     -10.00000000     -10.00000000     -10.00000000     -10.00000000     -10.00000000     -10.00000000     -10.00000000     -10.00000000     -10.00000000     -10.00000000     -10.00000000     -10.00000000     -10.00000000     -10.00000000     -10.00000000     -10.00000000
     -10.00000000     -10.00000000     -10.00000000     -10.00000000     -10.00000000     -10.00000000     -10.00000000     -10.00000000     -10.00000000     -10.00000000     -10.00000000     -10.00000000     -10.00000000     -10.00000000     -10.00000000     -10.00000000     -10.00000000     -10.00000000     -10.00000000     -10.00000000
     -10.00000000     -10.00000000     -10.00000000     -10.00000000     -10.00000000     -10.00000000     -10.00000000     -10.00000000     -10.00000000     -10.00000000     -10.00000000     -10.00000000     -10.00000000     -10.00000000     -10.00000000     -10.00000000     -10.00000000     -10.00000000     -10.00000000     -10.00000000
     -10.00000000     -10.00000000     -10.00000000     -10.00000000     -10.00000000     -10.00000000     -10.00000000     -10.00000000     -10.00000000     -10.00000000     -10.00000000     -10.00000000     -10.00000000     -10.00000000     -10.00000000     -10.00000000     -10.00000000     -10.00000000     -10.00000000     -10.00000000
     -10.00000000     -10.00000000     -10.00000000     -10.00000000     -10.00000000     -10.00000000     -10.00000000     -10.00000000     -10.00000000     -10.00000000     -10.00000000
     -10.00000000     -10.00000000     -10.00000000     -10.00000000     -10.00000000     -10.00000000     -10.00000000     -10.00000000     -10.00000000     -10.00000000     -10.00000000     -10.00000000     -10.00000000     -10.00000000     -10.00000000     -10.00000000     -10.00000000     -10.00000000     -10.00000000     -10.00000000
     -10.00000000     -10.00000000     -10.00000000     -10.00000000     -10.00000000     -10.00000000     -10.00000000     -10.00000000     -10.00000000     -10.00000000     -10.00000000     -10.00000000     -10.00000000     -10.00000000     -10.00000000     -10.00000000     -10.00000000     -10.00000000     -10.00000000     -10.00000000
     -10.00000000     -10.00000000     -10.00000000     -10.00000000     -10.00000000     -10.00000000     -10.00000000     -10.00000000     -10.00000000     -10.00000000     -10.00000000     -10.00000000     -10.00000000     -10.00000000     -10.00000000     -10.00000000     -10.00000000     -10.00000000     -10.00000000     -10.00000000
     -10.00000000     -10.00000000     -10.00000000     -10.00000000     -10.00000000     -10.00000000     -10.00000000     -10.00000000     -10.00000000     -10.00000000     -10.00000000     -10.00000000     -10.00000000     -10.00000000     -10.00000000     -10.00000000     -10.00000000     -10.00000000     -10.00000000     -10.00000000
     -10.00000000     -10.00000000     -10.00000000     -10.00000000     -10.00000000     -10.00000000     -10.00000000     -10.00000000     -10.00000000     -10.00000000     -10.00000000     -10.00000000     -10.00000000     -10.00000000     -10.00000000     -10.00000000     -10.00000000     -10.00000000     -10.00000000     -10.00000000
     -10.00000000     -10.00000000     -10.00000000     -10.00000000     -10.00000000     -10.00000000     -10.00000000     -10.00000000     -10.00000000     -10.00000000     -10.00000000     -10.00000000     -10.00000000     -10.00000000     -10.00000000     -10.00000000     -10.00000000     -10.00000000     -10.00000000     -10.00000000
     -10.00000000     -10.00000000     -10.00000000     -10.00000000     -10.00000000     -10.00000000     -10.00000000     -10.00000000     -10.00000000     -10.00000000     -10.00000000     -10.00000000     -10.00000000     -10.00000000     -10.00000000     -10.00000000     -10.00000000     -10.00000000     -10.00000000     -10.00000000
     -10.00000000     -10.00000000     -10.00000000     -10.00000000     -10.00000000     -10.00000000     -10.00000000     -10.00000000     -10.00000000     -10.00000000     -10.00000000
     -10.00000000     -10.00000000     -10.00000000     -10.00000000     -10.00000000     -10.00000000     -10.00000000     -10.00000000     -10.00000000     -10.00000000     -10.00000000     -10.00000000     -10.00000000     -10.00000000     -10.00000000     -10.00000000     -10.00000000     -10.00000000     -10.00000000     -10.00000000
     -10.00000000     -10.00000000     -10.00000000     -10.00000000     -10.00000000     -10.00000000     -10.00000000     -10.00000000     -10.00000000     -10.00000000     -10.00000000     -10.00000000     -10.00000000     -10.00000000     -10.00000000     -10.00000000     -10.00000000     -10.00000000     -10.00000000     -10.00000000
     -10.00000000     -10.00000000     -10.00000000     -10.00000000     -10.00000000     -10.00000000     -10.00000000     -10.00000000     -10.00000000     -10.00000000     -10.00000000     -10.00000000     -10.00000000     -10.00000000     -10.00000000     -10.00000000     -10.00000000     -10.00000000     -10.00000000     -10.00000000
     -10.00000000     -10.00000000     -10.00000000     -10.00000000     -10.00000000     -10.00000000     -10.00000000     -10.00000000     -10.00000000     -10.00000000     -10.00000000     -10.00000000     -10.00000000     -10.00000000     -10.00000000     -10.00000000     -10.00000000     -10.00000000     -10.00000000     -10.00000000
     -10.00000000     -10.00000000     -10.00000000     -10.00000000     -10.00000000     -10.00000000     -10.00000000     -10.00000000     -10.00000000     -10.00000000     -10.00000000     -10.00000000     -10.00000000     -10.00000000     -10.00000000     -10.00000000     -10.00000000     -10.00000000     -10.00000000     -10.00000000
     -10.00000000     -10.00000000     -10.00000000     -10.00000000     -10.00000000     -10.00000000     -10.00000000     -10.00000000     -10.00000000     -10.00000000     -10.00000000     -10.00000000     -10.00000000     -10.00000000     -10.00000000     -10.00000000     -10.00000000     -10.00000000     -10.00000000     -10.00000000
     -10.00000000     -10.00000000     -10.00000000     -10.00000000     -10.00000000     -10.00000000     -10.00000000     -10.00000000     -10.00000000     -10.00000000     -10.00000000     -10.00000000     -10.00000000     -10.00000000     -10.00000000     -10.00000000     -10.00000000     -10.00000000     -10.00000000     -10.00000000
     -10.00000000     -10.00000000     -10.00000000     -10.00000000     -10.00000000     -10.00000000     -10.00000000     -10.00000000     -10.00000000     -10.00000000     -10.00000000
     -10.00000000     -10.00000000     -10.00000000     -10.00000000     -10.00000000     -10.00000000     -10.00000000     -10.00000000     -10.00000000     -10.00000000     -10.00000000     -10.00000000     -10.00000000     -10.00000000     -10.00000000     -10.00000000     -10.00000000     -10.00000000     -10.00000000     -10.00000000
     -10.00000000     -10.00000000     -10.00000000     -10.00000000     -10.00000000     -10.00000000     -10.00000000     -10.00000000     -10.00000000     -10.00000000     -10.00000000     -10.00000000     -10.00000000     -10.00000000     -10.00000000     -10.00000000     -10.00000000     -10.00000000     -10.00000000     -10.00000000
     -10.00000000     -10.00000000     -10.00000000     -10.00000000     -10.00000000     -10.00000000     -10.00000000     -10.00000000     -10.00000000     -10.00000000     -10.00000000     -10.00000000     -10.00000000     -10.00000000     -10.00000000     -10.00000000     -10.00000000     -10.00000000     -10.00000000     -10.00000000
     -10.00000000     -10.00000000     -10.00000000     -10.00000000     -10.00000000     -10.00000000     -10.00000000     -10.00000000     -10.00000000     -10.00000000     -10.00000000     -10.00000000     -10.00000000     -10.00000000     -10.00000000     -10.00000000     -10.00000000     -10.00000000     -10.00000000     -10.00000000
     -10.00000000     -10.00000000     -10.00000000     -10.00000000     -10.00000000     -10.00000000     -10.00000000     -10.00000000     -10.00000000     -10.00000000     -10.00000000     -10.00000000     -10.00000000     -10.00000000     -10.00000000     -10.00000000     -10.00000000     -10.00000000     -10.00000000     -10.00000000
     -10.00000000     -10.00000000     -10.00000000     -10.00000000     -10.00000000     -10.00000000     -10.00000000     -10.00000000     -10.00000000     -10.00000000     -10.00000000     -10.00000000     -10.00000000     -10.00000000     -10.00000000     -10.00000000     -10.00000000     -10.00000000     -10.00000000     -10.00000000
     -10.00000000     -10.00000000     -10.00000000     -10.00000000     -10.00000000     -10.00000000     -10.00000000     -10.00000000     -10.00000000     -10.00000000     -10.00000000     -10.00000000     -10.00000000     -10.00000000     -10.00000000     -10.00000000     -10.00000000     -10.00000000     -10.00000000     -10.00000000
     -10.00000000     -10.00000000     -10.00000000     -10.00000000     -10.00000000     -10.00000000     -10.00000000     -10.00000000     -10.00000000     -10.00000000     -10.00000000
     -10.00000000     -10.00000000     -10.00000000     -10.00000000     -10.00000000     -10.00000000     -10.00000000     -10.00000000     -10.00000000     -10.00000000     -10.00000000     -10.00000000     -10.00000000     -10.00000000     -10.00000000     -10.00000000     -10.00000000     -10.00000000     -10.00000000     -10.00000000
     -10.00000000     -10.00000000     -10.00000000     -10.00000000     -10.00000000     -10.00000000     -10.00000000     -10.00000000     -10.00000000     -10.00000000     -10.00000000     -10.00000000     -10.00000000     -10.00000000     -10.00000000     -10.00000000     -10.00000000     -10.00000000     -10.00000000     -10.00000000
     -10.00000000     -10.00000000     -10.00000000     -10.00000000     -10.00000000     -10.00000000     -10.00000000     -10.00000000     -10.00000000     -10.00000000     -10.00000000     -10.00000000     -10.00000000     -10.00000000     -10.00000000     -10.00000000     -10.00000000     -10.00000000     -10.00000000     -10.00000000
     -10.00000000     -10.00000000     -10.00000000     -10.00000000     -10.00000000     -10.00000000     -10.00000000     -10.00000000     -10.00000000     -10.00000000     -10.00000000     -10.00000000     -10.00000000     -10.00000000     -10.00000000     -10.00000000     -10.00000000     -10.00000000     -10.00000000     -10.00000000
     -10.00000000     -10.00000000     -10.00000000     -10.00000000     -10.00000000     -10.00000000     -10.00000000     -10.00000000     -10.00000000     -10.00000000     -10.00000000     -10.00000000     -10.00000000     -10.00000000     -10.00000000     -10.00000000     -10.00000000     -10.00000000     -10.00000000     -10.00000000
     -10.00000000     -10.00000000     -10.00000000     -10.00000000     -10.00000000     -10.00000000     -10.00000000     -10.00000000     -10.00000000     -10.00000000     -10.00000000     -10.00000000     -10.00000000     -10.00000000     -10.00000000     -10.00000000     -10.00000000     -10.00000000     -10.00000000     -10.00000000
     -10.00000000     -10.00000000     -10.00000000     -10.00000000     -10.00000000     -10.00000000     -10.00000000     -10.00000000     -10.00000000     -10.00000000     -10.00000000     -10.00000000     -10.00000000     -10.00000000     -10.00000000     -10.00000000     -10.00000000     -10.00000000     -10.00000000     -10.00000000
     -10.00000000     -10.00000000     -10.00000000     -10.00000000     -10.00000000     -10.00000000     -10.00000000     -10.00000000     -10.00000000     -10.00000000     -10.00000000
     -10.00000000     -10.00000000     -10.00000000     -10.00000000     -10.00000000     -10.00000000     -10.00000000     -10.00000000     -10.00000000     -10.00000000     -10.00000000     -10.00000000     -10.00000000     -10.00000000     -10.00000000     -10.00000000     -10.00000000     -10.00000000     -10.00000000     -10.00000000
     -10.00000000     -10.00000000     -10.00000000     -10.00000000     -10.00000000     -10.00000000     -10.00000000     -10.00000000     -10.00000000     -10.00000000     -10.00000000     -10.00000000     -10.00000000     -10.00000000     -10.00000000     -10.00000000     -10.00000000     -10.00000000     -10.00000000     -10.00000000
     -10.00000000     -10.00000000     -10.00000000     -10.00000000     -10.00000000     -10.00000000     -10.00000000     -10.00000000     -10.00000000     -10.00000000     -10.00000000     -10.00000000     -10.00000000     -10.00000000     -10.00000000     -10.00000000     -10.00000000     -10.00000000     -10.00000000     -10.00000000
     -10.00000000     -10.00000000     -10.00000000     -10.00000000     -10.00000000     -10.00000000     -10.00000000     -10.00000000     -10.00000000     -10.00000000     -10.00000000     -10.00000000     -10.00000000     -10.00000000     -10.00000000     -10.00000000     -10.00000000     -10.00000000     -10.00000000     -10.00000000
     -10.00000000     -10.00000000     -10.00000000     -10.00000000     -10.00000000     -10.00000000     -10.00000000     -10.00000000     -10.00000000     -10.00000000     -10.00000000     -10.00000000     -10.00000000     -10.00000000     -10.00000000     -10.00000000     -10.00000000     -10.00000000     -10.00000000     -10.00000000
     -10.00000000     -10.00000000     -10.00000000     -10.00000000     -10.00000000     -10.00000000     -10.00000000     -10.00000000     -10.00000000     -10.00000000     -10.00000000     -10.00000000     -10.00000000     -10.00000000     -10.00000000     -10.00000000     -10.00000000     -10.00000000     -10.00000000     -10.00000000
     -10.00000000     -10.00000000     -10.00000000     -10.00000000     -10.00000000     -10.00000000     -10.00000000     -10.00000000     -10.00000000     -10.00000000     -10.00000000     -10.00000000     -10.00000000     -10.00000000     -10.00000000     -10.00000000     -10.00000000     -10.00000000     -10.00000000     -10.00000000
     -10.00000000     -10.00000000     -10.00000000     -10.00000000     -10.00000000     -10.00000000     -10.00000000     -10.00000000     -10.00000000     -10.00000000     -10.00000000
     -10.00000000     -10.00000000     -10.00000000     -10.00000000     -10.00000000     -10.00000000     -10.00000000     -10.00000000     -10.00000000     -10.00000000     -10.00000000     -10.00000000     -10.00000000     -10.00000000     -10.00000000     -10.00000000     -10.00000000     -10.00000000     -10.00000000     -10.00000000
     -10.00000000     -10.00000000     -10.00000000     -10.00000000     -10.00000000     -10.00000000     -10.00000000     -10.00000000     -10.00000000     -10.00000000     -10.00000000     -10.00000000     -10.00000000     -10.00000000     -10.00000000     -10.00000000     -10.00000000     -10.00000000     -10.00000000     -10.00000000
     -10.00000000     -10.00000000     -10.00000000     -10.00000000     -10.00000000     -10.00000000     -10.00000000     -10.00000000     -10.00000000     -10.00000000     -10.00000000     -10.00000000     -10.00000000     -10.00000000     -10.00000000     -10.00000000     -10.00000000     -10.00000000     -10.00000000     -10.00000000
     -10.00000000     -10.00000000     -10.00000000     -10.00000000     -10.00000000     -10.00000000     -10.00000000     -10.00000000     -10.00000000     -10.00000000     -10.00000000     -10.00000000     -10.00000000     -10.00000000     -10.00000000     -10.00000000     -10.00000000     -10.00000000     -10.00000000     -10.00000000
     -10.00000000     -10.00000000     -10.00000000     -10.00000000     -10.00000000     -10.00000000     -10.00000000     -10.00000000     -10.00000000     -10.00000000     -10.00000000     -10.00000000     -10.00000000     -10.00000000     -10.00000000     -10.00000000     -10.00000000     -10.00000000     -10.00000000     -10.00000000
     -10.00000000     -10.00000000     -10.00000000     -10.00000000     -10.00000000     -10.00000000     -10.00000000     -10.00000000     -10.00000000     -10.00000000     -10.00000000     -10.00000000     -10.00000000     -10.00000000     -10.00000000     -10.00000000     -10.00000000     -10.00000000     -10.00000000     -10.00000000
     -10.00000000     -10.00000000     -10.00000000     -10.00000000     -10.00000000     -10.00000000     -10.00000000     -10.00000000     -10.00000000     -10.00000000     -10.00000000     -10.00000000     -10.00000000     -10.00000000     -10.00000000     -10.00000000     -10.00000000     -10.00000000     -10.00000000     -10.00000000
     -10.00000000     -10.00000000     -10.00000000     -10.00000000     -10.00000000     -10.00000000     -10.00000000     -10.00000000     -10.00000000     -10.00000000     -10.00000000
     -10.00000000     -10.00000000     -10.00000000     -10.00000000     -10.00000000     -10.00000000     -10.00000000     -10.00000000     -10.00000000     -10.00000000     -10.00000000     -10.00000000     -10.00000000     -10.00000000     -10.00000000     -10.00000000     -10.00000000     -10.00000000     -10.00000000     -10.00000000
     -10.00000000     -10.00000000     -10.00000000     -10.00000000     -10.00000000     -10.00000000     -10.00000000     -10.00000000     -10.00000000     -10.00000000     -10.00000000     -10.00000000     -10.00000000     -10.00000000     -10.00000000     -10.00000000     -10.00000000     -10.00000000     -10.00000000     -10.00000000
     -10.00000000     -10.00000000     -10.00000000     -10.00000000     -10.00000000     -10.00000000     -10.00000000     -10.00000000     -10.00000000     -10.00000000     -10.00000000     -10.00000000     -10.00000000     -10.00000000     -10.00000000     -10.00000000     -10.00000000     -10.00000000     -10.00000000     -10.00000000
     -10.00000000     -10.00000000     -10.00000000     -10.00000000     -10.00000000     -10.00000000     -10.00000000     -10.00000000     -10.00000000     -10.00000000     -10.00000000     -10.00000000     -10.00000000     -10.00000000     -10.00000000     -10.00000000     -10.00000000     -10.00000000     -10.00000000     -10.00000000
     -10.00000000     -10.00000000     -10.00000000     -10.00000000     -10.00000000     -10.00000000     -10.00000000     -10.00000000     -10.00000000     -10.00000000     -10.00000000     -10.00000000     -10.00000000     -10.00000000     -10.00000000     -10.00000000     -10.00000000     -10.00000000     -10.00000000     -10.00000000
     -10.00000000     -10.00000000     -10.00000000     -10.00000000     -10.00000000     -10.00000000     -10.00000000     -10.00000000     -10.00000000     -10.00000000     -10.00000000     -10.00000000     -10.00000000     -10.00000000     -10.00000000     -10.00000000     -10.00000000     -10.00000000     -10.00000000     -10.00000000
     -10.00000000     -10.00000000     -10.00000000     -10.00000000     -10.00000000     -10.00000000     -10.00000000     -10.00000000     -10.00000000     -10.00000000     -10.00000000     -10.00000000     -10.00000000     -10.00000000     -10.00000000     -10.00000000     -10.00000000     -10.00000000     -10.00000000     -10.00000000
     -10.00000000     -10.00000000     -10.00000000     -10.00000000     -10.00000000     -10.00000000     -10.00000000     -10.00000000     -10.00000000     -10.00000000     -10.00000000
     -10.00000000     -10.00000000     -10.00000000     -10.00000000     -10.00000000     -10.00000000     -10.00000000     -10.00000000     -10.00000000     -10.00000000     -10.00000000     -10.00000000     -10.00000000     -10.00000000     -10.00000000     -10.00000000     -10.00000000     -10.00000000     -10.00000000     -10.00000000
     -10.00000000     -10.00000000     -10.00000000     -10.00000000     -10.00000000     -10.00000000     -10.00000000     -10.00000000     -10.00000000     -10.00000000     -10.00000000     -10.00000000     -10.00000000     -10.00000000     -10.00000000     -10.00000000     -10.00000000     -10.00000000     -10.00000000     -10.00000000
     -10.00000000     -10.00000000     -10.00000000     -10.00000000     -10.00000000     -10.00000000     -10.00000000     -10.00000000     -10.00000000     -10.00000000     -10.00000000     -10.00000000     -10.00000000     -10.00000000     -10.00000000     -10.00000000     -10.00000000     -10.00000000     -10.00000000     -10.00000000
     -10.00000000     -10.00000000     -10.00000000     -10.00000000     -10.00000000     -10.00000000     -10.00000000     -10.00000000     -10.00000000     -10.00000000     -10.00000000     -10.00000000     -10.00000000     -10.00000000     -10.00000000     -10.00000000     -10.00000000     -10.00000000     -10.00000000     -10.00000000
     -10.00000000     -10.00000000     -10.00000000     -10.00000000     -10.00000000     -10.00000000     -10.00000000     -10.00000000     -10.00000000     -10.00000000     -10.00000000     -10.00000000     -10.00000000     -10.00000000     -10.00000000     -10.00000000     -10.00000000     -10.00000000     -10.00000000     -10.00000000
     -10.00000000     -10.00000000     -10.00000000     -10.00000000     -10.00000000     -10.00000000     -10.00000000     -10.00000000     -10.00000000     -10.00000000     -10.00000000     -10.00000000     -10.00000000     -10.00000000     -10.00000000     -10.00000000     -10.00000000     -10.00000000     -10.00000000     -10.00000000
     -10.00000000     -10.00000000     -10.00000000     -10.00000000     -10.00000000     -10.00000000     -10.00000000     -10.00000000     -10.00000000     -10.00000000     -10.00000000     -10.00000000     -10.00000000     -10.00000000     -10.00000000     -10.00000000     -10.00000000     -10.00000000     -10.00000000     -10.00000000
     -10.00000000     -10.00000000     -10.00000000     -10.00000000     -10.00000000     -10.00000000     -10.00000000     -10.00000000     -10.00000000     -10.00000000     -10.00000000
     -10.00000000     -10.00000000     -10.00000000     -10.00000000     -10.00000000     -10.00000000     -10.00000000     -10.00000000     -10.00000000     -10.00000000     -10.00000000     -10.00000000     -10.00000000     -10.00000000     -10.00000000     -10.00000000     -10.00000000     -10.00000000     -10.00000000     -10.00000000
     -10.00000000     -10.00000000     -10.00000000     -10.00000000     -10.00000000     -10.00000000     -10.00000000     -10.00000000     -10.00000000     -10.00000000     -10.00000000     -10.00000000     -10.00000000     -10.00000000     -10.00000000     -10.00000000     -10.00000000     -10.00000000     -10.00000000     -10.00000000
     -10.00000000     -10.00000000     -10.00000000     -10.00000000     -10.00000000     -10.00000000     -10.00000000     -10.00000000     -10.00000000     -10.00000000     -10.00000000     -10.00000000     -10.00000000     -10.00000000     -10.00000000     -10.00000000     -10.00000000     -10.00000000     -10.00000000     -10.00000000
     -10.00000000     -10.00000000     -10.00000000     -10.00000000     -10.00000000     -10.00000000     -10.00000000     -10.00000000     -10.00000000     -10.00000000     -10.00000000     -10.00000000     -10.00000000     -10.00000000     -10.00000000     -10.00000000     -10.00000000     -10.00000000     -10.00000000     -10.00000000
     -10.00000000     -10.00000000     -10.00000000     -10.00000000     -10.00000000     -10.00000000     -10.00000000     -10.00000000     -10.00000000     -10.00000000     -10.00000000     -10.00000000     -10.00000000     -10.00000000     -10.00000000     -10.00000000     -10.00000000     -10.00000000     -10.00000000     -10.00000000
     -10.00000000     -10.00000000     -10.00000000     -10.00000000     -10.00000000     -10.00000000     -10.00000000     -10.00000000     -10.00000000     -10.00000000     -10.00000000     -10.00000000     -10.00000000     -10.00000000     -10.00000000     -10.00000000     -10.00000000     -10.00000000     -10.00000000     -10.00000000
     -10.00000000     -10.00000000     -10.00000000     -10.00000000     -10.00000000     -10.00000000     -10.00000000     -10.00000000     -10.00000000     -10.00000000     -10.00000000     -10.00000000     -10.00000000     -10.00000000     -10.00000000     -10.00000000     -10.00000000     -10.00000000     -10.00000000     -10.00000000
     -10.00000000     -10.00000000     -10.00000000     -10.00000000     -10.00000000     -10.00000000     -10.00000000     -10.00000000     -10.00000000     -10.00000000     -10.00000000
     -10.00000000     -10.00000000     -10.00000000     -10.00000000     -10.00000000     -10.00000000     -10.00000000     -10.00000000     -10.00000000     -10.00000000     -10.00000000     -10.00000000     -10.00000000     -10.00000000     -10.00000000     -10.00000000     -10.00000000     -10.00000000     -10.00000000     -10.00000000
     -10.00000000     -10.00000000     -10.00000000     -10.00000000     -10.00000000     -10.00000000     -10.00000000     -10.00000000     -10.00000000     -10.00000000     -10.00000000     -10.00000000     -10.00000000     -10.00000000     -10.00000000     -10.00000000     -10.00000000     -10.00000000     -10.00000000     -10.00000000
     -10.00000000     -10.00000000     -10.00000000     -10.00000000     -10.00000000     -10.00000000     -10.00000000     -10.00000000     -10.00000000     -10.00000000     -10.00000000     -10.00000000     -10.00000000     -10.00000000     -10.00000000     -10.00000000     -10.00000000     -10.00000000     -10.00000000     -10.00000000
     -10.00000000     -10.00000000     -10.00000000     -10.00000000     -10.00000000     -10.00000000     -10.00000000     -10.00000000     -10.00000000     -10.00000000     -10.00000000     -10.00000000     -10.00000000     -10.00000000     -10.00000000     -10.00000000     -10.00000000     -10.00000000     -10.00000000     -10.00000000
     -10.00000000     -10.00000000     -10.00000000     -10.00000000     -10.00000000     -10.00000000     -10.00000000     -10.00000000     -10.00000000     -10.00000000     -10.00000000     -10.00000000     -10.00000000     -10.00000000     -10.00000000     -10.00000000     -10.00000000     -10.00000000     -10.00000000     -10.00000000
     -10.00000000     -10.00000000     -10.00000000     -10.00000000     -10.00000000     -10.00000000     -10.00000000     -10.00000000     -10.00000000     -10.00000000     -10.00000000     -10.00000000     -10.00000000     -10.00000000     -10.00000000     -10.00000000     -10.00000000     -10.00000000     -10.00000000     -10.00000000
     -10.00000000     -10.00000000     -10.00000000     -10.00000000     -10.00000000     -10.00000000     -10.00000000     -10.00000000     -10.00000000     -10.00000000     -10.00000000     -10.00000000     -10.00000000     -10.00000000     -10.00000000     -10.00000000     -10.00000000     -10.00000000     -10.00000000     -10.00000000
     -10.00000000     -10.00000000     -10.00000000     -10.00000000     -10.00000000     -10.00000000     -10.00000000     -10.00000000     -10.00000000     -10.00000000     -10.00000000
     -10.00000000     -10.00000000     -10.00000000     -10.00000000     -10.00000000     -10.00000000     -10.00000000     -10.00000000     -10.00000000     -10.00000000     -10.00000000     -10.00000000     -10.00000000     -10.00000000     -10.00000000     -10.00000000     -10.00000000     -10.00000000     -10.00000000     -10.00000000
     -10.00000000     -10.00000000     -10.00000000     -10.00000000     -10.00000000     -10.00000000     -10.00000000     -10.00000000     -10.00000000     -10.00000000     -10.00000000     -10.00000000     -10.00000000     -10.00000000     -10.00000000     -10.00000000     -10.00000000     -10.00000000     -10.00000000     -10.00000000
     -10.00000000     -10.00000000     -10.00000000     -10.00000000     -10.00000000     -10.00000000     -10.00000000     -10.00000000     -10.00000000     -10.00000000     -10.00000000     -10.00000000     -10.00000000     -10.00000000     -10.00000000     -10.00000000     -10.00000000     -10.00000000     -10.00000000     -10.00000000
     -10.00000000     -10.00000000     -10.00000000     -10.00000000     -10.00000000     -10.00000000     -10.00000000     -10.00000000     -10.00000000     -10.00000000     -10.00000000     -10.00000000     -10.00000000     -10.00000000     -10.00000000     -10.00000000     -10.00000000     -10.00000000     -10.00000000     -10.00000000
     -10.00000000     -10.00000000     -10.00000000     -10.00000000     -10.00000000     -10.00000000     -10.00000000     -10.00000000     -10.00000000     -10.00000000     -10.00000000     -10.00000000     -10.00000000     -10.00000000     -10.00000000     -10.00000000     -10.00000000     -10.00000000     -10.00000000     -10.00000000
     -10.00000000     -10.00000000     -10.00000000     -10.00000000     -10.00000000     -10.00000000     -10.00000000     -10.00000000     -10.00000000     -10.00000000     -10.00000000     -10.00000000     -10.00000000     -10.00000000     -10.00000000     -10.00000000     -10.00000000     -10.00000000     -10.00000000     -10.00000000
     -10.00000000     -10.00000000     -10.00000000     -10.00000000     -10.00000000     -10.00000000     -10.00000000     -10.00000000     -10.00000000     -10.00000000     -10.00000000     -10.00000000     -10.00000000     -10.00000000     -10.00000000     -10.00000000     -10.00000000     -10.00000000     -10.00000000     -10.00000000
     -10.00000000     -10.00000000     -10.00000000     -10.00000000     -10.00000000     -10.00000000     -10.00000000     -10.00000000     -10.00000000     -10.00000000     -10.00000000
     -10.00000000     -10.00000000     -10.00000000     -10.00000000     -10.00000000     -10.00000000     -10.00000000     -10.00000000     -10.00000000     -10.00000000     -10.00000000     -10.00000000     -10.00000000     -10.00000000     -10.00000000     -10.00000000     -10.00000000     -10.00000000     -10.00000000     -10.00000000
     -10.00000000     -10.00000000     -10.00000000     -10.00000000     -10.00000000     -10.00000000     -10.00000000     -10.00000000     -10.00000000     -10.00000000     -10.00000000     -10.00000000     -10.00000000     -10.00000000     -10.00000000     -10.00000000     -10.00000000     -10.00000000     -10.00000000     -10.00000000
     -10.00000000     -10.00000000     -10.00000000     -10.00000000     -10.00000000     -10.00000000     -10.00000000     -10.00000000     -10.00000000     -10.00000000     -10.00000000     -10.00000000     -10.00000000     -10.00000000     -10.00000000     -10.00000000     -10.00000000     -10.00000000     -10.00000000     -10.00000000
     -10.00000000     -10.00000000     -10.00000000     -10.00000000     -10.00000000     -10.00000000     -10.00000000     -10.00000000     -10.00000000     -10.00000000     -10.00000000     -10.00000000     -10.00000000     -10.00000000     -10.00000000     -10.00000000     -10.00000000     -10.00000000     -10.00000000     -10.00000000
     -10.00000000     -10.00000000     -10.00000000     -10.00000000     -10.00000000     -10.00000000     -10.00000000     -10.00000000     -10.00000000     -10.00000000     -10.00000000     -10.00000000     -10.00000000     -10.00000000     -10.00000000     -10.00000000     -10.00000000     -10.00000000     -10.00000000     -10.00000000
     -10.00000000     -10.00000000     -10.00000000     -10.00000000     -10.00000000     -10.00000000     -10.00000000     -10.00000000     -10.00000000     -10.00000000     -10.00000000     -10.00000000     -10.00000000     -10.00000000     -10.00000000     -10.00000000     -10.00000000     -10.00000000     -10.00000000     -10.00000000
     -10.00000000     -10.00000000     -10.00000000     -10.00000000     -10.00000000     -10.00000000     -10.00000000     -10.00000000     -10.00000000     -10.00000000     -10.00000000     -10.00000000     -10.00000000     -10.00000000     -10.00000000     -10.00000000     -10.00000000     -10.00000000     -10.00000000     -10.00000000
     -10.00000000     -10.00000000     -10.00000000     -10.00000000     -10.00000000     -10.00000000     -10.00000000     -10.00000000     -10.00000000     -10.00000000     -10.00000000
     -10.00000000     -10.00000000     -10.00000000     -10.00000000     -10.00000000     -10.00000000     -10.00000000     -10.00000000     -10.00000000     -10.00000000     -10.00000000     -10.00000000     -10.00000000     -10.00000000     -10.00000000     -10.00000000     -10.00000000     -10.00000000     -10.00000000     -10.00000000
     -10.00000000     -10.00000000     -10.00000000     -10.00000000     -10.00000000     -10.00000000     -10.00000000     -10.00000000     -10.00000000     -10.00000000     -10.00000000     -10.00000000     -10.00000000     -10.00000000     -10.00000000     -10.00000000     -10.00000000     -10.00000000     -10.00000000     -10.00000000
     -10.00000000     -10.00000000     -10.00000000     -10.00000000     -10.00000000     -10.00000000     -10.00000000     -10.00000000     -10.00000000     -10.00000000     -10.00000000     -10.00000000     -10.00000000     -10.00000000     -10.00000000     -10.00000000     -10.00000000     -10.00000000     -10.00000000     -10.00000000
     -10.00000000     -10.00000000     -10.00000000     -10.00000000     -10.00000000     -10.00000000     -10.00000000     -10.00000000     -10.00000000     -10.00000000     -10.00000000     -10.00000000     -10.00000000     -10.00000000     -10.00000000     -10.00000000     -10.00000000     -10.00000000     -10.00000000     -10.00000000
     -10.00000000     -10.00000000     -10.00000000     -10.00000000     -10.00000000     -10.00000000     -10.00000000     -10.00000000     -10.00000000     -10.00000000     -10.00000000     -10.00000000     -10.00000000     -10.00000000     -10.00000000     -10.00000000     -10.00000000     -10.00000000     -10.00000000     -10.00000000
     -10.00000000     -10.00000000     -10.00000000     -10.00000000     -10.00000000     -10.00000000     -10.00000000     -10.00000000     -10.00000000     -10.00000000     -10.00000000     -10.00000000     -10.00000000     -10.00000000     -10.00000000     -10.00000000     -10.00000000     -10.00000000     -10.00000000     -10.00000000
     -10.00000000     -10.00000000     -10.00000000     -10.00000000     -10.00000000     -10.00000000     -10.00000000     -10.00000000     -10.00000000     -10.00000000     -10.00000000     -10.00000000     -10.00000000     -10.00000000     -10.00000000     -10.00000000     -10.00000000     -10.00000000     -10.00000000     -10.00000000
     -10.00000000     -10.00000000     -10.00000000     -10.00000000     -10.00000000     -10.00000000     -10.00000000     -10.00000000     -10.00000000     -10.00000000     -10.00000000
     -10.00000000     -10.00000000     -10.00000000     -10.00000000     -10.00000000     -10.00000000     -10.00000000     -10.00000000     -10.00000000     -10.00000000     -10.00000000     -10.00000000     -10.00000000     -10.00000000     -10.00000000     -10.00000000     -10.00000000     -10.00000000     -10.00000000     -10.00000000
     -10.00000000     -10.00000000     -10.00000000     -10.00000000     -10.00000000     -10.00000000     -10.00000000     -10.00000000     -10.00000000     -10.00000000     -10.00000000     -10.00000000     -10.00000000     -10.00000000     -10.00000000     -10.00000000     -10.00000000     -10.00000000     -10.00000000     -10.00000000
     -10.00000000     -10.00000000     -10.00000000     -10.00000000     -10.00000000     -10.00000000     -10.00000000     -10.00000000     -10.00000000     -10.00000000     -10.00000000     -10.00000000     -10.00000000     -10.00000000     -10.00000000     -10.00000000     -10.00000000     -10.00000000     -10.00000000     -10.00000000
     -10.00000000     -10.00000000     -10.00000000     -10.00000000     -10.00000000     -10.00000000     -10.00000000     -10.00000000     -10.00000000     -10.00000000     -10.00000000     -10.00000000     -10.00000000     -10.00000000     -10.00000000     -10.00000000     -10.00000000     -10.00000000     -10.00000000     -10.00000000
     -10.00000000     -10.00000000     -10.00000000     -10.00000000     -10.00000000     -10.00000000     -10.00000000     -10.00000000     -10.00000000     -10.00000000     -10.00000000     -10.00000000     -10.00000000     -10.00000000     -10.00000000     -10.00000000     -10.00000000     -10.00000000     -10.00000000     -10.00000000
     -10.00000000     -10.00000000     -10.00000000     -10.00000000     -10.00000000     -10.00000000     -10.00000000     -10.00000000     -10.00000000     -10.00000000     -10.00000000     -10.00000000      -9.77500000      -9.32500000      -8.87500000      -8.42500000      -7.97500000      -7.52500000      -7.07500000      -6.62500000
      -6.17500000      -5.72500000      -5.65000000      -5.95000000      -6.25000000      -6.55000000      -6.85000000      -7.15000000      -7.45000000      -7.75000000      -8.05000000      -8.35000000      -9.25000000     -10.00000000     -10.00000000     -10.00000000     -10.00000000     -10.00000000     -10.00000000     -10.00000000
     -10.00000000     -10.00000000     -10.00000000     -10.00000000     -10.00000000     -10.00000000     -10.00000000     -10.00000000     -10.00000000     -10.00000000     -10.00000000
     -10.00000000     -10.00000000     -10.00000000     -10.00000000     -10.00000000     -10.00000000     -10.00000000     -10.00000000     -10.00000000     -10.00000000     -10.00000000     -10.00000000     -10.00000000     -10.00000000     -10.00000000     -10.00000000     -10.00000000     -10.00000000     -10.00000000     -10.00000000
     -10.00000000     -10.00000000     -10.00000000     -10.00000000     -10.00000000     -10.00000000     -10.00000000     -10.00000000     -10.00000000     -10.00000000     -10.00000000     -10.00000000     -10.00000000     -10.00000000     -10.00000000     -10.00000000     -10.00000000     -10.00000000     -10.00000000     -10.00000000
     -10.00000000     -10.00000000     -10.00000000     -10.00000000     -10.00000000     -10.00000000     -10.00000000     -10.00000000     -10.00000000     -10.00000000     -10.00000000     -10.00000000     -10.00000000     -10.00000000     -10.00000000     -10.00000000     -10.00000000     -10.00000000     -10.00000000     -10.00000000
     -10.00000000     -10.00000000     -10.00000000     -10.00000000     -10.00000000     -10.00000000     -10.00000000     -10.00000000     -10.00000000     -10.00000000     -10.00000000     -10.00000000     -10.00000000     -10.00000000     -10.00000000     -10.00000000     -10.00000000     -10.00000000     -10.00000000     -10.00000000
     -10.00000000     -10.00000000     -10.00000000     -10.00000000     -10.00000000     -10.00000000     -10.00000000     -10.00000000     -10.00000000     -10.00000000     -10.00000000     -10.00000000     -10.00000000     -10.00000000     -10.00000000     -10.00000000     -10.00000000     -10.00000000     -10.00000000     -10.00000000
     -10.00000000     -10.00000000     -10.00000000     -10.00000000     -10.00000000     -10.00000000     -10.00000000     -10.00000000     -10.00000000      -9.70000000      -6.94000000      -4.18000000      -2.38500000      -1.55500000      -1.00000000      -0.89500000      -0.06500000       0.76500000       1.59500000       2.42500000
       3.25500000       4.08500000       4.49000000       4.47000000       4.45000000       4.43000000       4.41000000       4.39000000       4.37000000       4.35000000       4.33000000       4.31000000       3.53000000       1.99000000       0.45000000      -1.00000000      -1.63000000      -3.17000000      -4.71000000      -6.25000000
      -7.79000000      -9.33000000     -10.00000000     -10.00000000     -10.00000000     -10.00000000     -10.00000000     -10.00000000     -10.00000000     -10.00000000     -10.00000000
     -10.00000000     -10.00000000     -10.00000000     -10.00000000     -10.00000000     -10.00000000     -10.00000000     -10.00000000     -10.00000000     -10.00000000     -10.00000000     -10.00000000     -10.00000000     -10.00000000     -10.00000000     -10.00000000     -10.00000000     -10.00000000     -10.00000000     -10.00000000
     -10.00000000     -10.00000000     -10.00000000     -10.00000000     -10.00000000     -10.00000000     -10.00000000     -10.00000000     -10.00000000     -10.00000000     -10.00000000     -10.00000000     -10.00000000     -10.00000000     -10.00000000     -10.00000000     -10.00000000     -10.00000000     -10.00000000     -10.00000000
     -10.00000000     -10.00000000     -10.00000000     -10.00000000     -10.00000000     -10.00000000     -10.00000000     -10.00000000     -10.00000000     -10.00000000     -10.00000000     -10.00000000     -10.00000000     -10.00000000     -10.00000000     -10.00000000     -10.00000000     -10.00000000     -10.00000000     -10.00000000
     -10.00000000     -10.00000000     -10.00000000     -10.00000000     -10.00000000     -10.00000000     -10.00000000     -10.00000000     -10.00000000     -10.00000000     -10.00000000     -10.00000000     -10.00000000     -10.00000000     -10.00000000     -10.00000000     -10.00000000     -10.00000000     -10.00000000     -10.00000000
     -10.00000000     -10.00000000     -10.00000000     -10.00000000     -10.00000000     -10.00000000     -10.00000000     -10.00000000     -10.00000000     -10.00000000     -10.00000000     -10.00000000     -10.00000000     -10.00000000     -10.00000000     -10.00000000     -10.00000000     -10.00000000     -10.00000000     -10.00000000
     -10.00000000     -10.00000000     -10.00000000     -10.00000000     -10.00000000     -10.00000000     -10.00000000     -10.00000000      -7.22000000      -3.90000000      -1.00000000       1.74000000       3.09375000       3.14690018       3.20394039       3.43212032       4.04409027       5.80578995       8.48626041      10.59716988
      12.94569969      14.89500000      15.63000000      15.89000000      16.15000000      16.41000000      16.67000000      16.93000000      17.19000000      17.45000000      17.71000000      17.27301979      14.42337036      12.14365005      10.14160919       8.39105034       6.80500984       5.22879028       4.05142021       3.34669971
       2.94102001       2.74820042      -2.04000000     -10.00000000     -10.00000000     -10.00000000     -10.00000000     -10.00000000     -10.00000000     -10.00000000     -10.00000000
     -10.00000000     -10.00000000     -10.00000000     -10.00000000     -10.00000000     -10.00000000     -10.00000000     -10.00000000     -10.00000000     -10.00000000     -10.00000000     -10.00000000     -10.00000000     -10.00000000     -10.00000000     -10.00000000     -10.00000000     -10.00000000     -10.00000000     -10.00000000
     -10.00000000     -10.00000000     -10.00000000     -10.00000000     -10.00000000     -10.00000000     -10.00000000     -10.00000000     -10.00000000     -10.00000000     -10.00000000     -10.00000000     -10.00000000     -10.00000000     -10.00000000     -10.00000000     -10.00000000     -10.00000000     -10.00000000     -10.00000000
     -10.00000000     -10.00000000     -10.00000000     -10.00000000     -10.00000000     -10.00000000     -10.00000000     -10.00000000     -10.00000000     -10.00000000     -10.00000000     -10.00000000     -10.00000000     -10.00000000     -10.00000000     -10.00000000     -10.00000000     -10.00000000     -10.00000000     -10.00000000
     -10.00000000     -10.00000000     -10.00000000     -10.00000000     -10.00000000     -10.00000000     -10.00000000     -10.00000000     -10.00000000     -10.00000000     -10.00000000     -10.00000000     -10.00000000     -10.00000000     -10.00000000     -10.00000000     -10.00000000     -10.00000000     -10.00000000     -10.00000000
     -10.00000000     -10.00000000     -10.00000000     -10.00000000     -10.00000000     -10.00000000     -10.00000000     -10.00000000     -10.00000000     -10.00000000     -10.00000000     -10.00000000     -10.00000000     -10.00000000     -10.00000000     -10.00000000     -10.00000000     -10.00000000     -10.00000000     -10.00000000
     -10.00000000     -10.00000000     -10.00000000     -10.00000000     -10.00000000     -10.00000000     -10.00000000      -6.76000000      -3.28000000      -0.80000000       2.68000000       3.16322041       3.20392990       3.26278019       3.31999016       3.63399982       4.82946014       7.75527954      10.35898972      12.65678978
      14.70383072      16.61128044      17.91451073      18.91005898      19.97834969      21.11672020      22.14558029      23.04825974      23.44038963      23.10437012      21.91197014      19.95496941      17.56061935      15.50410080      13.63319016      11.91659927      10.13035011       7.68247986       5.42592049       4.16084003
       3.60074997       3.40585995       3.01264000      -6.11000000     -10.00000000     -10.00000000     -10.00000000     -10.00000000     -10.00000000     -10.00000000     -10.00000000
     -10.00000000     -10.00000000     -10.00000000     -10.00000000     -10.00000000     -10.00000000     -10.00000000     -10.00000000     -10.00000000     -10.00000000     -10.00000000     -10.00000000     -10.00000000     -10.00000000     -10.00000000     -10.00000000     -10.00000000     -10.00000000     -10.00000000     -10.00000000
     -10.00000000     -10.00000000     -10.00000000     -10.00000000     -10.00000000     -10.00000000     -10.00000000     -10.00000000     -10.00000000     -10.00000000     -10.00000000     -10.00000000     -10.00000000     -10.00000000     -10.00000000     -10.00000000     -10.00000000     -10.00000000     -10.00000000     -10.00000000
     -10.00000000     -10.00000000     -10.00000000     -10.00000000     -10.00000000     -10.00000000     -10.00000000     -10.00000000     -10.00000000     -10.00000000     -10.00000000     -10.00000000     -10.00000000     -10.00000000     -10.00000000     -10.00000000     -10.00000000     -10.00000000     -10.00000000     -10.00000000
     -10.00000000     -10.00000000     -10.00000000     -10.00000000     -10.00000000     -10.00000000     -10.00000000     -10.00000000     -10.00000000     -10.00000000     -10.00000000     -10.00000000     -10.00000000     -10.00000000     -10.00000000     -10.00000000     -10.00000000     -10.00000000     -10.00000000     -10.00000000
     -10.00000000     -10.00000000     -10.00000000     -10.00000000     -10.00000000     -10.00000000     -10.00000000     -10.00000000     -10.00000000     -10.00000000     -10.00000000     -10.00000000     -10.00000000     -10.00000000     -10.00000000     -10.00000000     -10.00000000     -10.00000000     -10.00000000     -10.00000000
     -10.00000000     -10.00000000     -10.00000000     -10.00000000     -10.00000000     -10.00000000      -7.12000000      -3.88000000      -1.00000000       1.60000000       3.21197033       3.28127956       3.30478001       3.39058971       3.55150986       3.97478008       4.75586033       7.00127983      10.63055038      13.92333984
      16.44499969      18.51184082      19.61701012      20.50637054      21.66749954      22.67410088      23.55335045      24.40560913      24.98393059      24.79165077      23.85131073      22.46010017      20.53602028      18.51094055      16.72410011      14.89602089      12.70466042      10.19840050       8.39437962       7.01204014
       5.89295959       5.14811039       4.33238983      -4.73000000     -10.00000000     -10.00000000     -10.00000000     -10.00000000     -10.00000000     -10.00000000     -10.00000000
     -10.00000000     -10.00000000     -10.00000000     -10.00000000     -10.00000000     -10.00000000     -10.00000000     -10.00000000     -10.00000000     -10.00000000     -10.00000000     -10.00000000     -10.00000000     -10.00000000     -10.00000000     -10.00000000     -10.00000000     -10.00000000     -10.00000000     -10.00000000
     -10.00000000     -10.00000000     -10.00000000     -10.00000000     -10.00000000     -10.00000000     -10.00000000     -10.00000000     -10.00000000     -10.00000000     -10.00000000     -10.00000000     -10.00000000     -10.00000000     -10.00000000     -10.00000000     -10.00000000     -10.00000000     -10.00000000     -10.00000000
     -10.00000000     -10.00000000     -10.00000000     -10.00000000     -10.00000000     -10.00000000     -10.00000000     -10.00000000     -10.00000000     -10.00000000     -10.00000000     -10.00000000     -10.00000000     -10.00000000     -10.00000000     -10.00000000     -10.00000000     -10.00000000     -10.00000000     -10.00000000
     -10.00000000     -10.00000000     -10.00000000     -10.00000000     -10.00000000     -10.00000000     -10.00000000     -10.00000000     -10.00000000     -10.00000000     -10.00000000     -10.00000000     -10.00000000     -10.00000000     -10.00000000     -10.00000000     -10.00000000     -10.00000000     -10.00000000     -10.00000000
     -10.00000000     -10.00000000     -10.00000000     -10.00000000     -10.00000000     -10.00000000     -10.00000000     -10.00000000     -10.00000000     -10.00000000     -10.00000000     -10.00000000     -10.00000000     -10.00000000     -10.00000000     -10.00000000     -10.00000000     -10.00000000     -10.00000000     -10.00000000
     -10.00000000     -10.00000000     -10.00000000     -10.00000000     -10.00000000      -7.00000000      -4.00000000      -1.00000000       1.00000000       3.49829006       3.57791042       3.62590027       3.69301033       3.66921997       3.78536987       4.22220993       4.70273018       5.77962971       8.33856010      11.24411011
      14.27012062      17.76844025      20.26300049      21.40663910      22.86956978      23.95874023      24.75856972      25.71451187      26.64881897      26.83496094      26.10194016      24.70113945      23.46817017      21.21350098      19.03508949      16.82526970      14.77227020      13.05257988      11.77508926      10.51660919
       9.18206978       7.82971954       6.43976974      -3.35000000     -10.00000000     -10.00000000     -10.00000000     -10.00000000     -10.00000000     -10.00000000     -10.00000000
     -10.00000000     -10.00000000     -10.00000000     -10.00000000     -10.00000000     -10.00000000     -10.00000000     -10.00000000     -10.00000000     -10.00000000     -10.00000000     -10.00000000     -10.00000000     -10.00000000     -10.00000000     -10.00000000     -10.00000000     -10.00000000     -10.00000000     -10.00000000
     -10.00000000     -10.00000000     -10.00000000     -10.00000000     -10.00000000     -10.00000000     -10.00000000     -10.00000000     -10.00000000     -10.00000000     -10.00000000     -10.00000000     -10.00000000     -10.00000000     -10.00000000     -10.00000000     -10.00000000     -10.00000000     -10.00000000     -10.00000000
     -10.00000000     -10.00000000     -10.00000000     -10.00000000     -10.00000000     -10.00000000     -10.00000000     -10.00000000     -10.00000000     -10.00000000     -10.00000000     -10.00000000     -10.00000000     -10.00000000     -10.00000000     -10.00000000     -10.00000000     -10.00000000     -10.00000000     -10.00000000
     -10.00000000     -10.00000000     -10.00000000     -10.00000000     -10.00000000     -10.00000000     -10.00000000     -10.00000000     -10.00000000     -10.00000000     -10.00000000     -10.00000000     -10.00000000     -10.00000000     -10.00000000     -10.00000000     -10.00000000     -10.00000000     -10.00000000     -10.00000000
     -10.00000000     -10.00000000     -10.00000000     -10.00000000     -10.00000000     -10.00000000     -10.00000000     -10.00000000     -10.00000000     -10.00000000     -10.00000000     -10.00000000     -10.00000000     -10.00000000     -10.00000000     -10.00000000     -10.00000000     -10.00000000     -10.00000000     -10.00000000
     -10.00000000     -10.00000000     -10.00000000      -9.16000000      -6.40000000      -3.64000000      -1.00000000       0.88000000       3.64000000       3.88475037       3.95695972       4.03682995       4.08638000       4.06665993       4.07831955       4.53164005       5.27632046       5.99110985       7.40583038       9.16320992
      11.37503052      14.09308052      16.87347031      19.31735992      22.04924965      24.17878914      25.50331879      26.92646027      28.31002045      28.80638123      28.29616165      26.54444122      25.20341873      22.88087082      20.26684952      18.40214920      17.22145081      15.95606995      14.47723961      13.42779922
      12.49920082      11.00260925       7.81000000      -1.97000000     -10.00000000     -10.00000000     -10.00000000     -10.00000000     -10.00000000     -10.00000000     -10.00000000
     -10.00000000     -10.00000000     -10.00000000     -10.00000000     -10.00000000     -10.00000000     -10.00000000     -10.00000000     -10.00000000     -10.00000000     -10.00000000     -10.00000000     -10.00000000     -10.00000000     -10.00000000     -10.00000000     -10.00000000     -10.00000000     -10.00000000     -10.00000000
     -10.00000000     -10.00000000     -10.00000000     -10.00000000     -10.00000000     -10.00000000     -10.00000000     -10.00000000     -10.00000000     -10.00000000     -10.00000000     -10.00000000     -10.00000000     -10.00000000     -10.00000000     -10.00000000     -10.00000000     -10.00000000     -10.00000000     -10.00000000
     -10.00000000     -10.00000000     -10.00000000     -10.00000000     -10.00000000     -10.00000000     -10.00000000     -10.00000000     -10.00000000     -10.00000000     -10.00000000     -10.00000000     -10.00000000     -10.00000000     -10.00000000     -10.00000000     -10.00000000     -10.00000000     -10.00000000     -10.00000000
     -10.00000000     -10.00000000     -10.00000000     -10.00000000     -10.00000000     -10.00000000     -10.00000000     -10.00000000     -10.00000000     -10.00000000     -10.00000000     -10.00000000     -10.00000000     -10.00000000     -10.00000000     -10.00000000     -10.00000000     -10.00000000     -10.00000000     -10.00000000
     -10.00000000     -10.00000000     -10.00000000     -10.00000000     -10.00000000     -10.00000000     -10.00000000     -10.00000000     -10.00000000     -10.00000000     -10.00000000     -10.00000000     -10.00000000     -10.00000000     -10.00000000     -10.00000000     -10.00000000     -10.00000000     -10.00000000     -10.00000000
     -10.00000000      -9.47500000      -7.84000000      -5.32000000      -2.80000000      -1.00000000       1.24000000       3.76000000       3.96862984       4.22883987       4.78800964       5.25298977       5.22204971       4.91086006       5.08166027       6.42469978       7.94925022       8.96895981       9.24814987       9.79129982
      11.24806976      12.64946938      14.81936073      17.66859055      21.26094055      24.54962921      26.61832809      28.45785141      29.83174896      30.40232849      30.04571152      28.36853027      26.57910919      24.10293007      21.55467987      20.29516029      19.66604996      18.09531021      16.38532066      15.48381996
      14.80814934      13.66736984       9.07000000      -1.00000000     -10.00000000     -10.00000000     -10.00000000     -10.00000000     -10.00000000     -10.00000000     -10.00000000
     -10.00000000     -10.00000000     -10.00000000     -10.00000000     -10.00000000     -10.00000000     -10.00000000     -10.00000000     -10.00000000     -10.00000000     -10.00000000     -10.00000000     -10.00000000     -10.00000000     -10.00000000     -10.00000000     -10.00000000     -10.00000000     -10.00000000     -10.00000000
     -10.00000000     -10.00000000     -10.00000000     -10.00000000     -10.00000000     -10.00000000     -10.00000000     -10.00000000     -10.00000000     -10.00000000     -10.00000000     -10.00000000     -10.00000000     -10.00000000     -10.00000000     -10.00000000     -10.00000000     -10.00000000     -10.00000000     -10.00000000
     -10.00000000     -10.00000000     -10.00000000     -10.00000000     -10.00000000     -10.00000000     -10.00000000     -10.00000000     -10.00000000     -10.00000000     -10.00000000     -10.00000000     -10.00000000     -10.00000000     -10.00000000     -10.00000000     -10.00000000     -10.00000000     -10.00000000     -10.00000000
     -10.00000000     -10.00000000     -10.00000000     -10.00000000     -10.00000000     -10.00000000     -10.00000000     -10.00000000     -10.00000000     -10.00000000     -10.00000000     -10.00000000     -10.00000000     -10.00000000     -10.00000000     -10.00000000     -10.00000000     -10.00000000     -10.00000000     -10.00000000
     -10.00000000     -10.00000000     -10.00000000     -10.00000000     -10.00000000     -10.00000000     -10.00000000     -10.00000000     -10.00000000     -10.00000000     -10.00000000     -10.00000000     -10.00000000     -10.00000000     -10.00000000     -10.00000000     -10.00000000      -9.62500000      -8.57500000      -7.52500000
      -6.47500000      -5.42500000      -3.76000000      -1.48000000      -0.20000000       2.08000000       3.82509041       4.14605045       4.62660980       5.61013031       6.73610020       7.56363964       7.67150974       7.01395035       7.01043034       8.91816998      11.16732025      12.65369034      12.99039078      12.86421967
      13.31580925      14.10749054      15.86741066      17.68112946      21.01407051      25.17319107      28.57418060      30.49647903      31.58887863      31.91136932      31.43291855      29.96876907      28.21448898      25.94372177      23.50540924      22.42334938      21.21825981      19.29303932      17.95413017      17.14732933
      16.67958069      15.58021927      10.33000000      -0.21000000      -9.75000000     -10.00000000     -10.00000000     -10.00000000     -10.00000000     -10.00000000     -10.00000000
     -10.00000000     -10.00000000     -10.00000000     -10.00000000     -10.00000000     -10.00000000     -10.00000000     -10.00000000     -10.00000000     -10.00000000     -10.00000000     -10.00000000     -10.00000000     -10.00000000     -10.00000000     -10.00000000     -10.00000000     -10.00000000     -10.00000000     -10.00000000
     -10.00000000     -10.00000000     -10.00000000     -10.00000000     -10.00000000     -10.00000000     -10.00000000     -10.00000000     -10.00000000     -10.00000000     -10.00000000     -10.00000000     -10.00000000     -10.00000000     -10.00000000     -10.00000000     -10.00000000     -10.00000000     -10.00000000     -10.00000000
     -10.00000000     -10.00000000     -10.00000000     -10.00000000     -10.00000000     -10.00000000     -10.00000000     -10.00000000     -10.00000000     -10.00000000     -10.00000000     -10.00000000     -10.00000000     -10.00000000     -10.00000000     -10.00000000     -10.00000000     -10.00000000     -10.00000000     -10.00000000
     -10.00000000     -10.00000000     -10.00000000     -10.00000000     -10.00000000     -10.00000000     -10.00000000     -10.00000000     -10.00000000     -10.00000000     -10.00000000     -10.00000000     -10.00000000     -10.00000000     -10.00000000     -10.00000000     -10.00000000     -10.00000000     -10.00000000     -10.00000000
     -10.00000000     -10.00000000     -10.00000000     -10.00000000     -10.00000000     -10.00000000     -10.00000000     -10.00000000     -10.00000000     -10.00000000     -10.00000000     -10.00000000     -10.00000000     -10.00000000     -10.00000000      -9.47500000      -8.12500000      -6.77500000      -5.42500000      -4.07500000
      -2.72500000      -1.37500000      -0.68000000       1.36000000       3.40000000       4.29963970       4.63640022       5.11651039       6.41858006       7.84914017       9.19368935      10.20713997      10.51140976       9.89896011       9.62406921      11.56458092      14.55536079      16.76827049      17.03829002      16.71896935
      16.64789963      17.51899910      18.46701050      19.24758911      21.56631088      25.25672913      29.82759857      32.61705017      33.50598145      33.72296143      33.26544952      31.91159058      30.17887115      28.11671829      25.93181992      24.23181915      22.19894028      20.34589958      19.18613052      18.18358994
      17.36660004      15.98218918      11.59000000       1.17000000      -8.25000000     -10.00000000     -10.00000000     -10.00000000     -10.00000000     -10.00000000     -10.00000000
     -10.00000000     -10.00000000     -10.00000000     -10.00000000     -10.00000000     -10.00000000     -10.00000000     -10.00000000     -10.00000000     -10.00000000     -10.00000000     -10.00000000     -10.00000000     -10.00000000     -10.00000000     -10.00000000     -10.00000000     -10.00000000     -10.00000000     -10.00000000
     -10.00000000     -10.00000000     -10.00000000     -10.00000000     -10.00000000     -10.00000000     -10.00000000     -10.00000000     -10.00000000     -10.00000000     -10.00000000     -10.00000000     -10.00000000     -10.00000000     -10.00000000     -10.00000000     -10.00000000     -10.00000000     -10.00000000     -10.00000000
     -10.00000000     -10.00000000     -10.00000000     -10.00000000     -10.00000000     -10.00000000     -10.00000000     -10.00000000     -10.00000000     -10.00000000     -10.00000000     -10.00000000     -10.00000000     -10.00000000     -10.00000000     -10.00000000     -10.00000000     -10.00000000     -10.00000000     -10.00000000
     -10.00000000     -10.00000000     -10.00000000     -10.00000000     -10.00000000     -10.00000000     -10.00000000     -10.00000000     -10.00000000     -10.00000000     -10.00000000     -10.00000000     -10.00000000     -10.00000000     -10.00000000     -10.00000000     -10.00000000     -10.00000000     -10.00000000     -10.00000000
     -10.00000000     -10.00000000     -10.00000000     -10.00000000     -10.00000000     -10.00000000     -10.00000000     -10.00000000     -10.00000000     -10.00000000     -10.00000000     -10.00000000     -10.00000000     -10.00000000      -8.87500000      -7.22500000      -5.57500000      -3.92500000      -2.27500000      -1.00000000
       0.02500000       1.67500000       3.25568008       4.08102989       5.33885956       6.72597980       7.34383011       7.90653992       9.16346931      10.69491959      12.17067909      13.12258911      13.40464020      12.64772034      12.18481064      13.94860077      17.13088989      19.99721909      20.73387909      20.74546051
      21.36759949      22.30352974      22.03347015      22.00536919      23.43869019      26.37694931      30.54317856      34.33032990      35.37139893      35.56512070      35.07233810      33.57678986      32.17187119      30.17565155      28.46525192      26.25067902      23.76605034      21.75608063      20.39398003      19.11129951
      17.73485947      15.87528992      12.85000000       2.55000000      -6.75000000     -10.00000000     -10.00000000     -10.00000000     -10.00000000     -10.00000000     -10.00000000
     -10.00000000     -10.00000000     -10.00000000     -10.00000000     -10.00000000     -10.00000000     -10.00000000     -10.00000000     -10.00000000     -10.00000000     -10.00000000     -10.00000000     -10.00000000     -10.00000000     -10.00000000     -10.00000000     -10.00000000     -10.00000000     -10.00000000     -10.00000000
     -10.00000000     -10.00000000     -10.00000000     -10.00000000     -10.00000000     -10.00000000     -10.00000000     -10.00000000     -10.00000000     -10.00000000     -10.00000000     -10.00000000     -10.00000000     -10.00000000     -10.00000000     -10.00000000     -10.00000000     -10.00000000     -10.00000000     -10.00000000
     -10.00000000     -10.00000000     -10.00000000     -10.00000000     -10.00000000     -10.00000000     -10.00000000     -10.00000000     -10.00000000     -10.00000000     -10.00000000     -10.00000000     -10.00000000     -10.00000000     -10.00000000     -10.00000000     -10.00000000     -10.00000000     -10.00000000     -10.00000000
     -10.00000000     -10.00000000     -10.00000000     -10.00000000     -10.00000000     -10.00000000     -10.00000000     -10.00000000     -10.00000000     -10.00000000     -10.00000000     -10.00000000     -10.00000000     -10.00000000     -10.00000000     -10.00000000     -10.00000000     -10.00000000     -10.00000000     -10.00000000
     -10.00000000     -10.00000000     -10.00000000     -10.00000000     -10.00000000     -10.00000000     -10.00000000     -10.00000000     -10.00000000     -10.00000000     -10.00000000     -10.00000000     -10.00000000      -8.87500000      -6.92500000      -4.97500000      -3.02500000      -1.07500000      -0.12500000       1.44785976
       1.27260017       3.29162979       4.55603981       6.33716965       8.53429985      10.70191956      11.81916046      12.27975082      12.95467949      14.14291954      15.54006958      16.31543922      16.16793060      15.17600060      14.49271011      16.03755951      18.98069000      21.96434975      23.61360931      24.35590935
      25.63058090      27.14923859      27.21480942      26.39160156      26.86846161      28.35268021      31.82099915      35.70671082      36.95269012      37.01309967      36.54391861      35.21826172      33.99570847      32.19322968      30.50690842      28.48524857      26.03255844      23.59210014      21.71213913      19.88245010
      17.72514915      15.30188942      12.71235085       3.93000000      -5.25000000     -10.00000000     -10.00000000     -10.00000000     -10.00000000     -10.00000000     -10.00000000
     -10.00000000     -10.00000000     -10.00000000     -10.00000000     -10.00000000     -10.00000000     -10.00000000     -10.00000000     -10.00000000     -10.00000000     -10.00000000     -10.00000000     -10.00000000     -10.00000000     -10.00000000     -10.00000000     -10.00000000     -10.00000000     -10.00000000     -10.00000000
     -10.00000000     -10.00000000     -10.00000000     -10.00000000     -10.00000000     -10.00000000     -10.00000000     -10.00000000     -10.00000000     -10.00000000     -10.00000000     -10.00000000     -10.00000000     -10.00000000     -10.00000000     -10.00000000     -10.00000000     -10.00000000     -10.00000000     -10.00000000
     -10.00000000     -10.00000000     -10.00000000     -10.00000000     -10.00000000     -10.00000000     -10.00000000     -10.00000000     -10.00000000     -10.00000000     -10.00000000     -10.00000000     -10.00000000     -10.00000000     -10.00000000     -10.00000000     -10.00000000     -10.00000000     -10.00000000     -10.00000000
     -10.00000000     -10.00000000     -10.00000000     -10.00000000     -10.00000000     -10.00000000     -10.00000000     -10.00000000     -10.00000000     -10.00000000     -10.00000000     -10.00000000     -10.00000000     -10.00000000     -10.00000000     -10.00000000     -10.00000000     -10.00000000     -10.00000000     -10.00000000
     -10.00000000     -10.00000000     -10.00000000     -10.00000000     -10.00000000     -10.00000000     -10.00000000     -10.00000000     -10.00000000     -10.00000000     -10.00000000     -10.00000000      -9.47500000      -7.22500000      -4.97500000      -2.72500000      -1.00000000       0.77500000       3.02500000       0.75602007
       2.38574028       4.80613995       7.18966007       9.71873093      11.97183990      14.30233002      15.60713959      16.33155060      16.75366020      17.60062027      18.50412941      18.83538055      18.39226913      17.27688980      16.61638069      17.72347069      20.33266068      23.56217957      25.98720932      27.54513168
      28.92766190      30.50759888      31.62488174      31.42374039      30.85437012      31.23220062      33.63970184      37.03725815      38.43098068      38.51007843      37.93373108      36.91461945      35.63991165      33.91992188      32.23785019      30.43225098      28.24760056      25.77993011      23.26549911      20.96326065
      18.26481056      15.45895004      13.02968025       5.31000000      -3.75000000     -10.00000000     -10.00000000     -10.00000000     -10.00000000     -10.00000000     -10.00000000
     -10.00000000     -10.00000000     -10.00000000     -10.00000000     -10.00000000     -10.00000000     -10.00000000     -10.00000000     -10.00000000     -10.00000000     -10.00000000     -10.00000000     -10.00000000     -10.00000000     -10.00000000     -10.00000000     -10.00000000     -10.00000000     -10.00000000     -10.00000000
     -10.00000000     -10.00000000     -10.00000000     -10.00000000     -10.00000000     -10.00000000     -10.00000000     -10.00000000     -10.00000000     -10.00000000     -10.00000000     -10.00000000     -10.00000000     -10.00000000     -10.00000000     -10.00000000     -10.00000000     -10.00000000     -10.00000000     -10.00000000
     -10.00000000     -10.00000000     -10.00000000     -10.00000000     -10.00000000     -10.00000000     -10.00000000     -10.00000000     -10.00000000     -10.00000000     -10.00000000     -10.00000000     -10.00000000     -10.00000000     -10.00000000     -10.00000000     -10.00000000     -10.00000000     -10.00000000     -10.00000000
     -10.00000000     -10.00000000     -10.00000000     -10.00000000     -10.00000000     -10.00000000     -10.00000000     -10.00000000     -10.00000000     -10.00000000     -10.00000000     -10.00000000     -10.00000000     -10.00000000     -10.00000000     -10.00000000     -10.00000000     -10.00000000     -10.00000000     -10.00000000
     -10.00000000      -9.89500000      -9.69500000      -9.68500000      -9.67500000      -9.66500000      -9.65500000      -9.64500000      -9.63500000      -9.62500000      -9.61500000      -9.60500000      -8.48000000      -6.24000000      -4.00000000      -1.76000000      -0.52000000       1.72000000       3.58302975       0.91212988
       4.32518005       7.08010006      10.71721077      12.85429001      15.02500000      16.31500000      17.60500000      18.89500000      20.06418037      20.95166969      21.51926041      21.34333038      20.63957024      19.16045952      18.42342949      19.31135941      21.83629036      25.54404068      28.05355835      30.15369034
      32.22238922      33.97737885      34.76826096      34.94939041      34.50732040      34.59410095      35.52389145      37.60374069      39.09751892      39.48168945      39.14820099      38.28330994      36.84532928      35.31018066      33.69353867      32.20901108      30.12141037      27.89393997      25.46704865      22.91654968
      19.72176933      16.74485970      13.85843086       5.85000000      -3.05000000     -10.00000000     -10.00000000     -10.00000000     -10.00000000     -10.00000000     -10.00000000
     -10.00000000     -10.00000000     -10.00000000     -10.00000000     -10.00000000     -10.00000000     -10.00000000     -10.00000000     -10.00000000     -10.00000000     -10.00000000     -10.00000000     -10.00000000     -10.00000000     -10.00000000     -10.00000000     -10.00000000     -10.00000000     -10.00000000     -10.00000000
     -10.00000000     -10.00000000     -10.00000000     -10.00000000     -10.00000000     -10.00000000     -10.00000000     -10.00000000     -10.00000000     -10.00000000     -10.00000000     -10.00000000     -10.00000000     -10.00000000     -10.00000000     -10.00000000     -10.00000000     -10.00000000     -10.00000000     -10.00000000
     -10.00000000     -10.00000000     -10.00000000     -10.00000000     -10.00000000     -10.00000000     -10.00000000     -10.00000000     -10.00000000     -10.00000000     -10.00000000     -10.00000000     -10.00000000     -10.00000000     -10.00000000     -10.00000000     -10.00000000     -10.00000000     -10.00000000     -10.00000000
     -10.00000000     -10.00000000     -10.00000000     -10.00000000     -10.00000000     -10.00000000     -10.00000000     -10.00000000     -10.00000000     -10.00000000     -10.00000000     -10.00000000     -10.00000000     -10.00000000     -10.00000000     -10.00000000     -10.00000000     -10.00000000     -10.00000000     -10.00000000
      -9.65500000      -9.28500000      -9.08500000      -9.05500000      -9.02500000      -8.99500000      -8.96500000      -8.93500000      -8.90500000      -8.87500000      -8.84500000      -8.81500000      -7.84000000      -5.92000000      -4.00000000      -2.08000000      -1.00000000       0.76000000       2.56404018       1.97294998
       6.26537991       8.44000000      10.13500000      11.60500000      13.07500000      14.54500000      16.01500000      17.48500000      18.95500000      20.42500000      21.89500000      23.36500000      22.37482071      20.78738022      20.05415916      20.98617935      24.10386086      27.23920059      31.54008102      34.61669922
      36.50825882      37.70804977      38.79534149      39.18088150      38.01314163      36.84589005      37.03205109      38.01591110      39.18360901      40.03884888      40.15652847      39.30569077      37.82749939      36.41508102      35.17621994      33.99898148      32.43262863      29.87488937      27.30612183      24.59929085
      21.34540939      18.34693909      15.11643028       5.55000000      -3.15000000     -10.00000000     -10.00000000     -10.00000000     -10.00000000     -10.00000000     -10.00000000
     -10.00000000     -10.00000000     -10.00000000     -10.00000000     -10.00000000     -10.00000000     -10.00000000     -10.00000000     -10.00000000     -10.00000000     -10.00000000     -10.00000000     -10.00000000     -10.00000000     -10.00000000     -10.00000000     -10.00000000     -10.00000000     -10.00000000     -10.00000000
     -10.00000000     -10.00000000     -10.00000000     -10.00000000     -10.00000000     -10.00000000     -10.00000000     -10.00000000     -10.00000000     -10.00000000     -10.00000000     -10.00000000     -10.00000000     -10.00000000     -10.00000000     -10.00000000     -10.00000000     -10.00000000     -10.00000000     -10.00000000
     -10.00000000     -10.00000000     -10.00000000     -10.00000000     -10.00000000     -10.00000000     -10.00000000     -10.00000000     -10.00000000     -10.00000000     -10.00000000     -10.00000000     -10.00000000     -10.00000000     -10.00000000     -10.00000000     -10.00000000     -10.00000000     -10.00000000     -10.00000000
     -10.00000000     -10.00000000     -10.00000000     -10.00000000     -10.00000000     -10.00000000     -10.00000000     -10.00000000     -10.00000000     -10.00000000     -10.00000000     -10.00000000     -10.00000000     -10.00000000     -10.00000000     -10.00000000     -10.00000000     -10.00000000      -9.72500000      -9.37500000
      -9.02500000      -8.67500000      -8.47500000      -8.42500000      -8.37500000      -8.32500000      -8.27500000      -8.22500000      -8.17500000      -8.12500000      -8.07500000      -8.02500000      -7.20000000      -5.60000000      -4.00000000      -2.40000000      -1.00000000      -0.20000000       1.40000000       3.00000000
       4.60000000       6.20000000       7.82500000       9.47500000      11.12500000      12.77500000      14.42500000      16.07500000      17.72500000      19.37500000      21.02500000      22.67500000      22.73282051      21.55541992      21.05603027      22.62991905      25.48675156      30.40859985      35.24185181      37.75000000
      39.65000000      41.09416962      41.67412949      41.66831970      40.55807114      39.28540802      38.65018845      38.74707031      39.62176895      40.49300003      40.71393967      40.06253052      38.79600143      37.36581039      36.14743042      34.77500000      32.42500000      30.07500000      27.72500000      25.37500000
      23.02500000      20.21768951      14.75000000       5.25000000      -3.25000000     -10.00000000     -10.00000000     -10.00000000     -10.00000000     -10.00000000     -10.00000000
     -10.00000000     -10.00000000     -10.00000000     -10.00000000     -10.00000000     -10.00000000     -10.00000000     -10.00000000     -10.00000000     -10.00000000     -10.00000000     -10.00000000     -10.00000000     -10.00000000     -10.00000000     -10.00000000     -10.00000000     -10.00000000     -10.00000000     -10.00000000
     -10.00000000     -10.00000000     -10.00000000     -10.00000000     -10.00000000     -10.00000000     -10.00000000     -10.00000000     -10.00000000     -10.00000000     -10.00000000     -10.00000000     -10.00000000     -10.00000000     -10.00000000     -10.00000000     -10.00000000     -10.00000000     -10.00000000     -10.00000000
     -10.00000000     -10.00000000     -10.00000000     -10.00000000     -10.00000000     -10.00000000     -10.00000000     -10.00000000     -10.00000000     -10.00000000     -10.00000000     -10.00000000     -10.00000000     -10.00000000     -10.00000000     -10.00000000     -10.00000000     -10.00000000     -10.00000000     -10.00000000
     -10.00000000     -10.00000000     -10.00000000     -10.00000000     -10.00000000     -10.00000000     -10.00000000     -10.00000000     -10.00000000     -10.00000000     -10.00000000     -10.00000000     -10.00000000     -10.00000000     -10.00000000     -10.00000000      -9.71500000      -9.38500000      -9.05500000      -8.72500000
      -8.39500000      -8.06500000      -7.86500000      -7.79500000      -7.72500000      -7.65500000      -7.58500000      -7.51500000      -7.44500000      -7.37500000      -7.30500000      -7.23500000      -6.56000000      -5.28000000      -4.00000000      -2.72000000      -1.44000000      -1.00000000       0.12000000       1.40000000
       2.68000000       3.96000000       5.51500000       7.34500000       9.17500000      11.00500000      12.83500000      14.66500000      16.49500000      18.32500000      20.15500000      21.98500000      22.48435974      21.73397064      21.91575050      23.59790039      27.45705032      32.07508087      36.55000000      38.65000000
      40.75000000      42.68103027      42.95555878      43.06549072      42.75825119      41.90303040      40.81412888      40.48820877      41.01351166      41.38042831      41.33158875      40.58288956      39.55567169      38.26232147      36.90513992      34.56500000      32.15500000      29.74500000      27.33500000      24.92500000
      22.51500000      20.10500000      14.25000000       4.95000000      -3.35000000     -10.00000000     -10.00000000     -10.00000000     -10.00000000     -10.00000000     -10.00000000
     -10.00000000     -10.00000000     -10.00000000     -10.00000000     -10.00000000     -10.00000000     -10.00000000     -10.00000000     -10.00000000     -10.00000000     -10.00000000     -10.00000000     -10.00000000     -10.00000000     -10.00000000     -10.00000000     -10.00000000     -10.00000000     -10.00000000     -10.00000000
     -10.00000000     -10.00000000     -10.00000000     -10.00000000     -10.00000000     -10.00000000     -10.00000000     -10.00000000     -10.00000000     -10.00000000     -10.00000000     -10.00000000     -10.00000000     -10.00000000     -10.00000000     -10.00000000     -10.00000000     -10.00000000     -10.00000000     -10.00000000
     -10.00000000     -10.00000000     -10.00000000     -10.00000000     -10.00000000     -10.00000000     -10.00000000     -10.00000000     -10.00000000     -10.00000000     -10.00000000     -10.00000000     -10.00000000     -10.00000000     -10.00000000     -10.00000000     -10.00000000     -10.00000000     -10.00000000     -10.00000000
     -10.00000000     -10.00000000     -10.00000000     -10.00000000     -10.00000000     -10.00000000     -10.00000000     -10.00000000     -10.00000000     -10.00000000     -10.00000000     -10.00000000     -10.00000000      -9.93500000      -9.62500000      -9.31500000      -9.00500000      -8.69500000      -8.38500000      -8.07500000
      -7.76500000      -7.45500000      -7.25500000      -7.16500000      -7.07500000      -6.98500000      -6.89500000      -6.80500000      -6.71500000      -6.62500000      -6.53500000      -6.44500000      -5.92000000      -4.96000000      -4.00000000      -3.04000000      -2.08000000      -1.12000000      -1.00000000      -0.20000000
       0.76000000       1.72000000       3.20500000       5.21500000       7.22500000       9.23500000      11.24500000      13.25500000      15.26500000      17.27500000      19.28500000      21.29500000      21.96290970      21.39211082      21.76552963      24.49786949      28.55865097      33.37707901      37.25000000      39.55000000
      41.85000000      43.52103043      43.90718079      44.14519882      44.30992889      43.92702866      43.03773880      42.71120071      43.23995972      43.18741989      42.12585831      40.94396973      39.78398895      38.62934113      36.82500000      34.35500000      31.88500000      29.41500000      26.94500000      24.47500000
      22.00500000      19.53500000      13.75000000       4.65000000      -3.45000000     -10.00000000     -10.00000000     -10.00000000     -10.00000000     -10.00000000     -10.00000000
     -10.00000000     -10.00000000     -10.00000000     -10.00000000     -10.00000000     -10.00000000     -10.00000000     -10.00000000     -10.00000000     -10.00000000     -10.00000000     -10.00000000     -10.00000000     -10.00000000     -10.00000000     -10.00000000     -10.00000000     -10.00000000     -10.00000000     -10.00000000
     -10.00000000     -10.00000000     -10.00000000     -10.00000000     -10.00000000     -10.00000000     -10.00000000     -10.00000000     -10.00000000     -10.00000000     -10.00000000     -10.00000000     -10.00000000     -10.00000000     -10.00000000     -10.00000000     -10.00000000     -10.00000000     -10.00000000     -10.00000000
     -10.00000000     -10.00000000     -10.00000000     -10.00000000     -10.00000000     -10.00000000     -10.00000000     -10.00000000     -10.00000000     -10.00000000     -10.00000000     -10.00000000     -10.00000000     -10.00000000     -10.00000000     -10.00000000     -10.00000000     -10.00000000     -10.00000000     -10.00000000
     -10.00000000     -10.00000000     -10.00000000     -10.00000000     -10.00000000     -10.00000000     -10.00000000     -10.00000000     -10.00000000     -10.00000000      -9.90000000      -9.70000000      -9.45500000      -9.16500000      -8.87500000      -8.58500000      -8.29500000      -8.00500000      -7.71500000      -7.42500000
      -7.13500000      -6.84500000      -6.64500000      -6.53500000      -6.42500000      -6.31500000      -6.20500000      -6.09500000      -5.98500000      -5.87500000      -5.76500000      -5.65500000      -5.28000000      -4.64000000      -4.00000000      -3.36000000      -2.72000000      -2.08000000      -1.44000000      -1.00000000
      -1.00000000      -0.52000000       0.89500000       3.08500000       5.27500000       7.46500000       9.65500000      11.84500000      14.03500000      16.22500000      18.41500000      20.60500000      20.98316002      20.07641983      22.07859039      25.55403137      29.80577087      34.73062134      37.95000000      40.45000000
      42.95000000      43.94916916      44.63182831      45.08911133      45.18444061      44.93095016      44.54544830      44.36594009      44.29500000      43.92500000      42.84751129      41.36161041      39.95692062      38.56087875      36.67500000      34.14500000      31.61500000      29.08500000      26.55500000      24.02500000
      21.49500000      18.96500000      13.25000000       4.35000000      -3.55000000     -10.00000000     -10.00000000     -10.00000000     -10.00000000     -10.00000000     -10.00000000
     -10.00000000     -10.00000000     -10.00000000     -10.00000000     -10.00000000     -10.00000000     -10.00000000     -10.00000000     -10.00000000     -10.00000000     -10.00000000     -10.00000000     -10.00000000     -10.00000000     -10.00000000     -10.00000000     -10.00000000     -10.00000000     -10.00000000     -10.00000000
     -10.00000000     -10.00000000     -10.00000000     -10.00000000     -10.00000000     -10.00000000     -10.00000000     -10.00000000     -10.00000000     -10.00000000     -10.00000000     -10.00000000     -10.00000000     -10.00000000     -10.00000000     -10.00000000     -10.00000000     -10.00000000     -10.00000000     -10.00000000
     -10.00000000     -10.00000000     -10.00000000     -10.00000000     -10.00000000     -10.00000000     -10.00000000     -10.00000000     -10.00000000     -10.00000000     -10.00000000     -10.00000000     -10.00000000     -10.00000000     -10.00000000     -10.00000000     -10.00000000     -10.00000000     -10.00000000     -10.00000000
     -10.00000000     -10.00000000     -10.00000000     -10.00000000     -10.00000000     -10.00000000      -9.90000000      -9.70000000      -9.50000000      -9.30000000      -9.10000000      -8.90000000      -8.66500000      -8.39500000      -8.12500000      -7.85500000      -7.58500000      -7.31500000      -7.04500000      -6.77500000
      -6.50500000      -6.23500000      -6.03500000      -5.90500000      -5.77500000      -5.64500000      -5.51500000      -5.38500000      -5.25500000      -5.12500000      -4.99500000      -4.86500000      -4.64000000      -4.32000000      -4.00000000      -3.68000000      -3.36000000      -3.04000000      -2.72000000      -2.40000000
      -2.08000000      -1.76000000      -1.00000000       0.95500000       3.32500000       5.69500000       8.06500000      10.43500000      12.80500000      15.17500000      17.54500000      19.85141945      18.92828941      19.21694946      22.63747978      26.59146118      31.48469925      35.95000000      38.65000000      41.35000000
      43.42417145      44.47399902      45.43957138      46.01271820      46.20362854      45.99819946      45.71654129      45.29500000      44.77154160      44.13063049      42.93170929      41.42382812      39.79198837      38.30310059      36.52500000      33.93500000      31.34500000      28.75500000      26.16500000      23.57500000
      20.98500000      18.39500000      12.75000000       4.05000000      -3.65000000     -10.00000000     -10.00000000     -10.00000000     -10.00000000     -10.00000000     -10.00000000
     -10.00000000     -10.00000000     -10.00000000     -10.00000000     -10.00000000     -10.00000000     -10.00000000     -10.00000000     -10.00000000     -10.00000000     -10.00000000     -10.00000000     -10.00000000     -10.00000000     -10.00000000     -10.00000000     -10.00000000     -10.00000000     -10.00000000     -10.00000000
     -10.00000000     -10.00000000     -10.00000000     -10.00000000     -10.00000000     -10.00000000     -10.00000000     -10.00000000     -10.00000000     -10.00000000     -10.00000000     -10.00000000     -10.00000000     -10.00000000     -10.00000000     -10.00000000     -10.00000000     -10.00000000     -10.00000000     -10.00000000
     -10.00000000     -10.00000000     -10.00000000     -10.00000000     -10.00000000     -10.00000000     -10.00000000     -10.00000000     -10.00000000     -10.00000000     -10.00000000     -10.00000000     -10.00000000     -10.00000000     -10.00000000     -10.00000000     -10.00000000     -10.00000000     -10.00000000     -10.00000000
     -10.00000000     -10.00000000      -9.90000000      -9.70000000      -9.50000000      -9.30000000      -9.10000000      -8.90000000      -8.70000000      -8.50000000      -8.30000000      -8.10000000      -7.87500000      -7.62500000      -7.37500000      -7.12500000      -6.87500000      -6.62500000      -6.37500000      -6.12500000
      -5.87500000      -5.62500000      -5.42500000      -5.27500000      -5.12500000      -4.97500000      -4.82500000      -4.67500000      -4.52500000      -4.37500000      -4.22500000      -4.07500000      -4.00000000      -4.00000000      -4.00000000      -4.00000000      -4.00000000      -4.00000000      -4.00000000      -4.00000000
      -4.00000000      -4.00000000      -2.72500000      -1.00000000       1.37500000       3.92500000       6.47500000       9.02500000      11.57500000      14.12500000      16.31718063      16.65928078      16.56538010      19.60920906      23.54425049      28.63240814      33.55000000      36.45000000      39.35000000      42.25000000
      44.42802048      45.46445847      46.28453827      46.79468918      47.02429962      46.96371078      46.57500000      45.92500000      45.19305038      44.14178848      43.00114059      41.37134171      39.63558960      38.18896103      36.37500000      33.72500000      31.07500000      28.42500000      25.77500000      23.12500000
      20.47500000      17.82500000      12.25000000       3.75000000      -3.75000000     -10.00000000     -10.00000000     -10.00000000     -10.00000000     -10.00000000     -10.00000000
     -10.00000000     -10.00000000     -10.00000000     -10.00000000     -10.00000000     -10.00000000     -10.00000000     -10.00000000     -10.00000000     -10.00000000     -10.00000000     -10.00000000     -10.00000000     -10.00000000     -10.00000000     -10.00000000     -10.00000000     -10.00000000     -10.00000000     -10.00000000
     -10.00000000     -10.00000000     -10.00000000     -10.00000000     -10.00000000     -10.00000000     -10.00000000     -10.00000000     -10.00000000     -10.00000000     -10.00000000     -10.00000000     -10.00000000     -10.00000000     -10.00000000     -10.00000000     -10.00000000     -10.00000000     -10.00000000     -10.00000000
     -10.00000000     -10.00000000     -10.00000000     -10.00000000     -10.00000000     -10.00000000     -10.00000000     -10.00000000     -10.00000000     -10.00000000     -10.00000000     -10.00000000     -10.00000000     -10.00000000     -10.00000000     -10.00000000     -10.00000000     -10.00000000     -10.00000000      -9.85000000
      -9.59000000      -9.33000000      -9.10000000      -8.90000000      -8.70000000      -8.50000000      -8.30000000      -8.10000000      -7.90000000      -7.70000000      -7.50000000      -7.30000000      -7.08500000      -6.85500000      -6.62500000      -6.39500000      -6.16500000      -5.93500000      -5.70500000      -5.47500000
      -5.24500000      -5.01500000      -4.81500000      -4.64500000      -4.47500000      -4.30500000      -4.13500000      -3.96500000      -3.79500000      -3.62500000      -3.45500000      -3.28500000      -3.36000000      -3.68000000      -4.00000000      -4.32000000      -4.64000000      -4.96000000      -5.28000000      -5.60000000
      -5.92000000      -6.24000000      -5.03500000      -2.30500000      -0.57500000       2.15500000       4.88500000       7.61500000       9.59803009      10.97911072      12.17605972      13.82280922      15.98027039      20.42251968      25.59049988      30.32545090      33.85000000      36.95000000      40.05000000      43.15000000
      45.77219009      46.55739975      47.23176956      47.53752899      47.64754868      47.57321930      47.18584061      46.33649826      45.45729828      44.38331985      42.97378922      41.32141113      39.48826981      37.84029007      36.22500000      33.51500000      30.80500000      28.09500000      25.38500000      22.67500000
      19.51847076      15.64435959      11.75000000       3.45000000      -3.85000000     -10.00000000     -10.00000000     -10.00000000     -10.00000000     -10.00000000     -10.00000000
     -10.00000000     -10.00000000     -10.00000000     -10.00000000     -10.00000000     -10.00000000     -10.00000000     -10.00000000     -10.00000000     -10.00000000     -10.00000000     -10.00000000     -10.00000000     -10.00000000     -10.00000000     -10.00000000     -10.00000000     -10.00000000     -10.00000000     -10.00000000
     -10.00000000     -10.00000000     -10.00000000     -10.00000000     -10.00000000     -10.00000000     -10.00000000     -10.00000000     -10.00000000     -10.00000000     -10.00000000     -10.00000000     -10.00000000     -10.00000000     -10.00000000     -10.00000000     -10.00000000     -10.00000000     -10.00000000     -10.00000000
     -10.00000000     -10.00000000     -10.00000000     -10.00000000     -10.00000000     -10.00000000     -10.00000000     -10.00000000     -10.00000000     -10.00000000     -10.00000000     -10.00000000     -10.00000000     -10.00000000     -10.00000000      -9.83000000      -9.61000000      -9.39000000      -9.17000000      -8.95000000
      -8.73000000      -8.51000000      -8.30000000      -8.10000000      -7.90000000      -7.70000000      -7.50000000      -7.30000000      -7.10000000      -6.90000000      -6.70000000      -6.50000000      -6.29500000      -6.08500000      -5.87500000      -5.66500000      -5.45500000      -5.24500000      -5.03500000      -4.82500000
      -4.61500000      -4.40500000      -4.20500000      -4.01500000      -3.82500000      -3.63500000      -3.44500000      -3.25500000      -3.06500000      -2.87500000      -2.68500000      -2.49500000      -2.72000000      -3.36000000      -4.00000000      -4.64000000      -5.28000000      -5.92000000      -6.56000000      -7.20000000
      -7.84000000      -8.48000000      -7.34500000      -4.43500000      -1.52500000       0.38500000       3.29500000       5.29183960       5.96712971       7.42646027       9.65859032      13.04479027      16.85289001      22.43029976      27.55000000      30.85000000      34.15000000      37.45000000      40.75000000      44.05000000
      46.41933060      47.41754913      47.94371033      48.13259125      48.06887054      47.78152084      47.18569946      46.36505890      45.52753830      44.38245010      42.85543823      40.92166901      38.42049026      36.18698883      34.46981812      32.38932037      28.82923126      24.83189011      21.75692940      18.84997940
      15.67443085      12.40353966       9.37070084       3.15000000      -3.95000000     -10.00000000     -10.00000000     -10.00000000     -10.00000000     -10.00000000     -10.00000000
     -10.00000000     -10.00000000     -10.00000000     -10.00000000     -10.00000000     -10.00000000     -10.00000000     -10.00000000     -10.00000000     -10.00000000     -10.00000000     -10.00000000     -10.00000000     -10.00000000     -10.00000000     -10.00000000     -10.00000000     -10.00000000     -10.00000000     -10.00000000
     -10.00000000     -10.00000000     -10.00000000     -10.00000000     -10.00000000     -10.00000000     -10.00000000     -10.00000000     -10.00000000     -10.00000000     -10.00000000     -10.00000000     -10.00000000     -10.00000000     -10.00000000     -10.00000000     -10.00000000     -10.00000000     -10.00000000     -10.00000000
     -10.00000000     -10.00000000     -10.00000000     -10.00000000     -10.00000000     -10.00000000     -10.00000000     -10.00000000     -10.00000000     -10.00000000     -10.00000000      -9.80000000      -9.40000000      -9.20000000      -9.00000000      -8.80000000      -8.60000000      -8.40000000      -8.20000000      -8.00000000
      -7.80000000      -7.60000000      -7.41000000      -7.23000000      -7.05000000      -6.87000000      -6.69000000      -6.51000000      -6.33000000      -6.15000000      -5.97000000      -5.79000000      -5.61500000      -5.44500000      -5.27500000      -5.10500000      -4.93500000      -4.76500000      -4.59500000      -4.42500000
      -4.25500000      -4.08500000      -3.92000000      -3.76000000      -3.60000000      -3.44000000      -3.28000000      -3.12000000      -2.96000000      -2.80000000      -2.64000000      -2.48000000      -2.79500000      -3.58500000      -4.37500000      -5.16500000      -5.95500000      -6.74500000      -7.53500000      -8.32500000
      -9.11500000      -9.90500000      -8.82500000      -5.87500000      -2.92500000      -0.97500000       1.97500000       4.69009972       4.94429016       5.80881023       9.58999062      12.95253944      18.02123070      23.13500000      26.42500000      29.71500000      33.00500000      36.29500000      39.58500000      42.87500000
      46.16500000      47.35911179      47.83596039      48.03776169      47.90341187      47.62044144      46.87000000      45.93000000      44.99000000      43.91762924      42.42010117      39.21508026      35.83309174      32.96390915      31.13259888      29.58940887      26.34022903      22.04232025      18.32262993      15.09329987
      12.10794067       9.35577965       6.93393040       0.44000000      -6.20000000     -10.00000000     -10.00000000     -10.00000000     -10.00000000     -10.00000000     -10.00000000
     -10.00000000     -10.00000000     -10.00000000     -10.00000000     -10.00000000     -10.00000000     -10.00000000     -10.00000000     -10.00000000     -10.00000000     -10.00000000     -10.00000000     -10.00000000     -10.00000000     -10.00000000     -10.00000000     -10.00000000     -10.00000000     -10.00000000     -10.00000000
     -10.00000000     -10.00000000     -10.00000000     -10.00000000     -10.00000000     -10.00000000     -10.00000000     -10.00000000     -10.00000000     -10.00000000     -10.00000000     -10.00000000     -10.00000000     -10.00000000     -10.00000000     -10.00000000     -10.00000000     -10.00000000     -10.00000000     -10.00000000
     -10.00000000     -10.00000000     -10.00000000     -10.00000000     -10.00000000     -10.00000000     -10.00000000     -10.00000000     -10.00000000     -10.00000000      -9.40000000      -8.80000000      -8.40000000      -8.20000000      -8.00000000      -7.80000000      -7.60000000      -7.40000000      -7.20000000      -7.00000000
      -6.80000000      -6.60000000      -6.43000000      -6.29000000      -6.15000000      -6.01000000      -5.87000000      -5.73000000      -5.59000000      -5.45000000      -5.31000000      -5.17000000      -5.04500000      -4.93500000      -4.82500000      -4.71500000      -4.60500000      -4.49500000      -4.38500000      -4.27500000
      -4.16500000      -4.05500000      -3.96000000      -3.88000000      -3.80000000      -3.72000000      -3.64000000      -3.56000000      -3.48000000      -3.40000000      -3.32000000      -3.24000000      -3.58500000      -4.35500000      -5.12500000      -5.89500000      -6.66500000      -7.43500000      -8.20500000      -8.97500000
      -9.74500000     -10.00000000      -9.47500000      -6.62500000      -3.77500000      -1.00000000       0.92500000       3.77500000       4.63741016       5.50525951       9.55529976      13.70070076      18.13500000      21.20500000      24.27500000      27.34500000      30.41500000      33.48500000      36.55500000      39.62500000
      42.69500000      45.76500000      46.89000000      46.07000000      45.25000000      44.43000000      43.61000000      42.79000000      41.97000000      41.15000000      40.21033096      36.50712967      32.41403961      28.97946167      26.40213013      24.45148087      22.22677040      19.20645905      15.54540062      12.31815910
       9.51285934       7.10988998       2.24000000      -3.68000000     -10.00000000     -10.00000000     -10.00000000     -10.00000000     -10.00000000     -10.00000000     -10.00000000
     -10.00000000     -10.00000000     -10.00000000     -10.00000000     -10.00000000     -10.00000000     -10.00000000     -10.00000000     -10.00000000     -10.00000000     -10.00000000     -10.00000000     -10.00000000     -10.00000000     -10.00000000     -10.00000000     -10.00000000     -10.00000000     -10.00000000     -10.00000000
     -10.00000000     -10.00000000     -10.00000000     -10.00000000     -10.00000000     -10.00000000     -10.00000000     -10.00000000     -10.00000000     -10.00000000     -10.00000000     -10.00000000     -10.00000000     -10.00000000     -10.00000000     -10.00000000     -10.00000000     -10.00000000     -10.00000000     -10.00000000
     -10.00000000     -10.00000000     -10.00000000     -10.00000000     -10.00000000     -10.00000000     -10.00000000     -10.00000000      -9.60000000      -9.00000000      -8.40000000      -7.80000000      -7.40000000      -7.20000000      -7.00000000      -6.80000000      -6.60000000      -6.40000000      -6.20000000      -6.00000000
      -5.80000000      -5.60000000      -5.45000000      -5.35000000      -5.25000000      -5.15000000      -5.05000000      -4.95000000      -4.85000000      -4.75000000      -4.65000000      -4.55000000      -4.47500000      -4.42500000      -4.37500000      -4.32500000      -4.27500000      -4.22500000      -4.17500000      -4.12500000
      -4.07500000      -4.02500000      -4.00000000      -4.00000000      -4.00000000      -4.00000000      -4.00000000      -4.00000000      -4.00000000      -4.00000000      -4.00000000      -4.00000000      -4.37500000      -5.12500000      -5.87500000      -6.62500000      -7.37500000      -8.12500000      -8.87500000      -9.62500000
     -10.00000000     -10.00000000     -10.00000000      -7.37500000      -4.62500000      -1.87500000      -0.12500000       2.62500000       4.38803005       5.49654961       9.15222931      13.62500000      16.42500000      19.27500000      22.12500000      24.97500000      27.82500000      30.67500000      33.52500000      36.37500000
      39.22500000      42.07500000      43.15000000      42.45000000      41.75000000      41.05000000      40.35000000      39.65000000      38.95000000      38.25000000      37.55000000      33.66598129      29.25825882      25.42121124      22.38747025      20.24559021      18.73166084      16.15000000      12.45000000       8.75000000
       5.05000000       1.35000000      -2.60000000      -8.80000000     -10.00000000     -10.00000000     -10.00000000     -10.00000000     -10.00000000     -10.00000000     -10.00000000
     -10.00000000     -10.00000000     -10.00000000     -10.00000000     -10.00000000     -10.00000000     -10.00000000     -10.00000000     -10.00000000     -10.00000000     -10.00000000     -10.00000000     -10.00000000     -10.00000000     -10.00000000     -10.00000000     -10.00000000     -10.00000000     -10.00000000     -10.00000000
     -10.00000000     -10.00000000     -10.00000000     -10.00000000     -10.00000000     -10.00000000     -10.00000000     -10.00000000     -10.00000000     -10.00000000     -10.00000000     -10.00000000     -10.00000000     -10.00000000     -10.00000000     -10.00000000     -10.00000000     -10.00000000     -10.00000000     -10.00000000
     -10.00000000     -10.00000000     -10.00000000     -10.00000000     -10.00000000     -10.00000000      -9.80000000      -9.20000000      -8.60000000      -8.00000000      -7.40000000      -6.80000000      -6.40000000      -6.20000000      -6.00000000      -5.80000000      -5.60000000      -5.40000000      -5.20000000      -5.00000000
      -4.80000000      -4.60000000      -4.47000000      -4.41000000      -4.35000000      -4.29000000      -4.23000000      -4.17000000      -4.11000000      -4.05000000      -3.99000000      -3.93000000      -3.90500000      -3.91500000      -3.92500000      -3.93500000      -3.94500000      -3.95500000      -3.96500000      -3.97500000
      -3.98500000      -3.99500000      -4.04000000      -4.12000000      -4.20000000      -4.28000000      -4.36000000      -4.44000000      -4.52000000      -4.60000000      -4.68000000      -4.76000000      -5.16500000      -5.89500000      -6.62500000      -7.35500000      -8.08500000      -8.81500000      -9.54500000     -10.00000000
     -10.00000000     -10.00000000     -10.00000000      -8.12500000      -5.47500000      -2.82500000      -1.00000000       1.47500000       4.10529041       5.20954037       8.56457996      12.07500000      14.71500000      17.34500000      19.97500000      22.60500000      25.23500000      27.86500000      30.49500000      33.12500000
      35.75500000      38.38500000      39.41000000      38.83000000      38.25000000      37.67000000      37.09000000      36.51000000      35.93000000      35.35000000      34.77000000      31.40977859      26.86207962      22.53115082      19.10277939      16.81842995      15.57369995      11.57000000       7.51000000       3.45000000
      -0.61000000      -3.67000000      -8.44000000     -10.00000000     -10.00000000     -10.00000000     -10.00000000     -10.00000000     -10.00000000     -10.00000000     -10.00000000
     -10.00000000     -10.00000000     -10.00000000     -10.00000000     -10.00000000     -10.00000000     -10.00000000     -10.00000000     -10.00000000     -10.00000000     -10.00000000     -10.00000000     -10.00000000     -10.00000000     -10.00000000     -10.00000000     -10.00000000     -10.00000000     -10.00000000     -10.00000000
     -10.00000000     -10.00000000     -10.00000000     -10.00000000     -10.00000000     -10.00000000     -10.00000000     -10.00000000     -10.00000000     -10.00000000     -10.00000000     -10.00000000     -10.00000000     -10.00000000     -10.00000000     -10.00000000     -10.00000000     -10.00000000     -10.00000000     -10.00000000
     -10.00000000     -10.00000000     -10.00000000     -10.00000000     -10.00000000      -9.40000000      -8.80000000      -8.20000000      -7.60000000      -7.00000000      -6.40000000      -5.80000000      -5.40000000      -5.20000000      -5.00000000      -4.80000000      -4.60000000      -4.40000000      -4.20000000      -4.00000000
      -3.80000000      -3.60000000      -3.49000000      -3.47000000      -3.45000000      -3.43000000      -3.41000000      -3.39000000      -3.37000000      -3.35000000      -3.33000000      -3.31000000      -3.33500000      -3.40500000      -3.47500000      -3.54500000      -3.61500000      -3.68500000      -3.75500000      -3.82500000
      -3.89500000      -3.96500000      -4.08000000      -4.24000000      -4.40000000      -4.56000000      -4.72000000      -4.88000000      -5.04000000      -5.20000000      -5.36000000      -5.52000000      -5.95500000      -6.66500000      -7.37500000      -8.08500000      -8.79500000      -9.50500000     -10.00000000     -10.00000000
     -10.00000000     -10.00000000     -10.00000000      -8.87500000      -6.32500000      -3.77500000      -1.22500000       0.32500000       2.87500000       4.75596046       7.67218018      10.52500000      13.00500000      15.41500000      17.82500000      20.23500000      22.64500000      25.05500000      27.46500000      29.87500000
      32.28500000      34.69500000      35.67000000      35.21000000      34.75000000      34.29000000      33.83000000      33.37000000      32.91000000      32.45000000      31.99000000      29.40616989      24.44562912      20.01958084      16.40393066      14.06337929      11.41000000       6.99000000       2.57000000      -1.00000000
      -5.27000000      -9.69000000     -10.00000000     -10.00000000     -10.00000000     -10.00000000     -10.00000000     -10.00000000     -10.00000000     -10.00000000     -10.00000000
     -10.00000000     -10.00000000     -10.00000000     -10.00000000     -10.00000000     -10.00000000     -10.00000000     -10.00000000     -10.00000000     -10.00000000     -10.00000000     -10.00000000     -10.00000000     -10.00000000     -10.00000000     -10.00000000     -10.00000000     -10.00000000     -10.00000000     -10.00000000
     -10.00000000     -10.00000000     -10.00000000     -10.00000000     -10.00000000     -10.00000000     -10.00000000     -10.00000000     -10.00000000     -10.00000000     -10.00000000     -10.00000000     -10.00000000     -10.00000000     -10.00000000     -10.00000000     -10.00000000     -10.00000000     -10.00000000     -10.00000000
     -10.00000000     -10.00000000     -10.00000000      -9.60000000      -9.00000000      -8.40000000      -7.80000000      -7.20000000      -6.60000000      -6.00000000      -5.40000000      -4.80000000      -4.40000000      -4.20000000      -4.00000000      -3.80000000      -3.60000000      -3.40000000      -3.20000000      -3.00000000
      -2.80000000      -2.60000000      -2.51000000      -2.53000000      -2.55000000      -2.57000000      -2.59000000      -2.61000000      -2.63000000      -2.65000000      -2.67000000      -2.69000000      -2.76500000      -2.89500000      -3.02500000      -3.15500000      -3.28500000      -3.41500000      -3.54500000      -3.67500000
      -3.80500000      -3.93500000      -4.12000000      -4.36000000      -4.60000000      -4.84000000      -5.08000000      -5.32000000      -5.56000000      -5.80000000      -6.04000000      -6.28000000      -6.74500000      -7.43500000      -8.12500000      -8.81500000      -9.50500000     -10.00000000     -10.00000000     -10.00000000
     -10.00000000     -10.00000000     -10.00000000      -9.62500000      -7.17500000      -4.72500000      -2.27500000      -0.82500000       1.62500000       4.07500000       6.45201015       8.97500000      11.29500000      13.48500000      15.67500000      17.86500000      20.05500000      22.24500000      24.43500000      26.62500000
      28.81500000      31.00500000      31.93000000      31.59000000      31.25000000      30.91000000      30.57000000      30.23000000      29.89000000      29.55000000      29.21000000      26.58607101      22.06106949      17.68976974      14.06049919      11.65282059       7.19000000       2.41000000      -1.37000000      -6.15000000
     -10.00000000     -10.00000000     -10.00000000     -10.00000000     -10.00000000     -10.00000000     -10.00000000     -10.00000000     -10.00000000     -10.00000000     -10.00000000
     -10.00000000     -10.00000000     -10.00000000     -10.00000000     -10.00000000     -10.00000000     -10.00000000     -10.00000000     -10.00000000     -10.00000000     -10.00000000     -10.00000000     -10.00000000     -10.00000000     -10.00000000     -10.00000000     -10.00000000     -10.00000000     -10.00000000     -10.00000000
     -10.00000000     -10.00000000     -10.00000000     -10.00000000     -10.00000000     -10.00000000     -10.00000000     -10.00000000     -10.00000000     -10.00000000     -10.00000000     -10.00000000     -10.00000000     -10.00000000     -10.00000000     -10.00000000     -10.00000000     -10.00000000     -10.00000000     -10.00000000
     -10.00000000      -9.80000000      -9.20000000      -8.60000000      -8.00000000      -7.40000000      -6.80000000      -6.20000000      -5.60000000      -5.00000000      -4.40000000      -3.80000000      -3.40000000      -3.20000000      -3.00000000      -2.80000000      -2.60000000      -2.40000000      -2.20000000      -2.00000000
      -1.80000000      -1.60000000      -1.53000000      -1.59000000      -1.65000000      -1.71000000      -1.77000000      -1.83000000      -1.89000000      -1.95000000      -2.01000000      -2.07000000      -2.19500000      -2.38500000      -2.57500000      -2.76500000      -2.95500000      -3.14500000      -3.33500000      -3.52500000
      -3.71500000      -3.90500000      -4.16000000      -4.48000000      -4.80000000      -5.12000000      -5.44000000      -5.76000000      -6.08000000      -6.40000000      -6.72000000      -7.04000000      -7.53500000      -8.20500000      -8.87500000      -9.54500000     -10.00000000     -10.00000000     -10.00000000     -10.00000000
     -10.00000000     -10.00000000     -10.00000000     -10.00000000      -8.02500000      -5.67500000      -3.32500000      -1.00000000       0.37500000       2.72500000       4.70468998       7.42500000       9.58500000      11.55500000      13.52500000      15.49500000      17.46500000      19.43500000      21.40500000      23.37500000
      25.34500000      27.31500000      28.19000000      27.97000000      27.75000000      27.53000000      27.31000000      27.09000000      26.87000000      26.65000000      26.43000000      23.70140076      19.51106071      15.33050919      11.85051918       8.11000000       2.97000000      -1.17000000      -6.31000000     -10.00000000
     -10.00000000     -10.00000000     -10.00000000     -10.00000000     -10.00000000     -10.00000000     -10.00000000     -10.00000000     -10.00000000     -10.00000000     -10.00000000
     -10.00000000     -10.00000000     -10.00000000     -10.00000000     -10.00000000     -10.00000000     -10.00000000     -10.00000000     -10.00000000     -10.00000000     -10.00000000     -10.00000000     -10.00000000     -10.00000000     -10.00000000     -10.00000000     -10.00000000     -10.00000000     -10.00000000     -10.00000000
     -10.00000000     -10.00000000     -10.00000000     -10.00000000     -10.00000000     -10.00000000     -10.00000000     -10.00000000     -10.00000000     -10.00000000     -10.00000000     -10.00000000     -10.00000000     -10.00000000     -10.00000000     -10.00000000     -10.00000000     -10.00000000     -10.00000000     -10.00000000
      -9.40000000      -8.80000000      -8.20000000      -7.60000000      -7.00000000      -6.40000000      -5.80000000      -5.20000000      -4.60000000      -4.00000000      -3.40000000      -2.80000000      -2.40000000      -2.20000000      -2.00000000      -1.80000000      -1.60000000      -1.40000000      -1.20000000      -1.00000000
      -1.00000000      -1.00000000      -1.00000000      -1.00000000      -1.00000000      -1.00000000      -1.00000000      -1.05000000      -1.15000000      -1.25000000      -1.35000000      -1.45000000      -1.62500000      -1.87500000      -2.12500000      -2.37500000      -2.62500000      -2.87500000      -3.12500000      -3.37500000
      -3.62500000      -3.87500000      -4.20000000      -4.60000000      -5.00000000      -5.40000000      -5.80000000      -6.20000000      -6.60000000      -7.00000000      -7.40000000      -7.80000000      -8.32500000      -8.97500000      -9.62500000     -10.00000000     -10.00000000     -10.00000000     -10.00000000     -10.00000000
     -10.00000000     -10.00000000     -10.00000000     -10.00000000      -8.87500000      -6.62500000      -4.37500000      -2.12500000      -0.87500000       1.37500000       3.48635006       5.87500000       7.87500000       9.62500000      11.37500000      13.12500000      14.87500000      16.62500000      18.37500000      20.12500000
      21.87500000      23.62500000      23.44404984      23.87445068      24.25000000      24.15000000      24.05000000      23.95000000      23.85000000      23.75000000      23.65000000      20.38306999      16.71644974      12.85495949       9.45486069       4.25000000      -1.00000000      -5.75000000     -10.00000000     -10.00000000
     -10.00000000     -10.00000000     -10.00000000     -10.00000000     -10.00000000     -10.00000000     -10.00000000     -10.00000000     -10.00000000     -10.00000000     -10.00000000
     -10.00000000     -10.00000000     -10.00000000     -10.00000000     -10.00000000     -10.00000000     -10.00000000     -10.00000000     -10.00000000     -10.00000000     -10.00000000     -10.00000000     -10.00000000     -10.00000000     -10.00000000     -10.00000000     -10.00000000     -10.00000000     -10.00000000     -10.00000000
     -10.00000000     -10.00000000     -10.00000000     -10.00000000     -10.00000000     -10.00000000     -10.00000000     -10.00000000     -10.00000000     -10.00000000     -10.00000000     -10.00000000     -10.00000000     -10.00000000     -10.00000000     -10.00000000     -10.00000000     -10.00000000      -9.60000000      -9.00000000
      -8.40000000      -7.80000000      -7.20000000      -6.60000000      -6.00000000      -5.40000000      -4.80000000      -4.20000000      -3.60000000      -3.00000000      -2.40000000      -1.80000000      -1.40000000      -1.20000000      -1.00000000      -1.00000000      -1.00000000      -1.00000000      -1.00000000      -1.00000000
      -0.80000000      -0.60000000      -0.57000000      -0.71000000      -0.85000000      -0.99000000      -1.00000000      -1.00000000      -1.00000000      -1.00000000      -1.00000000      -1.00000000      -1.05500000      -1.36500000      -1.67500000      -1.98500000      -2.29500000      -2.60500000      -2.91500000      -3.22500000
      -3.53500000      -3.84500000      -4.24000000      -4.72000000      -5.20000000      -5.68000000      -6.16000000      -6.64000000      -7.12000000      -7.60000000      -8.08000000      -8.56000000      -9.11500000      -9.74500000     -10.00000000     -10.00000000     -10.00000000     -10.00000000     -10.00000000     -10.00000000
     -10.00000000     -10.00000000     -10.00000000     -10.00000000      -9.72500000      -7.57500000      -5.42500000      -3.27500000      -1.12500000       0.02500000       2.17500000       3.26525021       6.16500000       7.69500000       9.22500000      10.75500000      12.28500000      13.81500000      15.34500000      16.87500000
      18.40500000      19.58876038      18.60005951      19.12659073      20.75000000      20.77000000      20.79000000      20.81000000      20.83000000      20.85000000      20.59427071      17.34592056      13.85272026      10.29476929       6.25000000       0.39000000      -4.47000000     -10.00000000     -10.00000000     -10.00000000
     -10.00000000     -10.00000000     -10.00000000     -10.00000000     -10.00000000     -10.00000000     -10.00000000     -10.00000000     -10.00000000     -10.00000000     -10.00000000
     -10.00000000     -10.00000000     -10.00000000     -10.00000000     -10.00000000     -10.00000000     -10.00000000     -10.00000000     -10.00000000     -10.00000000     -10.00000000     -10.00000000     -10.00000000     -10.00000000     -10.00000000     -10.00000000     -10.00000000     -10.00000000     -10.00000000     -10.00000000
     -10.00000000     -10.00000000     -10.00000000     -10.00000000     -10.00000000     -10.00000000     -10.00000000     -10.00000000     -10.00000000     -10.00000000     -10.00000000     -10.00000000     -10.00000000     -10.00000000     -10.00000000     -10.00000000      -9.80000000      -9.20000000      -8.60000000      -8.00000000
      -7.40000000      -6.80000000      -6.20000000      -5.60000000      -5.00000000      -4.40000000      -3.80000000      -3.20000000      -2.60000000      -2.00000000      -1.40000000      -1.00000000      -1.00000000      -1.00000000      -1.00000000      -0.80000000      -0.60000000      -0.40000000      -0.20000000  -2.47837306E-11
       0.20000000       0.40000000       0.41000000       0.23000000       0.05000000      -0.13000000      -0.31000000      -0.49000000      -0.67000000      -0.85000000      -1.00000000      -1.00000000      -1.00000000      -1.00000000      -1.22500000      -1.59500000      -1.96500000      -2.33500000      -2.70500000      -3.07500000
      -3.44500000      -3.81500000      -4.28000000      -4.84000000      -5.40000000      -5.96000000      -6.52000000      -7.08000000      -7.64000000      -8.20000000      -8.76000000      -9.32000000      -9.90500000     -10.00000000     -10.00000000     -10.00000000     -10.00000000     -10.00000000     -10.00000000     -10.00000000
     -10.00000000     -10.00000000     -10.00000000     -10.00000000     -10.00000000      -8.52500000      -6.47500000      -4.42500000      -2.37500000      -1.00000000       0.72500000       2.03229046       2.88449955       4.33955002       5.66537952       7.22035980       9.16991997      11.00500000      12.31500000      13.62500000
      14.87697983      14.72007942      13.81741905      14.37509918      16.32341003      17.39000000      17.53000000      17.67000000      17.81000000      17.95000000      17.64596939      14.74048996      11.14493942       7.81746006       2.75000000      -2.47000000      -8.69000000     -10.00000000     -10.00000000     -10.00000000
     -10.00000000     -10.00000000     -10.00000000     -10.00000000     -10.00000000     -10.00000000     -10.00000000     -10.00000000     -10.00000000     -10.00000000     -10.00000000
     -10.00000000     -10.00000000     -10.00000000     -10.00000000     -10.00000000     -10.00000000     -10.00000000     -10.00000000     -10.00000000     -10.00000000     -10.00000000     -10.00000000     -10.00000000     -10.00000000     -10.00000000     -10.00000000     -10.00000000     -10.00000000     -10.00000000     -10.00000000
     -10.00000000     -10.00000000     -10.00000000     -10.00000000     -10.00000000     -10.00000000     -10.00000000     -10.00000000     -10.00000000     -10.00000000     -10.00000000     -10.00000000     -10.00000000     -10.00000000      -9.45000000      -8.87000000      -8.29000000      -7.71000000      -7.13000000      -6.55000000
      -5.97000000      -5.39000000      -4.80000000      -4.20000000      -3.60000000      -3.00000000      -2.40000000      -1.80000000      -1.20000000      -1.00000000      -1.00000000      -0.40000000       0.01500000       0.24500000       0.47500000       0.70500000       0.93500000       1.16500000       1.39500000       1.62500000
       1.85500000       2.08500000       2.15000000       2.05000000       1.95000000       1.85000000       1.75000000       1.65000000       1.55000000       1.45000000       1.35000000       1.25000000       0.93000000       0.39000000      -0.15000000      -0.69000000      -1.00000000      -1.00000000      -1.31000000      -1.85000000
      -2.39000000      -2.93000000      -3.56000000      -4.28000000      -5.00000000      -5.72000000      -6.44000000      -7.16000000      -7.88000000      -8.60000000      -9.32000000     -10.00000000     -10.00000000     -10.00000000     -10.00000000     -10.00000000     -10.00000000     -10.00000000     -10.00000000     -10.00000000
     -10.00000000     -10.00000000     -10.00000000     -10.00000000     -10.00000000      -9.88500000      -7.99500000      -6.10500000      -4.21500000      -2.32500000      -1.00000000       0.45500000       1.59348011       1.81087971       2.94176960       4.22093010       5.93904018       7.50500000       8.61500000       9.72500000
      10.32464981      10.30677032      10.08742905      10.86569023      12.17588043      13.06000000      13.22000000      13.38000000      13.54000000      13.70000000      13.86000000      12.37595940       8.85653019       4.95000000      -1.00000000      -6.25000000     -10.00000000     -10.00000000     -10.00000000     -10.00000000
     -10.00000000     -10.00000000     -10.00000000     -10.00000000     -10.00000000     -10.00000000     -10.00000000     -10.00000000     -10.00000000     -10.00000000     -10.00000000
     -10.00000000     -10.00000000     -10.00000000     -10.00000000     -10.00000000     -10.00000000     -10.00000000     -10.00000000     -10.00000000     -10.00000000     -10.00000000     -10.00000000     -10.00000000     -10.00000000     -10.00000000     -10.00000000     -10.00000000     -10.00000000     -10.00000000     -10.00000000
     -10.00000000     -10.00000000     -10.00000000     -10.00000000     -10.00000000     -10.00000000     -10.00000000     -10.00000000     -10.00000000     -10.00000000      -9.82500000      -9.07500000      -8.43000000      -7.89000000      -7.35000000      -6.81000000      -6.27000000      -5.73000000      -5.19000000      -4.65000000
      -4.11000000      -3.57000000      -3.00000000      -2.40000000      -1.80000000      -1.20000000      -1.00000000      -1.00000000      -0.40000000       0.20000000       0.80000000       1.40000000       1.84500000       2.13500000       2.42500000       2.43381023       2.46837044       2.45746040       2.51482010       2.51568985
       2.51688957       2.51404953       2.51774025       2.52915955       2.50667000       2.52320957       2.54668999       2.54074001       2.49794960       2.48241997       2.46568012       2.45454025       2.73857975       3.28184032       3.38545036       2.73000000       1.91000000       1.09000000       0.27000000      -0.55000000
      -1.00000000      -1.19000000      -2.08000000      -3.04000000      -4.00000000      -4.96000000      -5.92000000      -6.88000000      -7.84000000      -8.80000000      -9.76000000     -10.00000000     -10.00000000     -10.00000000     -10.00000000     -10.00000000     -10.00000000     -10.00000000     -10.00000000     -10.00000000
     -10.00000000     -10.00000000     -10.00000000     -10.00000000     -10.00000000     -10.00000000      -9.98500000      -8.31500000      -6.64500000      -4.97500000      -3.30500000      -1.63500000      -1.00000000      -0.40500000       0.52500000       1.45500000       2.38500000       3.31500000       4.24500000       5.17500000
       6.10500000       6.58983040       6.97235012       7.14492035       7.70000000       7.78000000       7.86000000       7.94000000       8.02000000       8.10000000       8.18000000       8.26000000       5.55000000       0.05000000      -4.45000000      -9.95000000     -10.00000000     -10.00000000     -10.00000000     -10.00000000
     -10.00000000     -10.00000000     -10.00000000     -10.00000000     -10.00000000     -10.00000000     -10.00000000     -10.00000000     -10.00000000     -10.00000000     -10.00000000
     -10.00000000     -10.00000000     -10.00000000     -10.00000000     -10.00000000     -10.00000000     -10.00000000     -10.00000000     -10.00000000     -10.00000000     -10.00000000     -10.00000000     -10.00000000     -10.00000000     -10.00000000     -10.00000000     -10.00000000     -10.00000000     -10.00000000     -10.00000000
     -10.00000000     -10.00000000     -10.00000000     -10.00000000     -10.00000000     -10.00000000     -10.00000000     -10.00000000      -9.47500000      -8.62500000      -7.77500000      -6.92500000      -6.25000000      -5.75000000      -5.25000000      -4.75000000      -4.25000000      -3.75000000      -3.25000000      -2.75000000
      -2.25000000      -1.75000000      -1.20000000      -1.00000000      -1.00000000      -0.40000000       0.20000000       0.80000000       1.40000000       2.00000000       2.60000000       2.58699989       2.56711006       2.53785038       2.50568008       2.46586037       2.48219967       2.47754002       2.50924015       2.55152988
       2.58718014       2.61452961       2.61662006       2.58930016       2.58660030       2.60540962       2.70893002       2.66007042       2.61528015       2.59037971       2.58617973       2.62850952       2.74833965       2.90915012       3.12817001       3.29413033       3.41851997       3.26239014       2.85000000       1.75000000
       0.65000000      -0.45000000      -1.00000000      -1.80000000      -3.00000000      -4.20000000      -5.40000000      -6.60000000      -7.80000000      -9.00000000     -10.00000000     -10.00000000     -10.00000000     -10.00000000     -10.00000000     -10.00000000     -10.00000000     -10.00000000     -10.00000000     -10.00000000
     -10.00000000     -10.00000000     -10.00000000     -10.00000000     -10.00000000     -10.00000000     -10.00000000     -10.00000000      -9.07500000      -7.62500000      -6.17500000      -4.72500000      -3.62500000      -2.87500000      -2.12500000      -1.37500000      -1.00000000      -0.87500000      -0.12500000       0.62500000
       1.37500000       2.12500000       2.50000000       2.50000000       2.50000000       2.50000000       2.50000000       2.50000000       2.50000000       2.50000000       2.50000000       2.50000000       0.05000000      -3.85000000      -8.75000000     -10.00000000     -10.00000000     -10.00000000     -10.00000000     -10.00000000
     -10.00000000     -10.00000000     -10.00000000     -10.00000000     -10.00000000     -10.00000000     -10.00000000     -10.00000000     -10.00000000     -10.00000000     -10.00000000
     -10.00000000     -10.00000000     -10.00000000     -10.00000000     -10.00000000     -10.00000000     -10.00000000     -10.00000000     -10.00000000     -10.00000000     -10.00000000     -10.00000000     -10.00000000     -10.00000000     -10.00000000     -10.00000000     -10.00000000     -10.00000000     -10.00000000     -10.00000000
     -10.00000000     -10.00000000     -10.00000000     -10.00000000     -10.00000000     -10.00000000      -9.52500000      -8.57500000      -7.62500000      -6.67500000      -5.72500000      -4.77500000      -4.07000000      -3.61000000      -3.15000000      -2.69000000      -2.23000000      -1.77000000      -1.31000000      -1.00000000
      -1.00000000      -0.93000000      -0.40000000       0.20000000       0.80000000       1.40000000       2.00000000       2.60000000       2.99193001       2.96033955       2.88465977       2.79757023       2.74956989       2.73645020       2.70666027       2.69468975       2.80241013       2.97552967       3.08687019       3.05533981
       3.08279037       3.09381008       3.04913998       3.01599026       2.99036980       3.02791023       3.13922977       3.15318012       2.91693020       2.80862999       2.82273960       2.94645023       2.96072960       3.21434021       3.37712002       2.99063015       2.98169994       3.16666031       3.11287975       3.09533978
       2.67000000       1.29000000      -0.12000000      -1.00000000      -2.00000000      -3.44000000      -4.88000000      -6.32000000      -7.76000000      -9.20000000     -10.00000000     -10.00000000     -10.00000000     -10.00000000     -10.00000000     -10.00000000     -10.00000000     -10.00000000     -10.00000000     -10.00000000
     -10.00000000     -10.00000000     -10.00000000     -10.00000000     -10.00000000     -10.00000000     -10.00000000     -10.00000000     -10.00000000     -10.00000000      -9.04500000      -7.81500000      -6.91500000      -6.34500000      -5.77500000      -5.20500000      -4.63500000      -4.06500000      -3.49500000      -2.92500000
      -2.35500000      -1.78500000      -1.54000000      -1.62000000      -1.70000000      -1.78000000      -1.86000000      -1.94000000      -2.02000000      -2.10000000      -2.18000000      -2.26000000      -4.45000000      -8.75000000     -10.00000000     -10.00000000     -10.00000000     -10.00000000     -10.00000000     -10.00000000
     -10.00000000     -10.00000000     -10.00000000     -10.00000000     -10.00000000     -10.00000000     -10.00000000     -10.00000000     -10.00000000     -10.00000000     -10.00000000
     -10.00000000     -10.00000000     -10.00000000     -10.00000000     -10.00000000     -10.00000000     -10.00000000     -10.00000000     -10.00000000     -10.00000000     -10.00000000     -10.00000000     -10.00000000     -10.00000000     -10.00000000     -10.00000000     -10.00000000     -10.00000000     -10.00000000     -10.00000000
     -10.00000000     -10.00000000     -10.00000000     -10.00000000      -9.97500000      -8.92500000      -7.87500000      -6.82500000      -5.77500000      -4.72500000      -3.67500000      -2.62500000      -1.89000000      -1.47000000      -1.05000000      -1.00000000      -1.00000000      -0.79000000      -0.37000000       0.05000000
       0.47000000       0.89000000       1.40000000       2.00000000       2.60000000       3.20000000       3.80000000       3.76597023       3.68754005       3.47739029       3.38459969       3.41258049       3.30095005       3.35445976       3.20911026       3.21356010       3.75798035       4.83553028       5.31985950       5.12077999
       4.20209980       3.81054020       3.70471001       3.66788960       3.65291023       3.72467995       3.95917034       4.05799961       3.77849007       3.68432045       4.17695999       5.08672047       6.02696037       7.34274960       7.29734039       5.69639015       4.58553982       4.06620026       3.83928967       3.87543964
       4.15871048       3.03000000       1.36000000      -0.32000000      -1.00000000      -2.68000000      -4.36000000      -6.04000000      -7.72000000      -9.40000000     -10.00000000     -10.00000000     -10.00000000     -10.00000000     -10.00000000     -10.00000000     -10.00000000     -10.00000000     -10.00000000     -10.00000000
     -10.00000000     -10.00000000     -10.00000000     -10.00000000     -10.00000000     -10.00000000     -10.00000000     -10.00000000     -10.00000000     -10.00000000     -10.00000000     -10.00000000     -10.00000000      -9.81500000      -9.42500000      -9.03500000      -8.64500000      -8.25500000      -7.86500000      -7.47500000
      -7.08500000      -6.69500000      -6.58000000      -6.74000000      -6.90000000      -7.06000000      -7.22000000      -7.38000000      -7.54000000      -7.70000000      -7.86000000      -8.02000000      -9.95000000     -10.00000000     -10.00000000     -10.00000000     -10.00000000     -10.00000000     -10.00000000     -10.00000000
     -10.00000000     -10.00000000     -10.00000000     -10.00000000     -10.00000000     -10.00000000     -10.00000000     -10.00000000     -10.00000000     -10.00000000     -10.00000000
     -10.00000000     -10.00000000     -10.00000000     -10.00000000     -10.00000000     -10.00000000     -10.00000000     -10.00000000     -10.00000000     -10.00000000     -10.00000000     -10.00000000     -10.00000000     -10.00000000     -10.00000000     -10.00000000     -10.00000000     -10.00000000     -10.00000000     -10.00000000
     -10.00000000     -10.00000000     -10.00000000      -9.67500000      -8.52500000      -7.37500000      -6.22500000      -5.07500000      -3.92500000      -2.77500000      -1.62500000      -1.00000000      -0.71000000      -0.33000000       0.05000000       0.43000000       0.81000000       1.19000000       1.57000000       1.95000000
       2.33000000       2.71000000       3.20000000       3.80000000       4.40000000       4.40985012       4.36332035       4.15176964       4.08016968       3.97148037       3.93400002       4.06114960       4.14064980       4.21984005       4.25516033       4.90524006       6.53512001       8.30543041       8.48810005       7.82750988
       5.67228985       4.61997986       4.47381020       4.40608025       4.34121990       4.39929962       4.85264969       5.46105003       6.03470993       7.38006020       8.92943001      10.17794991      11.23859978      11.32461929       7.76996040       6.25030994       5.18846989       4.58633041       4.38156986       4.32048988
       4.50026035       4.57184982       2.84000000       0.92000000      -1.00000000      -1.92000000      -3.84000000      -5.76000000      -7.68000000      -9.60000000     -10.00000000     -10.00000000     -10.00000000     -10.00000000     -10.00000000     -10.00000000     -10.00000000     -10.00000000     -10.00000000     -10.00000000
     -10.00000000     -10.00000000     -10.00000000     -10.00000000     -10.00000000     -10.00000000     -10.00000000     -10.00000000     -10.00000000     -10.00000000     -10.00000000     -10.00000000     -10.00000000     -10.00000000     -10.00000000     -10.00000000     -10.00000000     -10.00000000     -10.00000000     -10.00000000
     -10.00000000     -10.00000000     -10.00000000     -10.00000000     -10.00000000     -10.00000000     -10.00000000     -10.00000000     -10.00000000     -10.00000000     -10.00000000     -10.00000000     -10.00000000     -10.00000000     -10.00000000     -10.00000000     -10.00000000     -10.00000000     -10.00000000     -10.00000000
     -10.00000000     -10.00000000     -10.00000000     -10.00000000     -10.00000000     -10.00000000     -10.00000000     -10.00000000     -10.00000000     -10.00000000     -10.00000000
     -10.00000000     -10.00000000     -10.00000000     -10.00000000     -10.00000000     -10.00000000     -10.00000000     -10.00000000     -10.00000000     -10.00000000     -10.00000000     -10.00000000     -10.00000000     -10.00000000     -10.00000000     -10.00000000     -10.00000000     -10.00000000     -10.00000000     -10.00000000
     -10.00000000     -10.00000000      -9.57500000      -8.32500000      -7.07500000      -5.82500000      -4.57500000      -3.32500000      -2.07500000      -1.00000000      -0.57500000       0.67500000       1.37662983       0.96445990       2.00899029       2.09587955       2.28289032       2.88556004       3.51000000       3.75772953
       3.81427956       3.86056042       3.88895988       4.15536976       4.95320988       4.95932961       4.95925999       4.93877983       4.71774006       4.45143032       4.27408028       4.48054028       4.92549038       5.28932953       5.97327995       7.47101021       9.71039009      11.28918076      11.22583961       9.89942932
       7.65876961       6.86143970       7.83392048       8.35793018       8.22177029       8.10859966       8.35688019       8.69361019      10.49917030      11.86445045      14.17708015      16.11845016      17.86661911      18.22664070      12.85153961       6.41884995       5.24936962       4.80463028       4.61833000       4.63551998
       4.69760990       4.74271011       4.32000000       2.16000000  -3.21058735E-11      -1.16000000      -3.32000000      -5.48000000      -7.64000000      -9.80000000     -10.00000000     -10.00000000     -10.00000000     -10.00000000     -10.00000000     -10.00000000     -10.00000000     -10.00000000     -10.00000000     -10.00000000
     -10.00000000     -10.00000000     -10.00000000     -10.00000000     -10.00000000     -10.00000000     -10.00000000     -10.00000000     -10.00000000     -10.00000000     -10.00000000     -10.00000000     -10.00000000     -10.00000000     -10.00000000     -10.00000000     -10.00000000     -10.00000000     -10.00000000     -10.00000000
     -10.00000000     -10.00000000     -10.00000000     -10.00000000     -10.00000000     -10.00000000     -10.00000000     -10.00000000     -10.00000000     -10.00000000     -10.00000000     -10.00000000     -10.00000000     -10.00000000     -10.00000000     -10.00000000     -10.00000000     -10.00000000     -10.00000000     -10.00000000
     -10.00000000     -10.00000000     -10.00000000     -10.00000000     -10.00000000     -10.00000000     -10.00000000     -10.00000000     -10.00000000     -10.00000000     -10.00000000
     -10.00000000     -10.00000000     -10.00000000     -10.00000000     -10.00000000     -10.00000000     -10.00000000     -10.00000000     -10.00000000     -10.00000000     -10.00000000     -10.00000000     -10.00000000     -10.00000000     -10.00000000     -10.00000000     -10.00000000     -10.00000000     -10.00000000     -10.00000000
      -9.60000000      -9.20000000      -8.32500000      -6.97500000      -5.62500000      -4.27500000      -2.92500000      -1.57500000      -1.00000000       0.12500000       1.47500000       1.08864975       1.41127014       2.02851009       2.12326050       2.40153980       3.26632023       3.88786983       4.58051014       4.90402031
       4.44983959       3.83841991       3.61997032       3.82419014       4.80784988       5.09860992       5.15511990       5.18354988       5.09025955       4.91154003       4.70508957       5.68142986       7.15762997       7.87310028       8.50930023       9.92514992      12.36215019      13.88484001      13.74892998      11.92745972
       9.79174042      10.14359093      11.90925026      13.26837921      13.96348953      14.15653992      13.90191078      13.48983002      15.14521980      17.63932991      19.70058060      21.61841011      23.57329941      24.46608925      20.01608086       7.95423031       5.33823013       5.10956001       4.85258961       4.85521984
       4.94163036       4.95154953       5.05183029       3.40000000       1.00000000      -1.00000000      -2.80000000      -5.20000000      -7.60000000     -10.00000000     -10.00000000     -10.00000000     -10.00000000     -10.00000000     -10.00000000     -10.00000000     -10.00000000     -10.00000000     -10.00000000     -10.00000000
     -10.00000000     -10.00000000     -10.00000000     -10.00000000     -10.00000000     -10.00000000     -10.00000000     -10.00000000     -10.00000000     -10.00000000     -10.00000000     -10.00000000     -10.00000000     -10.00000000     -10.00000000     -10.00000000     -10.00000000     -10.00000000     -10.00000000     -10.00000000
     -10.00000000     -10.00000000     -10.00000000     -10.00000000     -10.00000000     -10.00000000     -10.00000000     -10.00000000     -10.00000000     -10.00000000     -10.00000000     -10.00000000     -10.00000000     -10.00000000     -10.00000000     -10.00000000     -10.00000000     -10.00000000     -10.00000000     -10.00000000
     -10.00000000     -10.00000000     -10.00000000     -10.00000000     -10.00000000     -10.00000000     -10.00000000     -10.00000000     -10.00000000     -10.00000000     -10.00000000
     -10.00000000     -10.00000000     -10.00000000     -10.00000000     -10.00000000     -10.00000000     -10.00000000     -10.00000000     -10.00000000     -10.00000000     -10.00000000     -10.00000000     -10.00000000     -10.00000000     -10.00000000     -10.00000000     -10.00000000      -9.60000000      -9.20000000      -8.80000000
      -8.40000000      -8.00000000      -7.07500000      -5.62500000      -4.17500000      -2.72500000      -1.27500000      -0.82500000       0.62500000       2.07500000       1.14371014       1.96708965       2.44659042       2.77785969       3.26346970       3.63346004       3.86233044       5.50979042       6.37584019       6.80671978
       6.06064034       4.42982006       3.74145031       3.73367977       4.12395954       4.67113018       5.17352009       5.30692005       5.18157005       5.18358994       5.89449024       7.75695992       9.69743919      10.57987022      10.92524910      12.84411049      15.67856026      16.38089943      15.79314995      13.75363922
      12.21830940      13.44120026      16.02820015      18.52470970      18.94253922      18.79290962      18.75001907      18.56677055      21.25991058      22.73045921      24.98282051      26.67631912      28.67406082      29.99982834      24.72089958       9.70235062       5.39210987       5.28689003       5.24400043       5.19680977
       5.14140034       5.11001015       5.29298019       4.64000000       2.00000000      -0.64000000      -2.28000000      -4.92000000      -7.56000000     -10.00000000     -10.00000000     -10.00000000     -10.00000000     -10.00000000     -10.00000000     -10.00000000     -10.00000000     -10.00000000     -10.00000000     -10.00000000
     -10.00000000     -10.00000000     -10.00000000     -10.00000000     -10.00000000     -10.00000000     -10.00000000     -10.00000000     -10.00000000     -10.00000000     -10.00000000     -10.00000000     -10.00000000     -10.00000000     -10.00000000     -10.00000000     -10.00000000     -10.00000000     -10.00000000     -10.00000000
     -10.00000000     -10.00000000     -10.00000000     -10.00000000     -10.00000000     -10.00000000     -10.00000000     -10.00000000     -10.00000000     -10.00000000     -10.00000000     -10.00000000     -10.00000000     -10.00000000     -10.00000000     -10.00000000     -10.00000000     -10.00000000     -10.00000000     -10.00000000
     -10.00000000     -10.00000000     -10.00000000     -10.00000000     -10.00000000     -10.00000000     -10.00000000     -10.00000000     -10.00000000     -10.00000000     -10.00000000
     -10.00000000     -10.00000000     -10.00000000     -10.00000000     -10.00000000     -10.00000000     -10.00000000     -10.00000000     -10.00000000     -10.00000000     -10.00000000     -10.00000000     -10.00000000     -10.00000000      -9.60000000      -9.20000000      -8.80000000      -8.40000000      -8.00000000      -7.60000000
      -7.20000000      -6.80000000      -5.82500000      -4.27500000      -2.72500000      -1.17500000      -0.62500000       0.92500000       1.83800030       1.27700996       2.17319012       2.63959980       3.52501011       3.86157036       4.06593037       4.07273960       4.38535023       6.22008991       8.07145023       8.38088989
       7.76574039       5.49378014       4.03606987       3.85711956       4.00271034       4.20331955       4.61102009       5.18904972       5.34197998       5.62450027       7.56268024       9.98974037      12.01266098      13.10087967      14.63324928      16.26725006      17.33408928      17.44565010      17.10747910      15.50008965
      14.97595024      16.45615959      19.80429077      21.75041008      23.46599960      24.44824982      25.08263016      25.35380173      27.28279877      28.53948975      30.70838928      32.98379135      34.42794037      34.99996185      29.54312897      11.98850060       5.58143044       5.46488953       5.53125000       5.42098045
       5.49868011       5.50432014       5.66475010       5.77422047       3.00000000       0.12000000      -1.76000000      -4.64000000      -7.52000000     -10.00000000     -10.00000000     -10.00000000     -10.00000000     -10.00000000     -10.00000000     -10.00000000     -10.00000000     -10.00000000     -10.00000000     -10.00000000
     -10.00000000     -10.00000000     -10.00000000     -10.00000000     -10.00000000     -10.00000000     -10.00000000     -10.00000000     -10.00000000     -10.00000000     -10.00000000     -10.00000000     -10.00000000     -10.00000000     -10.00000000     -10.00000000     -10.00000000     -10.00000000     -10.00000000     -10.00000000
     -10.00000000     -10.00000000     -10.00000000     -10.00000000     -10.00000000     -10.00000000     -10.00000000     -10.00000000     -10.00000000     -10.00000000     -10.00000000     -10.00000000     -10.00000000     -10.00000000     -10.00000000     -10.00000000     -10.00000000     -10.00000000     -10.00000000     -10.00000000
     -10.00000000     -10.00000000     -10.00000000     -10.00000000     -10.00000000     -10.00000000     -10.00000000     -10.00000000     -10.00000000     -10.00000000     -10.00000000
     -10.00000000     -10.00000000     -10.00000000     -10.00000000     -10.00000000     -10.00000000     -10.00000000     -10.00000000     -10.00000000     -10.00000000     -10.00000000      -9.80000000      -9.27500000      -8.82500000      -8.37500000      -7.92500000      -7.47500000      -7.02500000      -6.57500000      -6.12500000
      -5.67500000      -5.22500000      -4.21000000      -2.63000000      -1.05000000      -0.47000000       1.11000000       1.55233002       1.56394958       2.63852024       2.94845009       3.85591030       4.67168999       5.04615021       4.83355999       5.19225025       6.04652023       7.54069042       9.31024933       9.75746918
       9.15427017       6.50804996       4.48612022       4.15837002       4.31320000       4.44209957       4.83084011       5.26974964       5.56175995       6.35151958       8.96010017      11.98613930      14.04690933      15.03339958      16.09008026      17.44784927      18.92584991      19.08023071      18.69660950      17.48955917
      17.29997063      19.55389023      22.43313980      25.02096939      26.74147034      28.16559982      29.70745850      31.12960815      32.60694122      34.17538834      35.62815094      37.64307022      38.91062927      38.57500000      34.06301117      15.23628998       5.90567017       5.74557972       5.81519985       5.76189995
       5.90450954       5.91110992       6.09389019       6.69468021       4.47500000       1.54500000      -1.00000000      -3.31500000      -6.24500000      -9.17500000     -10.00000000     -10.00000000     -10.00000000     -10.00000000     -10.00000000     -10.00000000     -10.00000000     -10.00000000     -10.00000000     -10.00000000
     -10.00000000     -10.00000000     -10.00000000     -10.00000000     -10.00000000     -10.00000000     -10.00000000     -10.00000000     -10.00000000     -10.00000000     -10.00000000     -10.00000000     -10.00000000     -10.00000000     -10.00000000     -10.00000000     -10.00000000     -10.00000000     -10.00000000     -10.00000000
     -10.00000000     -10.00000000     -10.00000000     -10.00000000     -10.00000000     -10.00000000     -10.00000000     -10.00000000     -10.00000000     -10.00000000     -10.00000000     -10.00000000     -10.00000000     -10.00000000     -10.00000000     -10.00000000     -10.00000000     -10.00000000     -10.00000000     -10.00000000
     -10.00000000     -10.00000000     -10.00000000     -10.00000000     -10.00000000     -10.00000000     -10.00000000     -10.00000000     -10.00000000     -10.00000000     -10.00000000
     -10.00000000     -10.00000000     -10.00000000     -10.00000000     -10.00000000     -10.00000000     -10.00000000     -10.00000000     -10.00000000     -10.00000000      -9.40000000      -8.80000000      -8.22500000      -7.67500000      -7.12500000      -6.57500000      -6.02500000      -5.47500000      -4.92500000      -4.37500000
      -3.82500000      -3.27500000      -2.23000000      -1.00000000      -0.15000000       1.39000000       1.29555035       2.16207027       2.90318966       3.09333992       3.72163010       6.03740025       7.78750038       6.87627983       6.04413033       7.22327042       7.89066029       8.71452045      10.43969917      10.90347099
       9.83041000       7.02171993       4.93257046       4.51644993       4.67663002       5.00920010       5.42716980       5.76914024       6.02552032       6.98336983       9.52770996      13.28614044      15.90467072      16.46413994      16.84675026      17.62675095      20.98834038      21.44325066      20.74492073      19.42309952
      19.57316971      22.32555008      24.84367943      27.39368820      29.31042099      31.33370972      33.54655838      35.42267990      37.17795944      38.73611069      39.99444962      41.44131851      42.37500000      39.32500000      36.27500000      19.17707062       6.29026985       5.99761009       6.12913036       6.07170963
       6.26385975       6.65079021       7.26222038       8.19528961       6.42500000       3.63500000       0.84500000      -1.00000000      -3.73500000      -6.52500000      -9.31500000     -10.00000000     -10.00000000     -10.00000000     -10.00000000     -10.00000000     -10.00000000     -10.00000000     -10.00000000     -10.00000000
     -10.00000000     -10.00000000     -10.00000000     -10.00000000     -10.00000000     -10.00000000     -10.00000000     -10.00000000     -10.00000000     -10.00000000     -10.00000000     -10.00000000     -10.00000000     -10.00000000     -10.00000000     -10.00000000     -10.00000000     -10.00000000     -10.00000000     -10.00000000
     -10.00000000     -10.00000000     -10.00000000     -10.00000000     -10.00000000     -10.00000000     -10.00000000     -10.00000000     -10.00000000     -10.00000000     -10.00000000     -10.00000000     -10.00000000     -10.00000000     -10.00000000     -10.00000000     -10.00000000     -10.00000000     -10.00000000     -10.00000000
     -10.00000000     -10.00000000     -10.00000000     -10.00000000     -10.00000000     -10.00000000     -10.00000000     -10.00000000     -10.00000000     -10.00000000     -10.00000000
     -10.00000000     -10.00000000     -10.00000000     -10.00000000     -10.00000000     -10.00000000     -10.00000000     -10.00000000      -9.60000000      -9.00000000      -8.40000000      -7.80000000      -7.17500000      -6.52500000      -5.87500000      -5.22500000      -4.57500000      -3.92500000      -3.27500000      -2.62500000
      -1.97500000      -1.32500000      -1.00000000       0.25000000       1.75000000       1.29790020       2.64377975       2.96177959       3.05574989       3.43900013       5.65964031       8.16104984       9.31794930       8.78952026       7.82898998       8.78211975       8.94649029      10.19857979      11.50065994      11.22591972
       9.39411926       7.08108044       5.65081978       5.20987034       5.31855965       5.73355007       6.18750954       6.46201038       6.76375961       7.77375031      10.38591003      14.24264908      17.19128036      18.02733994      18.61742973      20.02329063      22.06982040      23.16473961      22.66695023      21.52750015
      22.02132034      24.35399055      27.23598862      29.66254044      31.88917160      34.22219086      36.76264954      38.20000000      39.60000000      41.00000000      42.40000000      43.80000000      43.02500000      40.07500000      37.12500000      23.86138916       7.18474007       6.35772991       6.40036011       6.52274036
       7.15528965       7.83656025       8.75409031       9.58563995       8.19526005       5.51879978       3.07500000       0.42500000      -1.22500000      -3.87500000      -6.52500000      -9.17500000     -10.00000000     -10.00000000     -10.00000000     -10.00000000     -10.00000000     -10.00000000     -10.00000000     -10.00000000
     -10.00000000     -10.00000000     -10.00000000     -10.00000000     -10.00000000     -10.00000000     -10.00000000     -10.00000000     -10.00000000     -10.00000000     -10.00000000     -10.00000000     -10.00000000     -10.00000000     -10.00000000     -10.00000000     -10.00000000     -10.00000000     -10.00000000     -10.00000000
     -10.00000000     -10.00000000     -10.00000000     -10.00000000     -10.00000000     -10.00000000     -10.00000000     -10.00000000     -10.00000000     -10.00000000     -10.00000000     -10.00000000     -10.00000000     -10.00000000     -10.00000000     -10.00000000     -10.00000000     -10.00000000     -10.00000000     -10.00000000
     -10.00000000     -10.00000000     -10.00000000     -10.00000000     -10.00000000     -10.00000000     -10.00000000     -10.00000000     -10.00000000     -10.00000000     -10.00000000
     -10.00000000     -10.00000000     -10.00000000     -10.00000000     -10.00000000     -10.00000000      -9.80000000      -9.20000000      -8.60000000      -8.00000000      -7.40000000      -6.80000000      -6.12500000      -5.37500000      -4.62500000      -3.87500000      -3.12500000      -2.37500000      -1.62500000      -1.00000000
      -1.00000000      -0.37500000       0.73000000       1.47408962       1.62841034       2.89503956       2.89735985       2.96290016       3.18383026       4.87075996       7.47949028       9.65946960      10.83008003      10.55726051       9.57780075      10.13850975      10.03362083      11.79018021      12.37573051      11.42664909
       9.43894005       7.78038979       6.83428955       6.41598988       6.40567017       6.63305950       7.06462002       7.19534016       7.70928001       9.08123016      11.88161087      15.67226028      18.52705002      19.42561913      20.36627960      21.44647026      23.54195976      24.55291939      24.23542976      23.66643906
      24.21368027      26.39833832      29.25085831      31.72777939      34.39746094      36.96784973      38.28000000      39.52000000      40.76000000      42.00000000      43.24000000      44.48000000      43.67500000      40.82500000      37.97500000      29.39382935       9.20354080       6.96166992       7.01430988       7.58831978
       8.45269012       9.55032921      10.60143089      10.99578094       9.16235924       5.65579033       4.26521969       2.79500000       0.28500000      -1.22500000      -3.73500000      -6.24500000      -8.53000000     -10.00000000     -10.00000000     -10.00000000     -10.00000000     -10.00000000     -10.00000000     -10.00000000
     -10.00000000     -10.00000000     -10.00000000     -10.00000000     -10.00000000     -10.00000000     -10.00000000     -10.00000000     -10.00000000     -10.00000000     -10.00000000     -10.00000000     -10.00000000     -10.00000000     -10.00000000     -10.00000000     -10.00000000     -10.00000000     -10.00000000     -10.00000000
     -10.00000000     -10.00000000     -10.00000000     -10.00000000     -10.00000000     -10.00000000     -10.00000000     -10.00000000     -10.00000000     -10.00000000     -10.00000000     -10.00000000     -10.00000000     -10.00000000     -10.00000000     -10.00000000     -10.00000000     -10.00000000     -10.00000000     -10.00000000
     -10.00000000     -10.00000000     -10.00000000     -10.00000000     -10.00000000     -10.00000000     -10.00000000     -10.00000000     -10.00000000     -10.00000000     -10.00000000
     -10.00000000     -10.00000000     -10.00000000     -10.00000000     -10.00000000      -9.40000000      -8.80000000      -8.20000000      -7.60000000      -7.00000000      -6.40000000      -5.80000000      -5.07500000      -4.22500000      -3.37500000      -2.52500000      -1.67500000      -1.00000000      -0.97500000      -0.12500000
       0.72500000       1.57500000       1.21767998       2.05523968       2.94377041       2.83232021       2.90159988       2.93616009       3.69876957       6.51451969       9.54190063      11.26143074      12.21953964      12.23632050      11.16222954      11.13377953      11.03161049      12.74927902      13.38047981      12.29018974
      10.54985046       9.19389915       8.59350014       8.56285000       8.39068985       8.10416985       8.16331005       8.27143002       9.19490051      11.22563934      14.17576027      17.87557983      20.40612030      21.24785995      22.05077934      23.57345009      25.51520920      26.61750031      26.33501816      25.98072052
      26.52901840      28.25923920      31.10184860      34.12509155      36.90110016      38.68000000      39.76000000      40.84000000      41.92000000      43.00000000      44.08000000      45.16000000      44.32500000      41.57500000      38.82500000      33.93265152      12.21726990       8.03975964       8.15289021       9.23085976
      10.31860924      11.52695084      12.63278961      13.50861931       9.24472046       5.18657017       4.11758995       3.99479008       2.79500000       0.42500000      -1.00000000      -3.31500000      -5.71000000      -8.13000000     -10.00000000     -10.00000000     -10.00000000     -10.00000000     -10.00000000     -10.00000000
     -10.00000000     -10.00000000     -10.00000000     -10.00000000     -10.00000000     -10.00000000     -10.00000000     -10.00000000     -10.00000000     -10.00000000     -10.00000000     -10.00000000     -10.00000000     -10.00000000     -10.00000000     -10.00000000     -10.00000000     -10.00000000     -10.00000000     -10.00000000
     -10.00000000     -10.00000000     -10.00000000     -10.00000000     -10.00000000     -10.00000000     -10.00000000     -10.00000000     -10.00000000     -10.00000000     -10.00000000     -10.00000000     -10.00000000     -10.00000000     -10.00000000     -10.00000000     -10.00000000     -10.00000000     -10.00000000     -10.00000000
     -10.00000000     -10.00000000     -10.00000000     -10.00000000     -10.00000000     -10.00000000     -10.00000000     -10.00000000     -10.00000000     -10.00000000     -10.00000000
     -10.00000000     -10.00000000     -10.00000000      -9.60000000      -9.00000000      -8.40000000      -7.80000000      -7.20000000      -6.60000000      -6.00000000      -5.40000000      -4.80000000      -4.02500000      -3.07500000      -2.12500000      -1.17500000      -1.00000000      -0.27500000       0.67500000       1.62500000
       1.90392971       1.13358974       2.36285973       2.85391998       2.75792980       2.89713955       2.91948032       3.35081959       5.36491966       8.80128002      11.67107010      12.89702988      13.54557037      13.68153954      12.44566917      11.95354080      11.85675049      13.80620956      14.57777977      13.83452034
      12.35812950      11.35009003      11.06859970      11.06399918      10.67839050       9.93405914       9.43520927       9.93958092      11.74710083      14.28344917      17.30089951      20.55911064      22.45862007      23.41799927      24.60022926      26.20998001      27.90861130      28.73299026      28.76321030      28.59225082
      29.00780869      30.33900833      33.31578064      36.46474075      39.40000000      40.32000000      41.24000000      42.16000000      43.08000000      44.00000000      44.92000000      45.84000000      44.97500000      42.32500000      39.67500000      35.98107147      15.11673927       9.67745972       9.81583023      10.97954941
      12.31027985      13.58128929      14.51708984      13.28099060       8.12057972       5.67317009       4.52972984       4.11641979       4.01908016       3.07500000       0.84500000      -1.00000000      -2.89000000      -5.67000000      -8.45000000     -10.00000000     -10.00000000     -10.00000000     -10.00000000     -10.00000000
     -10.00000000     -10.00000000     -10.00000000     -10.00000000     -10.00000000     -10.00000000     -10.00000000     -10.00000000     -10.00000000     -10.00000000     -10.00000000     -10.00000000     -10.00000000     -10.00000000     -10.00000000     -10.00000000     -10.00000000     -10.00000000     -10.00000000     -10.00000000
     -10.00000000     -10.00000000     -10.00000000     -10.00000000     -10.00000000     -10.00000000     -10.00000000     -10.00000000     -10.00000000     -10.00000000     -10.00000000     -10.00000000     -10.00000000     -10.00000000     -10.00000000     -10.00000000     -10.00000000     -10.00000000     -10.00000000     -10.00000000
     -10.00000000     -10.00000000     -10.00000000     -10.00000000     -10.00000000     -10.00000000     -10.00000000     -10.00000000     -10.00000000     -10.00000000     -10.00000000
     -10.00000000      -9.67000000      -9.20000000      -8.60000000      -8.00000000      -7.40000000      -6.80000000      -6.20000000      -5.60000000      -5.00000000      -4.40000000      -3.80000000      -2.97500000      -1.92500000      -1.00000000      -0.82500000       0.22500000       1.27500000       2.32500000       1.55854988
       1.49682999       2.76653957       2.84953976       2.84099960       3.05751991       3.20398998       3.44851017       4.56877041       7.71854019      11.41393089      13.91276932      14.91951942      15.24400902      14.97875977      13.53170013      12.81023979      12.60489082      14.76711082      15.39485931      15.26333046
      14.33695984      13.82848930      13.79036903      13.96668053      13.32492065      11.99950027      10.89888954      12.17489052      14.85433006      17.82905006      20.95673943      23.58493996      25.10530853      26.06425858      27.20352936      28.59297943      29.65874100      30.24496078      30.75942993      31.06151962
      31.40145111      32.67456055      35.29813004      38.59949112      41.20000000      41.96000000      42.72000000      43.48000000      44.24000000      45.00000000      45.76000000      46.52000000      45.62500000      43.07500000      40.52500000      35.63996124      17.38463020      11.63736916      11.78289986      12.86070061
      14.22529984      15.51853943      15.78553009      11.15527916       8.15464973       6.43715000       5.00349045       4.34109974       4.06381989       3.82680035       3.63500000       1.54500000      -1.00000000      -3.21000000      -6.35000000      -9.49000000     -10.00000000     -10.00000000     -10.00000000     -10.00000000
     -10.00000000     -10.00000000     -10.00000000     -10.00000000     -10.00000000     -10.00000000     -10.00000000     -10.00000000     -10.00000000     -10.00000000     -10.00000000     -10.00000000     -10.00000000     -10.00000000     -10.00000000     -10.00000000     -10.00000000     -10.00000000     -10.00000000     -10.00000000
     -10.00000000     -10.00000000     -10.00000000     -10.00000000     -10.00000000     -10.00000000     -10.00000000     -10.00000000     -10.00000000     -10.00000000     -10.00000000     -10.00000000     -10.00000000     -10.00000000     -10.00000000     -10.00000000     -10.00000000     -10.00000000     -10.00000000     -10.00000000
     -10.00000000     -10.00000000     -10.00000000     -10.00000000     -10.00000000     -10.00000000     -10.00000000     -10.00000000     -10.00000000     -10.00000000     -10.00000000
      -8.95000000      -8.65000000      -8.20000000      -7.60000000      -7.00000000      -6.40000000      -5.80000000      -5.20000000      -4.60000000      -4.00000000      -3.40000000      -2.80000000      -1.92500000      -1.00000000      -0.62500000       0.52500000       1.67500000       2.48243999       1.23746967       2.01506042
       2.97694016       2.85867023       2.97824955       3.25800037       3.66565037       3.93638992       4.59418011       6.48517990      10.25052071      14.06336021      16.21365929      16.80707932      16.56282043      15.95747948      14.45589066      13.44573975      13.15356064      14.79512024      15.64233017      15.86804008
      16.05621910      16.11660957      16.51449013      16.68113899      15.98558044      14.03339005      12.34988022      13.89734077      17.15048027      20.94272995      24.27279091      26.37218094      27.51692963      28.33692932      29.10688019      29.98614120      30.80575943      31.67126846      32.57833862      33.30564117
      33.44609070      34.86801147      37.20619965      40.51834106      43.00000000      43.60000000      44.20000000      44.80000000      45.40000000      46.00000000      46.60000000      46.24776077      44.07326126      42.14588928      40.37142181      35.20689011      19.08984947      13.57559967      13.83152008      14.81365967
      15.92090988      17.26078987      16.83633041      11.61399078       8.93914986       7.09568977       5.86528969       4.81589031       4.37255001       4.10223007       3.84504986       3.94472980       1.75000000      -1.00000000      -4.25000000      -7.75000000     -10.00000000     -10.00000000     -10.00000000     -10.00000000
     -10.00000000     -10.00000000     -10.00000000     -10.00000000     -10.00000000     -10.00000000     -10.00000000     -10.00000000     -10.00000000     -10.00000000     -10.00000000     -10.00000000     -10.00000000     -10.00000000     -10.00000000     -10.00000000     -10.00000000     -10.00000000     -10.00000000     -10.00000000
     -10.00000000     -10.00000000     -10.00000000     -10.00000000     -10.00000000     -10.00000000     -10.00000000     -10.00000000     -10.00000000     -10.00000000     -10.00000000     -10.00000000     -10.00000000     -10.00000000     -10.00000000     -10.00000000     -10.00000000     -10.00000000     -10.00000000     -10.00000000
     -10.00000000     -10.00000000     -10.00000000     -10.00000000     -10.00000000     -10.00000000     -10.00000000     -10.00000000     -10.00000000     -10.00000000     -10.00000000
      -7.89000000      -7.63000000      -7.20000000      -6.60000000      -6.00000000      -5.40000000      -4.80000000      -4.20000000      -3.60000000      -3.00000000      -2.40000000      -1.80000000      -1.00000000      -0.62500000       0.62500000       1.87500000       2.12473965       1.25253963       2.20705032       3.12003994
       3.11900997       3.20343018       3.83434963       4.84488964       5.37742996       5.68980026       6.62465000       8.98491001      12.71421051      16.23494911      18.27368927      18.55117035      17.96335030      16.95037079      15.28471947      14.19750023      13.88435936      14.82646942      15.96740913      16.82691956
      17.81506920      18.28704071      18.57053947      18.30687904      17.21066093      15.34659958      13.79820061      15.34613037      19.14705086      23.55565071      26.96097946      28.28710938      28.85842133      29.27178955      29.91386032      30.73321915      31.94580841      33.39609909      34.56795883      35.21012115
      35.86357117      37.02481842      39.22993088      42.52394867      44.80000000      45.24000000      45.68000000      46.12000000      46.56000000      47.00000000      47.28673935      44.42163849      41.80720139      39.38961029      36.97410965      32.93708801      23.84600067      17.42157936      16.16250038      16.81830978
      18.42073059      18.35386086      15.53178024      12.54987907      10.54734993       8.60807037       7.13591003       5.93021011       5.32384014       4.74199009       4.02274036       3.90746975       3.78069019       0.71000000      -2.15000000      -6.01000000      -9.87000000     -10.00000000     -10.00000000     -10.00000000
     -10.00000000     -10.00000000     -10.00000000     -10.00000000     -10.00000000     -10.00000000     -10.00000000     -10.00000000     -10.00000000     -10.00000000     -10.00000000     -10.00000000     -10.00000000     -10.00000000     -10.00000000     -10.00000000     -10.00000000     -10.00000000     -10.00000000     -10.00000000
     -10.00000000     -10.00000000     -10.00000000     -10.00000000     -10.00000000     -10.00000000     -10.00000000     -10.00000000     -10.00000000     -10.00000000     -10.00000000     -10.00000000     -10.00000000     -10.00000000     -10.00000000     -10.00000000     -10.00000000     -10.00000000     -10.00000000     -10.00000000
     -10.00000000     -10.00000000     -10.00000000     -10.00000000     -10.00000000     -10.00000000     -10.00000000     -10.00000000     -10.00000000     -10.00000000     -10.00000000
      -6.83000000      -6.61000000      -6.20000000      -5.60000000      -5.00000000      -4.40000000      -3.80000000      -3.20000000      -2.60000000      -2.00000000      -1.40000000      -1.00000000      -0.82500000       0.52500000       1.37187958       1.29825974       1.48443031       2.80004025       3.28524971       3.36415005
       3.54267979       5.30539989       6.99108028       8.36487961       9.01605034       9.18761063       9.80616951      11.54721069      14.63003922      17.86619949      19.64295959      19.88209915      19.12155914      17.89156914      16.14888000      14.90707970      14.76461029      15.30168915      16.66274071      18.56986046
      19.57336998      20.12854958      20.07514954      19.20862007      17.82043076      16.49711990      16.21566010      17.18848991      20.30134010      24.79894066      27.78231049      28.62841034      29.22434998      29.82001114      30.50275040      31.51562119      32.96947098      34.61851120      36.02640152      36.88982010
      37.78733826      38.94308090      41.02177811      44.42671204      46.60000000      46.88000000      47.16000000      47.44000000      47.72000000      48.00000000      46.41299820      43.55329895      40.98326874      38.08584976      35.10464096      32.19908142      28.86130142      26.11890030      23.87290001      22.87639046
      21.10819054      19.11763954      17.18239975      15.18073082      13.36459923      11.82732010      10.52337074       9.03326988       7.74067020       6.65725040       5.28981972       4.56153965       4.16926003       3.17000000      -1.00000000      -4.27000000      -8.49000000     -10.00000000     -10.00000000     -10.00000000
     -10.00000000     -10.00000000     -10.00000000     -10.00000000     -10.00000000     -10.00000000     -10.00000000     -10.00000000     -10.00000000     -10.00000000     -10.00000000     -10.00000000     -10.00000000     -10.00000000     -10.00000000     -10.00000000     -10.00000000     -10.00000000     -10.00000000     -10.00000000
     -10.00000000     -10.00000000     -10.00000000     -10.00000000     -10.00000000     -10.00000000     -10.00000000     -10.00000000     -10.00000000     -10.00000000     -10.00000000     -10.00000000     -10.00000000     -10.00000000     -10.00000000     -10.00000000     -10.00000000     -10.00000000     -10.00000000     -10.00000000
     -10.00000000     -10.00000000     -10.00000000     -10.00000000     -10.00000000     -10.00000000     -10.00000000     -10.00000000     -10.00000000     -10.00000000     -10.00000000
      -5.70000000      -5.50000000      -5.09500000      -4.48500000      -3.87500000      -3.26500000      -2.65500000      -2.04500000      -1.43500000      -1.00000000      -1.00000000      -0.60500000       0.42000000       1.86000000       2.46809959       2.52593040       2.80663013       3.09558010       3.64011955       3.84661007
       4.35354042       6.12191010      10.07930946      12.45963097      13.25292969      13.31962013      13.30648994      14.42363930      16.62898064      19.24143028      20.92210960      20.92922020      20.05200958      18.70434952      17.05261040      16.12025070      15.87302971      16.58439064      18.20649910      20.02016068
      21.18944931      21.66345024      21.41114044      20.12791061      18.93334007      18.72738075      19.40107918      20.36845970      21.95034981      25.11371994      27.77262115      29.02336884      29.87448120      30.67007065      31.55728149      32.70309830      34.15008926      35.61428833      37.06608963      38.19145966
      39.41151810      40.88862991      42.96149063      46.05165100      48.71033859      49.27500000      49.52500000      49.77500000      50.02500000      48.68037033      46.34806061      43.85578918      41.71736908      39.51861954      37.16767120      34.66009903      32.34674835      30.34035110      28.56462097      26.82316971
      25.10836029      23.04937935      20.90858078      19.03614998      17.27371025      15.81308937      14.42848015      12.77339935      11.07891083       9.12809944       7.36273003       6.31577015       5.24855042       4.78462982       0.47500000      -2.97500000      -7.42500000     -10.00000000     -10.00000000     -10.00000000
     -10.00000000     -10.00000000     -10.00000000     -10.00000000     -10.00000000     -10.00000000     -10.00000000     -10.00000000     -10.00000000     -10.00000000     -10.00000000     -10.00000000     -10.00000000     -10.00000000     -10.00000000     -10.00000000     -10.00000000     -10.00000000     -10.00000000     -10.00000000
     -10.00000000     -10.00000000     -10.00000000     -10.00000000     -10.00000000     -10.00000000     -10.00000000     -10.00000000     -10.00000000     -10.00000000     -10.00000000     -10.00000000     -10.00000000     -10.00000000     -10.00000000     -10.00000000     -10.00000000     -10.00000000     -10.00000000     -10.00000000
     -10.00000000     -10.00000000     -10.00000000     -10.00000000     -10.00000000     -10.00000000     -10.00000000     -10.00000000     -10.00000000     -10.00000000     -10.00000000
      -4.50000000      -4.30000000      -3.88500000      -3.25500000      -2.62500000      -1.99500000      -1.36500000      -1.00000000      -1.00000000      -0.47500000       0.15500000       0.78500000       1.86000000       2.56620026       2.57721043       2.49376011       3.05206013       3.37827969       3.93111992       4.53715038
       5.83316040       6.10799026       6.57666969      14.59483910      17.26465988      17.64719963      17.41955948      17.82131958      19.18350029      20.62488937      21.20071983      21.17621994      20.60260963      19.35387993      17.93568993      17.36453056      17.28499985      18.50576019      20.32666016      21.73719978
      22.57551003      23.20219040      22.70421982      21.27198029      20.71858025      21.61705971      23.19255066      24.50820923      25.54779816      27.10203171      28.80596924      29.99256897      31.00524139      32.06351852      33.22629929      34.40800095      35.82535934      36.98477173      38.23223877      39.68025970
      41.11077881      42.79396057      44.71752167      47.04701996      49.84975052      51.99332809      52.36169052      51.79811096      50.73165894      49.45006943      47.85340881      46.02381897      44.19879913      42.45875931      40.47397995      38.33073044      36.27761841      34.59437943      32.97290039      31.32931137
      29.64859009      27.77655792      25.49396896      23.45763016      21.67498970      19.91706085      18.19264030      16.28565979      14.45779991      12.71084976      10.75715065       9.05688095       6.68191051       4.85914040       1.42500000      -2.12500000      -6.67500000     -10.00000000     -10.00000000     -10.00000000
     -10.00000000     -10.00000000     -10.00000000     -10.00000000     -10.00000000     -10.00000000     -10.00000000     -10.00000000     -10.00000000     -10.00000000     -10.00000000     -10.00000000     -10.00000000     -10.00000000     -10.00000000     -10.00000000     -10.00000000     -10.00000000     -10.00000000     -10.00000000
     -10.00000000     -10.00000000     -10.00000000     -10.00000000     -10.00000000     -10.00000000     -10.00000000     -10.00000000     -10.00000000     -10.00000000     -10.00000000     -10.00000000     -10.00000000     -10.00000000     -10.00000000     -10.00000000     -10.00000000     -10.00000000     -10.00000000     -10.00000000
     -10.00000000     -10.00000000     -10.00000000     -10.00000000     -10.00000000     -10.00000000     -10.00000000     -10.00000000     -10.00000000     -10.00000000     -10.00000000
      -3.30000000      -3.10000000      -2.67500000      -2.02500000      -1.37500000      -1.00000000      -1.00000000      -0.42500000       0.22500000       0.87500000       1.52500000       2.17500000       2.82853031       2.83532047       2.95263004       2.64710999       3.57267952       3.98015022       4.52221012       5.42232990
       6.37456989       8.48822975      11.29056931      15.34902954      19.43232918      21.08521080      21.31440926      21.60263062      22.37619972      22.51065063      21.91386986      21.57584000      21.13858986      20.07529068      18.83724022      18.63857079      19.28255081      20.89727020      22.52124023      23.61277008
      24.48155975      24.83054924      24.21121979      22.83576012      23.00613022      24.68955040      26.45796967      27.80973053      28.70999146      29.65869141      30.92343140      32.33105850      33.53778076      34.57492065      35.56478119      36.50722885      37.60100937      38.83686829      40.26345062      41.76752090
      43.60023117      45.23744202      46.80131149      49.17758179      51.72702026      53.38457870      53.54745865      53.16500854      52.36111069      51.48020935      50.30696869      49.16611862      47.70988083      45.91802979      44.10112000      42.32033157      40.58206940      39.09403992      37.64918900      35.96208191
      34.02067947      31.84650040      29.57371902      27.58736038      25.78984070      23.76646042      21.76390076      19.89974022      18.00515938      16.21136093      14.40827942      12.83930969       8.24983025       5.70448971       2.37500000      -1.27500000      -5.92500000     -10.00000000     -10.00000000     -10.00000000
     -10.00000000     -10.00000000     -10.00000000     -10.00000000     -10.00000000     -10.00000000     -10.00000000     -10.00000000     -10.00000000     -10.00000000     -10.00000000     -10.00000000     -10.00000000     -10.00000000     -10.00000000     -10.00000000     -10.00000000     -10.00000000     -10.00000000     -10.00000000
     -10.00000000     -10.00000000     -10.00000000     -10.00000000     -10.00000000     -10.00000000     -10.00000000     -10.00000000     -10.00000000     -10.00000000     -10.00000000     -10.00000000     -10.00000000     -10.00000000     -10.00000000     -10.00000000     -10.00000000     -10.00000000     -10.00000000     -10.00000000
     -10.00000000     -10.00000000     -10.00000000     -10.00000000     -10.00000000     -10.00000000     -10.00000000     -10.00000000     -10.00000000     -10.00000000     -10.00000000
      -2.10000000      -1.90000000      -1.46500000      -1.00000000      -1.00000000      -0.45500000       0.21500000       0.88500000       1.55500000       2.22500000       2.79327965       2.71473980       2.68245983       2.98155975       2.63043976       3.35328960       4.28318024       5.07357979       6.96940994       8.09832954
       8.75603962       9.04793930      10.68616104      14.02622986      17.75804901      21.43363953      23.79565048      24.99877930      25.68788147      25.49132919      24.47697067      23.11866951      22.00465012      21.01054955      20.12960052      20.69030952      21.77771950      23.55065918      25.05437088      26.08309937
      26.76536179      26.88599014      25.93046951      24.80443954      25.72132111      27.56637955      28.84770966      29.99282837      31.32641983      32.51042938      33.86233139      35.34519958      37.03467178      37.78910828      38.37181854      39.24222183      40.59357071      41.69229126      43.13188171      44.82828140
      46.63621140      48.06473160      49.66249847      51.70433044      54.31459045      55.75997925      55.87022018      55.45156097      54.88785934      54.22869110      53.56869888      52.73033142      51.72085953      50.20188141      48.50098038      46.75308990      45.80218887      45.11003113      42.55144119      40.05973053
      37.75897980      35.58617020      33.21171188      30.91151047      28.98786926      27.07920837      25.19150925      23.31052017      21.41382027      19.77926064      17.96759033      15.52578926       8.11592960       6.82194042       3.32500000      -1.00000000      -5.17500000      -9.92500000     -10.00000000     -10.00000000
     -10.00000000     -10.00000000     -10.00000000     -10.00000000     -10.00000000     -10.00000000     -10.00000000     -10.00000000     -10.00000000     -10.00000000     -10.00000000     -10.00000000     -10.00000000     -10.00000000     -10.00000000     -10.00000000     -10.00000000     -10.00000000     -10.00000000     -10.00000000
     -10.00000000     -10.00000000     -10.00000000     -10.00000000     -10.00000000     -10.00000000     -10.00000000     -10.00000000     -10.00000000     -10.00000000     -10.00000000     -10.00000000     -10.00000000     -10.00000000     -10.00000000     -10.00000000     -10.00000000     -10.00000000     -10.00000000     -10.00000000
     -10.00000000     -10.00000000     -10.00000000     -10.00000000     -10.00000000     -10.00000000     -10.00000000     -10.00000000     -10.00000000     -10.00000000     -10.00000000
      -1.00000000      -1.00000000      -1.00000000      -0.56500000       0.12500000       0.81500000       1.50500000       2.19500000       2.88500000       3.02392006       3.00047970       2.80461025       2.69130993       2.76093006       3.42467976       4.43428040       5.35249043       8.78289032      11.24761009      12.70471001
      13.25842094      13.10317039      12.35112953      12.99371910      15.80389023      19.70211983      23.67015076      26.81335831      26.98860931      26.96662903      26.66798019      25.24869919      23.45330048      22.27182961      22.00978088      22.74678993      24.26482964      26.45893097      28.21804810      28.88552856
      29.14939880      29.31858063      28.24158096      26.96110916      28.27368927      30.08118057      31.27600098      32.65625000      34.08670044      35.30274963      36.71229935      38.08184052      40.21138000      40.73833084      41.32514954      42.07149124      43.23849106      44.50825119      46.21995926      48.17520142
      50.10364914      51.46382141      52.78432846      54.70529175      57.31159210      58.82286835      59.25226593      58.68943787      58.05056000      57.41040802      56.99193954      56.55047226      55.51239014      54.27164078      53.01427841      51.58998108      50.52883148      50.46818924      48.32498169      44.94100952
      41.99573898      39.08541870      36.76977158      34.34358978      32.21376038      30.23345184      28.31961060      26.52947998      24.58989906      22.42500000      20.01500000      15.93144989       8.73565006       8.05733967       4.27500000      -0.57500000      -4.42500000      -9.27500000     -10.00000000     -10.00000000
     -10.00000000     -10.00000000     -10.00000000     -10.00000000     -10.00000000     -10.00000000     -10.00000000     -10.00000000     -10.00000000     -10.00000000     -10.00000000     -10.00000000     -10.00000000     -10.00000000     -10.00000000     -10.00000000     -10.00000000     -10.00000000     -10.00000000     -10.00000000
     -10.00000000     -10.00000000     -10.00000000     -10.00000000     -10.00000000     -10.00000000     -10.00000000     -10.00000000     -10.00000000     -10.00000000     -10.00000000     -10.00000000     -10.00000000     -10.00000000     -10.00000000     -10.00000000     -10.00000000     -10.00000000     -10.00000000     -10.00000000
     -10.00000000     -10.00000000     -10.00000000     -10.00000000     -10.00000000     -10.00000000     -10.00000000     -10.00000000     -10.00000000     -10.00000000     -10.00000000
      -0.70000000      -0.50000000      -0.04500000       0.66500000       1.37500000       2.08500000       2.79500000       2.82409000       2.95631027       2.95499992       2.83323956       2.95837975       3.06190968       3.39239979       3.93280983       4.81124973       7.68682957      12.09722900      15.54291916      17.63488960
      18.28764915      17.96582985      16.75190926      15.52227020      15.35932922      17.82254028      22.08602905      26.69329071      27.13722992      27.15528870      27.16411972      26.89583969      25.39619827      23.77033997      23.67141914      24.68911934      26.64097977      29.24929047      31.25056839      32.01185989
      32.01358032      31.81911850      30.89743042      29.36278915      30.83063126      32.72853851      34.30566025      36.06629181      37.50584030      38.47032166      39.47898865      40.64886856      41.92127991      42.90206146      43.79901123      44.74039078      46.18288040      47.19715881      48.97272873      51.20232010
      53.39778900      54.76742935      56.25271988      58.33679199      60.62352753      62.10163116      62.64418030      62.31250763      61.66364288      60.99622345      60.42774200      59.84966278      59.14243317      58.47045898      57.39936066      55.63782883      51.07770157      50.88146973      50.79967880      49.78245163
      46.78926086      43.54001999      40.56813812      38.06082916      35.84941864      33.46411133      31.10379028      28.99977112      26.66500000      24.07500000      21.48500000      14.90180016       9.93588066       9.51862907       5.22500000       0.27500000      -3.67500000      -8.62500000     -10.00000000     -10.00000000
     -10.00000000     -10.00000000     -10.00000000     -10.00000000     -10.00000000     -10.00000000     -10.00000000     -10.00000000     -10.00000000     -10.00000000     -10.00000000     -10.00000000     -10.00000000     -10.00000000     -10.00000000     -10.00000000     -10.00000000     -10.00000000     -10.00000000     -10.00000000
     -10.00000000     -10.00000000     -10.00000000     -10.00000000     -10.00000000     -10.00000000     -10.00000000     -10.00000000     -10.00000000     -10.00000000     -10.00000000     -10.00000000     -10.00000000     -10.00000000     -10.00000000     -10.00000000     -10.00000000     -10.00000000     -10.00000000     -10.00000000
     -10.00000000     -10.00000000     -10.00000000     -10.00000000     -10.00000000     -10.00000000     -10.00000000     -10.00000000     -10.00000000     -10.00000000     -10.00000000
       0.50000000       0.70000000       1.16500000       1.89500000       2.62500000       3.02910995       2.88129044       2.74921989       2.85029984       3.02756977       3.26733017       3.18688965       3.26194000       3.33277988       4.25321960       6.05004978       9.78150940      14.54677010      18.62287903      21.14649963
      22.44105911      22.44827080      21.34402084      19.68989944      17.97068024      17.77103043      20.78626060      25.94150162      27.42214966      27.18424988      27.23543167      27.15184021      26.64125824      25.33209991      25.28042984      26.34638977      28.70175934      31.80934143      34.34806061      35.14279938
      34.92393112      34.24127960      33.11828995      31.73659897      32.87957001      34.95616150      37.30707932      39.25349045      40.63389969      41.63114929      42.24755859      43.12144852      44.10049820      45.51089859      46.11019135      47.16466904      48.56248856      49.71823120      51.38105011      53.63574982
      56.19789124      58.03446960      59.69544983      61.78357697      63.34230042      64.81826019      65.64089203      65.68624115      65.33808136      64.71775818      64.41735077      63.84506989      63.52677917      62.93977356      62.10060120      60.80133057      57.83889771      52.72056961      50.88616943      50.62068939
      50.26945114      47.86000000      44.48223114      41.16334915      38.78355026      36.28874969      33.40153122      30.95059204      28.49500000      25.72500000      22.95500000      14.61101913      11.50415993      11.07748985       6.17500000       1.12500000      -2.92500000      -7.97500000     -10.00000000     -10.00000000
     -10.00000000     -10.00000000     -10.00000000     -10.00000000     -10.00000000     -10.00000000     -10.00000000     -10.00000000     -10.00000000     -10.00000000     -10.00000000     -10.00000000     -10.00000000     -10.00000000     -10.00000000     -10.00000000     -10.00000000     -10.00000000     -10.00000000     -10.00000000
     -10.00000000     -10.00000000     -10.00000000     -10.00000000     -10.00000000     -10.00000000     -10.00000000     -10.00000000     -10.00000000     -10.00000000     -10.00000000     -10.00000000     -10.00000000     -10.00000000     -10.00000000     -10.00000000     -10.00000000     -10.00000000     -10.00000000     -10.00000000
     -10.00000000     -10.00000000     -10.00000000     -10.00000000     -10.00000000     -10.00000000     -10.00000000     -10.00000000     -10.00000000     -10.00000000     -10.00000000
       1.70000000       1.90000000       2.37500000       3.12500000       3.06188965       2.91897011       3.07800961       3.26513958       3.29588032       3.14074993       3.21957970       3.43150997       3.80587959       4.94956017       6.33953953       8.58615017      11.72672081      16.22436905      20.69531059      23.40819931
      24.87515068      25.73870087      25.24000931      23.75992966      21.11067963      19.34300995      21.04120064      24.94503021      27.71992874      27.84634018      27.29690170      27.67800140      27.53187943      26.64593124      26.70204163      27.91334152      30.53807068      33.78689957      36.52450943      37.41970825
      37.30500031      36.52930069      35.25210953      33.93143082      34.67647171      36.87985992      39.53139877      41.87509155      43.78165054      44.63459015      44.99869919      45.32619858      46.08177948      47.76609039      48.23928070      49.58338165      50.85937881      52.02893829      53.60857010      56.23138809
      59.04116821      61.08235168      62.66503143      64.41856384      65.83927155      67.70311737      68.73552704      69.16834259      68.94120789      68.91123962      68.82907867      68.44127655      68.29689026      67.93994141      67.05188751      65.44360352      63.41526794      61.13619995      55.66534042      51.10998154
      50.52429199      49.89445877      47.40951920      43.39242935      40.43978119      37.96179962      34.74607849      31.86922073      29.28686905      26.94807053      24.10683060      15.40574074      13.17793083      12.27500000       7.12500000       1.97500000      -2.17500000      -7.32500000     -10.00000000     -10.00000000
     -10.00000000     -10.00000000     -10.00000000     -10.00000000     -10.00000000     -10.00000000     -10.00000000     -10.00000000     -10.00000000     -10.00000000     -10.00000000     -10.00000000     -10.00000000     -10.00000000     -10.00000000     -10.00000000     -10.00000000     -10.00000000     -10.00000000     -10.00000000
     -10.00000000     -10.00000000     -10.00000000     -10.00000000     -10.00000000     -10.00000000     -10.00000000     -10.00000000     -10.00000000     -10.00000000     -10.00000000     -10.00000000     -10.00000000     -10.00000000     -10.00000000     -10.00000000     -10.00000000     -10.00000000     -10.00000000     -10.00000000
     -10.00000000     -10.00000000     -10.00000000     -10.00000000     -10.00000000     -10.00000000     -10.00000000     -10.00000000     -10.00000000     -10.00000000     -10.00000000
       2.90000000       3.10000000       3.00282001       2.80251026       3.04553986       3.38891029       3.29246998       3.22620010       3.22140980       3.39013958       3.64216995       3.87353039       5.33606052       7.75456047       9.59206009      11.27087021      13.82604980      17.66772079      21.84996033      24.83346939
      26.46059036      27.68558884      28.04999161      27.01839828      23.78727913      21.45594978      23.48760986      25.60461044      28.12223816      28.54861832      28.69766998      29.65856171      29.03282166      28.11645126      28.19075012      29.48955154      32.06388092      35.61671829      37.88671112      38.85573196
      39.00086975      38.11109924      37.02233124      35.92391968      36.49805069      38.45869827      41.20508194      43.88951874      46.15365982      47.11217117      47.11109161      47.42171860      48.24943924      49.82725906      50.32801056      51.48157883      52.49493027      53.74185944      56.05001831      58.81529999
      61.64298248      63.56294250      65.18395233      66.83318329      68.29493713      69.89611053      71.64753723      72.52799225      72.95160675      73.12069702      72.86332703      72.85537720      72.86891937      72.58891296      71.94632721      70.42397308      68.02129364      65.24664307      61.95567322      57.22241974
      51.88222122      49.76385880      47.45238113      44.46540070      41.48289108      38.32532120      35.06679916      31.97565842      29.07308960      26.66204071      24.11012077      16.89679909      15.08902931      13.32500000       8.07500000       2.82500000      -1.42500000      -6.67500000     -10.00000000     -10.00000000
     -10.00000000     -10.00000000     -10.00000000     -10.00000000     -10.00000000     -10.00000000     -10.00000000     -10.00000000     -10.00000000     -10.00000000     -10.00000000     -10.00000000     -10.00000000     -10.00000000     -10.00000000     -10.00000000     -10.00000000     -10.00000000     -10.00000000     -10.00000000
     -10.00000000     -10.00000000     -10.00000000     -10.00000000     -10.00000000     -10.00000000     -10.00000000     -10.00000000     -10.00000000     -10.00000000     -10.00000000     -10.00000000     -10.00000000     -10.00000000     -10.00000000     -10.00000000     -10.00000000     -10.00000000     -10.00000000     -10.00000000
     -10.00000000     -10.00000000     -10.00000000     -10.00000000     -10.00000000     -10.00000000     -10.00000000     -10.00000000     -10.00000000     -10.00000000     -10.00000000
       2.84047031       2.89062023       3.22068977       3.36380005       3.40530014       3.27873039       3.34436035       3.45429039       3.66510010       3.84438038       3.95011997       5.03090000       7.72723961      10.57212067      12.41172981      13.92231941      16.28100014      19.60253906      23.23188019      26.08065033
      27.73218918      28.88776016      29.29344177      28.38919830      25.21332932      23.96450043      26.55017853      28.03340912      28.79803085      29.35707092      30.22042847      30.82316971      30.18724823      29.44079971      29.69546127      31.02930832      33.43762970      36.56716156      38.76980972      40.07210922
      40.46804810      39.67498016      38.49705887      37.82714844      38.34086990      40.34862137      42.89051056      45.38756943      47.80212021      49.17927170      49.38718033      49.59899139      50.29663849      51.29833984      52.11658859      52.94913101      54.00265884      56.25500107      58.82050323      61.34822845
      63.90647125      66.16747284      68.04740906      69.55213928      70.81661224      72.33384705      74.26618958      75.90219879      76.75363922      76.87843323      77.01934052      77.08940887      77.31604004      77.45484924      77.26757812      74.74000000      71.78000000      68.82000000      65.11260986      61.38072205
      56.99789047      52.51401138      46.81975174      44.44731140      41.43127060      37.94316864      34.54618835      31.10709000      27.98682022      25.38948059      23.08614922      18.11364937      15.16291046      14.37500000       9.02500000       3.67500000      -1.00000000      -6.02500000     -10.00000000     -10.00000000
     -10.00000000     -10.00000000     -10.00000000     -10.00000000     -10.00000000     -10.00000000     -10.00000000     -10.00000000     -10.00000000     -10.00000000     -10.00000000     -10.00000000     -10.00000000     -10.00000000     -10.00000000     -10.00000000     -10.00000000     -10.00000000     -10.00000000     -10.00000000
     -10.00000000     -10.00000000     -10.00000000     -10.00000000     -10.00000000     -10.00000000     -10.00000000     -10.00000000     -10.00000000     -10.00000000     -10.00000000     -10.00000000     -10.00000000     -10.00000000     -10.00000000     -10.00000000     -10.00000000     -10.00000000     -10.00000000     -10.00000000
     -10.00000000     -10.00000000     -10.00000000     -10.00000000     -10.00000000     -10.00000000     -10.00000000     -10.00000000     -10.00000000     -10.00000000     -10.00000000
       3.29792023       3.52519989       3.44408989       3.52884007       3.73985958       3.75158024       3.75543976       4.00444984       4.12010956       4.13311958       4.71893024       6.81525040      10.20141029      13.04084015      15.23492050      16.80658913      18.77803993      21.97266006      25.14236832      27.69939041
      29.04993057      29.83177948      29.97623062      28.93785858      26.20510864      26.54542160      29.11845016      30.15969849      30.57546997      31.18302917      31.99505997      32.39870071      31.67797089      30.91054153      31.20441818      32.73968124      35.13871002      37.88796997      39.92348099      41.16867065
      41.71744919      41.09999847      39.95483017      39.55118179      40.21749115      42.31597900      44.77923965      46.99794006      49.05390167      50.68679810      51.10739136      51.54481888      52.41276169      53.18301010      53.80677032      54.71403885      56.64078903      58.62544250      61.45307922      63.74994659
      66.33950043      68.95532227      70.90133667      72.15524292      73.29469299      74.79087830      76.97332764      79.05947113      80.27793121      80.82238007      80.94624329      81.22498322      81.47572327      81.49929810      80.15000000      77.09000000      74.03000000      70.97000000      67.08860016      62.89137268
      58.18289948      53.31309128      47.30126953      43.74655914      40.54978943      36.90121841      33.19203186      29.71931839      26.52944183      23.98492050      21.48748016      18.68041992      15.08333015      13.91650963       9.40000000       4.04000000      -1.00000000      -5.68000000     -10.00000000     -10.00000000
     -10.00000000     -10.00000000     -10.00000000     -10.00000000     -10.00000000     -10.00000000     -10.00000000     -10.00000000     -10.00000000     -10.00000000     -10.00000000     -10.00000000     -10.00000000     -10.00000000     -10.00000000     -10.00000000     -10.00000000     -10.00000000     -10.00000000     -10.00000000
     -10.00000000     -10.00000000     -10.00000000     -10.00000000     -10.00000000     -10.00000000     -10.00000000     -10.00000000     -10.00000000     -10.00000000     -10.00000000     -10.00000000     -10.00000000     -10.00000000     -10.00000000     -10.00000000     -10.00000000     -10.00000000     -10.00000000     -10.00000000
     -10.00000000     -10.00000000     -10.00000000     -10.00000000     -10.00000000     -10.00000000     -10.00000000     -10.00000000     -10.00000000     -10.00000000     -10.00000000
       4.07378960       4.12197018       3.95355034       3.92887974       4.11297989       4.36371040       4.37226963       4.48754025       4.59259033       4.77536964       5.90894985       9.02930069      12.43909073      15.43445015      17.72141075      19.33558083      21.61544037      24.58452988      27.77359009      29.86901093
      30.67137146      30.78778076      30.50434875      29.33501816      27.81964874      28.69211197      30.67654800      31.80820084      32.52236176      33.22024155      34.04473114      34.51198959      33.77851105      32.69379807      33.06813049      35.15887070      37.60535812      39.64949036      41.33501053      42.63434982
      43.22201157      42.94282913      42.06188965      41.76612854      42.43423080      44.53929901      47.21678925      49.54130936      50.79946136      51.78218079      52.56119156      53.17607880      54.12017059      55.01153946      56.07178879      56.97584152      58.84599304      61.37299347      63.94689178      66.36557770
      68.98206329      71.76660919      73.78646088      75.21650696      76.44129944      77.91857910      79.83885956      82.08718872      83.84620667      84.44991302      84.79157257      85.25923157      85.43991089      84.63000000      81.45000000      78.27000000      75.09000000      71.91000000      68.15837097      63.18856812
      58.30232239      53.29095840      47.91732025      42.93667984      39.65628052      35.85313034      31.98894119      28.36447144      25.29988861      22.54235077      19.88846970      17.36739922      14.65934944      11.79525948       9.20000000       3.92000000      -1.00000000      -5.64000000     -10.00000000     -10.00000000
     -10.00000000     -10.00000000     -10.00000000     -10.00000000     -10.00000000     -10.00000000     -10.00000000     -10.00000000     -10.00000000     -10.00000000     -10.00000000     -10.00000000     -10.00000000     -10.00000000     -10.00000000     -10.00000000     -10.00000000     -10.00000000     -10.00000000     -10.00000000
     -10.00000000     -10.00000000     -10.00000000     -10.00000000     -10.00000000     -10.00000000     -10.00000000     -10.00000000     -10.00000000     -10.00000000     -10.00000000     -10.00000000     -10.00000000     -10.00000000     -10.00000000     -10.00000000     -10.00000000     -10.00000000     -10.00000000     -10.00000000
     -10.00000000     -10.00000000     -10.00000000     -10.00000000     -10.00000000     -10.00000000     -10.00000000     -10.00000000     -10.00000000     -10.00000000     -10.00000000
       5.03952026       4.85457039       4.55945015       4.47309017       4.63605022       4.80889988       4.99998951       4.89599037       4.95254993       5.46837997       7.15550041      10.83760071      14.50637054      17.50056076      19.81114006      21.77109909      24.27356911      27.31203079      30.37633896      32.13750076
      32.62049866      32.21976089      31.37360001      30.39764023      29.70700836      30.52510834      31.99798965      33.19747162      34.31291962      35.26736069      36.23735046      36.87773895      36.44363022      35.31143951      35.21014023      37.48326111      40.06061935      41.79219055      43.25584030      44.25798035
      44.95272827      44.90956879      44.53844833      44.34920883      44.93540955      46.78435135      49.58897018      52.33554077      53.53919983      53.86188889      54.34991074      55.09535980      55.93965149      57.09633636      59.25662231      60.02616119      62.13620758      64.52748108      67.11203766      69.55758667
      72.15534973      74.65662384      76.61509705      78.34152222      79.97441864      81.27172089      82.92189789      85.47529602      87.36302185      88.08519745      88.61495972      89.23152924      89.35000000      86.05000000      82.75000000      79.45000000      76.15000000      72.85000000      68.46224976      63.11657715
      57.96556854      52.83518982      47.64825058      42.15106964      39.42081833      34.89736176      31.20182037      27.60995865      24.34049988      21.35928917      18.55760002      15.73963928      13.09501076       9.93556023       7.39970970       3.80000000      -1.00000000      -5.60000000     -10.00000000     -10.00000000
     -10.00000000     -10.00000000     -10.00000000     -10.00000000     -10.00000000     -10.00000000     -10.00000000     -10.00000000     -10.00000000     -10.00000000     -10.00000000     -10.00000000     -10.00000000     -10.00000000     -10.00000000     -10.00000000     -10.00000000     -10.00000000     -10.00000000     -10.00000000
     -10.00000000     -10.00000000     -10.00000000     -10.00000000     -10.00000000     -10.00000000     -10.00000000     -10.00000000     -10.00000000     -10.00000000     -10.00000000     -10.00000000     -10.00000000     -10.00000000     -10.00000000     -10.00000000     -10.00000000     -10.00000000     -10.00000000     -10.00000000
     -10.00000000     -10.00000000     -10.00000000     -10.00000000     -10.00000000     -10.00000000     -10.00000000     -10.00000000     -10.00000000     -10.00000000     -10.00000000
       7.40174961       6.72424984       6.13440990       5.45314026       5.16489029       5.16786003       5.30241013       5.78565025       5.88829041       6.35054016       8.02787971      11.80143929      15.80438042      19.26256943      22.08929062      24.24739075      26.61862946      29.37000000      31.71000000      34.05000000
      34.58544922      33.85169983      32.77910995      31.92721176      31.66051102      32.23933029      33.45706177      34.63206863      35.87984085      37.08230972      38.23102951      39.29005051      39.34365845      37.94913864      37.33224106      39.38827896      42.04618835      43.99422073      45.09608841      46.04917908
      46.80186844      47.13275146      47.11436844      47.11236954      47.73073959      49.25614166      51.82415009      55.02920151      56.45967102      56.30606079      56.43500900      57.04316711      58.17894745      59.52633667      61.22261047      62.81974030      65.00113678      67.72371674      70.51860046      73.26812744
      75.85975647      78.04298401      80.08242798      82.05436707      83.60389709      84.74461365      86.45674133      88.98251343      90.36000000      91.00000000      91.64000000      92.28000000      90.89000000      87.47000000      84.05000000      80.63000000      77.21000000      73.79000000      68.61280823      62.94316101
      57.71251678      52.31774902      47.10998917      42.19499969      38.63623047      34.70138168      30.77767181      27.07410049      23.49677086      20.32500076      17.34211922      14.47513962      11.51678085       8.71893978       6.55261993       3.68000000      -1.00000000      -5.56000000     -10.00000000     -10.00000000
     -10.00000000     -10.00000000     -10.00000000     -10.00000000     -10.00000000     -10.00000000     -10.00000000     -10.00000000     -10.00000000     -10.00000000     -10.00000000     -10.00000000     -10.00000000     -10.00000000     -10.00000000     -10.00000000     -10.00000000     -10.00000000     -10.00000000     -10.00000000
     -10.00000000     -10.00000000     -10.00000000     -10.00000000     -10.00000000     -10.00000000     -10.00000000     -10.00000000     -10.00000000     -10.00000000     -10.00000000     -10.00000000     -10.00000000     -10.00000000     -10.00000000     -10.00000000     -10.00000000     -10.00000000     -10.00000000     -10.00000000
     -10.00000000     -10.00000000     -10.00000000     -10.00000000     -10.00000000     -10.00000000     -10.00000000     -10.00000000     -10.00000000     -10.00000000     -10.00000000
      10.92296028      10.17094994       9.06600952       7.52297974       6.11866951       5.92166042       5.82304001       6.30010986       6.86118031       7.44758987       8.72620964      12.14677048      16.49256897      20.74114037      23.45000000      25.83000000      28.21000000      30.59000000      32.97000000      35.35000000
      36.24705124      35.34059143      34.29954910      33.63890839      33.47154999      34.06855011      35.03371048      36.14503098      37.45330048      38.81106186      40.03628159      41.34910965      41.94847870      40.51673126      39.59983063      41.15859985      43.81507874      45.73588181      46.70104980      47.60311890
      48.26797104      48.81996155      49.20756912      49.69918823      50.62958908      51.94760132      54.01779938      56.75373077      58.52722168      58.39222717      58.53418732      59.25681305      60.46295166      61.95092773      63.46904755      65.60404205      68.48419189      71.69346619      74.67385864      77.23578644
      79.63027191      81.92263794      83.85585785      85.47093964      86.60182190      87.91271210      89.76087189      92.04000000      92.52000000      93.00000000      93.48000000      93.96000000      92.43000000      88.89000000      85.35000000      81.81000000      78.27000000      74.73000000      68.96607971      62.98941803
      57.43920898      52.03596115      47.06081009      42.70993042      37.59920883      34.80001068      30.19831085      26.61008072      22.78474045      19.38701057      16.48156929      13.41391945      10.39262009       7.94536018       6.48462009       3.56000000      -1.00000000      -5.52000000     -10.00000000     -10.00000000
     -10.00000000     -10.00000000     -10.00000000     -10.00000000     -10.00000000     -10.00000000     -10.00000000     -10.00000000     -10.00000000     -10.00000000     -10.00000000     -10.00000000     -10.00000000     -10.00000000     -10.00000000     -10.00000000     -10.00000000     -10.00000000     -10.00000000     -10.00000000
     -10.00000000     -10.00000000     -10.00000000     -10.00000000     -10.00000000     -10.00000000     -10.00000000     -10.00000000     -10.00000000     -10.00000000     -10.00000000     -10.00000000     -10.00000000     -10.00000000     -10.00000000     -10.00000000     -10.00000000     -10.00000000     -10.00000000     -10.00000000
     -10.00000000     -10.00000000     -10.00000000     -10.00000000     -10.00000000     -10.00000000     -10.00000000     -10.00000000     -10.00000000     -10.00000000     -10.00000000
      14.71884918      13.69186974      12.40122986      10.09198952       7.34780979       6.63848019       6.82369041       7.55169010       8.07843018       8.59961987       9.61544037      12.67280960      17.02387047      21.63924026      24.55000000      26.97000000      29.39000000      31.81000000      34.23000000      36.65000000
      37.64315033      36.77471924      35.83110809      35.24991989      35.29759979      35.83520126      36.77912140      37.83876038      39.15251923      40.46331024      41.80018997      43.10052109      43.76821136      42.84645844      41.84164047      42.91386032      45.45103073      47.23146820      48.34664917      49.08422089
      49.78509903      50.64632034      51.48683929      52.44208908      53.57315063      55.01358032      56.28445816      58.29062653      59.94107819      60.18559265      60.43270111      61.32785797      62.78607941      64.70648193      66.39633942      69.00652313      72.06803894      75.26405334      78.56040955      81.37515259
      83.63262177      85.96559143      87.66941833      88.68302155      89.74018097      91.26970673      93.28176117      94.36000000      94.68000000      95.00000000      95.32000000      95.64000000      93.97000000      90.31000000      86.65000000      82.99000000      79.33000000      75.23663330      69.31787109      63.15547180
      57.41497040      52.28947830      47.56016922      42.92449951      37.83488083      34.17161942      29.93611145      25.89807892      22.48880959      18.87128067      15.73355103      12.60548973       9.45037079       7.54839039       6.36559963       3.44000000      -1.00000000      -5.48000000     -10.00000000     -10.00000000
     -10.00000000     -10.00000000     -10.00000000     -10.00000000     -10.00000000     -10.00000000     -10.00000000     -10.00000000     -10.00000000     -10.00000000     -10.00000000     -10.00000000     -10.00000000     -10.00000000     -10.00000000     -10.00000000     -10.00000000     -10.00000000     -10.00000000     -10.00000000
     -10.00000000     -10.00000000     -10.00000000     -10.00000000     -10.00000000     -10.00000000     -10.00000000     -10.00000000     -10.00000000     -10.00000000     -10.00000000     -10.00000000     -10.00000000     -10.00000000     -10.00000000     -10.00000000     -10.00000000     -10.00000000     -10.00000000     -10.00000000
     -10.00000000     -10.00000000     -10.00000000     -10.00000000     -10.00000000     -10.00000000     -10.00000000     -10.00000000     -10.00000000     -10.00000000     -10.00000000
      17.18000000      16.86000000      15.38892937      12.12532997       8.69365025       7.74242020       8.72459030       9.66938972       9.76366997       9.98954964      10.87237930      13.25419044      17.52795029      22.39579010      25.65000000      28.11000000      30.57000000      33.03000000      35.49000000      37.95000000
      38.81343079      38.12464905      37.27719116      36.92987823      37.32735062      38.17430878      39.08784103      39.98027039      41.03464890      42.23884964      43.60541916      44.78348160      45.45357132      44.90200043      44.05609894      44.89490891      47.08401108      48.66659164      49.75532913      50.63499832
      51.71181870      52.88628006      54.08995056      55.03380966      56.46963120      58.24807739      59.11206055      60.25940704      61.16945648      61.70066833      62.53430939      64.00788116      65.80204773      67.55979156      69.86917877      72.56539154      75.65431976      79.15326691      82.38494110      85.06983185
      87.08759308      89.23963165      90.90207672      91.76236725      93.16452026      95.23319244      96.52000000      96.68000000      96.84000000      97.00000000      97.16000000      97.32000000      95.51000000      91.73000000      87.95000000      84.17000000      80.39000000      75.74476624      69.35630798      63.52295685
      58.17857361      53.15008163      48.20392990      43.38574982      38.64812088      33.08023071      30.01766968      25.57854843      22.01409912      18.97150040      15.72093964      12.48978996       9.30200958       7.30498028       6.16005039       3.32000000      -1.00000000      -5.44000000     -10.00000000     -10.00000000
     -10.00000000     -10.00000000     -10.00000000     -10.00000000     -10.00000000     -10.00000000     -10.00000000     -10.00000000     -10.00000000     -10.00000000     -10.00000000     -10.00000000     -10.00000000     -10.00000000     -10.00000000     -10.00000000     -10.00000000     -10.00000000     -10.00000000     -10.00000000
     -10.00000000     -10.00000000     -10.00000000     -10.00000000     -10.00000000     -10.00000000     -10.00000000     -10.00000000     -10.00000000     -10.00000000     -10.00000000     -10.00000000     -10.00000000     -10.00000000     -10.00000000     -10.00000000     -10.00000000     -10.00000000     -10.00000000     -10.00000000
     -10.00000000     -10.00000000     -10.00000000     -10.00000000     -10.00000000     -10.00000000     -10.00000000     -10.00000000     -10.00000000     -10.00000000     -10.00000000
      18.64401054      17.32788086      15.70291901      12.44754982       9.45421028       9.45219040      11.17033005      12.34618950      11.78475952      11.42239952      12.22723961      13.74461937      17.43676949      22.61973000      26.75000000      29.25000000      31.75000000      34.25000000      36.75000000      39.25000000
      39.72134018      39.35873032      38.90298080      38.87860870      39.53512192      40.68307114      41.71997070      42.41386032      43.26892090      44.52087021      45.69659042      46.86595917      47.57107925      46.90528870      46.48567963      47.11561966      48.76533890      50.33943176      51.73723984      53.11650085
      54.73315048      56.43531036      57.43553925      58.35108948      59.68900299      60.78791809      61.26200104      61.71498871      62.43374634      63.28253937      64.64920044      66.87816620      69.08831024      71.15445709      73.34156799      76.24603271      79.65373230      83.05052185      85.91078949      88.43083954
      90.39225769      92.32623291      93.53578186      94.83213043      97.12702942      99.00000000      99.00000000      99.00000000      99.00000000      99.00000000      99.00000000      99.00000000      97.05000000      93.15000000      89.25000000      85.35000000      81.45000000      76.63313293      70.01074982      63.70258331
      58.80931854      53.84915924      48.71004105      43.62844086      38.69433975      33.67961884      29.57588959      25.90711975      22.18354988      18.73978043      15.82444954      12.61841011       9.46048927       7.18136024       5.94219971       3.20000000      -1.00000000      -5.40000000     -10.00000000     -10.00000000
     -10.00000000     -10.00000000     -10.00000000     -10.00000000     -10.00000000     -10.00000000     -10.00000000     -10.00000000     -10.00000000     -10.00000000     -10.00000000     -10.00000000     -10.00000000     -10.00000000     -10.00000000     -10.00000000     -10.00000000     -10.00000000     -10.00000000     -10.00000000
     -10.00000000     -10.00000000     -10.00000000     -10.00000000     -10.00000000     -10.00000000     -10.00000000     -10.00000000     -10.00000000     -10.00000000     -10.00000000     -10.00000000     -10.00000000     -10.00000000     -10.00000000     -10.00000000     -10.00000000     -10.00000000     -10.00000000     -10.00000000
     -10.00000000     -10.00000000     -10.00000000     -10.00000000     -10.00000000     -10.00000000     -10.00000000     -10.00000000     -10.00000000     -10.00000000     -10.00000000
      16.95960999      15.54995918      13.64267921      11.60367012      10.79208946      11.75927925      14.12459946      15.31896019      14.49876976      13.43856049      13.47970963      14.60700989      16.92539024      21.04877090      25.35747147      28.37042999      31.31782913      34.55516052      37.55966187      39.67686844
      40.59477997      40.70592117      40.61671829      40.79254913      41.39886093      42.60023117      43.93677139      44.96250153      45.98738861      47.08958817      48.26607132      49.45175934      50.05559921      49.61338043      49.00350952      49.46928024      50.85530853      52.63484192      54.31734848      56.25815201
      58.65862274      60.47791290      61.56562805      62.12246704      63.08341217      63.29342651      63.27586365      63.64853668      64.41287994      65.63571930      67.55106354      70.35864258      72.91696167      75.15048981      76.98123932      79.75891876      83.19036102      86.31700897      89.02046204      91.37435913
      93.14644623      95.00475311      96.30558777      98.39830017     100.81488800     101.64000000     101.48000000     101.32000000     101.16000000     101.00000000     100.84000000     100.68000000      98.59000000      94.57000000      90.55000000      86.53000000      82.51000000      78.14035034      71.28176880      65.23002625
      59.82721710      54.49816895      49.27027893      44.26195145      39.28739929      34.49539185      29.77656937      26.32176208      22.66078949      19.20148087      16.00283051      12.66778946       9.76217079       7.29971981       6.04932976       3.08000000      -1.00000000      -5.36000000     -10.00000000     -10.00000000
     -10.00000000     -10.00000000     -10.00000000     -10.00000000     -10.00000000     -10.00000000     -10.00000000     -10.00000000     -10.00000000     -10.00000000     -10.00000000     -10.00000000     -10.00000000     -10.00000000     -10.00000000     -10.00000000     -10.00000000     -10.00000000     -10.00000000     -10.00000000
     -10.00000000     -10.00000000     -10.00000000     -10.00000000     -10.00000000     -10.00000000     -10.00000000     -10.00000000     -10.00000000     -10.00000000     -10.00000000     -10.00000000     -10.00000000     -10.00000000     -10.00000000     -10.00000000     -10.00000000     -10.00000000     -10.00000000     -10.00000000
     -10.00000000     -10.00000000     -10.00000000     -10.00000000     -10.00000000     -10.00000000     -10.00000000     -10.00000000     -10.00000000     -10.00000000     -10.00000000
      17.01469994      15.74995041      14.54128075      13.42441940      13.25897980      14.06069946      16.58083916      18.37924004      17.70574951      16.23827934      15.25370979      15.60975075      16.83366966      19.01921082      22.17749023      25.28036880      28.69255829      32.61481857      36.66992950      39.69451904
      41.90053177      42.55002975      42.65113068      42.82371902      43.42525864      44.41104889      45.73371887      47.08512878      48.28726959      49.61885834      51.08808136      52.19686127      52.81188965      52.51087952      51.95557022      52.05002975      53.23672867      55.07141113      57.37738037      60.21649170
      62.67433929      64.61102295      65.07118988      65.30818939      65.55954742      65.72071838      65.91811371      66.49317169      67.43656158      68.86155701      71.04579926      74.21681976      76.77141571      78.58099365      80.28343201      82.98487091      86.25849915      89.11166382      92.15355682      94.31739807
      96.07643127      97.91236877      99.34007263     101.50636292     103.79418945     104.28000000     103.96000000     103.64000000     103.32000000     103.00000000     101.72162628      99.26194000      96.98374176      95.15483856      91.85000000      87.71000000      83.57000000      78.97718811      72.61113739      66.58969879
      61.03188324      55.43669128      50.12435150      45.13071823      40.30105972      35.61162949      31.24866867      26.52598953      23.59281921      20.07674980      16.60688019      13.24258995      10.13628006       7.79214001       6.52910042       2.96000000      -1.00000000      -5.32000000      -9.96000000     -10.00000000
     -10.00000000     -10.00000000     -10.00000000     -10.00000000     -10.00000000     -10.00000000     -10.00000000     -10.00000000     -10.00000000     -10.00000000     -10.00000000     -10.00000000     -10.00000000     -10.00000000     -10.00000000     -10.00000000     -10.00000000     -10.00000000     -10.00000000     -10.00000000
     -10.00000000     -10.00000000     -10.00000000     -10.00000000     -10.00000000     -10.00000000     -10.00000000     -10.00000000     -10.00000000     -10.00000000     -10.00000000     -10.00000000     -10.00000000     -10.00000000     -10.00000000     -10.00000000     -10.00000000     -10.00000000     -10.00000000     -10.00000000
     -10.00000000     -10.00000000     -10.00000000     -10.00000000     -10.00000000     -10.00000000     -10.00000000     -10.00000000     -10.00000000     -10.00000000     -10.00000000
      18.99238014      18.89855957      17.82832909      16.59270096      16.07958984      16.82263947      19.26889038      21.47443008      21.40126991      19.80060005      18.15694046      17.49139977      17.86190987      19.02795029      20.66840935      23.17439079      26.82759094      31.51160049      36.16526031      39.76794815
      42.98770905      44.58856201      45.13549042      45.61988831      46.06890869      46.78031158      47.76797867      49.02627182      50.34349060      51.98217010      53.62144852      54.69274139      55.46939087      55.54064178      54.94905090      54.83335876      55.67856979      57.62760925      60.74063873      64.05258942
      66.62030792      67.84664917      68.35839081      68.65058136      68.63027954      68.53002930      68.82950592      69.69383240      70.76693726      72.33470154      74.96333313      78.11087799      80.53254700      82.11663818      83.88266754      86.21101379      89.11637115      92.14257812      95.36646271      97.57041931
      99.63326263     101.44380188     102.74474335     104.27084351     106.16311646     105.85500000     105.38500000     104.91500000     104.44500000     102.52671051      99.47586060      97.30464935      95.76985931      95.01351929      92.45000000      88.31000000      84.17000000      80.03000000      74.29802704      67.97712708
      62.36515045      56.53828049      51.34659958      46.38307953      41.38864136      36.74776077      32.58414841      28.51906967      23.82258034      21.10751915      17.39839935      14.17678070      11.16510010       9.00925064       7.17883968       3.29500000      -1.00000000      -4.96500000      -9.59500000     -10.00000000
     -10.00000000     -10.00000000     -10.00000000     -10.00000000     -10.00000000     -10.00000000     -10.00000000     -10.00000000     -10.00000000     -10.00000000     -10.00000000     -10.00000000     -10.00000000     -10.00000000     -10.00000000     -10.00000000     -10.00000000     -10.00000000     -10.00000000     -10.00000000
     -10.00000000     -10.00000000     -10.00000000     -10.00000000     -10.00000000     -10.00000000     -10.00000000     -10.00000000     -10.00000000     -10.00000000     -10.00000000     -10.00000000     -10.00000000     -10.00000000     -10.00000000     -10.00000000     -10.00000000     -10.00000000     -10.00000000     -10.00000000
     -10.00000000     -10.00000000     -10.00000000     -10.00000000     -10.00000000     -10.00000000     -10.00000000     -10.00000000     -10.00000000     -10.00000000     -10.00000000
      21.92431068      22.29468918      21.58571053      20.65299988      19.47580910      19.86029053      22.36277962      24.96545029      25.63108063      24.24828911      22.45087051      21.07752037      20.31040955      20.51943970      21.62899971      23.07386971      25.91651154      30.44400024      35.13425064      39.50148010
      43.34115982      45.93645859      47.42913055      48.39154816      49.16870117      49.95827866      50.59363174      51.26424026      52.31148911      54.13024139      55.95212173      57.24284363      58.35400391      58.71089935      58.56009674      58.35944366      58.82083893      60.48075867      63.79679108      67.12583923
      68.96507263      70.17017365      71.03717041      71.63197327      71.44885254      71.46437836      72.00431061      72.98227692      74.30034637      76.16951752      78.72702789      81.73159027      84.06762695      85.98052979      87.67189026      89.76513672      92.40872192      95.38983154      98.55930328     100.75981903
     102.77644348     104.12393951     105.22125244     106.81419373     106.97500000     106.36500000     105.75500000     105.14500000     104.53500000     101.01043701      98.00282288      96.65979004      95.98690796      95.20932770      92.35000000      88.33000000      84.31000000      80.29000000      76.27000000      70.17089081
      64.12484741      58.35420990      52.90821075      47.87878036      42.84053040      38.52722931      34.42082977      30.00893021      25.58742905      21.16787910      18.63067055      15.59836960      12.41856003      10.32308960       7.45656013       4.08500000      -0.60500000      -4.29500000      -8.98500000     -10.00000000
     -10.00000000     -10.00000000     -10.00000000     -10.00000000     -10.00000000     -10.00000000     -10.00000000     -10.00000000     -10.00000000     -10.00000000     -10.00000000     -10.00000000     -10.00000000     -10.00000000     -10.00000000     -10.00000000     -10.00000000     -10.00000000     -10.00000000     -10.00000000
     -10.00000000     -10.00000000     -10.00000000     -10.00000000     -10.00000000     -10.00000000     -10.00000000     -10.00000000     -10.00000000     -10.00000000     -10.00000000     -10.00000000     -10.00000000     -10.00000000     -10.00000000     -10.00000000     -10.00000000     -10.00000000     -10.00000000     -10.00000000
     -10.00000000     -10.00000000     -10.00000000     -10.00000000     -10.00000000     -10.00000000     -10.00000000     -10.00000000     -10.00000000     -10.00000000     -10.00000000
      25.08926010      25.45851898      25.43526840      24.96438980      23.50148010      23.07670975      25.85306931      28.47999954      29.69654083      29.21812820      27.55335999      26.09143066      24.74663925      23.84939003      23.72381973      24.45904922      25.89286041      29.27486038      33.79114914      38.66920090
      43.32312012      46.89812851      49.17314911      50.66252899      51.80113983      52.83385086      53.58747864      54.11457825      54.93984985      56.29077911      57.81921387      59.35028076      60.76471710      61.82348633      62.29579926      62.35910797      62.48870087      63.77171326      66.46675110      69.05242157
      70.51940918      71.70178223      73.01058960      73.79808044      73.92350006      74.44207001      75.26360321      76.61504364      78.23519135      80.09676361      82.42549133      85.28795624      87.95848846      89.94146729      91.57180786      93.67125702      96.40145874      98.76149750     101.07241821     103.33167267
     105.20101166     105.90384674     106.86406708     108.37500000     107.62500000     106.87500000     106.12500000     105.37500000     102.85314178      99.68109894      97.72110748      96.92378235      96.23724365      95.31062317      92.25000000      88.35000000      84.45000000      80.55000000      76.65000000      72.57916260
      66.73497009      60.83354187      55.02698898      49.88628006      44.97269821      40.11420059      35.51319122      31.33275986      27.17927933      23.21714020      18.80795097      16.22554016      13.65455055      11.71677017       8.29356003       4.87500000       0.12500000      -3.62500000      -8.37500000     -10.00000000
     -10.00000000     -10.00000000     -10.00000000     -10.00000000     -10.00000000     -10.00000000     -10.00000000     -10.00000000     -10.00000000     -10.00000000     -10.00000000     -10.00000000     -10.00000000     -10.00000000     -10.00000000     -10.00000000     -10.00000000     -10.00000000     -10.00000000     -10.00000000
     -10.00000000     -10.00000000     -10.00000000     -10.00000000     -10.00000000     -10.00000000     -10.00000000     -10.00000000     -10.00000000     -10.00000000     -10.00000000     -10.00000000     -10.00000000     -10.00000000     -10.00000000     -10.00000000     -10.00000000     -10.00000000     -10.00000000     -10.00000000
     -10.00000000     -10.00000000     -10.00000000     -10.00000000     -10.00000000     -10.00000000     -10.00000000     -10.00000000     -10.00000000     -10.00000000     -10.00000000
