       0.00000000       0.00000000       0.00000000       0.00000000       0.00000000       0.00000000       0.00000000       0.00000000       0.00000000       0.00000000       0.00000000       0.00000000       0.00000000       0.00000000       0.00000000       0.00000000       0.00000000       0.00000000       0.00000000       0.00000000
       0.00000000       0.00000000       0.00000000       0.00000000       0.00000000       0.00000000       0.00000000       0.00000000       0.00000000       0.00000000       0.00000000       0.00000000       0.00000000       0.00000000       0.00000000       0.00000000       0.00000000       0.00000000       0.00000000       0.00000000
       0.00000000       0.00000000       0.00000000       0.00000000       0.00000000       0.00000000       0.00000000       0.00000000       0.00000000       0.00000000       0.00000000       0.00000000       0.00000000       0.00000000       0.00000000       0.00000000       0.00000000       0.00000000       0.00000000       0.00000000
  1.00000000E-04  1.00000000E-04  1.00000000E-04  1.00000000E-04  1.00000000E-04  1.00000000E-04  1.00000000E-04       0.00000000       0.00000000       0.00000000       0.00000000       0.00000000       0.00000000       0.00000000       0.00000000       0.00000000       0.00000000       0.00000000       0.00000000       0.00000000
       0.00000000       0.00000000       0.00000000       0.00000000       0.00000000       0.00000000       0.00000000       0.00000000       0.00000000       0.00000000       0.00000000       0.00000000       0.00000000       0.00000000       0.00000000       0.00000000       0.00000000       0.00000000       0.00000000       0.00000000
       0.00000000       0.00000000       0.00000000       0.00000000       0.00000000       0.00000000       0.00000000       0.00000000       0.00000000       0.00000000       0.00000000       0.00000000       0.00000000       0.00000000       0.00000000       0.00000000       0.00000000       0.00000000       0.00000000       0.00000000
       0.00000000       0.00000000       0.00000000       0.00000000       0.00000000       0.00000000       0.00000000       0.00000000       0.00000000       0.00000000       0.00000000       0.00000000       0.00000000       0.00000000       0.00000000       0.00000000       0.00000000       0.00000000       0.00000000       0.00000000
       0.00000000       0.00000000       0.00000000       0.00000000       0.00000000       0.00000000       0.00000000       0.00000000       0.00000000       0.00000000       0.00000000
       0.00000000       0.00000000       0.00000000       0.00000000       0.00000000       0.00000000       0.00000000       0.00000000       0.00000000       0.00000000       0.00000000       0.00000000       0.00000000       0.00000000       0.00000000       0.00000000       0.00000000       0.00000000       0.00000000       0.00000000
       0.00000000       0.00000000       0.00000000       0.00000000       0.00000000       0.00000000       0.00000000       0.00000000       0.00000000       0.00000000       0.00000000       0.00000000       0.00000000       0.00000000       0.00000000       0.00000000       0.00000000       0.00000000       0.00000000       0.00000000
       0.00000000       0.00000000       0.00000000       0.00000000       0.00000000       0.00000000       0.00000000       0.00000000       0.00000000       0.00000000       0.00000000       0.00000000       0.00000000       0.00000000       0.00000000       0.00000000       0.00000000       0.00000000       0.00000000  1.00000000E-04
  1.00000000E-04  1.00000000E-04  1.00000000E-04  1.00000000E-04  1.00000000E-04  1.00000000E-04  1.00000000E-04  1.00000000E-04  1.00000000E-04  1.00000000E-04  1.00000000E-04  1.00000000E-04  1.00000000E-04  1.00000000E-04  1.00000000E-04  1.00000000E-04  1.00000000E-04  1.00000000E-04  1.00000000E-04  1.00000000E-04
  1.00000000E-04  1.00000000E-04  1.00000000E-04  1.00000000E-04  1.00000000E-04  1.00000000E-04  1.00000000E-04  1.00000000E-04  1.00000000E-04  1.00000000E-04  1.00000000E-04  1.00000000E-04  1.00000000E-04  1.00000000E-04  1.00000000E-04  1.00000000E-04  1.00000000E-04  1.00000000E-04  1.00000000E-04  1.00000000E-04
  1.00000000E-04  1.00000000E-04  1.00000000E-04       0.00000000       0.00000000       0.00000000       0.00000000       0.00000000       0.00000000       0.00000000       0.00000000       0.00000000       0.00000000       0.00000000       0.00000000       0.00000000       0.00000000       0.00000000       0.00000000       0.00000000
       0.00000000       0.00000000       0.00000000       0.00000000       0.00000000       0.00000000       0.00000000       0.00000000       0.00000000       0.00000000       0.00000000       0.00000000       0.00000000       0.00000000       0.00000000       0.00000000       0.00000000       0.00000000       0.00000000       0.00000000
       0.00000000       0.00000000       0.00000000       0.00000000       0.00000000       0.00000000       0.00000000       0.00000000       0.00000000       0.00000000       0.00000000
       0.00000000       0.00000000       0.00000000       0.00000000       0.00000000       0.00000000       0.00000000       0.00000000       0.00000000       0.00000000       0.00000000       0.00000000       0.00000000       0.00000000       0.00000000       0.00000000       0.00000000       0.00000000       0.00000000       0.00000000
       0.00000000       0.00000000       0.00000000       0.00000000       0.00000000       0.00000000       0.00000000       0.00000000       0.00000000       0.00000000       0.00000000       0.00000000       0.00000000       0.00000000       0.00000000       0.00000000       0.00000000       0.00000000       0.00000000       0.00000000
       0.00000000       0.00000000       0.00000000       0.00000000       0.00000000       0.00000000       0.00000000       0.00000000       0.00000000       0.00000000       0.00000000       0.00000000       0.00000000       0.00000000       0.00000000       0.00000000       0.00000000  1.00000000E-04  1.00000000E-04  1.00000000E-04
  1.00000000E-04  1.00000000E-04  1.00000000E-04  1.00000000E-04  1.00000000E-04  1.00000000E-04  1.00000000E-04  1.00000000E-04  1.00000000E-04  1.00000000E-04  1.00000000E-04  1.00000000E-04  1.00000000E-04  1.00000000E-04  1.00000000E-04  1.00000000E-04  1.00000000E-04  1.00000000E-04  1.00000000E-04  1.00000000E-04
  1.00000000E-04  1.00000000E-04  1.00000000E-04  1.00000000E-04  1.00000000E-04  1.00000000E-04  1.00000000E-04  1.00000000E-04  1.00000000E-04  1.00000000E-04  1.00000000E-04  1.00000000E-04  1.00000000E-04  1.00000000E-04  1.00000000E-04  1.00000000E-04  1.00000000E-04  1.00000000E-04  1.00000000E-04  1.00000000E-04
  1.00000000E-04  1.00000000E-04  1.00000000E-04  1.00000000E-04  1.00000000E-04  1.00000000E-04  1.00000000E-04  1.00000000E-04  1.00000000E-04  1.00000000E-04  1.00000000E-04  1.00000000E-04  1.00000000E-04  1.00000000E-04  1.00000000E-04  1.00000000E-04  1.00000000E-04  1.00000000E-04  1.00000000E-04  1.00000000E-04
  1.00000000E-04  1.00000000E-04  1.00000000E-04  1.00000000E-04  1.00000000E-04  1.00000000E-04  1.00000000E-04  1.00000000E-04  1.00000000E-04  1.00000000E-04  1.00000000E-04  1.00000000E-04  1.00000000E-04  1.00000000E-04  1.00000000E-04  1.00000000E-04  1.00000000E-04  1.00000000E-04  1.00000000E-04  1.00000000E-04
       0.00000000       0.00000000       0.00000000       0.00000000       0.00000000       0.00000000       0.00000000       0.00000000       0.00000000       0.00000000       0.00000000
       0.00000000       0.00000000       0.00000000       0.00000000       0.00000000       0.00000000       0.00000000       0.00000000       0.00000000       0.00000000       0.00000000       0.00000000       0.00000000       0.00000000       0.00000000       0.00000000       0.00000000       0.00000000       0.00000000       0.00000000
       0.00000000       0.00000000       0.00000000       0.00000000       0.00000000       0.00000000       0.00000000       0.00000000       0.00000000       0.00000000       0.00000000       0.00000000       0.00000000       0.00000000       0.00000000       0.00000000       0.00000000       0.00000000       0.00000000       0.00000000
       0.00000000       0.00000000       0.00000000       0.00000000       0.00000000       0.00000000       0.00000000       0.00000000       0.00000000       0.00000000       0.00000000       0.00000000       0.00000000       0.00000000       0.00000000       0.00000000  1.00000000E-04  1.00000000E-04  1.00000000E-04  1.00000000E-04
  1.00000000E-04  1.00000000E-04  1.00000000E-04  1.00000000E-04  1.00000000E-04  1.00000000E-04  1.00000000E-04  1.00000000E-04  1.00000000E-04  1.00000000E-04  1.00000000E-04  1.00000000E-04  1.00000000E-04  1.00000000E-04  1.00000000E-04  1.00000000E-04  1.00000000E-04  1.00000000E-04  1.00000000E-04  1.00000000E-04
  1.00000000E-04  1.00000000E-04  1.00000000E-04  1.00000000E-04  1.00000000E-04  1.00000000E-04  1.00000000E-04  1.00000000E-04  1.00000000E-04  1.00000000E-04  1.00000000E-04  1.00000000E-04  1.00000000E-04  1.00000000E-04  1.00000000E-04  1.00000000E-04  1.00000000E-04  1.00000000E-04  1.00000000E-04  1.00000000E-04
  1.00000000E-04  1.00000000E-04  1.00000000E-04  1.00000000E-04  1.00000000E-04  1.00000000E-04  1.00000000E-04  1.00000000E-04  1.00000000E-04  1.00000000E-04  1.00000000E-04  1.00000000E-04  1.00000000E-04  1.00000000E-04  1.00000000E-04  1.00000000E-04  1.00000000E-04  1.00000000E-04  1.00000000E-04  1.00000000E-04
  1.00000000E-04  1.00000000E-04  1.00000000E-04  1.00000000E-04  1.00000000E-04  1.00000000E-04  1.00000000E-04  1.00000000E-04  1.00000000E-04  1.00000000E-04  1.00000000E-04  1.00000000E-04  1.00000000E-04  1.00000000E-04  1.00000000E-04  1.00000000E-04  1.00000000E-04  1.00000000E-04  1.00000000E-04  1.00000000E-04
  1.00000000E-04  1.00000000E-04  1.00000000E-04  1.00000000E-04  1.00000000E-04  1.00000000E-04  1.00000000E-04  1.00000000E-04  1.00000000E-04  1.00000000E-04       0.00000000
       0.00000000       0.00000000       0.00000000       0.00000000       0.00000000       0.00000000       0.00000000       0.00000000       0.00000000       0.00000000       0.00000000       0.00000000       0.00000000       0.00000000       0.00000000       0.00000000       0.00000000       0.00000000       0.00000000       0.00000000
       0.00000000       0.00000000       0.00000000       0.00000000       0.00000000       0.00000000       0.00000000       0.00000000       0.00000000       0.00000000       0.00000000       0.00000000       0.00000000       0.00000000       0.00000000       0.00000000       0.00000000       0.00000000       0.00000000       0.00000000
       0.00000000       0.00000000       0.00000000       0.00000000       0.00000000       0.00000000       0.00000000       0.00000000       0.00000000       0.00000000       0.00000000       0.00000000       0.00000000       0.00000000  1.00000000E-04  1.00000000E-04  1.00000000E-04  1.00000000E-04  1.00000000E-04  1.00000000E-04
  1.00000000E-04  1.00000000E-04  1.00000000E-04  1.00000000E-04  1.00000000E-04  1.00000000E-04  1.00000000E-04  1.00000000E-04  1.00000000E-04  1.00000000E-04  1.00000000E-04  1.00000000E-04  1.00000000E-04  1.00000000E-04  1.00000000E-04  1.00000000E-04  1.00000000E-04  1.00000000E-04  1.00000000E-04  1.00000000E-04
  1.00000000E-04  1.00000000E-04  1.00000000E-04  1.00000000E-04  1.00000000E-04  1.00000000E-04  1.00000000E-04  1.00000000E-04  1.00000000E-04  1.00000000E-04  1.00000000E-04  1.00000000E-04  1.00000000E-04  1.00000000E-04  1.00000000E-04  1.00000000E-04  1.00000000E-04  1.00000000E-04  1.00000000E-04  1.00000000E-04
  1.00000000E-04  1.00000000E-04  1.00000000E-04  1.00000000E-04  1.00000000E-04  1.00000000E-04  1.00000000E-04  1.00000000E-04  1.00000000E-04  1.00000000E-04  1.00000000E-04  1.00000000E-04  1.00000000E-04  1.00000000E-04  1.00000000E-04  1.00000000E-04  1.00000000E-04  1.00000000E-04  1.00000000E-04  1.00000000E-04
  1.00000000E-04  1.00000000E-04  1.00000000E-04  1.00000000E-04  1.00000000E-04  1.00000000E-04  1.00000000E-04  1.00000000E-04  1.00000000E-04  1.00000000E-04  1.00000000E-04  1.00000000E-04  1.00000000E-04  1.00000000E-04  1.00000000E-04  1.00000000E-04  1.00000000E-04  1.00000000E-04  1.00000000E-04  1.00000000E-04
  1.00000000E-04  1.00000000E-04  1.00000000E-04  1.00000000E-04  1.00000000E-04  1.00000000E-04  1.00000000E-04  1.00000000E-04  1.00000000E-04  1.00000000E-04       0.00000000
       0.00000000       0.00000000       0.00000000       0.00000000       0.00000000       0.00000000       0.00000000       0.00000000       0.00000000       0.00000000       0.00000000       0.00000000       0.00000000       0.00000000       0.00000000       0.00000000       0.00000000       0.00000000       0.00000000       0.00000000
       0.00000000       0.00000000       0.00000000       0.00000000       0.00000000       0.00000000       0.00000000       0.00000000       0.00000000       0.00000000       0.00000000       0.00000000       0.00000000       0.00000000       0.00000000       0.00000000       0.00000000       0.00000000       0.00000000       0.00000000
       0.00000000       0.00000000       0.00000000       0.00000000       0.00000000       0.00000000       0.00000000       0.00000000       0.00000000       0.00000000       0.00000000       0.00000000       0.00000000  1.00000000E-04  1.00000000E-04  1.00000000E-04  1.00000000E-04  1.00000000E-04  1.00000000E-04  1.00000000E-04
  1.00000000E-04  1.00000000E-04  1.00000000E-04  1.00000000E-04  1.00000000E-04  1.00000000E-04  1.00000000E-04  1.00000000E-04  1.00000000E-04  1.00000000E-04  1.00000000E-04  1.00000000E-04  1.00000000E-04  1.00000000E-04  1.00000000E-04  1.00000000E-04  1.00000000E-04  1.00000000E-04  1.00000000E-04  1.00000000E-04
  1.00000000E-04  1.00000000E-04  1.00000000E-04  1.00000000E-04  1.00000000E-04  1.00000000E-04  1.00000000E-04  1.00000000E-04  1.00000000E-04  1.00000000E-04  1.00000000E-04  1.00000000E-04  1.00000000E-04  1.00000000E-04  1.00000000E-04  1.00000000E-04  1.00000000E-04  1.00000000E-04  1.00000000E-04  1.00000000E-04
  1.00000000E-04  1.00000000E-04  1.00000000E-04  1.00000000E-04  1.00000000E-04  1.00000000E-04  1.00000000E-04  1.00000000E-04  1.00000000E-04  1.00000000E-04  1.00000000E-04  1.00000000E-04  1.00000000E-04  1.00000000E-04  1.00000000E-04  1.00000000E-04  1.00000000E-04  1.00000000E-04  1.00000000E-04  1.00000000E-04
  1.00000000E-04  1.00000000E-04  1.00000000E-04  1.00000000E-04  1.00000000E-04  1.00000000E-04  1.00000000E-04  1.00000000E-04  1.00000000E-04  1.00000000E-04  1.00000000E-04  1.00000000E-04  1.00000000E-04  1.00000000E-04  1.00000000E-04  1.00000000E-04  1.00000000E-04  1.00000000E-04  1.00000000E-04  1.00000000E-04
  1.00000000E-04  1.00000000E-04  1.00000000E-04  1.00000000E-04  1.00000000E-04  1.00000000E-04  1.00000000E-04  1.00000000E-04  1.00000000E-04  1.00000000E-04       0.00000000
       0.00000000       0.00000000       0.00000000       0.00000000       0.00000000       0.00000000       0.00000000       0.00000000       0.00000000       0.00000000       0.00000000       0.00000000       0.00000000       0.00000000       0.00000000       0.00000000       0.00000000       0.00000000       0.00000000       0.00000000
       0.00000000       0.00000000       0.00000000       0.00000000       0.00000000       0.00000000       0.00000000       0.00000000       0.00000000       0.00000000       0.00000000       0.00000000       0.00000000       0.00000000       0.00000000       0.00000000       0.00000000       0.00000000       0.00000000       0.00000000
       0.00000000       0.00000000       0.00000000       0.00000000       0.00000000       0.00000000       0.00000000       0.00000000       0.00000000       0.00000000       0.00000000  1.00000000E-04  1.00000000E-04  1.00000000E-04  1.00000000E-04  1.00000000E-04  1.00000000E-04  1.00000000E-04  1.00000000E-04  1.00000000E-04
  1.00000000E-04  1.00000000E-04  1.00000000E-04  1.00000000E-04  1.00000000E-04  1.00000000E-04  1.00000000E-04  1.00000000E-04  1.00000000E-04  1.00000000E-04  1.00000000E-04  1.00000000E-04  1.00000000E-04  1.00000000E-04  1.00000000E-04  1.00000000E-04  1.00000000E-04  1.00000000E-04  1.00000000E-04  1.00000000E-04
  1.00000000E-04  1.00000000E-04  1.00000000E-04  1.00000000E-04  1.00000000E-04  1.00000000E-04  1.00000000E-04  1.00000000E-04  1.00000000E-04  1.00000000E-04  1.00000000E-04  1.00000000E-04  1.00000000E-04  1.00000000E-04  1.00000000E-04  1.00000000E-04  1.00000000E-04  1.00000000E-04  1.00000000E-04  1.00000000E-04
  1.00000000E-04  1.00000000E-04  1.00000000E-04  1.00000000E-04  1.00000000E-04  1.00000000E-04  1.00000000E-04  1.00000000E-04  1.00000000E-04  1.00000000E-04  1.00000000E-04  1.00000000E-04  1.00000000E-04  1.00000000E-04  1.00000000E-04  1.00000000E-04  1.00000000E-04  1.00000000E-04  1.00000000E-04  1.00000000E-04
  1.00000000E-04  1.00000000E-04  1.00000000E-04  1.00000000E-04  1.00000000E-04  1.00000000E-04  1.00000000E-04  1.00000000E-04  1.00000000E-04  1.00000000E-04  1.00000000E-04  1.00000000E-04  1.00000000E-04  1.00000000E-04  1.00000000E-04  1.00000000E-04  1.00000000E-04  1.00000000E-04  1.00000000E-04  1.00000000E-04
  1.00000000E-04  1.00000000E-04  1.00000000E-04  1.00000000E-04  1.00000000E-04  1.00000000E-04  1.00000000E-04  1.00000000E-04  1.00000000E-04  1.00000000E-04       0.00000000
       0.00000000       0.00000000       0.00000000       0.00000000       0.00000000       0.00000000       0.00000000       0.00000000       0.00000000       0.00000000       0.00000000       0.00000000       0.00000000       0.00000000       0.00000000       0.00000000       0.00000000       0.00000000       0.00000000       0.00000000
       0.00000000       0.00000000       0.00000000       0.00000000       0.00000000       0.00000000       0.00000000       0.00000000       0.00000000       0.00000000       0.00000000       0.00000000       0.00000000       0.00000000       0.00000000       0.00000000       0.00000000       0.00000000       0.00000000       0.00000000
       0.00000000       0.00000000       0.00000000       0.00000000       0.00000000       0.00000000       0.00000000       0.00000000       0.00000000  1.00000000E-04  1.00000000E-04  1.00000000E-04  1.00000000E-04  1.00000000E-04  1.00000000E-04  1.00000000E-04  1.00000000E-04  1.00000000E-04  1.00000000E-04  1.00000000E-04
  1.00000000E-04  1.00000000E-04  1.00000000E-04  1.00000000E-04  1.00000000E-04  1.00000000E-04  1.00000000E-04  1.00000000E-04  1.00000000E-04  1.00000000E-04  1.00000000E-04  1.00000000E-04  1.00000000E-04  1.00000000E-04  1.00000000E-04  1.00000000E-04  1.00000000E-04  1.00000000E-04  1.00000000E-04  1.00000000E-04
  1.00000000E-04  1.00000000E-04  1.00000000E-04  1.00000000E-04  1.00000000E-04  1.00000000E-04  1.00000000E-04  1.00000000E-04  1.00000000E-04  1.00000000E-04  1.00000000E-04  1.00000000E-04  1.00000000E-04  1.00000000E-04  1.00000000E-04  1.00000000E-04  1.00000000E-04  1.00000000E-04  1.00000000E-04  1.00000000E-04
  1.00000000E-04  1.00000000E-04  1.00000000E-04  1.00000000E-04  1.00000000E-04  1.00000000E-04  1.00000000E-04  1.00000000E-04  1.00000000E-04  1.00000000E-04  1.00000000E-04  1.00000000E-04  1.00000000E-04  1.00000000E-04  1.00000000E-04  1.00000000E-04  1.00000000E-04  1.00000000E-04  1.00000000E-04  1.00000000E-04
  1.00000000E-04  1.00000000E-04  1.00000000E-04  1.00000000E-04  1.00000000E-04  1.00000000E-04  1.00000000E-04  1.00000000E-04  1.00000000E-04  1.00000000E-04  1.00000000E-04  1.00000000E-04  1.00000000E-04  1.00000000E-04  1.00000000E-04  1.00000000E-04  1.00000000E-04  1.00000000E-04  1.00000000E-04  1.00000000E-04
  1.00000000E-04  1.00000000E-04  1.00000000E-04  1.00000000E-04  1.00000000E-04  1.00000000E-04  1.00000000E-04  1.00000000E-04  1.00000000E-04  1.00000000E-04       0.00000000
       0.00000000       0.00000000       0.00000000       0.00000000       0.00000000       0.00000000       0.00000000       0.00000000       0.00000000       0.00000000       0.00000000       0.00000000       0.00000000       0.00000000       0.00000000       0.00000000       0.00000000       0.00000000       0.00000000       0.00000000
       0.00000000       0.00000000       0.00000000       0.00000000       0.00000000       0.00000000       0.00000000       0.00000000       0.00000000       0.00000000       0.00000000       0.00000000       0.00000000       0.00000000       0.00000000       0.00000000       0.00000000       0.00000000       0.00000000       0.00000000
       0.00000000       0.00000000       0.00000000       0.00000000       0.00000000       0.00000000       0.00000000       0.00000000  1.00000000E-04  1.00000000E-04  1.00000000E-04  1.00000000E-04  1.00000000E-04  1.00000000E-04  1.00000000E-04  1.00000000E-04  1.00000000E-04  1.00000000E-04  1.00000000E-04  1.00000000E-04
  1.00000000E-04  1.00000000E-04  1.00000000E-04  1.00000000E-04  1.00000000E-04  1.00000000E-04  1.00000000E-04  1.00000000E-04  1.00000000E-04  1.00000000E-04  1.00000000E-04  1.00000000E-04  1.00000000E-04  1.00000000E-04  1.00000000E-04  1.00000000E-04  1.00000000E-04  1.00000000E-04  1.00000000E-04  1.00000000E-04
  1.00000000E-04  1.00000000E-04  1.00000000E-04  1.00000000E-04  1.00000000E-04  1.00000000E-04  1.00000000E-04  1.00000000E-04  1.00000000E-04  1.00000000E-04  1.00000000E-04  1.00000000E-04  1.00000000E-04  1.00000000E-04  1.00000000E-04  1.00000000E-04  1.00000000E-04  1.00000000E-04  1.00000000E-04  1.00000000E-04
  1.00000000E-04  1.00000000E-04  1.00000000E-04  1.00000000E-04  1.00000000E-04  1.00000000E-04  1.00000000E-04  1.00000000E-04  1.00000000E-04  1.00000000E-04  1.00000000E-04  1.00000000E-04  1.00000000E-04  1.00000000E-04  1.00000000E-04  1.00000000E-04  1.00000000E-04  1.00000000E-04  1.00000000E-04  1.00000000E-04
  1.00000000E-04  1.00000000E-04  1.00000000E-04  1.00000000E-04  1.00000000E-04  1.00000000E-04  1.00000000E-04  1.00000000E-04  1.00000000E-04  1.00000000E-04  1.00000000E-04  1.00000000E-04  1.00000000E-04  1.00000000E-04  1.00000000E-04  1.00000000E-04  1.00000000E-04  1.00000000E-04  1.00000000E-04  1.00000000E-04
  1.00000000E-04  1.00000000E-04  1.00000000E-04  1.00000000E-04  1.00000000E-04  1.00000000E-04  1.00000000E-04  1.00000000E-04  1.00000000E-04  1.00000000E-04       0.00000000
       0.00000000       0.00000000       0.00000000       0.00000000       0.00000000       0.00000000       0.00000000       0.00000000       0.00000000       0.00000000       0.00000000       0.00000000       0.00000000       0.00000000       0.00000000       0.00000000       0.00000000       0.00000000       0.00000000       0.00000000
       0.00000000       0.00000000       0.00000000       0.00000000       0.00000000       0.00000000       0.00000000       0.00000000       0.00000000       0.00000000       0.00000000       0.00000000       0.00000000       0.00000000       0.00000000       0.00000000       0.00000000       0.00000000       0.00000000       0.00000000
       0.00000000       0.00000000       0.00000000       0.00000000       0.00000000       0.00000000  1.00000000E-04  1.00000000E-04  1.00000000E-04  1.00000000E-04  1.00000000E-04  1.00000000E-04  1.00000000E-04  1.00000000E-04  1.00000000E-04  1.00000000E-04  1.00000000E-04  1.00000000E-04  1.00000000E-04  1.00000000E-04
  1.00000000E-04  1.00000000E-04  1.00000000E-04  1.00000000E-04  1.00000000E-04  1.00000000E-04  1.00000000E-04  1.00000000E-04  1.00000000E-04  1.00000000E-04  1.00000000E-04  1.00000000E-04  1.00000000E-04  1.00000000E-04  1.00000000E-04  1.00000000E-04  1.00000000E-04  1.00000000E-04  1.00000000E-04  1.00000000E-04
  1.00000000E-04  1.00000000E-04  1.00000000E-04  1.00000000E-04  1.00000000E-04  1.00000000E-04  1.00000000E-04  1.00000000E-04  1.00000000E-04  1.00000000E-04  1.00000000E-04  1.00000000E-04  1.00000000E-04  1.00000000E-04  1.00000000E-04  1.00000000E-04  1.00000000E-04  1.00000000E-04  1.00000000E-04  1.00000000E-04
  1.00000000E-04  1.00000000E-04  1.00000000E-04  1.00000000E-04  1.00000000E-04  1.00000000E-04  1.00000000E-04  1.00000000E-04  1.00000000E-04  1.00000000E-04  1.00000000E-04  1.00000000E-04  1.00000000E-04  1.00000000E-04  1.00000000E-04  1.00000000E-04  1.00000000E-04  1.00000000E-04  1.00000000E-04  1.00000000E-04
  1.00000000E-04  1.00000000E-04  1.00000000E-04  1.00000000E-04  1.00000000E-04  1.00000000E-04  1.00000000E-04  1.00000000E-04  1.00000000E-04  1.00000000E-04  1.00000000E-04  1.00000000E-04  1.00000000E-04  1.00000000E-04  1.00000000E-04  1.00000000E-04  1.00000000E-04  1.00000000E-04  1.00000000E-04  1.00000000E-04
  1.00000000E-04  1.00000000E-04  1.00000000E-04  1.00000000E-04  1.00000000E-04  1.00000000E-04  1.00000000E-04  1.00000000E-04  1.00000000E-04  1.00000000E-04       0.00000000
       0.00000000       0.00000000       0.00000000       0.00000000       0.00000000       0.00000000       0.00000000       0.00000000       0.00000000       0.00000000       0.00000000       0.00000000       0.00000000       0.00000000       0.00000000       0.00000000       0.00000000       0.00000000       0.00000000       0.00000000
       0.00000000       0.00000000       0.00000000       0.00000000       0.00000000       0.00000000       0.00000000       0.00000000       0.00000000       0.00000000       0.00000000       0.00000000       0.00000000       0.00000000       0.00000000       0.00000000       0.00000000       0.00000000       0.00000000       0.00000000
       0.00000000       0.00000000       0.00000000       0.00000000       0.00000000  1.00000000E-04  1.00000000E-04  1.00000000E-04  1.00000000E-04  1.00000000E-04  1.00000000E-04  1.00000000E-04  1.00000000E-04  1.00000000E-04  1.00000000E-04  1.00000000E-04  1.00000000E-04  1.00000000E-04  1.00000000E-04  1.00000000E-04
  1.00000000E-04  1.00000000E-04  1.00000000E-04  1.00000000E-04  1.00000000E-04  1.00000000E-04  1.00000000E-04  1.00000000E-04  1.00000000E-04  1.00000000E-04  1.00000000E-04  1.00000000E-04  1.00000000E-04  1.00000000E-04  1.00000000E-04  1.00000000E-04  1.00000000E-04  1.00000000E-04  1.00000000E-04  1.00000000E-04
  1.00000000E-04  1.00000000E-04  1.00000000E-04  1.00000000E-04  1.00000000E-04  1.00000000E-04  1.00000000E-04  1.00000000E-04  1.00000000E-04  1.00000000E-04  1.00000000E-04  1.00000000E-04  1.00000000E-04  1.00000000E-04  1.00000000E-04  1.00000000E-04  1.00000000E-04  1.00000000E-04  1.00000000E-04  1.00000000E-04
  1.00000000E-04  1.00000000E-04  1.00000000E-04  1.00000000E-04  1.00000000E-04  1.00000000E-04  1.00000000E-04  1.00000000E-04  1.00000000E-04  1.00000000E-04  1.00000000E-04  1.00000000E-04  1.00000000E-04  1.00000000E-04  1.00000000E-04  1.00000000E-04  1.00000000E-04  1.00000000E-04  1.00000000E-04  1.00000000E-04
  1.00000000E-04  1.00000000E-04  1.00000000E-04  1.00000000E-04  1.00000000E-04  1.00000000E-04  1.00000000E-04  1.00000000E-04  1.00000000E-04  1.00000000E-04  1.00000000E-04  1.00000000E-04  1.00000000E-04  1.00000000E-04  1.00000000E-04  1.00000000E-04  1.00000000E-04  1.00000000E-04  1.00000000E-04  1.00000000E-04
  1.00000000E-04  1.00000000E-04  1.00000000E-04  1.00000000E-04  1.00000000E-04  1.00000000E-04  1.00000000E-04  1.00000000E-04  1.00000000E-04  1.00000000E-04       0.00000000
       0.00000000       0.00000000       0.00000000       0.00000000       0.00000000       0.00000000       0.00000000       0.00000000       0.00000000       0.00000000       0.00000000       0.00000000       0.00000000       0.00000000       0.00000000       0.00000000       0.00000000       0.00000000       0.00000000       0.00000000
       0.00000000       0.00000000       0.00000000       0.00000000       0.00000000       0.00000000       0.00000000       0.00000000       0.00000000       0.00000000       0.00000000       0.00000000       0.00000000       0.00000000       0.00000000       0.00000000       0.00000000       0.00000000       0.00000000       0.00000000
       0.00000000       0.00000000       0.00000000  1.00000000E-04  1.00000000E-04  1.00000000E-04  1.00000000E-04  1.00000000E-04  1.00000000E-04  1.00000000E-04  1.00000000E-04  1.00000000E-04  1.00000000E-04  1.00000000E-04  1.00000000E-04  1.00000000E-04  1.00000000E-04  1.00000000E-04  1.00000000E-04  1.00000000E-04
  1.00000000E-04  1.00000000E-04  1.00000000E-04  1.00000000E-04  1.00000000E-04  1.00000000E-04  1.00000000E-04  1.00000000E-04  1.00000000E-04  1.00000000E-04  1.00000000E-04  1.00000000E-04  1.00000000E-04  1.00000000E-04  1.00000000E-04  1.00000000E-04  1.00000000E-04  1.00000000E-04  1.00000000E-04  1.00000000E-04
  1.00000000E-04  1.00000000E-04  1.00000000E-04  1.00000000E-04  1.00000000E-04  1.00000000E-04  1.00000000E-04  1.00000000E-04  1.00000000E-04  1.00000000E-04  1.00000000E-04  1.00000000E-04  1.00000000E-04  1.00000000E-04  1.00000000E-04  1.00000000E-04  1.00000000E-04  1.00000000E-04  1.00000000E-04  1.00000000E-04
  1.00000000E-04  1.00000000E-04  1.00000000E-04  1.00000000E-04  1.00000000E-04  1.00000000E-04  1.00000000E-04  1.00000000E-04  1.00000000E-04  1.00000000E-04  1.00000000E-04  1.00000000E-04  1.00000000E-04  1.00000000E-04  1.00000000E-04  1.00000000E-04  1.00000000E-04  1.00000000E-04  1.00000000E-04  1.00000000E-04
  1.00000000E-04  1.00000000E-04  1.00000000E-04  1.00000000E-04  1.00000000E-04  1.00000000E-04  1.00000000E-04  1.00000000E-04  1.00000000E-04  1.00000000E-04  1.00000000E-04  1.00000000E-04  1.00000000E-04  1.00000000E-04  1.00000000E-04  1.00000000E-04  1.00000000E-04  1.00000000E-04  1.00000000E-04  1.00000000E-04
  1.00000000E-04  1.00000000E-04  1.00000000E-04  1.00000000E-04  1.00000000E-04  1.00000000E-04  1.00000000E-04  1.00000000E-04  1.00000000E-04  1.00000000E-04       0.00000000
       0.00000000       0.00000000       0.00000000       0.00000000       0.00000000       0.00000000       0.00000000       0.00000000       0.00000000       0.00000000       0.00000000       0.00000000       0.00000000       0.00000000       0.00000000       0.00000000       0.00000000       0.00000000       0.00000000       0.00000000
       0.00000000       0.00000000       0.00000000       0.00000000       0.00000000       0.00000000       0.00000000       0.00000000       0.00000000       0.00000000       0.00000000       0.00000000       0.00000000       0.00000000       0.00000000       0.00000000       0.00000000       0.00000000       0.00000000       0.00000000
       0.00000000       0.00000000  1.00000000E-04  1.00000000E-04  1.00000000E-04  1.00000000E-04  1.00000000E-04  1.00000000E-04  1.00000000E-04  1.00000000E-04  1.00000000E-04  1.00000000E-04  1.00000000E-04  1.00000000E-04  1.00000000E-04  1.00000000E-04  1.00000000E-04  1.00000000E-04  1.00000000E-04  1.00000000E-04
  1.00000000E-04  1.00000000E-04  1.00000000E-04  1.00000000E-04  1.00000000E-04  1.00000000E-04  1.00000000E-04  1.00000000E-04  1.00000000E-04  1.00000000E-04  1.00000000E-04  1.00000000E-04  1.00000000E-04  1.00000000E-04  1.00000000E-04  1.00000000E-04  1.00000000E-04  1.00000000E-04  1.00000000E-04  1.00000000E-04
  1.00000000E-04  1.00000000E-04  1.00000000E-04  1.00000000E-04  1.00000000E-04  1.00000000E-04  1.00000000E-04  1.00000000E-04  1.00000000E-04  1.00000000E-04  1.00000000E-04  1.00000000E-04  1.00000000E-04  1.00000000E-04  1.00000000E-04  1.00000000E-04  1.00000000E-04  1.00000000E-04  1.00000000E-04  1.00000000E-04
  1.00000000E-04  1.00000000E-04  1.00000000E-04  1.00000000E-04  1.00000000E-04  1.00000000E-04  1.00000000E-04  1.00000000E-04  1.00000000E-04  1.00000000E-04  1.00000000E-04  1.00000000E-04  1.00000000E-04  1.00000000E-04  1.00000000E-04  1.00000000E-04  1.00000000E-04  1.00000000E-04  1.00000000E-04  1.00000000E-04
  1.00000000E-04  1.00000000E-04  1.00000000E-04  1.00000000E-04  1.00000000E-04  1.00000000E-04  1.00000000E-04  1.00000000E-04  1.00000000E-04  1.00000000E-04  1.00000000E-04  1.00000000E-04  1.00000000E-04  1.00000000E-04  1.00000000E-04  1.00000000E-04  1.00000000E-04  1.00000000E-04  1.00000000E-04  1.00000000E-04
  1.00000000E-04  1.00000000E-04  1.00000000E-04  1.00000000E-04  1.00000000E-04  1.00000000E-04  1.00000000E-04  1.00000000E-04  1.00000000E-04  1.00000000E-04       0.00000000
       0.00000000       0.00000000       0.00000000       0.00000000       0.00000000       0.00000000       0.00000000       0.00000000       0.00000000       0.00000000       0.00000000       0.00000000       0.00000000       0.00000000       0.00000000       0.00000000       0.00000000       0.00000000       0.00000000       0.00000000
       0.00000000       0.00000000       0.00000000       0.00000000       0.00000000       0.00000000       0.00000000       0.00000000       0.00000000       0.00000000       0.00000000       0.00000000       0.00000000       0.00000000       0.00000000       0.00000000       0.00000000       0.00000000       0.00000000       0.00000000
  1.00000000E-04  1.00000000E-04  1.00000000E-04  1.00000000E-04  1.00000000E-04  1.00000000E-04  1.00000000E-04  1.00000000E-04  1.00000000E-04  1.00000000E-04  1.00000000E-04  1.00000000E-04  1.00000000E-04  1.00000000E-04  1.00000000E-04  1.00000000E-04  1.00000000E-04  1.00000000E-04  1.00000000E-04  1.00000000E-04
  1.00000000E-04  1.00000000E-04  1.00000000E-04  1.00000000E-04  1.00000000E-04  1.00000000E-04  1.00000000E-04  1.00000000E-04  1.00000000E-04  1.00000000E-04  1.00000000E-04  1.00000000E-04  1.00000000E-04  1.00000000E-04  1.00000000E-04  1.00000000E-04  1.00000000E-04  1.00000000E-04  1.00000000E-04  1.00000000E-04
  1.00000000E-04  1.00000000E-04  1.00000000E-04  1.00000000E-04  1.00000000E-04  1.00000000E-04  1.00000000E-04  1.00000000E-04  1.00000000E-04  1.00000000E-04  1.00000000E-04  1.00000000E-04  1.00000000E-04  1.00000000E-04  1.00000000E-04  1.00000000E-04  1.00000000E-04  1.00000000E-04  1.00000000E-04  1.00000000E-04
  1.00000000E-04  1.00000000E-04  1.00000000E-04  1.00000000E-04  1.00000000E-04  1.00000000E-04  1.00000000E-04  1.00000000E-04  1.00000000E-04  1.00000000E-04  1.00000000E-04  1.00000000E-04  1.00000000E-04  1.00000000E-04  1.00000000E-04  1.00000000E-04  1.00000000E-04  1.00000000E-04  1.00000000E-04  1.00000000E-04
  1.00000000E-04  1.00000000E-04  1.00000000E-04  1.00000000E-04  1.00000000E-04  1.00000000E-04  1.00000000E-04  1.00000000E-04  1.00000000E-04  1.00000000E-04  1.00000000E-04  1.00000000E-04  1.00000000E-04  1.00000000E-04  1.00000000E-04  1.00000000E-04  1.00000000E-04  1.00000000E-04  1.00000000E-04  1.00000000E-04
  1.00000000E-04  1.00000000E-04  1.00000000E-04  1.00000000E-04  1.00000000E-04  1.00000000E-04  1.00000000E-04  1.00000000E-04  1.00000000E-04  1.00000000E-04       0.00000000
       0.00000000       0.00000000       0.00000000       0.00000000       0.00000000       0.00000000       0.00000000       0.00000000       0.00000000       0.00000000       0.00000000       0.00000000       0.00000000       0.00000000       0.00000000       0.00000000       0.00000000       0.00000000       0.00000000       0.00000000
       0.00000000       0.00000000       0.00000000       0.00000000       0.00000000       0.00000000       0.00000000       0.00000000       0.00000000       0.00000000       0.00000000       0.00000000       0.00000000       0.00000000       0.00000000       0.00000000       0.00000000       0.00000000       0.00000000  1.00000000E-04
  1.00000000E-04  1.00000000E-04  1.00000000E-04  1.00000000E-04  1.00000000E-04  1.00000000E-04  1.00000000E-04  1.00000000E-04  1.00000000E-04  1.00000000E-04  1.00000000E-04  1.00000000E-04  1.00000000E-04  1.00000000E-04  1.00000000E-04  1.00000000E-04  1.00000000E-04  1.00000000E-04  1.00000000E-04  1.00000000E-04
  1.00000000E-04  1.00000000E-04  1.00000000E-04  1.00000000E-04  1.00000000E-04  1.00000000E-04  1.00000000E-04  1.00000000E-04  1.00000000E-04  1.00000000E-04  1.00000000E-04  1.00000000E-04  1.00000000E-04  1.00000000E-04  1.00000000E-04  1.00000000E-04  1.00000000E-04  1.00000000E-04  1.00000000E-04  1.00000000E-04
  1.00000000E-04  1.00000000E-04  1.00000000E-04  1.00000000E-04  1.00000000E-04  1.00000000E-04  1.00000000E-04  1.00000000E-04  1.00000000E-04  1.00000000E-04  1.00000000E-04  1.00000000E-04  1.00000000E-04  1.00000000E-04  1.00000000E-04  1.00000000E-04  1.00000000E-04  1.00000000E-04  1.00000000E-04  1.00000000E-04
  1.00000000E-04  1.00000000E-04  1.00000000E-04  1.00000000E-04  1.00000000E-04  1.00000000E-04  1.00000000E-04  1.00000000E-04  1.00000000E-04  1.00000000E-04  1.00000000E-04  1.00000000E-04  1.00000000E-04  1.00000000E-04  1.00000000E-04  1.00000000E-04  1.00000000E-04  1.00000000E-04  1.00000000E-04  1.00000000E-04
  1.00000000E-04  1.00000000E-04  1.00000000E-04  1.00000000E-04  1.00000000E-04  1.00000000E-04  1.00000000E-04  1.00000000E-04  1.00000000E-04  1.00000000E-04  1.00000000E-04  1.00000000E-04  1.00000000E-04  1.00000000E-04  1.00000000E-04  1.00000000E-04  1.00000000E-04  1.00000000E-04  1.00000000E-04  1.00000000E-04
  1.00000000E-04  1.00000000E-04  1.00000000E-04  1.00000000E-04  1.00000000E-04  1.00000000E-04  1.00000000E-04  1.00000000E-04  1.00000000E-04  1.00000000E-04       0.00000000
       0.00000000       0.00000000       0.00000000       0.00000000       0.00000000       0.00000000       0.00000000       0.00000000       0.00000000       0.00000000       0.00000000       0.00000000       0.00000000       0.00000000       0.00000000       0.00000000       0.00000000       0.00000000       0.00000000       0.00000000
       0.00000000       0.00000000       0.00000000       0.00000000       0.00000000       0.00000000       0.00000000       0.00000000       0.00000000       0.00000000       0.00000000       0.00000000       0.00000000       0.00000000       0.00000000       0.00000000       0.00000000  1.00000000E-04  1.00000000E-04  1.00000000E-04
  1.00000000E-04  1.00000000E-04  1.00000000E-04  1.00000000E-04  1.00000000E-04  1.00000000E-04  1.00000000E-04  1.00000000E-04  1.00000000E-04  1.00000000E-04  1.00000000E-04  1.00000000E-04  1.00000000E-04  1.00000000E-04  1.00000000E-04  1.00000000E-04  1.00000000E-04  1.00000000E-04  1.00000000E-04  1.00000000E-04
  1.00000000E-04  1.00000000E-04  1.00000000E-04  1.00000000E-04  1.00000000E-04  1.00000000E-04  1.00000000E-04  1.00000000E-04  1.00000000E-04  1.00000000E-04  1.00000000E-04  1.00000000E-04  1.00000000E-04  1.00000000E-04  1.00000000E-04  1.00000000E-04  1.00000000E-04  1.00000000E-04  1.00000000E-04  1.00000000E-04
  1.00000000E-04  1.00000000E-04  1.00000000E-04  1.00000000E-04  1.00000000E-04  1.00000000E-04  1.00000000E-04  1.00000000E-04  1.00000000E-04  1.00000000E-04  1.00000000E-04  1.00000000E-04  1.00000000E-04  1.00000000E-04  1.00000000E-04  1.00000000E-04  1.00000000E-04  1.00000000E-04  1.00000000E-04  1.00000000E-04
  1.00000000E-04  1.00000000E-04  1.00000000E-04  1.00000000E-04  1.00000000E-04  1.00000000E-04  1.00000000E-04  1.00000000E-04  1.00000000E-04  1.00000000E-04  1.00000000E-04  1.00000000E-04  1.00000000E-04  1.00000000E-04  1.00000000E-04  1.00000000E-04  1.00000000E-04  1.00000000E-04  1.00000000E-04  1.00000000E-04
  1.00000000E-04  1.00000000E-04  1.00000000E-04  1.00000000E-04  1.00000000E-04  1.00000000E-04  1.00000000E-04  1.00000000E-04  1.00000000E-04  1.00000000E-04  1.00000000E-04  1.00000000E-04  1.00000000E-04  1.00000000E-04  1.00000000E-04  1.00000000E-04  1.00000000E-04  1.00000000E-04  1.00000000E-04  1.00000000E-04
  1.00000000E-04  1.00000000E-04  1.00000000E-04  1.00000000E-04  1.00000000E-04  1.00000000E-04  1.00000000E-04  1.00000000E-04  1.00000000E-04  1.00000000E-04       0.00000000
       0.00000000       0.00000000       0.00000000       0.00000000       0.00000000       0.00000000       0.00000000       0.00000000       0.00000000       0.00000000       0.00000000       0.00000000       0.00000000       0.00000000       0.00000000       0.00000000       0.00000000       0.00000000       0.00000000       0.00000000
       0.00000000       0.00000000       0.00000000       0.00000000       0.00000000       0.00000000       0.00000000       0.00000000       0.00000000       0.00000000       0.00000000       0.00000000       0.00000000       0.00000000       0.00000000       0.00000000  1.00000000E-04  1.00000000E-04  1.00000000E-04  1.00000000E-04
  1.00000000E-04  1.00000000E-04  1.00000000E-04  1.00000000E-04  1.00000000E-04  1.00000000E-04  1.00000000E-04  1.00000000E-04  1.00000000E-04  1.00000000E-04  1.00000000E-04  1.00000000E-04  1.00000000E-04  1.00000000E-04  1.00000000E-04  1.00000000E-04  1.00000000E-04  1.00000000E-04  1.00000000E-04  1.00000000E-04
  1.00000000E-04  1.00000000E-04  1.00000000E-04  1.00000000E-04  1.00000000E-04  1.00000000E-04  1.00000000E-04  1.00000000E-04  1.00000000E-04  1.00000000E-04  1.00000000E-04  1.00000000E-04  1.00000000E-04  1.00000000E-04  1.00000000E-04  1.00000000E-04  1.00000000E-04  1.00000000E-04  1.00000000E-04  1.00000000E-04
  1.00000000E-04  1.00000000E-04  1.00000000E-04  1.00000000E-04  1.00000000E-04  1.00000000E-04  1.00000000E-04  1.00000000E-04  1.00000000E-04  1.00000000E-04  1.00000000E-04  1.00000000E-04  1.00000000E-04  1.00000000E-04  1.00000000E-04  1.00000000E-04  1.00000000E-04  1.00000000E-04  1.00000000E-04  1.00000000E-04
  1.00000000E-04  1.00000000E-04  1.00000000E-04  1.00000000E-04  1.00000000E-04  1.00000000E-04  1.00000000E-04  1.00000000E-04  1.00000000E-04  1.00000000E-04  1.00000000E-04  1.00000000E-04  1.00000000E-04  1.00000000E-04  1.00000000E-04  1.00000000E-04  1.00000000E-04  1.00000000E-04  1.00000000E-04  1.00000000E-04
  1.00000000E-04  1.00000000E-04  1.00000000E-04  1.00000000E-04  1.00000000E-04  1.00000000E-04  1.00000000E-04  1.00000000E-04  1.00000000E-04  1.00000000E-04  1.00000000E-04  1.00000000E-04  1.00000000E-04  1.00000000E-04  1.00000000E-04  1.00000000E-04  1.00000000E-04  1.00000000E-04  1.00000000E-04  1.00000000E-04
  1.00000000E-04  1.00000000E-04  1.00000000E-04  1.00000000E-04  1.00000000E-04  1.00000000E-04  1.00000000E-04  1.00000000E-04  1.00000000E-04  1.00000000E-04       0.00000000
       0.00000000       0.00000000       0.00000000       0.00000000       0.00000000       0.00000000       0.00000000       0.00000000       0.00000000       0.00000000       0.00000000       0.00000000       0.00000000       0.00000000       0.00000000       0.00000000       0.00000000       0.00000000       0.00000000       0.00000000
       0.00000000       0.00000000       0.00000000       0.00000000       0.00000000       0.00000000       0.00000000       0.00000000       0.00000000       0.00000000       0.00000000       0.00000000       0.00000000       0.00000000  1.00000000E-04  1.00000000E-04  1.00000000E-04  1.00000000E-04  1.00000000E-04  1.00000000E-04
  1.00000000E-04  1.00000000E-04  1.00000000E-04  1.00000000E-04  1.00000000E-04  1.00000000E-04  1.00000000E-04  1.00000000E-04  1.00000000E-04  1.00000000E-04  1.00000000E-04  1.00000000E-04  1.00000000E-04  1.00000000E-04  1.00000000E-04  1.00000000E-04  1.00000000E-04  1.00000000E-04  1.00000000E-04  1.00000000E-04
  1.00000000E-04  1.00000000E-04  1.00000000E-04  1.00000000E-04  1.00000000E-04  1.00000000E-04  1.00000000E-04  1.00000000E-04  1.00000000E-04  1.00000000E-04  1.00000000E-04  1.00000000E-04  1.00000000E-04  1.00000000E-04  1.00000000E-04  1.00000000E-04  1.00000000E-04  1.00000000E-04  1.00000000E-04  1.00000000E-04
  1.00000000E-04  1.00000000E-04  1.00000000E-04  1.00000000E-04  1.00000000E-04  1.00000000E-04  1.00000000E-04  1.00000000E-04  1.00000000E-04  1.00000000E-04  1.00000000E-04  1.00000000E-04  1.00000000E-04  1.00000000E-04  1.00000000E-04  1.00000000E-04  1.00000000E-04  1.00000000E-04  1.00000000E-04  1.00000000E-04
  1.00000000E-04  1.00000000E-04  1.00000000E-04  1.00000000E-04  1.00000000E-04  1.00000000E-04  1.00000000E-04  1.00000000E-04  1.00000000E-04  1.00000000E-04  1.00000000E-04  1.00000000E-04  1.00000000E-04  1.00000000E-04  1.00000000E-04  1.00000000E-04  1.00000000E-04  1.00000000E-04  1.00000000E-04  1.00000000E-04
  1.00000000E-04  1.00000000E-04  1.00000000E-04  1.00000000E-04  1.00000000E-04  1.00000000E-04  1.00000000E-04  1.00000000E-04  1.00000000E-04  1.00000000E-04  1.00000000E-04  1.00000000E-04  1.00000000E-04  1.00000000E-04  1.00000000E-04  1.00000000E-04  1.00000000E-04  1.00000000E-04  1.00000000E-04  1.00000000E-04
  1.00000000E-04  1.00000000E-04  1.00000000E-04  1.00000000E-04  1.00000000E-04  1.00000000E-04  1.00000000E-04  1.00000000E-04  1.00000000E-04  1.00000000E-04       0.00000000
       0.00000000       0.00000000       0.00000000       0.00000000       0.00000000       0.00000000       0.00000000       0.00000000       0.00000000       0.00000000       0.00000000       0.00000000       0.00000000       0.00000000       0.00000000       0.00000000       0.00000000       0.00000000       0.00000000       0.00000000
       0.00000000       0.00000000       0.00000000       0.00000000       0.00000000       0.00000000       0.00000000       0.00000000       0.00000000       0.00000000       0.00000000       0.00000000  1.00000000E-04  1.00000000E-04  1.00000000E-04  1.00000000E-04  1.00000000E-04  1.00000000E-04  1.00000000E-04  1.00000000E-04
  1.00000000E-04  1.00000000E-04  1.00000000E-04  1.00000000E-04  1.00000000E-04  1.00000000E-04  1.00000000E-04  1.00000000E-04  1.00000000E-04  1.00000000E-04  1.00000000E-04  1.00000000E-04  1.00000000E-04  1.00000000E-04  1.00000000E-04  1.00000000E-04  1.00000000E-04  1.00000000E-04  1.00000000E-04  1.00000000E-04
  1.00000000E-04  1.00000000E-04  1.00000000E-04  1.00000000E-04  1.00000000E-04  1.00000000E-04  1.00000000E-04  1.00000000E-04  1.00000000E-04  1.00000000E-04  1.00000000E-04  1.00000000E-04  1.00000000E-04  1.00000000E-04  1.00000000E-04  1.00000000E-04  1.00000000E-04  1.00000000E-04  1.00000000E-04  1.00000000E-04
  1.00000000E-04  1.00000000E-04  1.00000000E-04  1.00000000E-04  1.00000000E-04  1.00000000E-04  1.00000000E-04  1.00000000E-04  1.00000000E-04  1.00000000E-04  1.00000000E-04  1.00000000E-04  1.00000000E-04  1.00000000E-04  1.00000000E-04  1.00000000E-04  1.00000000E-04  1.00000000E-04  1.00000000E-04  1.00000000E-04
  1.00000000E-04  1.00000000E-04  1.00000000E-04  1.00000000E-04  1.00000000E-04  1.00000000E-04  1.00000000E-04  1.00000000E-04  1.00000000E-04  1.00000000E-04  1.00000000E-04  1.00000000E-04  1.00000000E-04  1.00000000E-04  1.00000000E-04  1.00000000E-04  1.00000000E-04  1.00000000E-04  1.00000000E-04  1.00000000E-04
  1.00000000E-04  1.00000000E-04  1.00000000E-04  1.00000000E-04  1.00000000E-04  1.00000000E-04  1.00000000E-04  1.00000000E-04  1.00000000E-04  1.00000000E-04  1.00000000E-04  1.00000000E-04  1.00000000E-04  1.00000000E-04  1.00000000E-04  1.00000000E-04  1.00000000E-04  1.00000000E-04  1.00000000E-04  1.00000000E-04
  1.00000000E-04  1.00000000E-04  1.00000000E-04  1.00000000E-04  1.00000000E-04  1.00000000E-04  1.00000000E-04  1.00000000E-04  1.00000000E-04  1.00000000E-04       0.00000000
       0.00000000       0.00000000       0.00000000       0.00000000       0.00000000       0.00000000       0.00000000       0.00000000       0.00000000       0.00000000       0.00000000       0.00000000       0.00000000       0.00000000       0.00000000       0.00000000       0.00000000       0.00000000       0.00000000       0.00000000
       0.00000000       0.00000000       0.00000000       0.00000000       0.00000000       0.00000000       0.00000000       0.00000000       0.00000000       0.00000000       0.00000000  1.00000000E-04  1.00000000E-04  1.00000000E-04  1.00000000E-04  1.00000000E-04  1.00000000E-04  1.00000000E-04  1.00000000E-04  1.00000000E-04
  1.00000000E-04  1.00000000E-04  1.00000000E-04  1.00000000E-04  1.00000000E-04  1.00000000E-04  1.00000000E-04  1.00000000E-04  1.00000000E-04  1.00000000E-04  1.00000000E-04  1.00000000E-04  1.00000000E-04  1.00000000E-04  1.00000000E-04  1.00000000E-04  1.00000000E-04  1.00000000E-04  1.00000000E-04  1.00000000E-04
  1.00000000E-04  1.00000000E-04  1.00000000E-04  1.00000000E-04  1.00000000E-04  1.00000000E-04  1.00000000E-04  1.00000000E-04  1.00000000E-04  1.00000000E-04  1.00000000E-04  1.00000000E-04  1.00000000E-04  1.00000000E-04  1.00000000E-04  1.00000000E-04  1.00000000E-04  1.00000000E-04  1.00000000E-04  1.00000000E-04
  1.00000000E-04  1.00000000E-04  1.00000000E-04  1.00000000E-04  1.00000000E-04  1.00000000E-04  1.00000000E-04  1.00000000E-04  1.00000000E-04  1.00000000E-04  1.00000000E-04  1.00000000E-04  1.00000000E-04  1.00000000E-04  1.00000000E-04  1.00000000E-04  1.00000000E-04  1.00000000E-04  1.00000000E-04  1.00000000E-04
  1.00000000E-04  1.00000000E-04  1.00000000E-04  1.00000000E-04  1.00000000E-04  1.00000000E-04  1.00000000E-04  1.00000000E-04  1.00000000E-04  1.00000000E-04  1.00000000E-04  1.00000000E-04  1.00000000E-04  1.00000000E-04  1.00000000E-04  1.00000000E-04  1.00000000E-04  1.00000000E-04  1.00000000E-04  1.00000000E-04
  1.00000000E-04  1.00000000E-04  1.00000000E-04  1.00000000E-04  1.00000000E-04  1.00000000E-04  1.00000000E-04  1.00000000E-04  1.00000000E-04  1.00000000E-04  1.00000000E-04  1.00000000E-04  1.00000000E-04  1.00000000E-04  1.00000000E-04  1.00000000E-04  1.00000000E-04  1.00000000E-04  1.00000000E-04  1.00000000E-04
  1.00000000E-04  1.00000000E-04  1.00000000E-04  1.00000000E-04  1.00000000E-04  1.00000000E-04  1.00000000E-04  1.00000000E-04  1.00000000E-04  1.00000000E-04       0.00000000
       0.00000000       0.00000000       0.00000000       0.00000000       0.00000000       0.00000000       0.00000000       0.00000000       0.00000000       0.00000000       0.00000000       0.00000000       0.00000000       0.00000000       0.00000000       0.00000000       0.00000000       0.00000000       0.00000000       0.00000000
       0.00000000       0.00000000       0.00000000       0.00000000       0.00000000       0.00000000       0.00000000       0.00000000       0.00000000  1.00000000E-04  1.00000000E-04  1.00000000E-04  1.00000000E-04  1.00000000E-04  1.00000000E-04  1.00000000E-04  1.00000000E-04  1.00000000E-04  1.00000000E-04  1.00000000E-04
  1.00000000E-04  1.00000000E-04  1.00000000E-04  1.00000000E-04  1.00000000E-04  1.00000000E-04  1.00000000E-04  1.00000000E-04  1.00000000E-04  1.00000000E-04  1.00000000E-04  1.00000000E-04  1.00000000E-04  1.00000000E-04  1.00000000E-04  1.00000000E-04  1.00000000E-04  1.00000000E-04  1.00000000E-04  1.00000000E-04
  1.00000000E-04  1.00000000E-04  1.00000000E-04  1.00000000E-04  1.00000000E-04  1.00000000E-04  1.00000000E-04  1.00000000E-04  1.00000000E-04  1.00000000E-04  1.00000000E-04  1.00000000E-04  1.00000000E-04  1.00000000E-04  1.00000000E-04  1.00000000E-04  1.00000000E-04  1.00000000E-04  1.00000000E-04  1.00000000E-04
  1.00000000E-04  1.00000000E-04  1.00000000E-04  1.00000000E-04  1.00000000E-04  1.00000000E-04  1.00000000E-04  1.00000000E-04  1.00000000E-04  1.00000000E-04  1.00000000E-04  1.00000000E-04  1.00000000E-04  1.00000000E-04  1.00000000E-04  1.00000000E-04  1.00000000E-04  1.00000000E-04  1.00000000E-04  1.00000000E-04
  1.00000000E-04  1.00000000E-04  1.00000000E-04  1.00000000E-04  1.00000000E-04  1.00000000E-04  1.00000000E-04  1.00000000E-04  1.00000000E-04  1.00000000E-04  1.00000000E-04  1.00000000E-04  1.00000000E-04  1.00000000E-04  1.00000000E-04  1.00000000E-04  1.00000000E-04  1.00000000E-04  1.00000000E-04  1.00000000E-04
  1.00000000E-04  1.00000000E-04  1.00000000E-04  1.00000000E-04  1.00000000E-04  1.00000000E-04  1.00000000E-04  1.00000000E-04  1.00000000E-04  1.00000000E-04  1.00000000E-04  1.00000000E-04  1.00000000E-04  1.00000000E-04  1.00000000E-04  1.00000000E-04  1.00000000E-04  1.00000000E-04  1.00000000E-04  1.00000000E-04
  1.00000000E-04  1.00000000E-04  1.00000000E-04  1.00000000E-04  1.00000000E-04  1.00000000E-04  1.00000000E-04  1.00000000E-04  1.00000000E-04  1.00000000E-04       0.00000000
       0.00000000       0.00000000       0.00000000       0.00000000       0.00000000       0.00000000       0.00000000       0.00000000       0.00000000       0.00000000       0.00000000       0.00000000       0.00000000       0.00000000       0.00000000       0.00000000       0.00000000       0.00000000       0.00000000       0.00000000
       0.00000000       0.00000000       0.00000000       0.00000000       0.00000000       0.00000000       0.00000000       0.00000000  1.00000000E-04  1.00000000E-04  1.00000000E-04  1.00000000E-04  1.00000000E-04  1.00000000E-04  1.00000000E-04  1.00000000E-04  1.00000000E-04  1.00000000E-04  1.00000000E-04  1.00000000E-04
  1.00000000E-04  1.00000000E-04  1.00000000E-04  1.00000000E-04  1.00000000E-04  1.00000000E-04  1.00000000E-04  1.00000000E-04  1.00000000E-04  1.00000000E-04  1.00000000E-04  1.00000000E-04  1.00000000E-04  1.00000000E-04  1.00000000E-04  1.00000000E-04  1.00000000E-04  1.00000000E-04  1.00000000E-04  1.00000000E-04
  1.00000000E-04  1.00000000E-04  1.00000000E-04  1.00000000E-04  1.00000000E-04  1.00000000E-04  1.00000000E-04  1.00000000E-04  1.00000000E-04  1.00000000E-04  1.00000000E-04  1.00000000E-04  1.00000000E-04  1.00000000E-04  1.00000000E-04  1.00000000E-04  1.00000000E-04  1.00000000E-04  1.00000000E-04  1.00000000E-04
  1.00000000E-04  1.00000000E-04  1.00000000E-04  1.00000000E-04  1.00000000E-04  1.00000000E-04  1.00000000E-04  1.00000000E-04  1.00000000E-04  1.00000000E-04  1.00000000E-04  1.00000000E-04  1.00000000E-04  1.00000000E-04  1.00000000E-04  1.00000000E-04  1.00000000E-04  1.00000000E-04  1.00000000E-04  1.00000000E-04
  1.00000000E-04  1.00000000E-04  1.00000000E-04  1.00000000E-04  1.00000000E-04  1.00000000E-04  1.00000000E-04  1.00000000E-04  1.00000000E-04  1.00000000E-04  1.00000000E-04  1.00000000E-04  1.00000000E-04  1.00000000E-04  1.00000000E-04  1.00000000E-04  1.00000000E-04  1.00000000E-04  1.00000000E-04  1.00000000E-04
  1.00000000E-04  1.00000000E-04  1.00000000E-04  1.00000000E-04  1.00000000E-04  1.00000000E-04  1.00000000E-04  1.00000000E-04  1.00000000E-04  1.00000000E-04  1.00000000E-04  1.00000000E-04  1.00000000E-04  1.00000000E-04  1.00000000E-04  1.00000000E-04  1.00000000E-04  1.00000000E-04  1.00000000E-04  1.00000000E-04
  1.00000000E-04  1.00000000E-04  1.00000000E-04  1.00000000E-04  1.00000000E-04  1.00000000E-04  1.00000000E-04  1.00000000E-04  1.00000000E-04  1.00000000E-04       0.00000000
       0.00000000       0.00000000       0.00000000       0.00000000       0.00000000       0.00000000       0.00000000       0.00000000       0.00000000       0.00000000       0.00000000       0.00000000       0.00000000       0.00000000       0.00000000       0.00000000       0.00000000       0.00000000       0.00000000       0.00000000
       0.00000000       0.00000000       0.00000000       0.00000000       0.00000000       0.00000000  1.00000000E-04  1.00000000E-04  1.00000000E-04  1.00000000E-04  1.00000000E-04  1.00000000E-04  1.00000000E-04  1.00000000E-04  1.00000000E-04  1.00000000E-04  1.00000000E-04  1.00000000E-04  1.00000000E-04  1.00000000E-04
  1.00000000E-04  1.00000000E-04  1.00000000E-04  1.00000000E-04  1.00000000E-04  1.00000000E-04  1.00000000E-04  1.00000000E-04  1.00000000E-04  1.00000000E-04  1.00000000E-04  1.00000000E-04  1.00000000E-04  1.00000000E-04  1.00000000E-04  1.00000000E-04  1.00000000E-04  1.00000000E-04  1.00000000E-04  1.00000000E-04
  1.00000000E-04  1.00000000E-04  1.00000000E-04  1.00000000E-04  1.00000000E-04  1.00000000E-04  1.00000000E-04  1.00000000E-04  1.00000000E-04  1.00000000E-04  1.00000000E-04  1.00000000E-04  1.00000000E-04  1.00000000E-04  1.00000000E-04  1.00000000E-04  1.00000000E-04  1.00000000E-04  1.00000000E-04  1.00000000E-04
  1.00000000E-04  1.00000000E-04  1.00000000E-04  1.00000000E-04  1.00000000E-04  1.00000000E-04  1.00000000E-04  1.00000000E-04  1.00000000E-04  1.00000000E-04  1.00000000E-04  1.00000000E-04  1.00000000E-04  1.00000000E-04  1.00000000E-04  1.00000000E-04  1.00000000E-04  1.00000000E-04  1.00000000E-04  1.00000000E-04
  1.00000000E-04  1.00000000E-04  1.00000000E-04  1.00000000E-04  1.00000000E-04  1.00000000E-04  1.00000000E-04  1.00000000E-04  1.00000000E-04  1.00000000E-04  1.00000000E-04  1.00000000E-04  1.00000000E-04  1.00000000E-04  1.00000000E-04  1.00000000E-04  1.00000000E-04  1.00000000E-04  1.00000000E-04  1.00000000E-04
  1.00000000E-04  1.00000000E-04  1.00000000E-04  1.00000000E-04  1.00000000E-04  1.00000000E-04  1.00000000E-04  1.00000000E-04  1.00000000E-04  1.00000000E-04  1.00000000E-04  1.00000000E-04  1.00000000E-04  1.00000000E-04  1.00000000E-04  1.00000000E-04  1.00000000E-04  1.00000000E-04  1.00000000E-04  1.00000000E-04
  1.00000000E-04  1.00000000E-04  1.00000000E-04  1.00000000E-04  1.00000000E-04  1.00000000E-04  1.00000000E-04  1.00000000E-04  1.00000000E-04  1.00000000E-04       0.00000000
       0.00000000       0.00000000       0.00000000       0.00000000       0.00000000       0.00000000       0.00000000       0.00000000       0.00000000       0.00000000       0.00000000       0.00000000       0.00000000       0.00000000       0.00000000       0.00000000       0.00000000       0.00000000       0.00000000       0.00000000
       0.00000000       0.00000000       0.00000000       0.00000000       0.00000000  1.00000000E-04  1.00000000E-04  1.00000000E-04  1.00000000E-04  1.00000000E-04  1.00000000E-04  1.00000000E-04  1.00000000E-04  1.00000000E-04  1.00000000E-04  1.00000000E-04  1.00000000E-04  1.00000000E-04  1.00000000E-04  1.00000000E-04
  1.00000000E-04  1.00000000E-04  1.00000000E-04  1.00000000E-04  1.00000000E-04  1.00000000E-04  1.00000000E-04  1.00000000E-04  1.00000000E-04  1.00000000E-04  1.00000000E-04  1.00000000E-04  1.00000000E-04  1.00000000E-04  1.00000000E-04  1.00000000E-04  1.00000000E-04  1.00000000E-04  1.00000000E-04  1.00000000E-04
  1.00000000E-04  1.00000000E-04  1.00000000E-04  1.00000000E-04  1.00000000E-04  1.00000000E-04  1.00000000E-04  1.00000000E-04  1.00000000E-04  1.00000000E-04  1.00000000E-04  1.00000000E-04  1.00000000E-04  1.00000000E-04  1.00000000E-04  1.00000000E-04  1.00000000E-04  1.00000000E-04  1.00000000E-04  1.00000000E-04
  1.00000000E-04  1.00000000E-04  1.00000000E-04  1.00000000E-04  1.00000000E-04  1.00000000E-04  1.00000000E-04  1.00000000E-04  1.00000000E-04  1.00000000E-04  1.00000000E-04  1.00000000E-04  1.00000000E-04  1.00000000E-04  1.00000000E-04  1.00000000E-04  1.00000000E-04  1.00000000E-04  1.00000000E-04  1.00000000E-04
  1.00000000E-04  1.00000000E-04  1.00000000E-04  1.00000000E-04  1.00000000E-04  1.00000000E-04  1.00000000E-04  1.00000000E-04  1.00000000E-04  1.00000000E-04  1.00000000E-04  1.00000000E-04  1.00000000E-04  1.00000000E-04  1.00000000E-04  1.00000000E-04  1.00000000E-04  1.00000000E-04  1.00000000E-04  1.00000000E-04
  1.00000000E-04  1.00000000E-04  1.00000000E-04  1.00000000E-04  1.00000000E-04  1.00000000E-04  1.00000000E-04  1.00000000E-04  1.00000000E-04  1.00000000E-04  1.00000000E-04  1.00000000E-04  1.00000000E-04  1.00000000E-04  1.00000000E-04  1.00000000E-04  1.00000000E-04  1.00000000E-04  1.00000000E-04  1.00000000E-04
  1.00000000E-04  1.00000000E-04  1.00000000E-04  1.00000000E-04  1.00000000E-04  1.00000000E-04  1.00000000E-04  1.00000000E-04  1.00000000E-04  1.00000000E-04       0.00000000
       0.00000000       0.00000000       0.00000000       0.00000000       0.00000000       0.00000000       0.00000000       0.00000000       0.00000000       0.00000000       0.00000000       0.00000000       0.00000000       0.00000000       0.00000000       0.00000000       0.00000000       0.00000000       0.00000000       0.00000000
       0.00000000       0.00000000       0.00000000  1.00000000E-04  1.00000000E-04  1.00000000E-04  1.00000000E-04  1.00000000E-04  1.00000000E-04  1.00000000E-04  1.00000000E-04  1.00000000E-04  1.00000000E-04  1.00000000E-04  1.00000000E-04  1.00000000E-04  1.00000000E-04  1.00000000E-04  1.00000000E-04  1.00000000E-04
  1.00000000E-04  1.00000000E-04  1.00000000E-04  1.00000000E-04  1.00000000E-04  1.00000000E-04  1.00000000E-04  1.00000000E-04  1.00000000E-04  1.00000000E-04  1.00000000E-04  1.00000000E-04  1.00000000E-04  1.00000000E-04  1.00000000E-04  1.00000000E-04  1.00000000E-04  1.00000000E-04  1.00000000E-04  1.00000000E-04
  1.00000000E-04  1.00000000E-04  1.00000000E-04  1.00000000E-04  1.00000000E-04  1.00000000E-04  1.00000000E-04  1.00000000E-04  1.00000000E-04  1.00000000E-04  1.00000000E-04  1.00000000E-04  1.00000000E-04  1.00000000E-04  1.00000000E-04  1.00000000E-04  1.00000000E-04  1.00000000E-04  1.00000000E-04  1.00000000E-04
  1.00000000E-04  1.00000000E-04  1.00000000E-04  1.00000000E-04  1.00000000E-04  1.00000000E-04  1.00000000E-04  1.00000000E-04  1.00000000E-04  1.00000000E-04  1.00000000E-04  1.00000000E-04  1.00000000E-04  1.00000000E-04  1.00000000E-04  1.00000000E-04  1.00000000E-04  1.00000000E-04  1.00000000E-04  1.00000000E-04
  1.00000000E-04  1.00000000E-04  1.00000000E-04  1.00000000E-04  1.00000000E-04  1.00000000E-04  1.00000000E-04  1.00000000E-04  1.00000000E-04  1.00000000E-04  1.00000000E-04  1.00000000E-04  1.00000000E-04  1.00000000E-04  1.00000000E-04  1.00000000E-04  1.00000000E-04  1.00000000E-04  1.00000000E-04  1.00000000E-04
  1.00000000E-04  1.00000000E-04  1.00000000E-04  1.00000000E-04  1.00000000E-04  1.00000000E-04  1.00000000E-04  1.00000000E-04  1.00000000E-04  1.00000000E-04  1.00000000E-04  1.00000000E-04  1.00000000E-04  1.00000000E-04  1.00000000E-04  1.00000000E-04  1.00000000E-04  1.00000000E-04  1.00000000E-04  1.00000000E-04
  1.00000000E-04  1.00000000E-04  1.00000000E-04  1.00000000E-04  1.00000000E-04  1.00000000E-04  1.00000000E-04  1.00000000E-04  1.00000000E-04  1.00000000E-04       0.00000000
       0.00000000       0.00000000       0.00000000       0.00000000       0.00000000       0.00000000       0.00000000       0.00000000       0.00000000       0.00000000       0.00000000       0.00000000       0.00000000       0.00000000       0.00000000       0.00000000       0.00000000       0.00000000       0.00000000       0.00000000
       0.00000000       0.00000000  1.00000000E-04  1.00000000E-04  1.00000000E-04  1.00000000E-04  1.00000000E-04  1.00000000E-04  1.00000000E-04  1.00000000E-04  1.00000000E-04  1.00000000E-04  1.00000000E-04  1.00000000E-04  1.00000000E-04  1.00000000E-04  1.00000000E-04  1.00000000E-04  1.00000000E-04  1.00000000E-04
  1.00000000E-04  1.00000000E-04  1.00000000E-04  1.00000000E-04  1.00000000E-04  1.00000000E-04  1.00000000E-04  1.00000000E-04  1.00000000E-04  1.00000000E-04  1.00000000E-04  1.00000000E-04  1.00000000E-04  1.00000000E-04  1.00000000E-04  1.00000000E-04  1.00000000E-04  1.00000000E-04  1.00000000E-04  1.00000000E-04
  1.00000000E-04  1.00000000E-04  1.00000000E-04  1.00000000E-04  1.00000000E-04  1.00000000E-04  1.00000000E-04  1.00000000E-04  1.00000000E-04  1.00000000E-04  1.00000000E-04  1.00000000E-04  1.00000000E-04  1.00000000E-04  1.00000000E-04  1.00000000E-04  1.00000000E-04  1.00000000E-04  1.00000000E-04  1.00000000E-04
  1.00000000E-04  1.00000000E-04  1.00000000E-04  1.00000000E-04  1.00000000E-04  1.00000000E-04  1.00000000E-04  1.00000000E-04  1.00000000E-04  1.00000000E-04  1.00000000E-04  1.00000000E-04  1.00000000E-04  1.00000000E-04  1.00000000E-04  1.00000000E-04  1.00000000E-04  1.00000000E-04  1.00000000E-04  1.00000000E-04
  1.00000000E-04  1.00000000E-04  1.00000000E-04  1.00000000E-04  1.00000000E-04  1.00000000E-04  1.00000000E-04  1.00000000E-04  1.00000000E-04  1.00000000E-04  1.00000000E-04  1.00000000E-04  1.00000000E-04  1.00000000E-04  1.00000000E-04  1.00000000E-04  1.00000000E-04  1.00000000E-04  1.00000000E-04  1.00000000E-04
  1.00000000E-04  1.00000000E-04  1.00000000E-04  1.00000000E-04  1.00000000E-04  1.00000000E-04  1.00000000E-04  1.00000000E-04  1.00000000E-04  1.00000000E-04  1.00000000E-04  1.00000000E-04  1.00000000E-04  1.00000000E-04  1.00000000E-04  1.00000000E-04  1.00000000E-04  1.00000000E-04  1.00000000E-04  1.00000000E-04
  1.00000000E-04  1.00000000E-04  1.00000000E-04  1.00000000E-04  1.00000000E-04  1.00000000E-04  1.00000000E-04  1.00000000E-04  1.00000000E-04  1.00000000E-04       0.00000000
       0.00000000       0.00000000       0.00000000       0.00000000       0.00000000       0.00000000       0.00000000       0.00000000       0.00000000       0.00000000       0.00000000       0.00000000       0.00000000       0.00000000       0.00000000       0.00000000       0.00000000       0.00000000       0.00000000       0.00000000
  1.00000000E-04  1.00000000E-04  1.00000000E-04  1.00000000E-04  1.00000000E-04  1.00000000E-04  1.00000000E-04  1.00000000E-04  1.00000000E-04  1.00000000E-04  1.00000000E-04  1.00000000E-04  1.00000000E-04  1.00000000E-04  1.00000000E-04  1.00000000E-04  1.00000000E-04  1.00000000E-04  1.00000000E-04  1.00000000E-04
  1.00000000E-04  1.00000000E-04  1.00000000E-04  1.00000000E-04  1.00000000E-04  1.00000000E-04  1.00000000E-04  1.00000000E-04  1.00000000E-04  1.00000000E-04  1.00000000E-04  1.00000000E-04  1.00000000E-04  1.00000000E-04  1.00000000E-04  1.00000000E-04  1.00000000E-04  1.00000000E-04  1.00000000E-04  1.00000000E-04
  1.00000000E-04  1.00000000E-04  1.00000000E-04  1.00000000E-04  1.00000000E-04  1.00000000E-04  1.00000000E-04  1.00000000E-04  1.00000000E-04  1.00000000E-04  1.00000000E-04  1.00000000E-04  1.00000000E-04  1.00000000E-04  1.00000000E-04  1.00000000E-04  1.00000000E-04  1.00000000E-04  1.00000000E-04  1.00000000E-04
  1.00000000E-04  1.00000000E-04  1.00000000E-04  1.00000000E-04  1.00000000E-04  1.00000000E-04  1.00000000E-04  1.00000000E-04  1.00000000E-04  1.00000000E-04  1.00000000E-04  1.00000000E-04  1.00000000E-04  1.00000000E-04  1.00000000E-04  1.00000000E-04  1.00000000E-04  1.00000000E-04  1.00000000E-04  1.00000000E-04
  1.00000000E-04  1.00000000E-04  1.00000000E-04  1.00000000E-04  1.00000000E-04  1.00000000E-04  1.00000000E-04  1.00000000E-04  1.00000000E-04  1.00000000E-04  1.00000000E-04  1.00000000E-04  1.00000000E-04  1.00000000E-04  1.00000000E-04  1.00000000E-04  1.00000000E-04  1.00000000E-04  1.00000000E-04  1.00000000E-04
  1.00000000E-04  1.00000000E-04  1.00000000E-04  1.00000000E-04  1.00000000E-04  1.00000000E-04  1.00000000E-04  1.00000000E-04  1.00000000E-04  1.00000000E-04  1.00000000E-04  1.00000000E-04  1.00000000E-04  1.00000000E-04  1.00000000E-04  1.00000000E-04  1.00000000E-04  1.00000000E-04  1.00000000E-04  1.00000000E-04
  1.00000000E-04  1.00000000E-04  1.00000000E-04  1.00000000E-04  1.00000000E-04  1.00000000E-04  1.00000000E-04  1.00000000E-04  1.00000000E-04  1.00000000E-04       0.00000000
       0.00000000       0.00000000       0.00000000       0.00000000       0.00000000       0.00000000       0.00000000       0.00000000       0.00000000       0.00000000       0.00000000       0.00000000       0.00000000       0.00000000       0.00000000       0.00000000       0.00000000       0.00000000       0.00000000       0.00000000
  1.00000000E-04  1.00000000E-04  1.00000000E-04  1.00000000E-04  1.00000000E-04  1.00000000E-04  1.00000000E-04  1.00000000E-04  1.00000000E-04  1.00000000E-04  1.00000000E-04  1.00000000E-04  1.00000000E-04  1.00000000E-04  1.00000000E-04  1.00000000E-04  1.00000000E-04  1.00000000E-04  1.00000000E-04  1.00000000E-04
  1.00000000E-04  1.00000000E-04  1.00000000E-04  1.00000000E-04  1.00000000E-04  1.00000000E-04  1.00000000E-04  1.00000000E-04  1.00000000E-04  1.00000000E-04  1.00000000E-04  1.00000000E-04  1.00000000E-04  1.00000000E-04  1.00000000E-04  1.00000000E-04  1.00000000E-04  1.00000000E-04  1.00000000E-04  1.00000000E-04
  1.00000000E-04  1.00000000E-04  1.00000000E-04  1.00000000E-04  1.00000000E-04  1.00000000E-04  1.00000000E-04  1.00000000E-04  1.00000000E-04  1.00000000E-04  1.00000000E-04  1.00000000E-04  1.00000000E-04  1.00000000E-04  1.00000000E-04  1.00000000E-04  1.00000000E-04  1.00000000E-04  1.00000000E-04  1.00000000E-04
  1.00000000E-04  1.00000000E-04  1.00000000E-04  1.00000000E-04  1.00000000E-04  1.00000000E-04  1.00000000E-04  1.00000000E-04  1.00000000E-04  1.00000000E-04  1.00000000E-04  1.00000000E-04  1.00000000E-04  1.00000000E-04  1.00000000E-04  1.00000000E-04  1.00000000E-04  1.00000000E-04  1.00000000E-04  1.00000000E-04
  1.00000000E-04  1.00000000E-04  1.00000000E-04  1.00000000E-04  1.00000000E-04  1.00000000E-04  1.00000000E-04  1.00000000E-04  1.00000000E-04  1.00000000E-04  1.00000000E-04  1.00000000E-04  1.00000000E-04  1.00000000E-04  1.00000000E-04  1.00000000E-04  1.00000000E-04  1.00000000E-04  1.00000000E-04  1.00000000E-04
  1.00000000E-04  1.00000000E-04  1.00000000E-04  1.00000000E-04  1.00000000E-04  1.00000000E-04  1.00000000E-04  1.00000000E-04  1.00000000E-04  1.00000000E-04  1.00000000E-04  1.00000000E-04  1.00000000E-04  1.00000000E-04  1.00000000E-04  1.00000000E-04  1.00000000E-04  1.00000000E-04  1.00000000E-04  1.00000000E-04
  1.00000000E-04  1.00000000E-04  1.00000000E-04  1.00000000E-04  1.00000000E-04  1.00000000E-04  1.00000000E-04  1.00000000E-04  1.00000000E-04  1.00000000E-04       0.00000000
       0.00000000       0.00000000       0.00000000       0.00000000       0.00000000       0.00000000       0.00000000       0.00000000       0.00000000       0.00000000       0.00000000       0.00000000       0.00000000       0.00000000       0.00000000       0.00000000       0.00000000       0.00000000       0.00000000       0.00000000
  1.00000000E-04  1.00000000E-04  1.00000000E-04  1.00000000E-04  1.00000000E-04  1.00000000E-04  1.00000000E-04  1.00000000E-04  1.00000000E-04  1.00000000E-04  1.00000000E-04  1.00000000E-04  1.00000000E-04  1.00000000E-04  1.00000000E-04  1.00000000E-04  1.00000000E-04  1.00000000E-04  1.00000000E-04  1.00000000E-04
  1.00000000E-04  1.00000000E-04  1.00000000E-04  1.00000000E-04  1.00000000E-04  1.00000000E-04  1.00000000E-04  1.00000000E-04  1.00000000E-04  1.00000000E-04  1.00000000E-04  1.00000000E-04  1.00000000E-04  1.00000000E-04  1.00000000E-04  1.00000000E-04  1.00000000E-04  1.00000000E-04  1.00000000E-04  1.00000000E-04
  1.00000000E-04  1.00000000E-04  1.00000000E-04  1.00000000E-04  1.00000000E-04  1.00000000E-04  1.00000000E-04  1.00000000E-04  1.00000000E-04  1.00000000E-04  1.00000000E-04  1.00000000E-04  1.00000000E-04  1.00000000E-04  1.00000000E-04  1.00000000E-04  1.00000000E-04  1.00000000E-04  1.00000000E-04  1.00000000E-04
  1.00000000E-04  1.00000000E-04  1.00000000E-04  1.00000000E-04  1.00000000E-04  1.00000000E-04  1.00000000E-04  1.00000000E-04  1.00000000E-04  1.00000000E-04  1.00000000E-04  1.00000000E-04  1.00000000E-04  1.00000000E-04  1.00000000E-04  1.00000000E-04  1.00000000E-04  1.00000000E-04  1.00000000E-04  1.00000000E-04
  1.00000000E-04  1.00000000E-04  1.00000000E-04  1.00000000E-04  1.00000000E-04  1.00000000E-04  1.00000000E-04  1.00000000E-04  1.00000000E-04  1.00000000E-04  1.00000000E-04  1.00000000E-04  1.00000000E-04  1.00000000E-04  1.00000000E-04  1.00000000E-04  1.00000000E-04  1.00000000E-04  1.00000000E-04  1.00000000E-04
  1.00000000E-04  1.00000000E-04  1.00000000E-04  1.00000000E-04  1.00000000E-04  1.00000000E-04  1.00000000E-04  1.00000000E-04  1.00000000E-04  1.00000000E-04  1.00000000E-04  1.00000000E-04  1.00000000E-04  1.00000000E-04  1.00000000E-04  1.00000000E-04  1.00000000E-04  1.00000000E-04  1.00000000E-04  1.00000000E-04
  1.00000000E-04  1.00000000E-04  1.00000000E-04  1.00000000E-04  1.00000000E-04  1.00000000E-04  1.00000000E-04  1.00000000E-04  1.00000000E-04  1.00000000E-04       0.00000000
       0.00000000       0.00000000       0.00000000       0.00000000       0.00000000       0.00000000       0.00000000       0.00000000       0.00000000       0.00000000       0.00000000       0.00000000       0.00000000       0.00000000       0.00000000       0.00000000       0.00000000       0.00000000       0.00000000  1.00000000E-04
  1.00000000E-04  1.00000000E-04  1.00000000E-04  1.00000000E-04  1.00000000E-04  1.00000000E-04  1.00000000E-04  1.00000000E-04  1.00000000E-04  1.00000000E-04  1.00000000E-04  1.00000000E-04  1.00000000E-04  1.00000000E-04  1.00000000E-04  1.00000000E-04  1.00000000E-04  1.00000000E-04  1.00000000E-04  1.00000000E-04
  1.00000000E-04  1.00000000E-04  1.00000000E-04  1.00000000E-04  1.00000000E-04  1.00000000E-04  1.00000000E-04  1.00000000E-04  1.00000000E-04  1.00000000E-04  1.00000000E-04  1.00000000E-04  1.00000000E-04  1.00000000E-04  1.00000000E-04  1.00000000E-04  1.00000000E-04  1.00000000E-04  1.00000000E-04  1.00000000E-04
  1.00000000E-04  1.00000000E-04  1.00000000E-04  1.00000000E-04  1.00000000E-04  1.00000000E-04  1.00000000E-04  1.00000000E-04  1.00000000E-04  1.00000000E-04  1.00000000E-04  1.00000000E-04  1.00000000E-04  1.00000000E-04  1.00000000E-04  1.00000000E-04  1.00000000E-04  1.00000000E-04  1.00000000E-04  1.00000000E-04
  1.00000000E-04  1.00000000E-04  1.00000000E-04  1.00000000E-04  1.00000000E-04  1.00000000E-04  1.00000000E-04  1.00000000E-04  1.00000000E-04  1.00000000E-04  1.00000000E-04  1.00000000E-04  1.00000000E-04  1.00000000E-04  1.00000000E-04  1.00000000E-04  1.00000000E-04  1.00000000E-04  1.00000000E-04  1.00000000E-04
  1.00000000E-04  1.00000000E-04  1.00000000E-04  1.00000000E-04  1.00000000E-04  1.00000000E-04  1.00000000E-04  1.00000000E-04  1.00000000E-04  1.00000000E-04  1.00000000E-04  1.00000000E-04  1.00000000E-04  1.00000000E-04  1.00000000E-04  1.00000000E-04  1.00000000E-04  1.00000000E-04  1.00000000E-04  1.00000000E-04
  1.00000000E-04  1.00000000E-04  1.00000000E-04  1.00000000E-04  1.00000000E-04  1.00000000E-04  1.00000000E-04  1.00000000E-04  1.00000000E-04  1.00000000E-04  1.00000000E-04  1.00000000E-04  1.00000000E-04  1.00000000E-04  1.00000000E-04  1.00000000E-04  1.00000000E-04  1.00000000E-04  1.00000000E-04  1.00000000E-04
  1.00000000E-04  1.00000000E-04  1.00000000E-04  1.00000000E-04  1.00000000E-04  1.00000000E-04  1.00000000E-04  1.00000000E-04  1.00000000E-04  1.00000000E-04       0.00000000
       0.00000000       0.00000000       0.00000000       0.00000000       0.00000000       0.00000000       0.00000000       0.00000000       0.00000000       0.00000000       0.00000000       0.00000000       0.00000000       0.00000000       0.00000000       0.00000000       0.00000000       0.00000000       0.00000000  1.00000000E-04
  1.00000000E-04  1.00000000E-04  1.00000000E-04  1.00000000E-04  1.00000000E-04  1.00000000E-04  1.00000000E-04  1.00000000E-04  1.00000000E-04  1.00000000E-04  1.00000000E-04  1.00000000E-04  1.00000000E-04  1.00000000E-04  1.00000000E-04  1.00000000E-04  1.00000000E-04  1.00000000E-04  1.00000000E-04  1.00000000E-04
  1.00000000E-04  1.00000000E-04  1.00000000E-04  1.00000000E-04  1.00000000E-04  1.00000000E-04  1.00000000E-04  1.00000000E-04  1.00000000E-04  1.00000000E-04  1.00000000E-04  1.00000000E-04  1.00000000E-04  1.00000000E-04  1.00000000E-04  1.00000000E-04  1.00000000E-04  1.00000000E-04  1.00000000E-04  1.00000000E-04
  1.00000000E-04  1.00000000E-04  1.00000000E-04  1.00000000E-04  1.00000000E-04  1.00000000E-04  1.00000000E-04  1.00000000E-04  1.00000000E-04  1.00000000E-04  1.00000000E-04  1.00000000E-04  1.00000000E-04  1.00000000E-04  1.00000000E-04  1.00000000E-04  1.00000000E-04  1.00000000E-04  1.00000000E-04  1.00000000E-04
  1.00000000E-04  1.00000000E-04  1.00000000E-04  1.00000000E-04  1.00000000E-04  1.00000000E-04  1.00000000E-04  1.00000000E-04  1.00000000E-04  1.00000000E-04  1.00000000E-04  1.00000000E-04  1.00000000E-04  1.00000000E-04  1.00000000E-04  1.00000000E-04  1.00000000E-04  1.00000000E-04  1.00000000E-04  1.00000000E-04
  1.00000000E-04  1.00000000E-04  1.00000000E-04  1.00000000E-04  1.00000000E-04  1.00000000E-04  1.00000000E-04  1.00000000E-04  1.00000000E-04  1.00000000E-04  1.00000000E-04  1.00000000E-04  1.00000000E-04  1.00000000E-04  1.00000000E-04  1.00000000E-04  1.00000000E-04  1.00000000E-04  1.00000000E-04  1.00000000E-04
  1.00000000E-04  1.00000000E-04  1.00000000E-04  1.00000000E-04  1.00000000E-04  1.00000000E-04  1.00000000E-04  1.00000000E-04  1.00000000E-04  1.00000000E-04  1.00000000E-04  1.00000000E-04  1.00000000E-04  1.00000000E-04  1.00000000E-04  1.00000000E-04  1.00000000E-04  1.00000000E-04  1.00000000E-04  1.00000000E-04
  1.00000000E-04  1.00000000E-04  1.00000000E-04  1.00000000E-04  1.00000000E-04  1.00000000E-04  1.00000000E-04  1.00000000E-04  1.00000000E-04  1.00000000E-04       0.00000000
       0.00000000       0.00000000       0.00000000       0.00000000       0.00000000       0.00000000       0.00000000       0.00000000       0.00000000       0.00000000       0.00000000       0.00000000       0.00000000       0.00000000       0.00000000       0.00000000       0.00000000       0.00000000  1.00000000E-04  1.00000000E-04
  1.00000000E-04  1.00000000E-04  1.00000000E-04  1.00000000E-04  1.00000000E-04  1.00000000E-04  1.00000000E-04  1.00000000E-04  1.00000000E-04  1.00000000E-04  1.00000000E-04  1.00000000E-04  1.00000000E-04  1.00000000E-04  1.00000000E-04  1.00000000E-04  1.00000000E-04  1.00000000E-04  1.00000000E-04  1.00000000E-04
  1.00000000E-04  1.00000000E-04  1.00000000E-04  1.00000000E-04  1.00000000E-04  1.00000000E-04  1.00000000E-04  1.00000000E-04  1.00000000E-04  1.00000000E-04  1.00000000E-04  1.00000000E-04  1.00000000E-04  1.00000000E-04  1.00000000E-04  1.00000000E-04  1.00000000E-04  1.00000000E-04  1.00000000E-04  1.00000000E-04
  1.00000000E-04  1.00000000E-04  1.00000000E-04  1.00000000E-04  1.00000000E-04  1.00000000E-04  1.00000000E-04  1.00000000E-04  1.00000000E-04  1.00000000E-04  1.00000000E-04  1.00000000E-04  1.00000000E-04  1.00000000E-04  1.00000000E-04  1.00000000E-04  1.00000000E-04  1.00000000E-04  1.00000000E-04  1.00000000E-04
  1.00000000E-04  1.00000000E-04  1.00000000E-04  1.00000000E-04  1.00000000E-04  1.00000000E-04  1.00000000E-04  1.00000000E-04  1.00000000E-04  1.00000000E-04  1.00000000E-04  1.00000000E-04  1.00000000E-04  1.00000000E-04  1.00000000E-04  1.00000000E-04  1.00000000E-04  1.00000000E-04  1.00000000E-04  1.00000000E-04
  1.00000000E-04  1.00000000E-04  1.00000000E-04  1.00000000E-04  1.00000000E-04  1.00000000E-04  1.00000000E-04  1.00000000E-04  1.00000000E-04  1.00000000E-04  1.00000000E-04  1.00000000E-04  1.00000000E-04  1.00000000E-04  1.00000000E-04  1.00000000E-04  1.00000000E-04  1.00000000E-04  1.00000000E-04  1.00000000E-04
  1.00000000E-04  1.00000000E-04  1.00000000E-04  1.00000000E-04  1.00000000E-04  1.00000000E-04  1.00000000E-04  1.00000000E-04  1.00000000E-04  1.00000000E-04  1.00000000E-04  1.00000000E-04  1.00000000E-04  1.00000000E-04  1.00000000E-04  1.00000000E-04  1.00000000E-04  1.00000000E-04  1.00000000E-04  1.00000000E-04
  1.00000000E-04  1.00000000E-04  1.00000000E-04  1.00000000E-04  1.00000000E-04  1.00000000E-04  1.00000000E-04  1.00000000E-04  1.00000000E-04  1.00000000E-04       0.00000000
       0.00000000       0.00000000       0.00000000       0.00000000       0.00000000       0.00000000       0.00000000       0.00000000       0.00000000       0.00000000       0.00000000       0.00000000       0.00000000       0.00000000       0.00000000       0.00000000       0.00000000       0.00000000  1.00000000E-04  1.00000000E-04
  1.00000000E-04  1.00000000E-04  1.00000000E-04  1.00000000E-04  1.00000000E-04  1.00000000E-04  1.00000000E-04  1.00000000E-04  1.00000000E-04  1.00000000E-04  1.00000000E-04  1.00000000E-04  1.00000000E-04  1.00000000E-04  1.00000000E-04  1.00000000E-04  1.00000000E-04  1.00000000E-04  1.00000000E-04  1.00000000E-04
  1.00000000E-04  1.00000000E-04  1.00000000E-04  1.00000000E-04  1.00000000E-04  1.00000000E-04  1.00000000E-04  1.00000000E-04  1.00000000E-04  1.00000000E-04  1.00000000E-04  1.00000000E-04  1.00000000E-04  1.00000000E-04  1.00000000E-04  1.00000000E-04  1.00000000E-04  1.00000000E-04  1.00000000E-04  1.00000000E-04
  1.00000000E-04  1.00000000E-04  1.00000000E-04  1.00000000E-04  1.00000000E-04  1.00000000E-04  1.00000000E-04  1.00000000E-04  1.00000000E-04  1.00000000E-04  1.00000000E-04  1.00000000E-04  1.00000000E-04  1.00000000E-04  1.00000000E-04  1.00000000E-04  1.00000000E-04  1.00000000E-04  1.00000000E-04  1.00000000E-04
  1.00000000E-04  1.00000000E-04  1.00000000E-04  1.00000000E-04  1.00000000E-04  1.00000000E-04  1.00000000E-04  1.00000000E-04  1.00000000E-04  1.00000000E-04  1.00000000E-04  1.00000000E-04  1.00000000E-04  1.00000000E-04  1.00000000E-04  1.00000000E-04  1.00000000E-04  1.00000000E-04  1.00000000E-04  1.00000000E-04
  1.00000000E-04  1.00000000E-04  1.00000000E-04  1.00000000E-04  1.00000000E-04  1.00000000E-04  1.00000000E-04  1.00000000E-04  1.00000000E-04  1.00000000E-04  1.00000000E-04  1.00000000E-04  1.00000000E-04  1.00000000E-04  1.00000000E-04  1.00000000E-04  1.00000000E-04  1.00000000E-04  1.00000000E-04  1.00000000E-04
  1.00000000E-04  1.00000000E-04  1.00000000E-04  1.00000000E-04  1.00000000E-04  1.00000000E-04  1.00000000E-04  1.00000000E-04  1.00000000E-04  1.00000000E-04  1.00000000E-04  1.00000000E-04  1.00000000E-04  1.00000000E-04  1.00000000E-04  1.00000000E-04  1.00000000E-04  1.00000000E-04  1.00000000E-04  1.00000000E-04
  1.00000000E-04  1.00000000E-04  1.00000000E-04  1.00000000E-04  1.00000000E-04  1.00000000E-04  1.00000000E-04  1.00000000E-04  1.00000000E-04  1.00000000E-04       0.00000000
       0.00000000       0.00000000       0.00000000       0.00000000       0.00000000       0.00000000       0.00000000       0.00000000       0.00000000       0.00000000       0.00000000       0.00000000       0.00000000       0.00000000       0.00000000       0.00000000       0.00000000  1.00000000E-04  1.00000000E-04  1.00000000E-04
  1.00000000E-04  1.00000000E-04  1.00000000E-04  1.00000000E-04  1.00000000E-04  1.00000000E-04  1.00000000E-04  1.00000000E-04  1.00000000E-04  1.00000000E-04  1.00000000E-04  1.00000000E-04  1.00000000E-04  1.00000000E-04  1.00000000E-04  1.00000000E-04  1.00000000E-04  1.00000000E-04  1.00000000E-04  1.00000000E-04
  1.00000000E-04  1.00000000E-04  1.00000000E-04  1.00000000E-04  1.00000000E-04  1.00000000E-04  1.00000000E-04  1.00000000E-04  1.00000000E-04  1.00000000E-04  1.00000000E-04  1.00000000E-04  1.00000000E-04  1.00000000E-04  1.00000000E-04  1.00000000E-04  1.00000000E-04  1.00000000E-04  1.00000000E-04  1.00000000E-04
  1.00000000E-04  1.00000000E-04  1.00000000E-04  1.00000000E-04  1.00000000E-04  1.00000000E-04  1.00000000E-04  1.00000000E-04  1.00000000E-04  1.00000000E-04  1.00000000E-04  1.00000000E-04  1.00000000E-04  1.00000000E-04  1.00000000E-04  1.00000000E-04  1.00000000E-04  1.00000000E-04  1.00000000E-04  1.00000000E-04
  1.00000000E-04  1.00000000E-04  1.00000000E-04  1.00000000E-04  1.00000000E-04  1.00000000E-04  1.00000000E-04  1.00000000E-04  1.00000000E-04  1.00000000E-04  1.00000000E-04  1.00000000E-04  1.00000000E-04  1.00000000E-04  1.00000000E-04  1.00000000E-04  1.00000000E-04  1.00000000E-04  1.00000000E-04  1.00000000E-04
  1.00000000E-04  1.00000000E-04  1.00000000E-04  1.00000000E-04  1.00000000E-04  1.00000000E-04  1.00000000E-04  1.00000000E-04  1.00000000E-04  1.00000000E-04  1.00000000E-04  1.00000000E-04  1.00000000E-04  1.00000000E-04  1.00000000E-04  1.00000000E-04  1.00000000E-04  1.00000000E-04  1.00000000E-04  1.00000000E-04
  1.00000000E-04  1.00000000E-04  1.00000000E-04  1.00000000E-04  1.00000000E-04  1.00000000E-04  1.00000000E-04  1.00000000E-04  1.00000000E-04  1.00000000E-04  1.00000000E-04  1.00000000E-04  1.00000000E-04  1.00000000E-04  1.00000000E-04  1.00000000E-04  1.00000000E-04  1.00000000E-04  1.00000000E-04  1.00000000E-04
  1.00000000E-04  1.00000000E-04  1.00000000E-04  1.00000000E-04  1.00000000E-04  1.00000000E-04  1.00000000E-04  1.00000000E-04  1.00000000E-04  1.00000000E-04       0.00000000
       0.00000000       0.00000000       0.00000000       0.00000000       0.00000000       0.00000000       0.00000000       0.00000000       0.00000000       0.00000000       0.00000000       0.00000000       0.00000000       0.00000000       0.00000000       0.00000000       0.00000000  1.00000000E-04  1.00000000E-04  1.00000000E-04
  1.00000000E-04  1.00000000E-04  1.00000000E-04  1.00000000E-04  1.00000000E-04  1.00000000E-04  1.00000000E-04  1.00000000E-04  1.00000000E-04  1.00000000E-04  1.00000000E-04  1.00000000E-04  1.00000000E-04  1.00000000E-04  1.00000000E-04  1.00000000E-04  1.00000000E-04  1.00000000E-04  1.00000000E-04  1.00000000E-04
  1.00000000E-04  1.00000000E-04  1.00000000E-04  1.00000000E-04  1.00000000E-04  1.00000000E-04  1.00000000E-04  1.00000000E-04  1.00000000E-04  1.00000000E-04  1.00000000E-04  1.00000000E-04  1.00000000E-04  1.00000000E-04  1.00000000E-04  1.00000000E-04  1.00000000E-04  1.00000000E-04  1.00000000E-04  1.00000000E-04
  1.00000000E-04  1.00000000E-04  1.00000000E-04  1.00000000E-04  1.00000000E-04  1.00000000E-04  1.00000000E-04  1.00000000E-04  1.00000000E-04  1.00000000E-04  1.00000000E-04  1.00000000E-04  1.00000000E-04  1.00000000E-04  1.00000000E-04  1.00000000E-04  1.00000000E-04  1.00000000E-04  1.00000000E-04  1.00000000E-04
  1.00000000E-04  1.00000000E-04  1.00000000E-04  1.00000000E-04  1.00000000E-04  1.00000000E-04  1.00000000E-04  1.00000000E-04  1.00000000E-04  1.00000000E-04  1.00000000E-04  1.00000000E-04  1.00000000E-04  1.00000000E-04  1.00000000E-04  1.00000000E-04  1.00000000E-04  1.00000000E-04  1.00000000E-04  1.00000000E-04
  1.00000000E-04  1.00000000E-04  1.00000000E-04  1.00000000E-04  1.00000000E-04  1.00000000E-04  1.00000000E-04  1.00000000E-04  1.00000000E-04  1.00000000E-04  1.00000000E-04  1.00000000E-04  1.00000000E-04  1.00000000E-04  1.00000000E-04  1.00000000E-04  1.00000000E-04  1.00000000E-04  1.00000000E-04  1.00000000E-04
  1.00000000E-04  1.00000000E-04  1.00000000E-04  1.00000000E-04  1.00000000E-04  1.00000000E-04  1.00000000E-04  1.00000000E-04  1.00000000E-04  1.00000000E-04  1.00000000E-04  1.00000000E-04  1.00000000E-04  1.00000000E-04  1.00000000E-04  1.00000000E-04  1.00000000E-04  1.00000000E-04  1.00000000E-04  1.00000000E-04
  1.00000000E-04  1.00000000E-04  1.00000000E-04  1.00000000E-04  1.00000000E-04  1.00000000E-04  1.00000000E-04  1.00000000E-04  1.00000000E-04  1.00000000E-04       0.00000000
       0.00000000       0.00000000       0.00000000       0.00000000       0.00000000       0.00000000       0.00000000       0.00000000       0.00000000       0.00000000       0.00000000       0.00000000       0.00000000       0.00000000       0.00000000       0.00000000  1.00000000E-04  1.00000000E-04  1.00000000E-04  1.00000000E-04
  1.00000000E-04  1.00000000E-04  1.00000000E-04  1.00000000E-04  1.00000000E-04  1.00000000E-04  1.00000000E-04  1.00000000E-04  1.00000000E-04  1.00000000E-04  1.00000000E-04  1.00000000E-04  1.00000000E-04  1.00000000E-04  1.00000000E-04  1.00000000E-04  1.00000000E-04  1.00000000E-04  1.00000000E-04  1.00000000E-04
  1.00000000E-04  1.00000000E-04  1.00000000E-04  1.00000000E-04  1.00000000E-04  1.00000000E-04  1.00000000E-04  1.00000000E-04  1.00000000E-04  1.00000000E-04  1.00000000E-04  1.00000000E-04  1.00000000E-04  1.00000000E-04  1.00000000E-04  1.00000000E-04  1.00000000E-04  1.00000000E-04  1.00000000E-04  1.00000000E-04
  1.00000000E-04  1.00000000E-04  1.00000000E-04  1.00000000E-04  1.00000000E-04  1.00000000E-04  1.00000000E-04  1.00000000E-04  1.00000000E-04  1.00000000E-04  1.00000000E-04  1.00000000E-04  1.00000000E-04  1.00000000E-04  1.00000000E-04  1.00000000E-04  1.00000000E-04  1.00000000E-04  1.00000000E-04  1.00000000E-04
  1.00000000E-04  1.00000000E-04  1.00000000E-04  1.00000000E-04  1.00000000E-04  1.00000000E-04  1.00000000E-04  1.00000000E-04  1.00000000E-04  1.00000000E-04  1.00000000E-04  1.00000000E-04  1.00000000E-04  1.00000000E-04  1.00000000E-04  1.00000000E-04  1.00000000E-04  1.00000000E-04  1.00000000E-04  1.00000000E-04
  1.00000000E-04  1.00000000E-04  1.00000000E-04  1.00000000E-04  1.00000000E-04  1.00000000E-04  1.00000000E-04  1.00000000E-04  1.00000000E-04  1.00000000E-04  1.00000000E-04  1.00000000E-04  1.00000000E-04  1.00000000E-04  1.00000000E-04  1.00000000E-04  1.00000000E-04  1.00000000E-04  1.00000000E-04  1.00000000E-04
  1.00000000E-04  1.00000000E-04  1.00000000E-04  1.00000000E-04  1.00000000E-04  1.00000000E-04  1.00000000E-04  1.00000000E-04  1.00000000E-04  1.00000000E-04  1.00000000E-04  1.00000000E-04  1.00000000E-04  1.00000000E-04  1.00000000E-04  1.00000000E-04  1.00000000E-04  1.00000000E-04  1.00000000E-04  1.00000000E-04
  1.00000000E-04  1.00000000E-04  1.00000000E-04  1.00000000E-04  1.00000000E-04  1.00000000E-04  1.00000000E-04  1.00000000E-04  1.00000000E-04  1.00000000E-04       0.00000000
       0.00000000       0.00000000       0.00000000       0.00000000       0.00000000       0.00000000       0.00000000       0.00000000       0.00000000       0.00000000       0.00000000       0.00000000       0.00000000       0.00000000       0.00000000       0.00000000  1.00000000E-04  1.00000000E-04  1.00000000E-04  1.00000000E-04
  1.00000000E-04  1.00000000E-04  1.00000000E-04  1.00000000E-04  1.00000000E-04  1.00000000E-04  1.00000000E-04  1.00000000E-04  1.00000000E-04  1.00000000E-04  1.00000000E-04  1.00000000E-04  1.00000000E-04  1.00000000E-04  1.00000000E-04  1.00000000E-04  1.00000000E-04  1.00000000E-04  1.00000000E-04  1.00000000E-04
  1.00000000E-04  1.00000000E-04  1.00000000E-04  1.00000000E-04  1.00000000E-04  1.00000000E-04  1.00000000E-04  1.00000000E-04  1.00000000E-04  1.00000000E-04  1.00000000E-04  1.00000000E-04  1.00000000E-04  1.00000000E-04  1.00000000E-04  1.00000000E-04  1.00000000E-04  1.00000000E-04  1.00000000E-04  1.00000000E-04
  1.00000000E-04  1.00000000E-04  1.00000000E-04  1.00000000E-04  1.00000000E-04  1.00000000E-04  1.00000000E-04  1.00000000E-04  1.00000000E-04  1.00000000E-04  1.00000000E-04  1.00000000E-04  1.00000000E-04  1.00000000E-04  1.00000000E-04  1.00000000E-04  1.00000000E-04  1.00000000E-04  1.00000000E-04  1.00000000E-04
  1.00000000E-04  1.00000000E-04  1.00000000E-04  1.00000000E-04  1.00000000E-04  1.00000000E-04  1.00000000E-04  1.00000000E-04  1.00000000E-04  1.00000000E-04  1.00000000E-04  1.00000000E-04  1.00000000E-04  1.00000000E-04  1.00000000E-04  1.00000000E-04  1.00000000E-04  1.00000000E-04  1.00000000E-04  1.00000000E-04
  1.00000000E-04  1.00000000E-04  1.00000000E-04  1.00000000E-04  1.00000000E-04  1.00000000E-04  1.00000000E-04  1.00000000E-04  1.00000000E-04  1.00000000E-04  1.00000000E-04  1.00000000E-04  1.00000000E-04  1.00000000E-04  1.00000000E-04  1.00000000E-04  1.00000000E-04  1.00000000E-04  1.00000000E-04  1.00000000E-04
  1.00000000E-04  1.00000000E-04  1.00000000E-04  1.00000000E-04  1.00000000E-04  1.00000000E-04  1.00000000E-04  1.00000000E-04  1.00000000E-04  1.00000000E-04  1.00000000E-04  1.00000000E-04  1.00000000E-04  1.00000000E-04  1.00000000E-04  1.00000000E-04  1.00000000E-04  1.00000000E-04  1.00000000E-04  1.00000000E-04
  1.00000000E-04  1.00000000E-04  1.00000000E-04  1.00000000E-04  1.00000000E-04  1.00000000E-04  1.00000000E-04  1.00000000E-04  1.00000000E-04  1.00000000E-04       0.00000000
       0.00000000       0.00000000       0.00000000       0.00000000       0.00000000       0.00000000       0.00000000       0.00000000       0.00000000       0.00000000       0.00000000       0.00000000       0.00000000       0.00000000       0.00000000  1.00000000E-04  1.00000000E-04  1.00000000E-04  1.00000000E-04  1.00000000E-04
  1.00000000E-04  1.00000000E-04  1.00000000E-04  1.00000000E-04  1.00000000E-04  1.00000000E-04  1.00000000E-04  1.00000000E-04  1.00000000E-04  1.00000000E-04  1.00000000E-04  1.00000000E-04  1.00000000E-04  1.00000000E-04  1.00000000E-04  1.00000000E-04  1.00000000E-04  1.00000000E-04  1.00000000E-04  1.00000000E-04
  1.00000000E-04  1.00000000E-04  1.00000000E-04  1.00000000E-04  1.00000000E-04  1.00000000E-04  1.00000000E-04  1.00000000E-04  1.00000000E-04  1.00000000E-04  1.00000000E-04  1.00000000E-04  1.00000000E-04  1.00000000E-04  1.00000000E-04  1.00000000E-04  1.00000000E-04  1.00000000E-04  1.00000000E-04  1.00000000E-04
  1.00000000E-04  1.00000000E-04  1.00000000E-04  1.00000000E-04  1.00000000E-04  1.00000000E-04  1.00000000E-04  1.00000000E-04  1.00000000E-04  1.00000000E-04  1.00000000E-04  1.00000000E-04  1.00000000E-04  1.00000000E-04  1.00000000E-04  1.00000000E-04  1.00000000E-04  1.00000000E-04  1.00000000E-04  1.00000000E-04
  1.00000000E-04  1.00000000E-04  1.00000000E-04  1.00000000E-04  1.00000000E-04  1.00000000E-04  1.00000000E-04  1.00000000E-04  1.00000000E-04  1.00000000E-04  1.00000000E-04  1.00000000E-04  1.00000000E-04  1.00000000E-04  1.00000000E-04  1.00000000E-04  1.00000000E-04  1.00000000E-04  1.00000000E-04  1.00000000E-04
  1.00000000E-04  1.00000000E-04  1.00000000E-04  1.00000000E-04  1.00000000E-04  1.00000000E-04  1.00000000E-04  1.00000000E-04  1.00000000E-04  1.00000000E-04  1.00000000E-04  1.00000000E-04  1.00000000E-04  1.00000000E-04  1.00000000E-04  1.00000000E-04  1.00000000E-04  1.00000000E-04  1.00000000E-04  1.00000000E-04
  1.00000000E-04  1.00000000E-04  1.00000000E-04  1.00000000E-04  1.00000000E-04  1.00000000E-04  1.00000000E-04  1.00000000E-04  1.00000000E-04  1.00000000E-04  1.00000000E-04  1.00000000E-04  1.00000000E-04  1.00000000E-04  1.00000000E-04  1.00000000E-04  1.00000000E-04  1.00000000E-04  1.00000000E-04  1.00000000E-04
  1.00000000E-04  1.00000000E-04  1.00000000E-04  1.00000000E-04  1.00000000E-04  1.00000000E-04  1.00000000E-04  1.00000000E-04  1.00000000E-04  1.00000000E-04       0.00000000
       0.00000000       0.00000000       0.00000000       0.00000000       0.00000000       0.00000000       0.00000000       0.00000000       0.00000000       0.00000000       0.00000000       0.00000000       0.00000000       0.00000000       0.00000000  1.00000000E-04  1.00000000E-04  1.00000000E-04  1.00000000E-04  1.00000000E-04
  1.00000000E-04  1.00000000E-04  1.00000000E-04  1.00000000E-04  1.00000000E-04  1.00000000E-04  1.00000000E-04  1.00000000E-04  1.00000000E-04  1.00000000E-04  1.00000000E-04  1.00000000E-04  1.00000000E-04  1.00000000E-04  1.00000000E-04  1.00000000E-04  1.00000000E-04  1.00000000E-04  1.00000000E-04  1.00000000E-04
  1.00000000E-04  1.00000000E-04  1.00000000E-04  1.00000000E-04  1.00000000E-04  1.00000000E-04  1.00000000E-04  1.00000000E-04  1.00000000E-04  1.00000000E-04  1.00000000E-04  1.00000000E-04  1.00000000E-04  1.00000000E-04  1.00000000E-04  1.00000000E-04  1.00000000E-04  1.00000000E-04  1.00000000E-04  1.00000000E-04
  1.00000000E-04  1.00000000E-04  1.00000000E-04  1.00000000E-04  1.00000000E-04  1.00000000E-04  1.00000000E-04  1.00000000E-04  1.00000000E-04  1.00000000E-04  1.00000000E-04  1.00000000E-04  1.00000000E-04  1.00000000E-04  1.00000000E-04  1.00000000E-04  1.00000000E-04  1.00000000E-04  1.00000000E-04  1.00000000E-04
  1.00000000E-04  1.00000000E-04  1.00000000E-04  1.00000000E-04  1.00000000E-04  1.00000000E-04  1.00000000E-04  1.00000000E-04  1.00000000E-04  1.00000000E-04  1.00000000E-04  1.00000000E-04  1.00000000E-04  1.00000000E-04  1.00000000E-04  1.00000000E-04  1.00000000E-04  1.00000000E-04  1.00000000E-04  1.00000000E-04
  1.00000000E-04  1.00000000E-04  1.00000000E-04  1.00000000E-04  1.00000000E-04  1.00000000E-04  1.00000000E-04  1.00000000E-04  1.00000000E-04  1.00000000E-04  1.00000000E-04  1.00000000E-04  1.00000000E-04  1.00000000E-04  1.00000000E-04  1.00000000E-04  1.00000000E-04  1.00000000E-04  1.00000000E-04  1.00000000E-04
  1.00000000E-04  1.00000000E-04  1.00000000E-04  1.00000000E-04  1.00000000E-04  1.00000000E-04  1.00000000E-04  1.00000000E-04  1.00000000E-04  1.00000000E-04  1.00000000E-04  1.00000000E-04  1.00000000E-04  1.00000000E-04  1.00000000E-04  1.00000000E-04  1.00000000E-04  1.00000000E-04  1.00000000E-04  1.00000000E-04
  1.00000000E-04  1.00000000E-04  1.00000000E-04  1.00000000E-04  1.00000000E-04  1.00000000E-04  1.00000000E-04  1.00000000E-04  1.00000000E-04  1.00000000E-04       0.00000000
       0.00000000       0.00000000       0.00000000       0.00000000       0.00000000       0.00000000       0.00000000       0.00000000       0.00000000       0.00000000       0.00000000       0.00000000       0.00000000       0.00000000       0.00000000  1.00000000E-04  1.00000000E-04  1.00000000E-04  1.00000000E-04  1.00000000E-04
  1.00000000E-04  1.00000000E-04  1.00000000E-04  1.00000000E-04  1.00000000E-04  1.00000000E-04  1.00000000E-04  1.00000000E-04  1.00000000E-04  1.00000000E-04  1.00000000E-04  1.00000000E-04  1.00000000E-04  1.00000000E-04  1.00000000E-04  1.00000000E-04  1.00000000E-04  1.00000000E-04  1.00000000E-04  1.00000000E-04
  1.00000000E-04  1.00000000E-04  1.00000000E-04  1.00000000E-04  1.00000000E-04  1.00000000E-04  1.00000000E-04  1.00000000E-04  1.00000000E-04  1.00000000E-04  1.00000000E-04  1.00000000E-04  1.00000000E-04  1.00000000E-04  1.00000000E-04  1.00000000E-04  1.00000000E-04  1.00000000E-04  1.00000000E-04  1.00000000E-04
  1.00000000E-04  1.00000000E-04  1.00000000E-04  1.00000000E-04  1.00000000E-04  1.00000000E-04  1.00000000E-04  1.00000000E-04  1.00000000E-04  1.00000000E-04  1.00000000E-04  1.00000000E-04  1.00000000E-04  1.00000000E-04  1.00000000E-04  1.00000000E-04  1.00000000E-04  1.00000000E-04  1.00000000E-04  1.00000000E-04
  1.00000000E-04  1.00000000E-04  1.00000000E-04  1.00000000E-04  1.00000000E-04  1.00000000E-04  1.00000000E-04  1.00000000E-04  1.00000000E-04  1.00000000E-04  1.00000000E-04  1.00000000E-04  1.00000000E-04  1.00000000E-04  1.00000000E-04  1.00000000E-04  1.00000000E-04  1.00000000E-04  1.00000000E-04  1.00000000E-04
  1.00000000E-04  1.00000000E-04  1.00000000E-04  1.00000000E-04  1.00000000E-04  1.00000000E-04  1.00000000E-04  1.00000000E-04  1.00000000E-04  1.00000000E-04  1.00000000E-04  1.00000000E-04  1.00000000E-04  1.00000000E-04  1.00000000E-04  1.00000000E-04  1.00000000E-04  1.00000000E-04  1.00000000E-04  1.00000000E-04
  1.00000000E-04  1.00000000E-04  1.00000000E-04  1.00000000E-04  1.00000000E-04  1.00000000E-04  1.00000000E-04  1.00000000E-04  1.00000000E-04  1.00000000E-04  1.00000000E-04  1.00000000E-04  1.00000000E-04  1.00000000E-04  1.00000000E-04  1.00000000E-04  1.00000000E-04  1.00000000E-04  1.00000000E-04  1.00000000E-04
  1.00000000E-04  1.00000000E-04  1.00000000E-04  1.00000000E-04  1.00000000E-04  1.00000000E-04  1.00000000E-04  1.00000000E-04  1.00000000E-04  1.00000000E-04       0.00000000
       0.00000000       0.00000000       0.00000000       0.00000000       0.00000000       0.00000000       0.00000000       0.00000000       0.00000000       0.00000000       0.00000000       0.00000000       0.00000000       0.00000000  1.00000000E-04  1.00000000E-04  1.00000000E-04  1.00000000E-04  1.00000000E-04  1.00000000E-04
  1.00000000E-04  1.00000000E-04  1.00000000E-04  1.00000000E-04  1.00000000E-04  1.00000000E-04  1.00000000E-04  1.00000000E-04  1.00000000E-04  1.00000000E-04  1.00000000E-04  1.00000000E-04  1.00000000E-04  1.00000000E-04  1.00000000E-04  1.00000000E-04  1.00000000E-04  1.00000000E-04  1.00000000E-04  1.00000000E-04
  1.00000000E-04  1.00000000E-04  1.00000000E-04  1.00000000E-04  1.00000000E-04  1.00000000E-04  1.00000000E-04  1.00000000E-04  1.00000000E-04  1.00000000E-04  1.00000000E-04  1.00000000E-04  1.00000000E-04  1.00000000E-04  1.00000000E-04  1.00000000E-04  1.00000000E-04  1.00000000E-04  1.00000000E-04  1.00000000E-04
  1.00000000E-04  1.00000000E-04  1.00000000E-04  1.00000000E-04  1.00000000E-04  1.00000000E-04  1.00000000E-04  1.00000000E-04  1.00000000E-04  1.00000000E-04  1.00000000E-04  1.00000000E-04  1.00000000E-04  1.00000000E-04  1.00000000E-04  1.00000000E-04  1.00000000E-04  1.00000000E-04  1.00000000E-04  1.00000000E-04
  1.00000000E-04  1.00000000E-04  1.00000000E-04  1.00000000E-04  1.00000000E-04  1.00000000E-04  1.00000000E-04  1.00000000E-04  1.00000000E-04  1.00000000E-04  1.00000000E-04  1.00000000E-04  1.00000000E-04  1.00000000E-04  1.00000000E-04  1.00000000E-04  1.00000000E-04  1.00000000E-04  1.00000000E-04  1.00000000E-04
  1.00000000E-04  1.00000000E-04  1.00000000E-04  1.00000000E-04  1.00000000E-04  1.00000000E-04  1.00000000E-04  1.00000000E-04       0.00000000       0.00000000       0.00000000       0.00000000       0.00000000       0.00000000       0.00000000       0.00000000       0.00000000       0.00000000       0.00000000       0.00000000
       0.00000000       0.00000000       0.00000000       0.00000000  1.00000000E-04  1.00000000E-04  1.00000000E-04  1.00000000E-04  1.00000000E-04  1.00000000E-04  1.00000000E-04  1.00000000E-04  1.00000000E-04  1.00000000E-04  1.00000000E-04  1.00000000E-04  1.00000000E-04  1.00000000E-04  1.00000000E-04  1.00000000E-04
  1.00000000E-04  1.00000000E-04  1.00000000E-04  1.00000000E-04  1.00000000E-04  1.00000000E-04  1.00000000E-04  1.00000000E-04  1.00000000E-04  1.00000000E-04       0.00000000
       0.00000000       0.00000000       0.00000000       0.00000000       0.00000000       0.00000000       0.00000000       0.00000000       0.00000000       0.00000000       0.00000000       0.00000000       0.00000000       0.00000000  1.00000000E-04  1.00000000E-04  1.00000000E-04  1.00000000E-04  1.00000000E-04  1.00000000E-04
  1.00000000E-04  1.00000000E-04  1.00000000E-04  1.00000000E-04  1.00000000E-04  1.00000000E-04  1.00000000E-04  1.00000000E-04  1.00000000E-04  1.00000000E-04  1.00000000E-04  1.00000000E-04  1.00000000E-04  1.00000000E-04  1.00000000E-04  1.00000000E-04  1.00000000E-04  1.00000000E-04  1.00000000E-04  1.00000000E-04
  1.00000000E-04  1.00000000E-04  1.00000000E-04  1.00000000E-04  1.00000000E-04  1.00000000E-04  1.00000000E-04  1.00000000E-04  1.00000000E-04  1.00000000E-04  1.00000000E-04  1.00000000E-04  1.00000000E-04  1.00000000E-04  1.00000000E-04  1.00000000E-04  1.00000000E-04  1.00000000E-04  1.00000000E-04  1.00000000E-04
  1.00000000E-04  1.00000000E-04  1.00000000E-04  1.00000000E-04  1.00000000E-04  1.00000000E-04  1.00000000E-04  1.00000000E-04  1.00000000E-04  1.00000000E-04  1.00000000E-04  1.00000000E-04  1.00000000E-04  1.00000000E-04  1.00000000E-04  1.00000000E-04  1.00000000E-04  1.00000000E-04  1.00000000E-04  1.00000000E-04
  1.00000000E-04  1.00000000E-04  1.00000000E-04  1.00000000E-04  1.00000000E-04  1.00000000E-04  1.00000000E-04  1.00000000E-04  1.00000000E-04  1.00000000E-04  1.00000000E-04  1.00000000E-04  1.00000000E-04  1.00000000E-04  1.00000000E-04  1.00000000E-04  1.00000000E-04  1.00000000E-04  1.00000000E-04  1.00000000E-04
  1.00000000E-04  1.00000000E-04  1.00000000E-04  1.00000000E-04  1.00000000E-04  1.00000000E-04  1.00000000E-04  1.00000000E-04       0.00000000       0.00000000       0.00000000       0.00000000       0.00000000       0.00000000       0.00000000       0.00000000       0.00000000       0.00000000       0.00000000       0.00000000
       0.00000000       0.00000000       0.00000000       0.00000000       0.00000000       0.00000000       0.00000000  1.00000000E-04  1.00000000E-04  1.00000000E-04  1.00000000E-04  1.00000000E-04  1.00000000E-04  1.00000000E-04  1.00000000E-04  1.00000000E-04  1.00000000E-04  1.00000000E-04  1.00000000E-04  1.00000000E-04
  1.00000000E-04  1.00000000E-04  1.00000000E-04  1.00000000E-04  1.00000000E-04  1.00000000E-04  1.00000000E-04  1.00000000E-04  1.00000000E-04  1.00000000E-04       0.00000000
       0.00000000       0.00000000       0.00000000       0.00000000       0.00000000       0.00000000       0.00000000       0.00000000       0.00000000       0.00000000       0.00000000       0.00000000       0.00000000  1.00000000E-04  1.00000000E-04  1.00000000E-04  1.00000000E-04  1.00000000E-04  1.00000000E-04  1.00000000E-04
  1.00000000E-04  1.00000000E-04  1.00000000E-04  1.00000000E-04  1.00000000E-04  1.00000000E-04  1.00000000E-04  1.00000000E-04  1.00000000E-04  1.00000000E-04  1.00000000E-04  1.00000000E-04  1.00000000E-04  1.00000000E-04  1.00000000E-04  1.00000000E-04  1.00000000E-04  1.00000000E-04  1.00000000E-04  1.00000000E-04
  1.00000000E-04  1.00000000E-04  1.00000000E-04  1.00000000E-04  1.00000000E-04  1.00000000E-04  1.00000000E-04  1.00000000E-04  1.00000000E-04  1.00000000E-04  1.00000000E-04  1.00000000E-04  1.00000000E-04  1.00000000E-04  1.00000000E-04  1.00000000E-04  1.00000000E-04  1.00000000E-04  1.00000000E-04  1.00000000E-04
  1.00000000E-04  1.00000000E-04  1.00000000E-04  1.00000000E-04  1.00000000E-04  1.00000000E-04  1.00000000E-04  1.00000000E-04  1.00000000E-04  1.00000000E-04  1.00000000E-04  1.00000000E-04  1.00000000E-04  1.00000000E-04  1.00000000E-04  1.00000000E-04  1.00000000E-04  1.00000000E-04  1.00000000E-04  1.00000000E-04
  1.00000000E-04  1.00000000E-04  1.00000000E-04  1.00000000E-04  1.00000000E-04  1.00000000E-04  1.00000000E-04  1.00000000E-04  1.00000000E-04  1.00000000E-04  1.00000000E-04  1.00000000E-04  1.00000000E-04  1.00000000E-04  1.00000000E-04  1.00000000E-04  1.00000000E-04  1.00000000E-04  1.00000000E-04  1.00000000E-04
  1.00000000E-04  1.00000000E-04  1.00000000E-04  1.00000000E-04  1.00000000E-04  1.00000000E-04  1.00000000E-04       0.00000000       0.00000000       0.00000000       0.00000000       0.00000000       0.00000000       0.00000000       0.00000000       0.00000000       0.00000000       0.00000000       0.00000000       0.00000000
       0.00000000       0.00000000       0.00000000       0.00000000       0.00000000       0.00000000       0.00000000       0.00000000       0.00000000       0.00000000  1.00000000E-04  1.00000000E-04  1.00000000E-04  1.00000000E-04  1.00000000E-04  1.00000000E-04  1.00000000E-04  1.00000000E-04  1.00000000E-04  1.00000000E-04
  1.00000000E-04  1.00000000E-04  1.00000000E-04  1.00000000E-04  1.00000000E-04  1.00000000E-04  1.00000000E-04  1.00000000E-04  1.00000000E-04  1.00000000E-04       0.00000000
       0.00000000       0.00000000       0.00000000       0.00000000       0.00000000       0.00000000       0.00000000       0.00000000       0.00000000       0.00000000       0.00000000       0.00000000       0.00000000  1.00000000E-04  1.00000000E-04  1.00000000E-04  1.00000000E-04  1.00000000E-04  1.00000000E-04  1.00000000E-04
  1.00000000E-04  1.00000000E-04  1.00000000E-04  1.00000000E-04  1.00000000E-04  1.00000000E-04  1.00000000E-04  1.00000000E-04  1.00000000E-04  1.00000000E-04  1.00000000E-04  1.00000000E-04  1.00000000E-04  1.00000000E-04  1.00000000E-04  1.00000000E-04  1.00000000E-04  1.00000000E-04  1.00000000E-04  1.00000000E-04
  1.00000000E-04  1.00000000E-04  1.00000000E-04  1.00000000E-04  1.00000000E-04  1.00000000E-04  1.00000000E-04  1.00000000E-04  1.00000000E-04  1.00000000E-04  1.00000000E-04  1.00000000E-04  1.00000000E-04  1.00000000E-04  1.00000000E-04  1.00000000E-04  1.00000000E-04  1.00000000E-04  1.00000000E-04  1.00000000E-04
  1.00000000E-04  1.00000000E-04  1.00000000E-04  1.00000000E-04  1.00000000E-04  1.00000000E-04  1.00000000E-04  1.00000000E-04  1.00000000E-04  1.00000000E-04  1.00000000E-04  1.00000000E-04  1.00000000E-04  1.00000000E-04  1.00000000E-04  1.00000000E-04  1.00000000E-04  1.00000000E-04  1.00000000E-04  1.00000000E-04
  1.00000000E-04  1.00000000E-04  1.00000000E-04  1.00000000E-04  1.00000000E-04  1.00000000E-04  1.00000000E-04  1.00000000E-04  1.00000000E-04  1.00000000E-04  1.00000000E-04  1.00000000E-04  1.00000000E-04  1.00000000E-04  1.00000000E-04  1.00000000E-04  1.00000000E-04  1.00000000E-04  1.00000000E-04  1.00000000E-04
  1.00000000E-04  1.00000000E-04  1.00000000E-04  1.00000000E-04  1.00000000E-04  1.00000000E-04  1.00000000E-04       0.00000000       0.00000000       0.00000000       0.00000000       0.00000000       0.00000000       0.00000000       0.00000000       0.00000000       0.00000000       0.00000000       0.00000000       0.00000000
       0.00000000       0.00000000       0.00000000       0.00000000       0.00000000       0.00000000       0.00000000       0.00000000       0.00000000       0.00000000       0.00000000       0.00000000  1.00000000E-04  1.00000000E-04  1.00000000E-04  1.00000000E-04  1.00000000E-04  1.00000000E-04  1.00000000E-04  1.00000000E-04
  1.00000000E-04  1.00000000E-04  1.00000000E-04  1.00000000E-04  1.00000000E-04  1.00000000E-04  1.00000000E-04  1.00000000E-04  1.00000000E-04  1.00000000E-04       0.00000000
       0.00000000       0.00000000       0.00000000       0.00000000       0.00000000       0.00000000       0.00000000       0.00000000       0.00000000       0.00000000       0.00000000       0.00000000  1.00000000E-04  1.00000000E-04  1.00000000E-04  1.00000000E-04  1.00000000E-04  1.00000000E-04  1.00000000E-04  1.00000000E-04
  1.00000000E-04  1.00000000E-04  1.00000000E-04  1.00000000E-04  1.00000000E-04  1.00000000E-04  1.00000000E-04  1.00000000E-04  1.00000000E-04  1.00000000E-04  1.00000000E-04  1.00000000E-04  1.00000000E-04  1.00000000E-04  1.00000000E-04  1.00000000E-04  1.00000000E-04  1.00000000E-04  1.00000000E-04  1.00000000E-04
  1.00000000E-04  1.00000000E-04  1.00000000E-04  1.00000000E-04  1.00000000E-04  1.00000000E-04  1.00000000E-04  1.00000000E-04  1.00000000E-04  1.00000000E-04  1.00000000E-04  1.00000000E-04  1.00000000E-04  1.00000000E-04  1.00000000E-04  1.00000000E-04  1.00000000E-04  1.00000000E-04  1.00000000E-04  1.00000000E-04
  1.00000000E-04  1.00000000E-04  1.00000000E-04  1.00000000E-04  1.00000000E-04  1.00000000E-04  1.00000000E-04  1.00000000E-04  1.00000000E-04  1.00000000E-04  1.00000000E-04  1.00000000E-04  1.00000000E-04  1.00000000E-04  1.00000000E-04  1.00000000E-04  1.00000000E-04  1.00000000E-04  1.00000000E-04  1.00000000E-04
  1.00000000E-04  1.00000000E-04  1.00000000E-04  1.00000000E-04  1.00000000E-04  1.00000000E-04  1.00000000E-04  1.00000000E-04  1.00000000E-04  1.00000000E-04  1.00000000E-04  1.00000000E-04  1.00000000E-04  1.00000000E-04  1.00000000E-04  1.00000000E-04  1.00000000E-04  1.00000000E-04  1.00000000E-04  1.00000000E-04
  1.00000000E-04  1.00000000E-04  1.00000000E-04  1.00000000E-04  1.00000000E-04  1.00000000E-04  1.00000000E-04       0.00000000       0.00000000       0.00000000       0.00000000       0.00000000       0.00000000       0.00000000       0.00000000       0.00000000       0.00000000       0.00000000       0.00000000       0.00000000
       0.00000000       0.00000000       0.00000000       0.00000000       0.00000000       0.00000000       0.00000000       0.00000000       0.00000000       0.00000000       0.00000000       0.00000000       0.00000000       0.00000000       0.00000000  1.00000000E-04  1.00000000E-04  1.00000000E-04  1.00000000E-04  1.00000000E-04
  1.00000000E-04  1.00000000E-04  1.00000000E-04  1.00000000E-04  1.00000000E-04  1.00000000E-04  1.00000000E-04  1.00000000E-04  1.00000000E-04  1.00000000E-04       0.00000000
       0.00000000       0.00000000       0.00000000       0.00000000       0.00000000       0.00000000       0.00000000       0.00000000       0.00000000       0.00000000       0.00000000       0.00000000  1.00000000E-04  1.00000000E-04  1.00000000E-04  1.00000000E-04  1.00000000E-04  1.00000000E-04  1.00000000E-04  1.00000000E-04
  1.00000000E-04  1.00000000E-04  1.00000000E-04  1.00000000E-04  1.00000000E-04  1.00000000E-04  1.00000000E-04  1.00000000E-04  1.00000000E-04  1.00000000E-04  1.00000000E-04  1.00000000E-04  1.00000000E-04  1.00000000E-04  1.00000000E-04  1.00000000E-04  1.00000000E-04  1.00000000E-04  1.00000000E-04  1.00000000E-04
  1.00000000E-04  1.00000000E-04  1.00000000E-04  1.00000000E-04  1.00000000E-04  1.00000000E-04  1.00000000E-04  1.00000000E-04  1.00000000E-04  1.00000000E-04  1.00000000E-04  1.00000000E-04  1.00000000E-04  1.00000000E-04  1.00000000E-04  1.00000000E-04  1.00000000E-04  1.00000000E-04  1.00000000E-04  1.00000000E-04
  1.00000000E-04  1.00000000E-04  1.00000000E-04  1.00000000E-04  1.00000000E-04  1.00000000E-04  1.00000000E-04  1.00000000E-04  1.00000000E-04  1.00000000E-04  1.00000000E-04  1.00000000E-04  1.00000000E-04  1.00000000E-04  1.00000000E-04  1.00000000E-04  1.00000000E-04  1.00000000E-04  1.00000000E-04  1.00000000E-04
  1.00000000E-04  1.00000000E-04  1.00000000E-04  1.00000000E-04  1.00000000E-04  1.00000000E-04  1.00000000E-04  1.00000000E-04  1.00000000E-04  1.00000000E-04  1.00000000E-04  1.00000000E-04  1.00000000E-04  1.00000000E-04  1.00000000E-04  1.00000000E-04  1.00000000E-04  1.00000000E-04  1.00000000E-04  1.00000000E-04
  1.00000000E-04  1.00000000E-04  1.00000000E-04  1.00000000E-04  1.00000000E-04  1.00000000E-04       0.00000000       0.00000000       0.00000000       0.00000000       0.00000000       0.00000000       0.00000000       0.00000000       0.00000000       0.00000000       0.00000000       0.00000000       0.00000000       0.00000000
       0.00000000       0.00000000       0.00000000       0.00000000       0.00000000       0.00000000       0.00000000       0.00000000       0.00000000       0.00000000       0.00000000       0.00000000       0.00000000       0.00000000       0.00000000       0.00000000       0.00000000       0.00000000  1.00000000E-04  1.00000000E-04
  1.00000000E-04  1.00000000E-04  1.00000000E-04  1.00000000E-04  1.00000000E-04  1.00000000E-04  1.00000000E-04  1.00000000E-04  1.00000000E-04  1.00000000E-04       0.00000000
       0.00000000       0.00000000       0.00000000       0.00000000       0.00000000       0.00000000       0.00000000       0.00000000       0.00000000       0.00000000       0.00000000  1.00000000E-04  1.00000000E-04  1.00000000E-04  1.00000000E-04  1.00000000E-04  1.00000000E-04  1.00000000E-04  1.00000000E-04  1.00000000E-04
  1.00000000E-04  1.00000000E-04  1.00000000E-04  1.00000000E-04  1.00000000E-04  1.00000000E-04  1.00000000E-04  1.00000000E-04  1.00000000E-04  1.00000000E-04  1.00000000E-04  1.00000000E-04  1.00000000E-04  1.00000000E-04  1.00000000E-04  1.00000000E-04  1.00000000E-04  1.00000000E-04  1.00000000E-04  1.00000000E-04
  1.00000000E-04  1.00000000E-04  1.00000000E-04  1.00000000E-04  1.00000000E-04  1.00000000E-04  1.00000000E-04  1.00000000E-04  1.00000000E-04  1.00000000E-04  1.00000000E-04  1.00000000E-04  1.00000000E-04  1.00000000E-04  1.00000000E-04  1.00000000E-04  1.00000000E-04  1.00000000E-04  1.00000000E-04  1.00000000E-04
  1.00000000E-04  1.00000000E-04  1.00000000E-04  1.00000000E-04  1.00000000E-04  1.00000000E-04  1.00000000E-04  1.00000000E-04  1.00000000E-04  1.00000000E-04  1.00000000E-04  1.00000000E-04  1.00000000E-04  1.00000000E-04  1.00000000E-04  1.00000000E-04  1.00000000E-04  1.00000000E-04  1.00000000E-04  1.00000000E-04
  1.00000000E-04  1.00000000E-04  1.00000000E-04  1.00000000E-04  1.00000000E-04  1.00000000E-04  1.00000000E-04  1.00000000E-04  1.00000000E-04  1.00000000E-04  1.00000000E-04  1.00000000E-04  1.00000000E-04  1.00000000E-04  1.00000000E-04  1.00000000E-04  1.00000000E-04  1.00000000E-04  1.00000000E-04  1.00000000E-04
  1.00000000E-04  1.00000000E-04  1.00000000E-04  1.00000000E-04  1.00000000E-04  1.00000000E-04       0.00000000       0.00000000       0.00000000       0.00000000       0.00000000       0.00000000       0.00000000       0.00000000       0.00000000       0.00000000       0.00000000       0.00000000       0.00000000       0.00000000
       0.00000000       0.00000000       0.00000000       0.00000000       0.00000000       0.00000000       0.00000000       0.00000000       0.00000000       0.00000000       0.00000000       0.00000000       0.00000000       0.00000000       0.00000000       0.00000000       0.00000000       0.00000000       0.00000000       0.00000000
       0.00000000  1.00000000E-04  1.00000000E-04  1.00000000E-04  1.00000000E-04  1.00000000E-04  1.00000000E-04  1.00000000E-04  1.00000000E-04  1.00000000E-04       0.00000000
       0.00000000       0.00000000       0.00000000       0.00000000       0.00000000       0.00000000       0.00000000       0.00000000       0.00000000       0.00000000       0.00000000  1.00000000E-04  1.00000000E-04  1.00000000E-04  1.00000000E-04  1.00000000E-04  1.00000000E-04  1.00000000E-04  1.00000000E-04  1.00000000E-04
  1.00000000E-04  1.00000000E-04  1.00000000E-04  1.00000000E-04  1.00000000E-04  1.00000000E-04  1.00000000E-04  1.00000000E-04  1.00000000E-04  1.00000000E-04  1.00000000E-04  1.00000000E-04  1.00000000E-04  1.00000000E-04  1.00000000E-04  1.00000000E-04  1.00000000E-04  1.00000000E-04  1.00000000E-04  1.00000000E-04
  1.00000000E-04  1.00000000E-04  1.00000000E-04  1.00000000E-04  1.00000000E-04  1.00000000E-04  1.00000000E-04  1.00000000E-04  1.00000000E-04  1.00000000E-04  1.00000000E-04  1.00000000E-04  1.00000000E-04  1.00000000E-04  1.00000000E-04  1.00000000E-04  1.00000000E-04  1.00000000E-04  1.00000000E-04  1.00000000E-04
  1.00000000E-04  1.00000000E-04  1.00000000E-04  1.00000000E-04  1.00000000E-04  1.00000000E-04  1.00000000E-04  1.00000000E-04  1.00000000E-04  1.00000000E-04  1.00000000E-04  1.00000000E-04  1.00000000E-04  1.00000000E-04  1.00000000E-04  1.00000000E-04  1.00000000E-04  1.00000000E-04  1.00000000E-04  1.00000000E-04
  1.00000000E-04  1.00000000E-04  1.00000000E-04  1.00000000E-04  1.00000000E-04  1.00000000E-04  1.00000000E-04  1.00000000E-04  1.00000000E-04  1.00000000E-04  1.00000000E-04  1.00000000E-04  1.00000000E-04  1.00000000E-04  1.00000000E-04  1.00000000E-04  1.00000000E-04  1.00000000E-04  1.00000000E-04  1.00000000E-04
  1.00000000E-04  1.00000000E-04  1.00000000E-04  1.00000000E-04  1.00000000E-04       0.00000000       0.00000000       0.00000000       0.00000000       0.00000000       0.00000000       0.00000000       0.00000000       0.00000000       0.00000000       0.00000000       0.00000000       0.00000000       0.00000000       0.00000000
       0.00000000       0.00000000       0.00000000       0.00000000       0.00000000       0.00000000       0.00000000       0.00000000       0.00000000       0.00000000       0.00000000       0.00000000       0.00000000       0.00000000       0.00000000       0.00000000       0.00000000       0.00000000       0.00000000       0.00000000
       0.00000000       0.00000000       0.00000000       0.00000000  1.00000000E-04  1.00000000E-04  1.00000000E-04  1.00000000E-04  1.00000000E-04  1.00000000E-04       0.00000000
       0.00000000       0.00000000       0.00000000       0.00000000       0.00000000       0.00000000       0.00000000       0.00000000       0.00000000       0.00000000       0.00000000  1.00000000E-04  1.00000000E-04  1.00000000E-04  1.00000000E-04  1.00000000E-04  1.00000000E-04  1.00000000E-04  1.00000000E-04  1.00000000E-04
  1.00000000E-04  1.00000000E-04  1.00000000E-04  1.00000000E-04  1.00000000E-04  1.00000000E-04  1.00000000E-04  1.00000000E-04  1.00000000E-04  1.00000000E-04  1.00000000E-04  1.00000000E-04  1.00000000E-04  1.00000000E-04  1.00000000E-04  1.00000000E-04  1.00000000E-04  1.00000000E-04  1.00000000E-04  1.00000000E-04
  1.00000000E-04  1.00000000E-04  1.00000000E-04  1.00000000E-04  1.00000000E-04  1.00000000E-04  1.00000000E-04  1.00000000E-04  1.00000000E-04  1.00000000E-04  1.00000000E-04  1.00000000E-04  1.00000000E-04  1.00000000E-04  1.00000000E-04  1.00000000E-04  1.00000000E-04  1.00000000E-04  1.00000000E-04  1.00000000E-04
  1.00000000E-04  1.00000000E-04  1.00000000E-04  1.00000000E-04  1.00000000E-04  1.00000000E-04  1.00000000E-04  1.00000000E-04  1.00000000E-04  1.00000000E-04  1.00000000E-04  1.00000000E-04  1.00000000E-04  1.00000000E-04  1.00000000E-04  1.00000000E-04  1.00000000E-04  1.00000000E-04  1.00000000E-04  1.00000000E-04
  1.00000000E-04  1.00000000E-04  1.00000000E-04  1.00000000E-04  1.00000000E-04  1.00000000E-04  1.00000000E-04  1.00000000E-04  1.00000000E-04  1.00000000E-04  1.00000000E-04  1.00000000E-04  1.00000000E-04  1.00000000E-04  1.00000000E-04  1.00000000E-04  1.00000000E-04  1.00000000E-04  1.00000000E-04  1.00000000E-04
  1.00000000E-04  1.00000000E-04  1.00000000E-04  1.00000000E-04  1.00000000E-04       0.00000000       0.00000000       0.00000000       0.00000000       0.00000000       0.00000000       0.00000000       0.00000000       0.00000000       0.00000000       0.00000000       0.00000000       0.00000000       0.00000000       0.00000000
       0.00000000       0.00000000       0.00000000       0.00000000       0.00000000       0.00000000       0.00000000       0.00000000       0.00000000       0.00000000       0.00000000       0.00000000       0.00000000       0.00000000       0.00000000       0.00000000       0.00000000       0.00000000       0.00000000       0.00000000
       0.00000000       0.00000000       0.00000000       0.00000000       0.00000000       0.00000000       0.00000000  1.00000000E-04  1.00000000E-04  1.00000000E-04       0.00000000
       0.00000000       0.00000000       0.00000000       0.00000000       0.00000000       0.00000000       0.00000000       0.00000000       0.00000000       0.00000000  1.00000000E-04  1.00000000E-04  1.00000000E-04  1.00000000E-04  1.00000000E-04  1.00000000E-04  1.00000000E-04  1.00000000E-04  1.00000000E-04  1.00000000E-04
  1.00000000E-04  1.00000000E-04  1.00000000E-04  1.00000000E-04  1.00000000E-04  1.00000000E-04  1.00000000E-04  1.00000000E-04  1.00000000E-04  1.00000000E-04  1.00000000E-04  1.00000000E-04  1.00000000E-04  1.00000000E-04  1.00000000E-04  1.00000000E-04  1.00000000E-04  1.00000000E-04  1.00000000E-04  1.00000000E-04
  1.00000000E-04  1.00000000E-04  1.00000000E-04  1.00000000E-04  1.00000000E-04  1.00000000E-04  1.00000000E-04  1.00000000E-04  1.00000000E-04  1.00000000E-04  1.00000000E-04  1.00000000E-04  1.00000000E-04  1.00000000E-04  1.00000000E-04  1.00000000E-04  1.00000000E-04  1.00000000E-04  1.00000000E-04  1.00000000E-04
  1.00000000E-04  1.00000000E-04  1.00000000E-04  1.00000000E-04  1.00000000E-04  1.00000000E-04  1.00000000E-04  1.00000000E-04  1.00000000E-04  1.00000000E-04  1.00000000E-04  1.00000000E-04  1.00000000E-04  1.00000000E-04  1.00000000E-04  1.00000000E-04  1.00000000E-04  1.00000000E-04  1.00000000E-04  1.00000000E-04
  1.00000000E-04  1.00000000E-04  1.00000000E-04  1.00000000E-04  1.00000000E-04  1.00000000E-04  1.00000000E-04  1.00000000E-04  1.00000000E-04  1.00000000E-04  1.00000000E-04  1.00000000E-04  1.00000000E-04  1.00000000E-04  1.00000000E-04  1.00000000E-04  1.00000000E-04  1.00000000E-04  1.00000000E-04  1.00000000E-04
  1.00000000E-04  1.00000000E-04  1.00000000E-04  1.00000000E-04       0.00000000       0.00000000       0.00000000       0.00000000       0.00000000       0.00000000       0.00000000       0.00000000       0.00000000       0.00000000       0.00000000       0.00000000       0.00000000       0.00000000       0.00000000       0.00000000
       0.00000000       0.00000000       0.00000000       0.00000000       0.00000000       0.00000000       0.00000000       0.00000000       0.00000000       0.00000000       0.00000000       0.00000000       0.00000000       0.00000000       0.00000000       0.00000000       0.00000000       0.00000000       0.00000000       0.00000000
       0.00000000       0.00000000       0.00000000       0.00000000       0.00000000       0.00000000       0.00000000       0.00000000       0.00000000       0.00000000       0.00000000
       0.00000000       0.00000000       0.00000000       0.00000000       0.00000000       0.00000000       0.00000000       0.00000000       0.00000000       0.00000000  1.00000000E-04  1.00000000E-04  1.00000000E-04  1.00000000E-04  1.00000000E-04  1.00000000E-04  1.00000000E-04  1.00000000E-04  1.00000000E-04  1.00000000E-04
  1.00000000E-04  1.00000000E-04  1.00000000E-04  1.00000000E-04  1.00000000E-04  1.00000000E-04  1.00000000E-04  1.00000000E-04  1.00000000E-04  1.00000000E-04  1.00000000E-04  1.00000000E-04  1.00000000E-04  1.00000000E-04  1.00000000E-04  1.00000000E-04  1.00000000E-04  1.00000000E-04  1.00000000E-04  1.00000000E-04
  1.00000000E-04  1.00000000E-04  1.00000000E-04  1.00000000E-04  1.00000000E-04  1.00000000E-04  1.00000000E-04  1.00000000E-04  1.00000000E-04  1.00000000E-04  1.00000000E-04  1.00000000E-04  1.00000000E-04  1.00000000E-04  1.00000000E-04  1.00000000E-04  1.00000000E-04  1.00000000E-04  1.00000000E-04  1.00000000E-04
  1.00000000E-04  1.00000000E-04  1.00000000E-04  1.00000000E-04  1.00000000E-04  1.00000000E-04  1.00000000E-04  1.00000000E-04  1.00000000E-04  1.00000000E-04  1.00000000E-04  1.00000000E-04  1.00000000E-04  1.00000000E-04  1.00000000E-04  1.00000000E-04  1.00000000E-04  1.00000000E-04  1.00000000E-04  1.00000000E-04
  1.00000000E-04  1.00000000E-04  1.00000000E-04  1.00000000E-04  1.00000000E-04  1.00000000E-04  1.00000000E-04  1.00000000E-04  1.00000000E-04  1.00000000E-04  1.00000000E-04  1.00000000E-04  1.00000000E-04  1.00000000E-04  1.00000000E-04  1.00000000E-04  1.00000000E-04  1.00000000E-04  1.00000000E-04  1.00000000E-04
  1.00000000E-04  1.00000000E-04  1.00000000E-04  1.00000000E-04       0.00000000       0.00000000       0.00000000       0.00000000       0.00000000       0.00000000       0.00000000       0.00000000       0.00000000       0.00000000       0.00000000       0.00000000       0.00000000       0.00000000       0.00000000       0.00000000
       0.00000000       0.00000000       0.00000000       0.00000000       0.00000000       0.00000000       0.00000000       0.00000000       0.00000000       0.00000000       0.00000000       0.00000000       0.00000000       0.00000000       0.00000000       0.00000000       0.00000000       0.00000000       0.00000000       0.00000000
       0.00000000       0.00000000       0.00000000       0.00000000       0.00000000       0.00000000       0.00000000       0.00000000       0.00000000       0.00000000       0.00000000
       0.00000000       0.00000000       0.00000000       0.00000000       0.00000000       0.00000000       0.00000000       0.00000000       0.00000000  1.00000000E-04  1.00000000E-04  1.00000000E-04  1.00000000E-04  1.00000000E-04  1.00000000E-04  1.00000000E-04  1.00000000E-04  1.00000000E-04  1.00000000E-04  1.00000000E-04
  1.00000000E-04  1.00000000E-04  1.00000000E-04  1.00000000E-04  1.00000000E-04  1.00000000E-04  1.00000000E-04  1.00000000E-04  1.00000000E-04  1.00000000E-04  1.00000000E-04  1.00000000E-04  1.00000000E-04  1.00000000E-04  1.00000000E-04  1.00000000E-04  1.00000000E-04  1.00000000E-04  1.00000000E-04  1.00000000E-04
  1.00000000E-04  1.00000000E-04  1.00000000E-04  1.00000000E-04  1.00000000E-04  1.00000000E-04  1.00000000E-04  1.00000000E-04  1.00000000E-04  1.00000000E-04  1.00000000E-04  1.00000000E-04  1.00000000E-04  1.00000000E-04  1.00000000E-04  1.00000000E-04  1.00000000E-04  1.00000000E-04  1.00000000E-04  1.00000000E-04
  1.00000000E-04  1.00000000E-04  1.00000000E-04  1.00000000E-04  1.00000000E-04  1.00000000E-04  1.00000000E-04  1.00000000E-04  1.00000000E-04  1.00000000E-04  1.00000000E-04  1.00000000E-04  1.00000000E-04  1.00000000E-04  1.00000000E-04  1.00000000E-04  1.00000000E-04  1.00000000E-04  1.00000000E-04  1.00000000E-04
  1.00000000E-04  1.00000000E-04  1.00000000E-04  1.00000000E-04  1.00000000E-04  1.00000000E-04  1.00000000E-04  1.00000000E-04  1.00000000E-04  1.00000000E-04  1.00000000E-04  1.00000000E-04  1.00000000E-04  1.00000000E-04  1.00000000E-04  1.00000000E-04  1.00000000E-04  1.00000000E-04  1.00000000E-04  1.00000000E-04
  1.00000000E-04  1.00000000E-04  1.00000000E-04       0.00000000       0.00000000       0.00000000       0.00000000       0.00000000       0.00000000       0.00000000       0.00000000       0.00000000       0.00000000       0.00000000       0.00000000       0.00000000       0.00000000       0.00000000       0.00000000       0.00000000
       0.00000000       0.00000000       0.00000000       0.00000000       0.00000000       0.00000000       0.00000000       0.00000000       0.00000000       0.00000000       0.00000000       0.00000000       0.00000000       0.00000000       0.00000000       0.00000000       0.00000000       0.00000000       0.00000000       0.00000000
       0.00000000       0.00000000       0.00000000       0.00000000       0.00000000       0.00000000       0.00000000       0.00000000       0.00000000       0.00000000       0.00000000
       0.00000000       0.00000000       0.00000000       0.00000000       0.00000000       0.00000000       0.00000000       0.00000000       0.00000000  1.00000000E-04  1.00000000E-04  1.00000000E-04  1.00000000E-04  1.00000000E-04  1.00000000E-04  1.00000000E-04  1.00000000E-04  1.00000000E-04  1.00000000E-04  1.00000000E-04
  1.00000000E-04  1.00000000E-04  1.00000000E-04  1.00000000E-04  1.00000000E-04  1.00000000E-04  1.00000000E-04  1.00000000E-04  1.00000000E-04  1.00000000E-04  1.00000000E-04  1.00000000E-04  1.00000000E-04  1.00000000E-04  1.00000000E-04  1.00000000E-04  1.00000000E-04  1.00000000E-04  1.00000000E-04  1.00000000E-04
  1.00000000E-04  1.00000000E-04  1.00000000E-04  1.00000000E-04  1.00000000E-04  1.00000000E-04  1.00000000E-04  1.00000000E-04  1.00000000E-04  1.00000000E-04  1.00000000E-04  1.00000000E-04  1.00000000E-04  1.00000000E-04  1.00000000E-04  1.00000000E-04  1.00000000E-04  1.00000000E-04  1.00000000E-04  1.00000000E-04
  1.00000000E-04  1.00000000E-04  1.00000000E-04  1.00000000E-04  1.00000000E-04  1.00000000E-04  1.00000000E-04  1.00000000E-04  1.00000000E-04  1.00000000E-04  1.00000000E-04  1.00000000E-04  1.00000000E-04  1.00000000E-04  1.00000000E-04  1.00000000E-04  1.00000000E-04  1.00000000E-04  1.00000000E-04  1.00000000E-04
  1.00000000E-04  1.00000000E-04  1.00000000E-04  1.00000000E-04  1.00000000E-04  1.00000000E-04  1.00000000E-04  1.00000000E-04  1.00000000E-04  1.00000000E-04  1.00000000E-04  1.00000000E-04  1.00000000E-04  1.00000000E-04  1.00000000E-04  1.00000000E-04  1.00000000E-04  1.00000000E-04  1.00000000E-04  1.00000000E-04
  1.00000000E-04  1.00000000E-04  1.00000000E-04       0.00000000       0.00000000       0.00000000       0.00000000       0.00000000       0.00000000       0.00000000       0.00000000       0.00000000       0.00000000       0.00000000       0.00000000       0.00000000       0.00000000       0.00000000       0.00000000       0.00000000
       0.00000000       0.00000000       0.00000000       0.00000000       0.00000000       0.00000000       0.00000000       0.00000000       0.00000000       0.00000000       0.00000000       0.00000000       0.00000000       0.00000000       0.00000000       0.00000000       0.00000000       0.00000000       0.00000000       0.00000000
       0.00000000       0.00000000       0.00000000       0.00000000       0.00000000       0.00000000       0.00000000       0.00000000       0.00000000       0.00000000       0.00000000
       0.00000000       0.00000000       0.00000000       0.00000000       0.00000000       0.00000000       0.00000000       0.00000000  1.00000000E-04  1.00000000E-04  1.00000000E-04  1.00000000E-04  1.00000000E-04  1.00000000E-04  1.00000000E-04  1.00000000E-04  1.00000000E-04  1.00000000E-04  1.00000000E-04  1.00000000E-04
  1.00000000E-04  1.00000000E-04  1.00000000E-04  1.00000000E-04  1.00000000E-04  1.00000000E-04  1.00000000E-04  1.00000000E-04  1.00000000E-04  1.00000000E-04  1.00000000E-04  1.00000000E-04  1.00000000E-04  1.00000000E-04  1.00000000E-04  1.00000000E-04  1.00000000E-04  1.00000000E-04  1.00000000E-04  1.00000000E-04
  1.00000000E-04  1.00000000E-04  1.00000000E-04  1.00000000E-04  1.00000000E-04  1.00000000E-04  1.00000000E-04  1.00000000E-04  1.00000000E-04  1.00000000E-04  1.00000000E-04  1.00000000E-04  1.00000000E-04  1.00000000E-04  1.00000000E-04  1.00000000E-04  1.00000000E-04  1.00000000E-04  1.00000000E-04  1.00000000E-04
  1.00000000E-04  1.00000000E-04  1.00000000E-04  1.00000000E-04  1.00000000E-04  1.00000000E-04  1.00000000E-04  1.00000000E-04  1.00000000E-04  1.00000000E-04  1.00000000E-04  1.00000000E-04  1.00000000E-04  1.00000000E-04  1.00000000E-04  1.00000000E-04  1.00000000E-04  1.00000000E-04  1.00000000E-04  1.00000000E-04
  1.00000000E-04  1.00000000E-04  1.00000000E-04  1.00000000E-04  1.00000000E-04  1.00000000E-04  1.00000000E-04  1.00000000E-04  1.00000000E-04  1.00000000E-04  1.00000000E-04  1.00000000E-04  1.00000000E-04  1.00000000E-04  1.00000000E-04  1.00000000E-04  1.00000000E-04  1.00000000E-04  1.00000000E-04  1.00000000E-04
  1.00000000E-04  1.00000000E-04       0.00000000       0.00000000       0.00000000       0.00000000       0.00000000       0.00000000       0.00000000       0.00000000       0.00000000       0.00000000       0.00000000       0.00000000       0.00000000       0.00000000       0.00000000       0.00000000       0.00000000       0.00000000
       0.00000000       0.00000000       0.00000000       0.00000000       0.00000000       0.00000000       0.00000000       0.00000000       0.00000000       0.00000000       0.00000000       0.00000000       0.00000000       0.00000000       0.00000000       0.00000000       0.00000000       0.00000000       0.00000000       0.00000000
       0.00000000       0.00000000       0.00000000       0.00000000       0.00000000       0.00000000       0.00000000       0.00000000       0.00000000       0.00000000       0.00000000
       0.00000000       0.00000000       0.00000000       0.00000000       0.00000000       0.00000000       0.00000000       0.00000000  1.00000000E-04  1.00000000E-04  1.00000000E-04  1.00000000E-04  1.00000000E-04  1.00000000E-04  1.00000000E-04  1.00000000E-04  1.00000000E-04  1.00000000E-04  1.00000000E-04  1.00000000E-04
  1.00000000E-04  1.00000000E-04  1.00000000E-04  1.00000000E-04  1.00000000E-04  1.00000000E-04  1.00000000E-04  1.00000000E-04  1.00000000E-04  1.00000000E-04  1.00000000E-04  1.00000000E-04  1.00000000E-04  1.00000000E-04  1.00000000E-04  1.00000000E-04  1.00000000E-04  1.00000000E-04  1.00000000E-04  1.00000000E-04
  1.00000000E-04  1.00000000E-04  1.00000000E-04  1.00000000E-04  1.00000000E-04  1.00000000E-04  1.00000000E-04  1.00000000E-04  1.00000000E-04  1.00000000E-04  1.00000000E-04  1.00000000E-04  1.00000000E-04  1.00000000E-04  1.00000000E-04  1.00000000E-04  1.00000000E-04  1.00000000E-04  1.00000000E-04  1.00000000E-04
  1.00000000E-04  1.00000000E-04  1.00000000E-04  1.00000000E-04  1.00000000E-04  1.00000000E-04  1.00000000E-04  1.00000000E-04  1.00000000E-04  1.00000000E-04  1.00000000E-04  1.00000000E-04  1.00000000E-04  1.00000000E-04  1.00000000E-04  1.00000000E-04  1.00000000E-04  1.00000000E-04  1.00000000E-04  1.00000000E-04
  1.00000000E-04  1.00000000E-04  1.00000000E-04  1.00000000E-04  1.00000000E-04  1.00000000E-04  1.00000000E-04  1.00000000E-04  1.00000000E-04  1.00000000E-04  1.00000000E-04  1.00000000E-04  1.00000000E-04  1.00000000E-04  1.00000000E-04  1.00000000E-04  1.00000000E-04  1.00000000E-04  1.00000000E-04  1.00000000E-04
  1.00000000E-04  1.00000000E-04       0.00000000       0.00000000       0.00000000       0.00000000       0.00000000       0.00000000       0.00000000       0.00000000       0.00000000       0.00000000       0.00000000       0.00000000       0.00000000       0.00000000       0.00000000       0.00000000       0.00000000       0.00000000
       0.00000000       0.00000000       0.00000000       0.00000000       0.00000000       0.00000000       0.00000000       0.00000000       0.00000000       0.00000000       0.00000000       0.00000000       0.00000000       0.00000000       0.00000000       0.00000000       0.00000000       0.00000000       0.00000000       0.00000000
       0.00000000       0.00000000       0.00000000       0.00000000       0.00000000       0.00000000       0.00000000       0.00000000       0.00000000       0.00000000       0.00000000
       0.00000000       0.00000000       0.00000000       0.00000000       0.00000000       0.00000000       0.00000000  1.00000000E-04  1.00000000E-04  1.00000000E-04  1.00000000E-04  1.00000000E-04  1.00000000E-04  1.00000000E-04  1.00000000E-04  1.00000000E-04  1.00000000E-04  1.00000000E-04  1.00000000E-04  1.00000000E-04
  1.00000000E-04  1.00000000E-04  1.00000000E-04  1.00000000E-04  1.00000000E-04  1.00000000E-04  1.00000000E-04  1.00000000E-04  1.00000000E-04  1.00000000E-04  1.00000000E-04  1.00000000E-04  1.00000000E-04  1.00000000E-04  1.00000000E-04  1.00000000E-04  1.00000000E-04  1.00000000E-04  1.00000000E-04  1.00000000E-04
  1.00000000E-04  1.00000000E-04  1.00000000E-04  1.00000000E-04  1.00000000E-04  1.00000000E-04  1.00000000E-04  1.00000000E-04  1.00000000E-04  1.00000000E-04  1.00000000E-04  1.00000000E-04  1.00000000E-04  1.00000000E-04  1.00000000E-04  1.00000000E-04  1.00000000E-04  1.00000000E-04  1.00000000E-04  1.00000000E-04
  1.00000000E-04  1.00000000E-04  1.00000000E-04  1.00000000E-04  1.00000000E-04  1.00000000E-04  1.00000000E-04  1.00000000E-04  1.00000000E-04  1.00000000E-04  1.00000000E-04  1.00000000E-04  1.00000000E-04  1.00000000E-04  1.00000000E-04  1.00000000E-04  1.00000000E-04  1.00000000E-04  1.00000000E-04  1.00000000E-04
  1.00000000E-04  1.00000000E-04  1.00000000E-04  1.00000000E-04  1.00000000E-04  1.00000000E-04  1.00000000E-04  1.00000000E-04  1.00000000E-04  1.00000000E-04  1.00000000E-04  1.00000000E-04  1.00000000E-04  1.00000000E-04  1.00000000E-04  1.00000000E-04  1.00000000E-04  1.00000000E-04  1.00000000E-04  1.00000000E-04
  1.00000000E-04       0.00000000       0.00000000       0.00000000       0.00000000       0.00000000       0.00000000       0.00000000       0.00000000       0.00000000       0.00000000       0.00000000       0.00000000       0.00000000       0.00000000       0.00000000       0.00000000       0.00000000       0.00000000       0.00000000
       0.00000000       0.00000000       0.00000000       0.00000000       0.00000000       0.00000000       0.00000000       0.00000000       0.00000000       0.00000000       0.00000000       0.00000000       0.00000000       0.00000000       0.00000000       0.00000000       0.00000000       0.00000000       0.00000000       0.00000000
       0.00000000       0.00000000       0.00000000       0.00000000       0.00000000       0.00000000       0.00000000       0.00000000       0.00000000       0.00000000       0.00000000
       0.00000000       0.00000000       0.00000000       0.00000000       0.00000000       0.00000000       0.00000000  1.00000000E-04  1.00000000E-04  1.00000000E-04  1.00000000E-04  1.00000000E-04  1.00000000E-04  1.00000000E-04  1.00000000E-04  1.00000000E-04  1.00000000E-04  1.00000000E-04  1.00000000E-04  1.00000000E-04
  1.00000000E-04  1.00000000E-04  1.00000000E-04  1.00000000E-04  1.00000000E-04  1.00000000E-04  1.00000000E-04  1.00000000E-04  1.00000000E-04  1.00000000E-04  1.00000000E-04  1.00000000E-04  1.00000000E-04  1.00000000E-04  1.00000000E-04  1.00000000E-04  1.00000000E-04  1.00000000E-04  1.00000000E-04  1.00000000E-04
  1.00000000E-04  1.00000000E-04  1.00000000E-04  1.00000000E-04  1.00000000E-04  1.00000000E-04  1.00000000E-04  1.00000000E-04  1.00000000E-04  1.00000000E-04  1.00000000E-04  1.00000000E-04  1.00000000E-04  1.00000000E-04  1.00000000E-04  1.00000000E-04  1.00000000E-04  1.00000000E-04  1.00000000E-04  1.00000000E-04
  1.00000000E-04  1.00000000E-04  1.00000000E-04  1.00000000E-04  1.00000000E-04  1.00000000E-04  1.00000000E-04  1.00000000E-04  1.00000000E-04  1.00000000E-04  1.00000000E-04  1.00000000E-04  1.00000000E-04  1.00000000E-04  1.00000000E-04  1.00000000E-04  1.00000000E-04  1.00000000E-04  1.00000000E-04  1.00000000E-04
  1.00000000E-04  1.00000000E-04  1.00000000E-04  1.00000000E-04  1.00000000E-04  1.00000000E-04  1.00000000E-04  1.00000000E-04  1.00000000E-04  1.00000000E-04  1.00000000E-04  1.00000000E-04  1.00000000E-04  1.00000000E-04  1.00000000E-04  1.00000000E-04  1.00000000E-04  1.00000000E-04  1.00000000E-04  1.00000000E-04
  1.00000000E-04       0.00000000       0.00000000       0.00000000       0.00000000       0.00000000       0.00000000       0.00000000       0.00000000       0.00000000       0.00000000       0.00000000       0.00000000       0.00000000       0.00000000       0.00000000       0.00000000       0.00000000       0.00000000       0.00000000
       0.00000000       0.00000000       0.00000000       0.00000000       0.00000000       0.00000000       0.00000000       0.00000000       0.00000000       0.00000000       0.00000000       0.00000000       0.00000000       0.00000000       0.00000000       0.00000000       0.00000000       0.00000000       0.00000000       0.00000000
       0.00000000       0.00000000       0.00000000       0.00000000       0.00000000       0.00000000       0.00000000       0.00000000       0.00000000       0.00000000       0.00000000
       0.00000000       0.00000000       0.00000000       0.00000000       0.00000000       0.00000000       0.00000000  1.00000000E-04  1.00000000E-04  1.00000000E-04  1.00000000E-04  1.00000000E-04  1.00000000E-04  1.00000000E-04  1.00000000E-04  1.00000000E-04  1.00000000E-04  1.00000000E-04  1.00000000E-04  1.00000000E-04
  1.00000000E-04  1.00000000E-04  1.00000000E-04  1.00000000E-04  1.00000000E-04  1.00000000E-04  1.00000000E-04  1.00000000E-04  1.00000000E-04  1.00000000E-04  1.00000000E-04  1.00000000E-04  1.00000000E-04  1.00000000E-04  1.00000000E-04  1.00000000E-04  1.00000000E-04  1.00000000E-04  1.00000000E-04  1.00000000E-04
  1.00000000E-04  1.00000000E-04  1.00000000E-04  1.00000000E-04  1.00000000E-04  1.00000000E-04  1.00000000E-04  1.00000000E-04  1.00000000E-04  1.00000000E-04  1.00000000E-04  1.00000000E-04  1.00000000E-04  1.00000000E-04  1.00000000E-04  1.00000000E-04  1.00000000E-04  1.00000000E-04  1.00000000E-04  1.00000000E-04
  1.00000000E-04  1.00000000E-04  1.00000000E-04  1.00000000E-04  1.00000000E-04  1.00000000E-04  1.00000000E-04  1.00000000E-04  1.00000000E-04  1.00000000E-04  1.00000000E-04  1.00000000E-04  1.00000000E-04  1.00000000E-04  1.00000000E-04  1.00000000E-04  1.00000000E-04  1.00000000E-04  1.00000000E-04  1.00000000E-04
  1.00000000E-04  1.00000000E-04  1.00000000E-04  1.00000000E-04  1.00000000E-04  1.00000000E-04  1.00000000E-04  1.00000000E-04  1.00000000E-04  1.00000000E-04  1.00000000E-04  1.00000000E-04  1.00000000E-04  1.00000000E-04  1.00000000E-04  1.00000000E-04  1.00000000E-04  1.00000000E-04  1.00000000E-04  1.00000000E-04
  1.00000000E-04       0.00000000       0.00000000       0.00000000       0.00000000       0.00000000       0.00000000       0.00000000       0.00000000       0.00000000       0.00000000       0.00000000       0.00000000       0.00000000       0.00000000       0.00000000       0.00000000       0.00000000       0.00000000       0.00000000
       0.00000000       0.00000000       0.00000000       0.00000000       0.00000000       0.00000000       0.00000000       0.00000000       0.00000000       0.00000000       0.00000000       0.00000000       0.00000000       0.00000000       0.00000000       0.00000000       0.00000000       0.00000000       0.00000000       0.00000000
       0.00000000       0.00000000       0.00000000       0.00000000       0.00000000       0.00000000       0.00000000       0.00000000       0.00000000       0.00000000       0.00000000
       0.00000000       0.00000000       0.00000000       0.00000000       0.00000000       0.00000000  1.00000000E-04  1.00000000E-04  1.00000000E-04  1.00000000E-04  1.00000000E-04  1.00000000E-04  1.00000000E-04  1.00000000E-04  1.00000000E-04  1.00000000E-04  1.00000000E-04  1.00000000E-04  1.00000000E-04  1.00000000E-04
  1.00000000E-04  1.00000000E-04  1.00000000E-04  1.00000000E-04  1.00000000E-04  1.00000000E-04  1.00000000E-04  1.00000000E-04  1.00000000E-04  1.00000000E-04  1.00000000E-04  1.00000000E-04  1.00000000E-04  1.00000000E-04  1.00000000E-04  1.00000000E-04  1.00000000E-04  1.00000000E-04  1.00000000E-04  1.00000000E-04
  1.00000000E-04  1.00000000E-04  1.00000000E-04  1.00000000E-04  1.00000000E-04  1.00000000E-04  1.00000000E-04  1.00000000E-04  1.00000000E-04  1.00000000E-04  1.00000000E-04  1.00000000E-04  1.00000000E-04  1.00000000E-04  1.00000000E-04  1.00000000E-04  1.00000000E-04  1.00000000E-04  1.00000000E-04  1.00000000E-04
  1.00000000E-04  1.00000000E-04  1.00000000E-04  1.00000000E-04  1.00000000E-04  1.00000000E-04  1.00000000E-04  1.00000000E-04  1.00000000E-04  1.00000000E-04  1.00000000E-04  1.00000000E-04  1.00000000E-04  1.00000000E-04  1.00000000E-04  1.00000000E-04  1.00000000E-04  1.00000000E-04  1.00000000E-04  1.00000000E-04
  1.00000000E-04  1.00000000E-04  1.00000000E-04  1.00000000E-04  1.00000000E-04  1.00000000E-04  1.00000000E-04  1.00000000E-04  1.00000000E-04  1.00000000E-04  1.00000000E-04  1.00000000E-04  1.00000000E-04  1.00000000E-04  1.00000000E-04  1.00000000E-04  1.00000000E-04  1.00000000E-04  1.00000000E-04  1.00000000E-04
       0.00000000       0.00000000       0.00000000       0.00000000       0.00000000       0.00000000       0.00000000       0.00000000       0.00000000       0.00000000       0.00000000       0.00000000       0.00000000       0.00000000       0.00000000       0.00000000       0.00000000       0.00000000       0.00000000       0.00000000
       0.00000000       0.00000000       0.00000000       0.00000000       0.00000000       0.00000000       0.00000000       0.00000000       0.00000000       0.00000000       0.00000000       0.00000000       0.00000000       0.00000000       0.00000000       0.00000000       0.00000000       0.00000000       0.00000000       0.00000000
       0.00000000       0.00000000       0.00000000       0.00000000       0.00000000       0.00000000       0.00000000       0.00000000       0.00000000       0.00000000       0.00000000
       0.00000000       0.00000000       0.00000000       0.00000000       0.00000000       0.00000000  1.00000000E-04  1.00000000E-04  1.00000000E-04  1.00000000E-04  1.00000000E-04  1.00000000E-04  1.00000000E-04  1.00000000E-04  1.00000000E-04  1.00000000E-04  1.00000000E-04  1.00000000E-04  1.00000000E-04  1.00000000E-04
  1.00000000E-04  1.00000000E-04  1.00000000E-04  1.00000000E-04  1.00000000E-04  1.00000000E-04  1.00000000E-04  1.00000000E-04  1.00000000E-04  1.00000000E-04  1.00000000E-04  1.00000000E-04  1.00000000E-04  1.00000000E-04  1.00000000E-04  1.00000000E-04  1.00000000E-04  1.00000000E-04  1.00000000E-04  1.00000000E-04
  1.00000000E-04  1.00000000E-04  1.00000000E-04  1.00000000E-04  1.00000000E-04  1.00000000E-04  1.00000000E-04  1.00000000E-04  1.00000000E-04  1.00000000E-04  1.00000000E-04  1.00000000E-04  1.00000000E-04  1.00000000E-04  1.00000000E-04  1.00000000E-04  1.00000000E-04  1.00000000E-04  1.00000000E-04  1.00000000E-04
  1.00000000E-04  1.00000000E-04  1.00000000E-04  1.00000000E-04  1.00000000E-04  1.00000000E-04  1.00000000E-04  1.00000000E-04  1.00000000E-04  1.00000000E-04  1.00000000E-04  1.00000000E-04  1.00000000E-04  1.00000000E-04  1.00000000E-04  1.00000000E-04  1.00000000E-04  1.00000000E-04  1.00000000E-04  1.00000000E-04
  1.00000000E-04  1.00000000E-04  1.00000000E-04  1.00000000E-04  1.00000000E-04  1.00000000E-04  1.00000000E-04  1.00000000E-04  1.00000000E-04  1.00000000E-04  1.00000000E-04  1.00000000E-04  1.00000000E-04  1.00000000E-04  1.00000000E-04  1.00000000E-04  1.00000000E-04  1.00000000E-04  1.00000000E-04  1.00000000E-04
       0.00000000       0.00000000       0.00000000       0.00000000       0.00000000       0.00000000       0.00000000       0.00000000       0.00000000       0.00000000       0.00000000       0.00000000       0.00000000       0.00000000       0.00000000       0.00000000       0.00000000       0.00000000       0.00000000       0.00000000
       0.00000000       0.00000000       0.00000000       0.00000000       0.00000000       0.00000000       0.00000000       0.00000000       0.00000000       0.00000000       0.00000000       0.00000000       0.00000000       0.00000000       0.00000000       0.00000000       0.00000000       0.00000000       0.00000000       0.00000000
       0.00000000       0.00000000       0.00000000       0.00000000       0.00000000       0.00000000       0.00000000       0.00000000       0.00000000       0.00000000       0.00000000
       0.00000000       0.00000000       0.00000000       0.00000000       0.00000000  1.00000000E-04  1.00000000E-04  1.00000000E-04  1.00000000E-04  1.00000000E-04  1.00000000E-04  1.00000000E-04  1.00000000E-04  1.00000000E-04  1.00000000E-04  1.00000000E-04  1.00000000E-04  1.00000000E-04  1.00000000E-04  1.00000000E-04
  1.00000000E-04  1.00000000E-04  1.00000000E-04  1.00000000E-04  1.00000000E-04  1.00000000E-04  1.00000000E-04  1.00000000E-04  1.00000000E-04  1.00000000E-04  1.00000000E-04  1.00000000E-04  1.00000000E-04  1.00000000E-04  1.00000000E-04  1.00000000E-04  1.00000000E-04  1.00000000E-04  1.00000000E-04  1.00000000E-04
  1.00000000E-04  1.00000000E-04  1.00000000E-04  1.00000000E-04  1.00000000E-04  1.00000000E-04  1.00000000E-04  1.00000000E-04  1.00000000E-04  1.00000000E-04  1.00000000E-04  1.00000000E-04  1.00000000E-04  1.00000000E-04  1.00000000E-04  1.00000000E-04  1.00000000E-04  1.00000000E-04  1.00000000E-04  1.00000000E-04
  1.00000000E-04  1.00000000E-04  1.00000000E-04  1.00000000E-04  1.00000000E-04  1.00000000E-04  1.00000000E-04  1.00000000E-04  1.00000000E-04  1.00000000E-04  1.00000000E-04  1.00000000E-04  1.00000000E-04  1.00000000E-04  1.00000000E-04  1.00000000E-04  1.00000000E-04  1.00000000E-04  1.00000000E-04  1.00000000E-04
  1.00000000E-04  1.00000000E-04  1.00000000E-04  1.00000000E-04  1.00000000E-04  1.00000000E-04  1.00000000E-04  1.00000000E-04  1.00000000E-04  1.00000000E-04  1.00000000E-04  1.00000000E-04  1.00000000E-04  1.00000000E-04  1.00000000E-04  1.00000000E-04  1.00000000E-04  1.00000000E-04  1.00000000E-04  1.00000000E-04
       0.00000000       0.00000000       0.00000000       0.00000000       0.00000000       0.00000000       0.00000000       0.00000000       0.00000000       0.00000000       0.00000000       0.00000000       0.00000000       0.00000000       0.00000000       0.00000000       0.00000000       0.00000000       0.00000000       0.00000000
       0.00000000       0.00000000       0.00000000       0.00000000       0.00000000       0.00000000       0.00000000       0.00000000       0.00000000       0.00000000       0.00000000       0.00000000       0.00000000       0.00000000       0.00000000       0.00000000       0.00000000       0.00000000       0.00000000       0.00000000
       0.00000000       0.00000000       0.00000000       0.00000000       0.00000000       0.00000000       0.00000000       0.00000000       0.00000000       0.00000000       0.00000000
       0.00000000       0.00000000       0.00000000       0.00000000       0.00000000  1.00000000E-04  1.00000000E-04  1.00000000E-04  1.00000000E-04  1.00000000E-04  1.00000000E-04  1.00000000E-04  1.00000000E-04  1.00000000E-04  1.00000000E-04  1.00000000E-04  1.00000000E-04  1.00000000E-04  1.00000000E-04  1.00000000E-04
  1.00000000E-04  1.00000000E-04  1.00000000E-04  1.00000000E-04  1.00000000E-04  1.00000000E-04  1.00000000E-04  1.00000000E-04  1.00000000E-04  1.00000000E-04  1.00000000E-04  1.00000000E-04  1.00000000E-04  1.00000000E-04  1.00000000E-04  1.00000000E-04  1.00000000E-04  1.00000000E-04  1.00000000E-04  1.00000000E-04
  1.00000000E-04  1.00000000E-04  1.00000000E-04  1.00000000E-04  1.00000000E-04  1.00000000E-04  1.00000000E-04  1.00000000E-04  1.00000000E-04  1.00000000E-04  1.00000000E-04  1.00000000E-04  1.00000000E-04  1.00000000E-04  1.00000000E-04  1.00000000E-04  1.00000000E-04  1.00000000E-04  1.00000000E-04  1.00000000E-04
  1.00000000E-04  1.00000000E-04  1.00000000E-04  1.00000000E-04  1.00000000E-04  1.00000000E-04  1.00000000E-04  1.00000000E-04  1.00000000E-04  1.00000000E-04  1.00000000E-04  1.00000000E-04  1.00000000E-04  1.00000000E-04  1.00000000E-04  1.00000000E-04  1.00000000E-04  1.00000000E-04  1.00000000E-04  1.00000000E-04
  1.00000000E-04  1.00000000E-04  1.00000000E-04  1.00000000E-04  1.00000000E-04  1.00000000E-04  1.00000000E-04  1.00000000E-04  1.00000000E-04  1.00000000E-04  1.00000000E-04  1.00000000E-04  1.00000000E-04  1.00000000E-04  1.00000000E-04  1.00000000E-04  1.00000000E-04  1.00000000E-04  1.00000000E-04  1.00000000E-04
       0.00000000       0.00000000       0.00000000       0.00000000       0.00000000       0.00000000       0.00000000       0.00000000       0.00000000       0.00000000       0.00000000       0.00000000       0.00000000       0.00000000       0.00000000       0.00000000       0.00000000       0.00000000       0.00000000       0.00000000
       0.00000000       0.00000000       0.00000000       0.00000000       0.00000000       0.00000000       0.00000000       0.00000000       0.00000000       0.00000000       0.00000000       0.00000000       0.00000000       0.00000000       0.00000000       0.00000000       0.00000000       0.00000000       0.00000000       0.00000000
       0.00000000       0.00000000       0.00000000       0.00000000       0.00000000       0.00000000       0.00000000       0.00000000       0.00000000       0.00000000       0.00000000
       0.00000000       0.00000000       0.00000000       0.00000000  1.00000000E-04  1.00000000E-04  1.00000000E-04  1.00000000E-04  1.00000000E-04  1.00000000E-04  1.00000000E-04  1.00000000E-04  1.00000000E-04  1.00000000E-04  1.00000000E-04  1.00000000E-04  1.00000000E-04  1.00000000E-04  1.00000000E-04  1.00000000E-04
  1.00000000E-04  1.00000000E-04  1.00000000E-04  1.00000000E-04  1.00000000E-04  1.00000000E-04  1.00000000E-04  1.00000000E-04  1.00000000E-04  1.00000000E-04  1.00000000E-04  1.00000000E-04  1.00000000E-04  1.00000000E-04  1.00000000E-04  1.00000000E-04  1.00000000E-04  1.00000000E-04  1.00000000E-04  1.00000000E-04
  1.00000000E-04  1.00000000E-04  1.00000000E-04  1.00000000E-04  1.00000000E-04  1.00000000E-04  1.00000000E-04  1.00000000E-04  1.00000000E-04  1.00000000E-04  1.00000000E-04  1.00000000E-04  1.00000000E-04  1.00000000E-04  1.00000000E-04  1.00000000E-04  1.00000000E-04  1.00000000E-04  1.00000000E-04  1.00000000E-04
  1.00000000E-04  1.00000000E-04  1.00000000E-04  1.00000000E-04  1.00000000E-04  1.00000000E-04  1.00000000E-04  1.00000000E-04  1.00000000E-04  1.00000000E-04  1.00000000E-04  1.00000000E-04  1.00000000E-04  1.00000000E-04  1.00000000E-04  1.00000000E-04  1.00000000E-04  1.00000000E-04  1.00000000E-04  1.00000000E-04
  1.00000000E-04  1.00000000E-04  1.00000000E-04  1.00000000E-04  1.00000000E-04  1.00000000E-04  1.00000000E-04  1.00000000E-04  1.00000000E-04  1.00000000E-04  1.00000000E-04  1.00000000E-04  1.00000000E-04  1.00000000E-04  1.00000000E-04  1.00000000E-04  1.00000000E-04  1.00000000E-04  1.00000000E-04       0.00000000
       0.00000000       0.00000000       0.00000000       0.00000000       0.00000000       0.00000000       0.00000000       0.00000000       0.00000000       0.00000000       0.00000000       0.00000000       0.00000000       0.00000000       0.00000000       0.00000000       0.00000000       0.00000000       0.00000000       0.00000000
       0.00000000       0.00000000       0.00000000       0.00000000       0.00000000       0.00000000       0.00000000       0.00000000       0.00000000       0.00000000       0.00000000       0.00000000       0.00000000       0.00000000       0.00000000       0.00000000       0.00000000       0.00000000       0.00000000       0.00000000
       0.00000000       0.00000000       0.00000000       0.00000000       0.00000000       0.00000000       0.00000000       0.00000000       0.00000000       0.00000000       0.00000000
       0.00000000       0.00000000       0.00000000       0.00000000  1.00000000E-04  1.00000000E-04  1.00000000E-04  1.00000000E-04  1.00000000E-04  1.00000000E-04  1.00000000E-04  1.00000000E-04  1.00000000E-04  1.00000000E-04  1.00000000E-04  1.00000000E-04  1.00000000E-04  1.00000000E-04  1.00000000E-04  1.00000000E-04
  1.00000000E-04  1.00000000E-04  1.00000000E-04  1.00000000E-04  1.00000000E-04  1.00000000E-04  1.00000000E-04  1.00000000E-04  1.00000000E-04  1.00000000E-04  1.00000000E-04  1.00000000E-04  1.00000000E-04  1.00000000E-04  1.00000000E-04  1.00000000E-04  1.00000000E-04  1.00000000E-04  1.00000000E-04  1.00000000E-04
  1.00000000E-04  1.00000000E-04  1.00000000E-04  1.00000000E-04  1.00000000E-04  1.00000000E-04  1.00000000E-04  1.00000000E-04  1.00000000E-04  1.00000000E-04  1.00000000E-04  1.00000000E-04  1.00000000E-04  1.00000000E-04  1.00000000E-04  1.00000000E-04  1.00000000E-04  1.00000000E-04  1.00000000E-04  1.00000000E-04
  1.00000000E-04  1.00000000E-04  1.00000000E-04  1.00000000E-04  1.00000000E-04  1.00000000E-04  1.00000000E-04  1.00000000E-04  1.00000000E-04  1.00000000E-04  1.00000000E-04  1.00000000E-04  1.00000000E-04  1.00000000E-04  1.00000000E-04  1.00000000E-04  1.00000000E-04  1.00000000E-04  1.00000000E-04  1.00000000E-04
  1.00000000E-04  1.00000000E-04  1.00000000E-04  1.00000000E-04  1.00000000E-04  1.00000000E-04  1.00000000E-04  1.00000000E-04  1.00000000E-04  1.00000000E-04  1.00000000E-04  1.00000000E-04  1.00000000E-04  1.00000000E-04  1.00000000E-04  1.00000000E-04  1.00000000E-04  1.00000000E-04  1.00000000E-04       0.00000000
       0.00000000       0.00000000       0.00000000       0.00000000       0.00000000       0.00000000       0.00000000       0.00000000       0.00000000       0.00000000       0.00000000       0.00000000       0.00000000       0.00000000       0.00000000       0.00000000       0.00000000       0.00000000       0.00000000       0.00000000
       0.00000000       0.00000000       0.00000000       0.00000000       0.00000000       0.00000000       0.00000000       0.00000000       0.00000000       0.00000000       0.00000000       0.00000000       0.00000000       0.00000000       0.00000000       0.00000000       0.00000000       0.00000000       0.00000000       0.00000000
       0.00000000       0.00000000       0.00000000       0.00000000       0.00000000       0.00000000       0.00000000       0.00000000       0.00000000       0.00000000       0.00000000
       0.00000000       0.00000000       0.00000000  1.00000000E-04  1.00000000E-04  1.00000000E-04  1.00000000E-04  1.00000000E-04  1.00000000E-04  1.00000000E-04  1.00000000E-04  1.00000000E-04  1.00000000E-04  1.00000000E-04  1.00000000E-04  1.00000000E-04  1.00000000E-04  1.00000000E-04  1.00000000E-04  1.00000000E-04
  1.00000000E-04  1.00000000E-04  1.00000000E-04  1.00000000E-04  1.00000000E-04  1.00000000E-04  1.00000000E-04  1.00000000E-04  1.00000000E-04  1.00000000E-04  1.00000000E-04  1.00000000E-04  1.00000000E-04  1.00000000E-04  1.00000000E-04  1.00000000E-04  1.00000000E-04  1.00000000E-04  1.00000000E-04  1.00000000E-04
  1.00000000E-04  1.00000000E-04  1.00000000E-04  1.00000000E-04  1.00000000E-04  1.00000000E-04  1.00000000E-04  1.00000000E-04  1.00000000E-04  1.00000000E-04  1.00000000E-04  1.00000000E-04  1.00000000E-04  1.00000000E-04  1.00000000E-04  1.00000000E-04  1.00000000E-04  1.00000000E-04  1.00000000E-04  1.00000000E-04
  1.00000000E-04  1.00000000E-04  1.00000000E-04  1.00000000E-04  1.00000000E-04  1.00000000E-04  1.00000000E-04  1.00000000E-04  1.00000000E-04  1.00000000E-04  1.00000000E-04  1.00000000E-04  1.00000000E-04  1.00000000E-04  1.00000000E-04  1.00000000E-04  1.00000000E-04  1.00000000E-04  1.00000000E-04  1.00000000E-04
  1.00000000E-04  1.00000000E-04  1.00000000E-04  1.00000000E-04  1.00000000E-04  1.00000000E-04  1.00000000E-04  1.00000000E-04  1.00000000E-04  1.00000000E-04  1.00000000E-04  1.00000000E-04  1.00000000E-04  1.00000000E-04  1.00000000E-04  1.00000000E-04  1.00000000E-04  1.00000000E-04  1.00000000E-04       0.00000000
       0.00000000       0.00000000       0.00000000       0.00000000       0.00000000       0.00000000       0.00000000       0.00000000       0.00000000       0.00000000       0.00000000       0.00000000       0.00000000       0.00000000       0.00000000       0.00000000       0.00000000       0.00000000       0.00000000       0.00000000
       0.00000000       0.00000000       0.00000000       0.00000000       0.00000000       0.00000000       0.00000000       0.00000000       0.00000000       0.00000000       0.00000000       0.00000000       0.00000000       0.00000000       0.00000000       0.00000000       0.00000000       0.00000000       0.00000000       0.00000000
       0.00000000       0.00000000       0.00000000       0.00000000       0.00000000       0.00000000       0.00000000       0.00000000       0.00000000       0.00000000       0.00000000
       0.00000000       0.00000000       0.00000000  1.00000000E-04  1.00000000E-04  1.00000000E-04  1.00000000E-04  1.00000000E-04  1.00000000E-04  1.00000000E-04  1.00000000E-04  1.00000000E-04  1.00000000E-04  1.00000000E-04  1.00000000E-04  1.00000000E-04  1.00000000E-04  1.00000000E-04  1.00000000E-04  1.00000000E-04
  1.00000000E-04  1.00000000E-04  1.00000000E-04  1.00000000E-04  1.00000000E-04  1.00000000E-04  1.00000000E-04  1.00000000E-04  1.00000000E-04  1.00000000E-04  1.00000000E-04  1.00000000E-04  1.00000000E-04  1.00000000E-04  1.00000000E-04  1.00000000E-04  1.00000000E-04  1.00000000E-04  1.00000000E-04  1.00000000E-04
  1.00000000E-04  1.00000000E-04  1.00000000E-04  1.00000000E-04  1.00000000E-04  1.00000000E-04  1.00000000E-04  1.00000000E-04  1.00000000E-04  1.00000000E-04  1.00000000E-04  1.00000000E-04  1.00000000E-04  1.00000000E-04  1.00000000E-04  1.00000000E-04  1.00000000E-04  1.00000000E-04  1.00000000E-04  1.00000000E-04
  1.00000000E-04  1.00000000E-04  1.00000000E-04  1.00000000E-04  1.00000000E-04  1.00000000E-04  1.00000000E-04  1.00000000E-04  1.00000000E-04  1.00000000E-04  1.00000000E-04  1.00000000E-04  1.00000000E-04  1.00000000E-04  1.00000000E-04  1.00000000E-04  1.00000000E-04  1.00000000E-04  1.00000000E-04  1.00000000E-04
  1.00000000E-04  1.00000000E-04  1.00000000E-04  1.00000000E-04  1.00000000E-04  1.00000000E-04  1.00000000E-04  1.00000000E-04  1.00000000E-04  1.00000000E-04  1.00000000E-04  1.00000000E-04  1.00000000E-04  1.00000000E-04  1.00000000E-04  1.00000000E-04  1.00000000E-04  1.00000000E-04       0.00000000       0.00000000
       0.00000000       0.00000000       0.00000000       0.00000000       0.00000000       0.00000000       0.00000000       0.00000000       0.00000000       0.00000000       0.00000000       0.00000000       0.00000000       0.00000000       0.00000000       0.00000000       0.00000000       0.00000000       0.00000000       0.00000000
       0.00000000       0.00000000       0.00000000       0.00000000       0.00000000       0.00000000       0.00000000       0.00000000       0.00000000       0.00000000       0.00000000       0.00000000       0.00000000       0.00000000       0.00000000       0.00000000       0.00000000       0.00000000       0.00000000       0.00000000
       0.00000000       0.00000000       0.00000000       0.00000000       0.00000000       0.00000000       0.00000000       0.00000000       0.00000000       0.00000000       0.00000000
       0.00000000       0.00000000  1.00000000E-04  1.00000000E-04  1.00000000E-04  1.00000000E-04  1.00000000E-04  1.00000000E-04  1.00000000E-04  1.00000000E-04  1.00000000E-04  1.00000000E-04  1.00000000E-04  1.00000000E-04  1.00000000E-04  1.00000000E-04  1.00000000E-04  1.00000000E-04  1.00000000E-04  1.00000000E-04
  1.00000000E-04  1.00000000E-04  1.00000000E-04  1.00000000E-04  1.00000000E-04  1.00000000E-04  1.00000000E-04  1.00000000E-04  1.00000000E-04  1.00000000E-04  1.00000000E-04  1.00000000E-04  1.00000000E-04  1.00000000E-04  1.00000000E-04  1.00000000E-04  1.00000000E-04  1.00000000E-04  1.00000000E-04  1.00000000E-04
  1.00000000E-04  1.00000000E-04  1.00000000E-04  1.00000000E-04  1.00000000E-04  1.00000000E-04  1.00000000E-04  1.00000000E-04  1.00000000E-04  1.00000000E-04  1.00000000E-04  1.00000000E-04  1.00000000E-04  1.00000000E-04  1.00000000E-04  1.00000000E-04  1.00000000E-04  1.00000000E-04  1.00000000E-04  1.00000000E-04
  1.00000000E-04  1.00000000E-04  1.00000000E-04  1.00000000E-04  1.00000000E-04  1.00000000E-04  1.00000000E-04  1.00000000E-04  1.00000000E-04  1.00000000E-04  1.00000000E-04  1.00000000E-04  1.00000000E-04  1.00000000E-04  1.00000000E-04  1.00000000E-04  1.00000000E-04  1.00000000E-04  1.00000000E-04  1.00000000E-04
  1.00000000E-04  1.00000000E-04  1.00000000E-04  1.00000000E-04  1.00000000E-04  1.00000000E-04  1.00000000E-04  1.00000000E-04  1.00000000E-04  1.00000000E-04  1.00000000E-04  1.00000000E-04  1.00000000E-04  1.00000000E-04  1.00000000E-04  1.00000000E-04  1.00000000E-04  1.00000000E-04       0.00000000       0.00000000
       0.00000000       0.00000000       0.00000000       0.00000000       0.00000000       0.00000000       0.00000000       0.00000000       0.00000000       0.00000000       0.00000000       0.00000000       0.00000000       0.00000000       0.00000000       0.00000000       0.00000000       0.00000000       0.00000000       0.00000000
       0.00000000       0.00000000       0.00000000       0.00000000       0.00000000       0.00000000       0.00000000       0.00000000       0.00000000       0.00000000       0.00000000       0.00000000       0.00000000       0.00000000       0.00000000       0.00000000       0.00000000       0.00000000       0.00000000       0.00000000
       0.00000000       0.00000000       0.00000000       0.00000000       0.00000000       0.00000000       0.00000000       0.00000000       0.00000000       0.00000000       0.00000000
       0.00000000       0.00000000  1.00000000E-04  1.00000000E-04  1.00000000E-04  1.00000000E-04  1.00000000E-04  1.00000000E-04  1.00000000E-04  1.00000000E-04  1.00000000E-04  1.00000000E-04  1.00000000E-04  1.00000000E-04  1.00000000E-04  1.00000000E-04  1.00000000E-04  1.00000000E-04  1.00000000E-04  1.00000000E-04
  1.00000000E-04  1.00000000E-04  1.00000000E-04  1.00000000E-04  1.00000000E-04  1.00000000E-04  1.00000000E-04  1.00000000E-04  1.00000000E-04  1.00000000E-04  1.00000000E-04  1.00000000E-04  1.00000000E-04  1.00000000E-04  1.00000000E-04  1.00000000E-04  1.00000000E-04  1.00000000E-04  1.00000000E-04  1.00000000E-04
  1.00000000E-04  1.00000000E-04  1.00000000E-04  1.00000000E-04  1.00000000E-04  1.00000000E-04  1.00000000E-04  1.00000000E-04  1.00000000E-04  1.00000000E-04  1.00000000E-04  1.00000000E-04  1.00000000E-04  1.00000000E-04  1.00000000E-04  1.00000000E-04  1.00000000E-04  1.00000000E-04  1.00000000E-04  1.00000000E-04
  1.00000000E-04  1.00000000E-04  1.00000000E-04  1.00000000E-04  1.00000000E-04  1.00000000E-04  1.00000000E-04  1.00000000E-04  1.00000000E-04  1.00000000E-04  1.00000000E-04  1.00000000E-04  1.00000000E-04  1.00000000E-04  1.00000000E-04  1.00000000E-04  1.00000000E-04  1.00000000E-04  1.00000000E-04  1.00000000E-04
  1.00000000E-04  1.00000000E-04  1.00000000E-04  1.00000000E-04  1.00000000E-04  1.00000000E-04  1.00000000E-04  1.00000000E-04  1.00000000E-04  1.00000000E-04  1.00000000E-04  1.00000000E-04  1.00000000E-04  1.00000000E-04  1.00000000E-04  1.00000000E-04  1.00000000E-04  1.00000000E-04       0.00000000       0.00000000
       0.00000000       0.00000000       0.00000000       0.00000000       0.00000000       0.00000000       0.00000000       0.00000000       0.00000000       0.00000000       0.00000000       0.00000000       0.00000000       0.00000000       0.00000000       0.00000000       0.00000000       0.00000000       0.00000000       0.00000000
       0.00000000       0.00000000       0.00000000       0.00000000       0.00000000       0.00000000       0.00000000       0.00000000       0.00000000       0.00000000       0.00000000       0.00000000       0.00000000       0.00000000       0.00000000       0.00000000       0.00000000       0.00000000       0.00000000       0.00000000
       0.00000000       0.00000000       0.00000000       0.00000000       0.00000000       0.00000000       0.00000000       0.00000000       0.00000000       0.00000000       0.00000000
       0.00000000       0.00000000  1.00000000E-04  1.00000000E-04  1.00000000E-04  1.00000000E-04  1.00000000E-04  1.00000000E-04  1.00000000E-04  1.00000000E-04  1.00000000E-04  1.00000000E-04  1.00000000E-04  1.00000000E-04  1.00000000E-04  1.00000000E-04  1.00000000E-04  1.00000000E-04  1.00000000E-04  1.00000000E-04
  1.00000000E-04  1.00000000E-04  1.00000000E-04  1.00000000E-04  1.00000000E-04  1.00000000E-04  1.00000000E-04  1.00000000E-04  1.00000000E-04  1.00000000E-04  1.00000000E-04  1.00000000E-04  1.00000000E-04  1.00000000E-04  1.00000000E-04  1.00000000E-04  1.00000000E-04  1.00000000E-04  1.00000000E-04  1.00000000E-04
  1.00000000E-04  1.00000000E-04  1.00000000E-04  1.00000000E-04  1.00000000E-04  1.00000000E-04  1.00000000E-04  1.00000000E-04  1.00000000E-04  1.00000000E-04  1.00000000E-04  1.00000000E-04  1.00000000E-04  1.00000000E-04  1.00000000E-04  1.00000000E-04  1.00000000E-04  1.00000000E-04  1.00000000E-04  1.00000000E-04
  1.00000000E-04  1.00000000E-04  1.00000000E-04  1.00000000E-04  1.00000000E-04  1.00000000E-04  1.00000000E-04  1.00000000E-04  1.00000000E-04  1.00000000E-04  1.00000000E-04  1.00000000E-04  1.00000000E-04  1.00000000E-04  1.00000000E-04  1.00000000E-04  1.00000000E-04  1.00000000E-04  1.00000000E-04  1.00000000E-04
  1.00000000E-04  1.00000000E-04  1.00000000E-04  1.00000000E-04  1.00000000E-04  1.00000000E-04  1.00000000E-04  1.00000000E-04  1.00000000E-04  1.00000000E-04  1.00000000E-04  1.00000000E-04  1.00000000E-04  1.00000000E-04  1.00000000E-04  1.00000000E-04  1.00000000E-04  1.00000000E-04       0.00000000       0.00000000
       0.00000000       0.00000000       0.00000000       0.00000000       0.00000000       0.00000000       0.00000000       0.00000000       0.00000000       0.00000000       0.00000000       0.00000000       0.00000000       0.00000000       0.00000000       0.00000000       0.00000000       0.00000000       0.00000000       0.00000000
       0.00000000       0.00000000       0.00000000       0.00000000       0.00000000       0.00000000       0.00000000       0.00000000       0.00000000       0.00000000       0.00000000       0.00000000       0.00000000       0.00000000       0.00000000       0.00000000       0.00000000       0.00000000       0.00000000       0.00000000
       0.00000000       0.00000000       0.00000000       0.00000000       0.00000000       0.00000000       0.00000000       0.00000000       0.00000000       0.00000000       0.00000000
       0.00000000       0.00000000  1.00000000E-04  1.00000000E-04  1.00000000E-04  1.00000000E-04  1.00000000E-04  1.00000000E-04  1.00000000E-04  1.00000000E-04  1.00000000E-04  1.00000000E-04  1.00000000E-04  1.00000000E-04  1.00000000E-04  1.00000000E-04  1.00000000E-04  1.00000000E-04  1.00000000E-04  1.00000000E-04
  1.00000000E-04  1.00000000E-04  1.00000000E-04  1.00000000E-04  1.00000000E-04  1.00000000E-04  1.00000000E-04  1.00000000E-04  1.00000000E-04  1.00000000E-04  1.00000000E-04  1.00000000E-04  1.00000000E-04  1.00000000E-04  1.00000000E-04  1.00000000E-04  1.00000000E-04  1.00000000E-04  1.00000000E-04  1.00000000E-04
  1.00000000E-04  1.00000000E-04  1.00000000E-04  1.00000000E-04  1.00000000E-04  1.00000000E-04  1.00000000E-04  1.00000000E-04  1.00000000E-04  1.00000000E-04  1.00000000E-04  1.00000000E-04  1.00000000E-04  1.00000000E-04  1.00000000E-04  1.00000000E-04  1.00000000E-04  1.00000000E-04  1.00000000E-04  1.00000000E-04
  1.00000000E-04  1.00000000E-04  1.00000000E-04  1.00000000E-04  1.00000000E-04  1.00000000E-04  1.00000000E-04  1.00000000E-04  1.00000000E-04  1.00000000E-04  1.00000000E-04  1.00000000E-04  1.00000000E-04  1.00000000E-04  1.00000000E-04  1.00000000E-04  1.00000000E-04  1.00000000E-04  1.00000000E-04  1.00000000E-04
  1.00000000E-04  1.00000000E-04  1.00000000E-04  1.00000000E-04  1.00000000E-04  1.00000000E-04  1.00000000E-04  1.00000000E-04  1.00000000E-04  1.00000000E-04  1.00000000E-04  1.00000000E-04  1.00000000E-04  1.00000000E-04  1.00000000E-04  1.00000000E-04  1.00000000E-04  1.00000000E-04  1.00000000E-04       0.00000000
       0.00000000       0.00000000       0.00000000       0.00000000       0.00000000       0.00000000       0.00000000       0.00000000       0.00000000       0.00000000       0.00000000       0.00000000       0.00000000       0.00000000       0.00000000       0.00000000       0.00000000       0.00000000       0.00000000       0.00000000
       0.00000000       0.00000000       0.00000000       0.00000000       0.00000000       0.00000000       0.00000000       0.00000000       0.00000000       0.00000000       0.00000000       0.00000000       0.00000000       0.00000000       0.00000000       0.00000000       0.00000000       0.00000000       0.00000000       0.00000000
       0.00000000       0.00000000       0.00000000       0.00000000       0.00000000       0.00000000       0.00000000       0.00000000       0.00000000       0.00000000       0.00000000
       0.00000000       0.00000000  1.00000000E-04  1.00000000E-04  1.00000000E-04  1.00000000E-04  1.00000000E-04  1.00000000E-04  1.00000000E-04  1.00000000E-04  1.00000000E-04  1.00000000E-04  1.00000000E-04  1.00000000E-04  1.00000000E-04  1.00000000E-04  1.00000000E-04  1.00000000E-04  1.00000000E-04  1.00000000E-04
  1.00000000E-04  1.00000000E-04  1.00000000E-04  1.00000000E-04  1.00000000E-04  1.00000000E-04  1.00000000E-04  1.00000000E-04  1.00000000E-04  1.00000000E-04  1.00000000E-04  1.00000000E-04  1.00000000E-04  1.00000000E-04  1.00000000E-04  1.00000000E-04  1.00000000E-04  1.00000000E-04  1.00000000E-04  1.00000000E-04
  1.00000000E-04  1.00000000E-04  1.00000000E-04  1.00000000E-04  1.00000000E-04  1.00000000E-04  1.00000000E-04  1.00000000E-04  1.00000000E-04  1.00000000E-04  1.00000000E-04  1.00000000E-04  1.00000000E-04  1.00000000E-04  1.00000000E-04  1.00000000E-04  1.00000000E-04  1.00000000E-04  1.00000000E-04  1.00000000E-04
  1.00000000E-04  1.00000000E-04  1.00000000E-04  1.00000000E-04  1.00000000E-04  1.00000000E-04  1.00000000E-04  1.00000000E-04  1.00000000E-04  1.00000000E-04  1.00000000E-04  1.00000000E-04  1.00000000E-04  1.00000000E-04  1.00000000E-04  1.00000000E-04  1.00000000E-04  1.00000000E-04  1.00000000E-04  1.00000000E-04
  1.00000000E-04  1.00000000E-04  1.00000000E-04  1.00000000E-04  1.00000000E-04  1.00000000E-04  1.00000000E-04  1.00000000E-04  1.00000000E-04  1.00000000E-04  1.00000000E-04  1.00000000E-04  1.00000000E-04  1.00000000E-04  1.00000000E-04  1.00000000E-04  1.00000000E-04  1.00000000E-04  1.00000000E-04       0.00000000
       0.00000000       0.00000000       0.00000000       0.00000000       0.00000000       0.00000000       0.00000000       0.00000000       0.00000000       0.00000000       0.00000000       0.00000000       0.00000000       0.00000000       0.00000000       0.00000000       0.00000000       0.00000000       0.00000000       0.00000000
       0.00000000       0.00000000       0.00000000       0.00000000       0.00000000       0.00000000       0.00000000       0.00000000       0.00000000       0.00000000       0.00000000       0.00000000       0.00000000       0.00000000       0.00000000       0.00000000       0.00000000       0.00000000       0.00000000       0.00000000
       0.00000000       0.00000000       0.00000000       0.00000000       0.00000000       0.00000000       0.00000000       0.00000000       0.00000000       0.00000000       0.00000000
       0.00000000       0.00000000  1.00000000E-04  1.00000000E-04  1.00000000E-04  1.00000000E-04  1.00000000E-04  1.00000000E-04  1.00000000E-04  1.00000000E-04  1.00000000E-04  1.00000000E-04  1.00000000E-04  1.00000000E-04  1.00000000E-04  1.00000000E-04  1.00000000E-04  1.00000000E-04  1.00000000E-04  1.00000000E-04
  1.00000000E-04  1.00000000E-04  1.00000000E-04  1.00000000E-04  1.00000000E-04  1.00000000E-04  1.00000000E-04  1.00000000E-04  1.00000000E-04  1.00000000E-04  1.00000000E-04  1.00000000E-04  1.00000000E-04  1.00000000E-04  1.00000000E-04  1.00000000E-04  1.00000000E-04  1.00000000E-04  1.00000000E-04  1.00000000E-04
  1.00000000E-04  1.00000000E-04  1.00000000E-04  1.00000000E-04  1.00000000E-04  1.00000000E-04  1.00000000E-04  1.00000000E-04  1.00000000E-04  1.00000000E-04  1.00000000E-04  1.00000000E-04  1.00000000E-04  1.00000000E-04  1.00000000E-04  1.00000000E-04  1.00000000E-04  1.00000000E-04  1.00000000E-04  1.00000000E-04
  1.00000000E-04  1.00000000E-04  1.00000000E-04  1.00000000E-04  1.00000000E-04  1.00000000E-04  1.00000000E-04  1.00000000E-04  1.00000000E-04  1.00000000E-04  1.00000000E-04  1.00000000E-04  1.00000000E-04  1.00000000E-04  1.00000000E-04  1.00000000E-04  1.00000000E-04  1.00000000E-04  1.00000000E-04  1.00000000E-04
  1.00000000E-04  1.00000000E-04  1.00000000E-04  1.00000000E-04  1.00000000E-04  1.00000000E-04  1.00000000E-04  1.00000000E-04  1.00000000E-04  1.00000000E-04  1.00000000E-04  1.00000000E-04  1.00000000E-04  1.00000000E-04  1.00000000E-04  1.00000000E-04  1.00000000E-04  1.00000000E-04  1.00000000E-04       0.00000000
       0.00000000       0.00000000       0.00000000       0.00000000       0.00000000       0.00000000       0.00000000       0.00000000       0.00000000       0.00000000       0.00000000       0.00000000       0.00000000       0.00000000       0.00000000       0.00000000       0.00000000       0.00000000       0.00000000       0.00000000
       0.00000000       0.00000000       0.00000000       0.00000000       0.00000000       0.00000000       0.00000000       0.00000000       0.00000000       0.00000000       0.00000000       0.00000000       0.00000000       0.00000000       0.00000000       0.00000000       0.00000000       0.00000000       0.00000000       0.00000000
       0.00000000       0.00000000       0.00000000       0.00000000       0.00000000       0.00000000       0.00000000       0.00000000       0.00000000       0.00000000       0.00000000
       0.00000000       0.00000000  1.00000000E-04  1.00000000E-04  1.00000000E-04  1.00000000E-04  1.00000000E-04  1.00000000E-04  1.00000000E-04  1.00000000E-04  1.00000000E-04  1.00000000E-04  1.00000000E-04  1.00000000E-04  1.00000000E-04  1.00000000E-04  1.00000000E-04  1.00000000E-04  1.00000000E-04  1.00000000E-04
  1.00000000E-04  1.00000000E-04  1.00000000E-04  1.00000000E-04  1.00000000E-04  1.00000000E-04  1.00000000E-04  1.00000000E-04  1.00000000E-04  1.00000000E-04  1.00000000E-04  1.00000000E-04  1.00000000E-04  1.00000000E-04  1.00000000E-04  1.00000000E-04  1.00000000E-04  1.00000000E-04  1.00000000E-04  1.00000000E-04
  1.00000000E-04  1.00000000E-04  1.00000000E-04  1.00000000E-04  1.00000000E-04  1.00000000E-04  1.00000000E-04  1.00000000E-04  1.00000000E-04  1.00000000E-04  1.00000000E-04  1.00000000E-04  1.00000000E-04  1.00000000E-04  1.00000000E-04  1.00000000E-04  1.00000000E-04  1.00000000E-04  1.00000000E-04  1.00000000E-04
  1.00000000E-04  1.00000000E-04  1.00000000E-04  1.00000000E-04  1.00000000E-04  1.00000000E-04  1.00000000E-04  1.00000000E-04  1.00000000E-04  1.00000000E-04  1.00000000E-04  1.00000000E-04  1.00000000E-04  1.00000000E-04  1.00000000E-04  1.00000000E-04  1.00000000E-04  1.00000000E-04  1.00000000E-04  1.00000000E-04
  1.00000000E-04  1.00000000E-04  1.00000000E-04  1.00000000E-04  1.00000000E-04  1.00000000E-04  1.00000000E-04  1.00000000E-04  1.00000000E-04  1.00000000E-04  1.00000000E-04  1.00000000E-04  1.00000000E-04  1.00000000E-04  1.00000000E-04  1.00000000E-04  1.00000000E-04  1.00000000E-04  1.00000000E-04       0.00000000
       0.00000000       0.00000000       0.00000000       0.00000000       0.00000000       0.00000000       0.00000000       0.00000000       0.00000000       0.00000000       0.00000000       0.00000000       0.00000000       0.00000000       0.00000000       0.00000000       0.00000000       0.00000000       0.00000000       0.00000000
       0.00000000       0.00000000       0.00000000       0.00000000       0.00000000       0.00000000       0.00000000       0.00000000       0.00000000       0.00000000       0.00000000       0.00000000       0.00000000       0.00000000       0.00000000       0.00000000       0.00000000       0.00000000       0.00000000       0.00000000
       0.00000000       0.00000000       0.00000000       0.00000000       0.00000000       0.00000000       0.00000000       0.00000000       0.00000000       0.00000000       0.00000000
       0.00000000       0.00000000  1.00000000E-04  1.00000000E-04  1.00000000E-04  1.00000000E-04  1.00000000E-04  1.00000000E-04  1.00000000E-04  1.00000000E-04  1.00000000E-04  1.00000000E-04  1.00000000E-04  1.00000000E-04  1.00000000E-04  1.00000000E-04  1.00000000E-04  1.00000000E-04  1.00000000E-04  1.00000000E-04
  1.00000000E-04  1.00000000E-04  1.00000000E-04  1.00000000E-04  1.00000000E-04  1.00000000E-04  1.00000000E-04  1.00000000E-04  1.00000000E-04  1.00000000E-04  1.00000000E-04  1.00000000E-04  1.00000000E-04  1.00000000E-04  1.00000000E-04  1.00000000E-04  1.00000000E-04  1.00000000E-04  1.00000000E-04  1.00000000E-04
  1.00000000E-04  1.00000000E-04  1.00000000E-04  1.00000000E-04  1.00000000E-04  1.00000000E-04  1.00000000E-04  1.00000000E-04  1.00000000E-04  1.00000000E-04  1.00000000E-04  1.00000000E-04  1.00000000E-04  1.00000000E-04  1.00000000E-04  1.00000000E-04  1.00000000E-04  1.00000000E-04  1.00000000E-04  1.00000000E-04
  1.00000000E-04  1.00000000E-04  1.00000000E-04  1.00000000E-04  1.00000000E-04  1.00000000E-04  1.00000000E-04  1.00000000E-04  1.00000000E-04  1.00000000E-04  1.00000000E-04  1.00000000E-04  1.00000000E-04  1.00000000E-04  1.00000000E-04  1.00000000E-04  1.00000000E-04  1.00000000E-04  1.00000000E-04  1.00000000E-04
  1.00000000E-04  1.00000000E-04  1.00000000E-04  1.00000000E-04  1.00000000E-04  1.00000000E-04  1.00000000E-04  1.00000000E-04  1.00000000E-04  1.00000000E-04  1.00000000E-04  1.00000000E-04  1.00000000E-04  1.00000000E-04  1.00000000E-04  1.00000000E-04  1.00000000E-04  1.00000000E-04  1.00000000E-04       0.00000000
       0.00000000       0.00000000       0.00000000       0.00000000       0.00000000       0.00000000       0.00000000       0.00000000       0.00000000       0.00000000       0.00000000       0.00000000       0.00000000       0.00000000       0.00000000       0.00000000       0.00000000       0.00000000       0.00000000       0.00000000
       0.00000000       0.00000000       0.00000000       0.00000000       0.00000000       0.00000000       0.00000000       0.00000000       0.00000000       0.00000000       0.00000000       0.00000000       0.00000000       0.00000000       0.00000000       0.00000000       0.00000000       0.00000000       0.00000000       0.00000000
       0.00000000       0.00000000       0.00000000       0.00000000       0.00000000       0.00000000       0.00000000       0.00000000       0.00000000       0.00000000       0.00000000
       0.00000000       0.00000000  1.00000000E-04  1.00000000E-04  1.00000000E-04  1.00000000E-04  1.00000000E-04  1.00000000E-04  1.00000000E-04  1.00000000E-04  1.00000000E-04  1.00000000E-04  1.00000000E-04  1.00000000E-04  1.00000000E-04  1.00000000E-04  1.00000000E-04  1.00000000E-04  1.00000000E-04  1.00000000E-04
  1.00000000E-04  1.00000000E-04  1.00000000E-04  1.00000000E-04  1.00000000E-04  1.00000000E-04  1.00000000E-04  1.00000000E-04  1.00000000E-04  1.00000000E-04  1.00000000E-04  1.00000000E-04  1.00000000E-04  1.00000000E-04  1.00000000E-04  1.00000000E-04  1.00000000E-04  1.00000000E-04  1.00000000E-04  1.00000000E-04
  1.00000000E-04  1.00000000E-04  1.00000000E-04  1.00000000E-04  1.00000000E-04  1.00000000E-04  1.00000000E-04  1.00000000E-04  1.00000000E-04  1.00000000E-04  1.00000000E-04  1.00000000E-04  1.00000000E-04  1.00000000E-04  1.00000000E-04  1.00000000E-04  1.00000000E-04  1.00000000E-04  1.00000000E-04  1.00000000E-04
  1.00000000E-04  1.00000000E-04  1.00000000E-04  1.00000000E-04  1.00000000E-04  1.00000000E-04  1.00000000E-04  1.00000000E-04  1.00000000E-04  1.00000000E-04  1.00000000E-04  1.00000000E-04  1.00000000E-04  1.00000000E-04  1.00000000E-04  1.00000000E-04  1.00000000E-04  1.00000000E-04  1.00000000E-04  1.00000000E-04
  1.00000000E-04  1.00000000E-04  1.00000000E-04  1.00000000E-04  1.00000000E-04  1.00000000E-04  1.00000000E-04  1.00000000E-04  1.00000000E-04  1.00000000E-04  1.00000000E-04  1.00000000E-04  1.00000000E-04  1.00000000E-04  1.00000000E-04  1.00000000E-04  1.00000000E-04  1.00000000E-04  1.00000000E-04       0.00000000
       0.00000000       0.00000000       0.00000000       0.00000000       0.00000000       0.00000000       0.00000000       0.00000000       0.00000000       0.00000000       0.00000000       0.00000000       0.00000000       0.00000000       0.00000000       0.00000000       0.00000000       0.00000000       0.00000000       0.00000000
       0.00000000       0.00000000       0.00000000       0.00000000       0.00000000       0.00000000       0.00000000       0.00000000       0.00000000       0.00000000       0.00000000       0.00000000       0.00000000       0.00000000       0.00000000       0.00000000       0.00000000       0.00000000       0.00000000       0.00000000
       0.00000000       0.00000000       0.00000000       0.00000000       0.00000000       0.00000000       0.00000000       0.00000000       0.00000000       0.00000000       0.00000000
       0.00000000       0.00000000  1.00000000E-04  1.00000000E-04  1.00000000E-04  1.00000000E-04  1.00000000E-04  1.00000000E-04  1.00000000E-04  1.00000000E-04  1.00000000E-04  1.00000000E-04  1.00000000E-04  1.00000000E-04  1.00000000E-04  1.00000000E-04  1.00000000E-04  1.00000000E-04  1.00000000E-04  1.00000000E-04
  1.00000000E-04  1.00000000E-04  1.00000000E-04  1.00000000E-04  1.00000000E-04  1.00000000E-04  1.00000000E-04  1.00000000E-04  1.00000000E-04  1.00000000E-04  1.00000000E-04  1.00000000E-04  1.00000000E-04  1.00000000E-04  1.00000000E-04  1.00000000E-04  1.00000000E-04  1.00000000E-04  1.00000000E-04  1.00000000E-04
  1.00000000E-04  1.00000000E-04  1.00000000E-04  1.00000000E-04  1.00000000E-04  1.00000000E-04  1.00000000E-04  1.00000000E-04  1.00000000E-04  1.00000000E-04  1.00000000E-04  1.00000000E-04  1.00000000E-04  1.00000000E-04  1.00000000E-04  1.00000000E-04  1.00000000E-04  1.00000000E-04  1.00000000E-04  1.00000000E-04
  1.00000000E-04  1.00000000E-04  1.00000000E-04  1.00000000E-04  1.00000000E-04  1.00000000E-04  1.00000000E-04  1.00000000E-04  1.00000000E-04  1.00000000E-04  1.00000000E-04  1.00000000E-04  1.00000000E-04  1.00000000E-04  1.00000000E-04  1.00000000E-04  1.00000000E-04  1.00000000E-04  1.00000000E-04  1.00000000E-04
  1.00000000E-04  1.00000000E-04  1.00000000E-04  1.00000000E-04  1.00000000E-04  1.00000000E-04  1.00000000E-04  1.00000000E-04  1.00000000E-04  1.00000000E-04  1.00000000E-04  1.00000000E-04  1.00000000E-04  1.00000000E-04  1.00000000E-04  1.00000000E-04  1.00000000E-04  1.00000000E-04  1.00000000E-04       0.00000000
       0.00000000       0.00000000       0.00000000       0.00000000       0.00000000       0.00000000       0.00000000       0.00000000       0.00000000       0.00000000       0.00000000       0.00000000       0.00000000       0.00000000       0.00000000       0.00000000       0.00000000       0.00000000       0.00000000       0.00000000
       0.00000000       0.00000000       0.00000000       0.00000000       0.00000000       0.00000000       0.00000000       0.00000000       0.00000000       0.00000000       0.00000000       0.00000000       0.00000000       0.00000000       0.00000000       0.00000000       0.00000000       0.00000000       0.00000000       0.00000000
       0.00000000       0.00000000       0.00000000       0.00000000       0.00000000       0.00000000       0.00000000       0.00000000       0.00000000       0.00000000       0.00000000
       0.00000000       0.00000000  1.00000000E-04  1.00000000E-04  1.00000000E-04  1.00000000E-04  1.00000000E-04  1.00000000E-04  1.00000000E-04  1.00000000E-04  1.00000000E-04  1.00000000E-04  1.00000000E-04  1.00000000E-04  1.00000000E-04  1.00000000E-04  1.00000000E-04  1.00000000E-04  1.00000000E-04  1.00000000E-04
  1.00000000E-04  1.00000000E-04  1.00000000E-04  1.00000000E-04  1.00000000E-04  1.00000000E-04  1.00000000E-04  1.00000000E-04  1.00000000E-04  1.00000000E-04  1.00000000E-04  1.00000000E-04  1.00000000E-04  1.00000000E-04  1.00000000E-04  1.00000000E-04  1.00000000E-04  1.00000000E-04  1.00000000E-04  1.00000000E-04
  1.00000000E-04  1.00000000E-04  1.00000000E-04  1.00000000E-04  1.00000000E-04  1.00000000E-04  1.00000000E-04  1.00000000E-04  1.00000000E-04  1.00000000E-04  1.00000000E-04  1.00000000E-04  1.00000000E-04  1.00000000E-04  1.00000000E-04  1.00000000E-04  1.00000000E-04  1.00000000E-04  1.00000000E-04  1.00000000E-04
  1.00000000E-04  1.00000000E-04  1.00000000E-04  1.00000000E-04  1.00000000E-04  1.00000000E-04  1.00000000E-04  1.00000000E-04  1.00000000E-04  1.00000000E-04  1.00000000E-04  1.00000000E-04  1.00000000E-04  1.00000000E-04  1.00000000E-04  1.00000000E-04  1.00000000E-04  1.00000000E-04  1.00000000E-04  1.00000000E-04
  1.00000000E-04  1.00000000E-04  1.00000000E-04  1.00000000E-04  1.00000000E-04  1.00000000E-04  1.00000000E-04  1.00000000E-04  1.00000000E-04  1.00000000E-04  1.00000000E-04  1.00000000E-04  1.00000000E-04  1.00000000E-04  1.00000000E-04  1.00000000E-04  1.00000000E-04  1.00000000E-04  1.00000000E-04  1.00000000E-04
       0.00000000       0.00000000       0.00000000       0.00000000       0.00000000       0.00000000       0.00000000       0.00000000       0.00000000       0.00000000       0.00000000       0.00000000       0.00000000       0.00000000       0.00000000       0.00000000       0.00000000       0.00000000       0.00000000       0.00000000
       0.00000000       0.00000000       0.00000000       0.00000000       0.00000000       0.00000000       0.00000000       0.00000000       0.00000000       0.00000000       0.00000000       0.00000000       0.00000000       0.00000000       0.00000000       0.00000000       0.00000000       0.00000000       0.00000000       0.00000000
       0.00000000       0.00000000       0.00000000       0.00000000       0.00000000       0.00000000       0.00000000       0.00000000       0.00000000       0.00000000       0.00000000
       0.00000000       0.00000000  1.00000000E-04  1.00000000E-04  1.00000000E-04  1.00000000E-04  1.00000000E-04  1.00000000E-04  1.00000000E-04  1.00000000E-04  1.00000000E-04  1.00000000E-04  1.00000000E-04  1.00000000E-04  1.00000000E-04  1.00000000E-04  1.00000000E-04  1.00000000E-04  1.00000000E-04  1.00000000E-04
  1.00000000E-04  1.00000000E-04  1.00000000E-04  1.00000000E-04  1.00000000E-04  1.00000000E-04  1.00000000E-04  1.00000000E-04  1.00000000E-04  1.00000000E-04  1.00000000E-04  1.00000000E-04  1.00000000E-04  1.00000000E-04  1.00000000E-04  1.00000000E-04  1.00000000E-04  1.00000000E-04  1.00000000E-04  1.00000000E-04
  1.00000000E-04  1.00000000E-04  1.00000000E-04  1.00000000E-04  1.00000000E-04  1.00000000E-04  1.00000000E-04  1.00000000E-04  1.00000000E-04  1.00000000E-04  1.00000000E-04  1.00000000E-04  1.00000000E-04  1.00000000E-04  1.00000000E-04  1.00000000E-04  1.00000000E-04  1.00000000E-04  1.00000000E-04  1.00000000E-04
  1.00000000E-04  1.00000000E-04  1.00000000E-04  1.00000000E-04  1.00000000E-04  1.00000000E-04  1.00000000E-04  1.00000000E-04  1.00000000E-04  1.00000000E-04  1.00000000E-04  1.00000000E-04  1.00000000E-04  1.00000000E-04  1.00000000E-04  1.00000000E-04  1.00000000E-04  1.00000000E-04  1.00000000E-04  1.00000000E-04
  1.00000000E-04  1.00000000E-04  1.00000000E-04  1.00000000E-04  1.00000000E-04  1.00000000E-04  1.00000000E-04  1.00000000E-04  1.00000000E-04  1.00000000E-04  1.00000000E-04  1.00000000E-04  1.00000000E-04  1.00000000E-04  1.00000000E-04  1.00000000E-04  1.00000000E-04  1.00000000E-04  1.00000000E-04  1.00000000E-04
       0.00000000       0.00000000       0.00000000       0.00000000       0.00000000       0.00000000       0.00000000       0.00000000       0.00000000       0.00000000       0.00000000       0.00000000       0.00000000       0.00000000       0.00000000       0.00000000       0.00000000       0.00000000       0.00000000       0.00000000
       0.00000000       0.00000000       0.00000000       0.00000000       0.00000000       0.00000000       0.00000000       0.00000000       0.00000000       0.00000000       0.00000000       0.00000000       0.00000000       0.00000000       0.00000000       0.00000000       0.00000000       0.00000000       0.00000000       0.00000000
       0.00000000       0.00000000       0.00000000       0.00000000       0.00000000       0.00000000       0.00000000       0.00000000       0.00000000       0.00000000       0.00000000
       0.00000000       0.00000000  1.00000000E-04  1.00000000E-04  1.00000000E-04  1.00000000E-04  1.00000000E-04  1.00000000E-04  1.00000000E-04  1.00000000E-04  1.00000000E-04  1.00000000E-04  1.00000000E-04  1.00000000E-04  1.00000000E-04  1.00000000E-04  1.00000000E-04  1.00000000E-04  1.00000000E-04  1.00000000E-04
  1.00000000E-04  1.00000000E-04  1.00000000E-04  1.00000000E-04  1.00000000E-04  1.00000000E-04  1.00000000E-04  1.00000000E-04  1.00000000E-04  1.00000000E-04  1.00000000E-04  1.00000000E-04  1.00000000E-04  1.00000000E-04  1.00000000E-04  1.00000000E-04  1.00000000E-04  1.00000000E-04  1.00000000E-04  1.00000000E-04
  1.00000000E-04  1.00000000E-04  1.00000000E-04  1.00000000E-04  1.00000000E-04  1.00000000E-04  1.00000000E-04  1.00000000E-04  1.00000000E-04  1.00000000E-04  1.00000000E-04  1.00000000E-04  1.00000000E-04  1.00000000E-04  1.00000000E-04  1.00000000E-04  1.00000000E-04  1.00000000E-04  1.00000000E-04  1.00000000E-04
  1.00000000E-04  1.00000000E-04  1.00000000E-04  1.00000000E-04  1.00000000E-04  1.00000000E-04  1.00000000E-04  1.00000000E-04  1.00000000E-04  1.00000000E-04  1.00000000E-04  1.00000000E-04  1.00000000E-04  1.00000000E-04  1.00000000E-04  1.00000000E-04  1.00000000E-04  1.00000000E-04  1.00000000E-04  1.00000000E-04
  1.00000000E-04  1.00000000E-04  1.00000000E-04  1.00000000E-04  1.00000000E-04  1.00000000E-04  1.00000000E-04  1.00000000E-04  1.00000000E-04  1.00000000E-04  1.00000000E-04  1.00000000E-04  1.00000000E-04  1.00000000E-04  1.00000000E-04  1.00000000E-04  1.00000000E-04  1.00000000E-04  1.00000000E-04  1.00000000E-04
       0.00000000       0.00000000       0.00000000       0.00000000       0.00000000       0.00000000       0.00000000       0.00000000       0.00000000       0.00000000       0.00000000       0.00000000       0.00000000       0.00000000       0.00000000       0.00000000       0.00000000       0.00000000       0.00000000       0.00000000
       0.00000000       0.00000000       0.00000000       0.00000000       0.00000000       0.00000000       0.00000000       0.00000000       0.00000000       0.00000000       0.00000000       0.00000000       0.00000000       0.00000000       0.00000000       0.00000000       0.00000000       0.00000000       0.00000000       0.00000000
       0.00000000       0.00000000       0.00000000       0.00000000       0.00000000       0.00000000       0.00000000       0.00000000       0.00000000       0.00000000       0.00000000
       0.00000000  1.00000000E-04  1.00000000E-04  1.00000000E-04  1.00000000E-04  1.00000000E-04  1.00000000E-04  1.00000000E-04  1.00000000E-04  1.00000000E-04  1.00000000E-04  1.00000000E-04  1.00000000E-04  1.00000000E-04  1.00000000E-04  1.00000000E-04  1.00000000E-04  1.00000000E-04  1.00000000E-04  1.00000000E-04
  1.00000000E-04  1.00000000E-04  1.00000000E-04  1.00000000E-04  1.00000000E-04  1.00000000E-04  1.00000000E-04  1.00000000E-04  1.00000000E-04  1.00000000E-04  1.00000000E-04  1.00000000E-04  1.00000000E-04  1.00000000E-04  1.00000000E-04  1.00000000E-04  1.00000000E-04  1.00000000E-04  1.00000000E-04  1.00000000E-04
  1.00000000E-04  1.00000000E-04  1.00000000E-04  1.00000000E-04  1.00000000E-04  1.00000000E-04  1.00000000E-04  1.00000000E-04  1.00000000E-04  1.00000000E-04  1.00000000E-04  1.00000000E-04  1.00000000E-04  1.00000000E-04  1.00000000E-04  1.00000000E-04  1.00000000E-04  1.00000000E-04  1.00000000E-04  1.00000000E-04
  1.00000000E-04  1.00000000E-04  1.00000000E-04  1.00000000E-04  1.00000000E-04  1.00000000E-04  1.00000000E-04  1.00000000E-04  1.00000000E-04  1.00000000E-04  1.00000000E-04  1.00000000E-04  1.00000000E-04  1.00000000E-04  1.00000000E-04  1.00000000E-04  1.00000000E-04  1.00000000E-04  1.00000000E-04  1.00000000E-04
  1.00000000E-04  1.00000000E-04  1.00000000E-04  1.00000000E-04  1.00000000E-04  1.00000000E-04  1.00000000E-04  1.00000000E-04  1.00000000E-04  1.00000000E-04  1.00000000E-04  1.00000000E-04  1.00000000E-04  1.00000000E-04  1.00000000E-04  1.00000000E-04  1.00000000E-04  1.00000000E-04  1.00000000E-04  1.00000000E-04
       0.00000000       0.00000000       0.00000000       0.00000000       0.00000000       0.00000000       0.00000000       0.00000000       0.00000000       0.00000000       0.00000000       0.00000000       0.00000000       0.00000000       0.00000000       0.00000000       0.00000000       0.00000000       0.00000000       0.00000000
       0.00000000       0.00000000       0.00000000       0.00000000       0.00000000       0.00000000       0.00000000       0.00000000       0.00000000       0.00000000       0.00000000       0.00000000       0.00000000       0.00000000       0.00000000       0.00000000       0.00000000       0.00000000       0.00000000       0.00000000
       0.00000000       0.00000000       0.00000000       0.00000000       0.00000000       0.00000000       0.00000000       0.00000000       0.00000000       0.00000000       0.00000000
       0.00000000  1.00000000E-04  1.00000000E-04  1.00000000E-04  1.00000000E-04  1.00000000E-04  1.00000000E-04  1.00000000E-04  1.00000000E-04  1.00000000E-04  1.00000000E-04  1.00000000E-04  1.00000000E-04  1.00000000E-04  1.00000000E-04  1.00000000E-04  1.00000000E-04  1.00000000E-04  1.00000000E-04  1.00000000E-04
  1.00000000E-04  1.00000000E-04  1.00000000E-04  1.00000000E-04  1.00000000E-04  1.00000000E-04  1.00000000E-04  1.00000000E-04  1.00000000E-04  1.00000000E-04  1.00000000E-04  1.00000000E-04  1.00000000E-04  1.00000000E-04  1.00000000E-04  1.00000000E-04  1.00000000E-04  1.00000000E-04  1.00000000E-04  1.00000000E-04
  1.00000000E-04  1.00000000E-04  1.00000000E-04  1.00000000E-04  1.00000000E-04  1.00000000E-04  1.00000000E-04  1.00000000E-04  1.00000000E-04  1.00000000E-04  1.00000000E-04  1.00000000E-04  1.00000000E-04  1.00000000E-04  1.00000000E-04  1.00000000E-04  1.00000000E-04  1.00000000E-04  1.00000000E-04  1.00000000E-04
  1.00000000E-04  1.00000000E-04  1.00000000E-04  1.00000000E-04  1.00000000E-04  1.00000000E-04  1.00000000E-04  1.00000000E-04  1.00000000E-04  1.00000000E-04  1.00000000E-04  1.00000000E-04  1.00000000E-04  1.00000000E-04  1.00000000E-04  1.00000000E-04  1.00000000E-04  1.00000000E-04  1.00000000E-04  1.00000000E-04
  1.00000000E-04  1.00000000E-04  1.00000000E-04  1.00000000E-04  1.00000000E-04  1.00000000E-04  1.00000000E-04  1.00000000E-04  1.00000000E-04  1.00000000E-04  1.00000000E-04  1.00000000E-04  1.00000000E-04  1.00000000E-04  1.00000000E-04  1.00000000E-04  1.00000000E-04  1.00000000E-04  1.00000000E-04  1.00000000E-04
       0.00000000       0.00000000       0.00000000       0.00000000       0.00000000       0.00000000       0.00000000       0.00000000       0.00000000       0.00000000       0.00000000       0.00000000       0.00000000       0.00000000       0.00000000       0.00000000       0.00000000       0.00000000       0.00000000       0.00000000
       0.00000000       0.00000000       0.00000000       0.00000000       0.00000000       0.00000000       0.00000000       0.00000000       0.00000000       0.00000000       0.00000000       0.00000000       0.00000000       0.00000000       0.00000000       0.00000000       0.00000000       0.00000000       0.00000000       0.00000000
       0.00000000       0.00000000       0.00000000       0.00000000       0.00000000       0.00000000       0.00000000       0.00000000       0.00000000       0.00000000       0.00000000
       0.00000000  1.00000000E-04  1.00000000E-04  1.00000000E-04  1.00000000E-04  1.00000000E-04  1.00000000E-04  1.00000000E-04  1.00000000E-04  1.00000000E-04  1.00000000E-04  1.00000000E-04  1.00000000E-04  1.00000000E-04  1.00000000E-04  1.00000000E-04  1.00000000E-04  1.00000000E-04  1.00000000E-04  1.00000000E-04
  1.00000000E-04  1.00000000E-04  1.00000000E-04  1.00000000E-04  1.00000000E-04  1.00000000E-04  1.00000000E-04  1.00000000E-04  1.00000000E-04  1.00000000E-04  1.00000000E-04  1.00000000E-04  1.00000000E-04  1.00000000E-04  1.00000000E-04  1.00000000E-04  1.00000000E-04  1.00000000E-04  1.00000000E-04  1.00000000E-04
  1.00000000E-04  1.00000000E-04  1.00000000E-04  1.00000000E-04  1.00000000E-04  1.00000000E-04  1.00000000E-04  1.00000000E-04  1.00000000E-04  1.00000000E-04  1.00000000E-04  1.00000000E-04  1.00000000E-04  1.00000000E-04  1.00000000E-04  1.00000000E-04  1.00000000E-04  1.00000000E-04  1.00000000E-04  1.00000000E-04
  1.00000000E-04  1.00000000E-04  1.00000000E-04  1.00000000E-04  1.00000000E-04  1.00000000E-04  1.00000000E-04  1.00000000E-04  1.00000000E-04  1.00000000E-04  1.00000000E-04  1.00000000E-04  1.00000000E-04  1.00000000E-04  1.00000000E-04  1.00000000E-04  1.00000000E-04  1.00000000E-04  1.00000000E-04  1.00000000E-04
  1.00000000E-04  1.00000000E-04  1.00000000E-04  1.00000000E-04  1.00000000E-04  1.00000000E-04  1.00000000E-04  1.00000000E-04  1.00000000E-04  1.00000000E-04  1.00000000E-04  1.00000000E-04  1.00000000E-04  1.00000000E-04  1.00000000E-04  1.00000000E-04  1.00000000E-04  1.00000000E-04  1.00000000E-04  1.00000000E-04
  1.00000000E-04       0.00000000       0.00000000       0.00000000       0.00000000       0.00000000       0.00000000       0.00000000       0.00000000       0.00000000       0.00000000       0.00000000       0.00000000       0.00000000       0.00000000       0.00000000       0.00000000       0.00000000       0.00000000       0.00000000
       0.00000000       0.00000000       0.00000000       0.00000000       0.00000000       0.00000000       0.00000000       0.00000000       0.00000000       0.00000000       0.00000000       0.00000000       0.00000000       0.00000000       0.00000000       0.00000000       0.00000000       0.00000000       0.00000000       0.00000000
       0.00000000       0.00000000       0.00000000       0.00000000       0.00000000       0.00000000       0.00000000       0.00000000       0.00000000       0.00000000       0.00000000
       0.00000000  1.00000000E-04  1.00000000E-04  1.00000000E-04  1.00000000E-04  1.00000000E-04  1.00000000E-04  1.00000000E-04  1.00000000E-04  1.00000000E-04  1.00000000E-04  1.00000000E-04  1.00000000E-04  1.00000000E-04  1.00000000E-04  1.00000000E-04  1.00000000E-04  1.00000000E-04  1.00000000E-04  1.00000000E-04
  1.00000000E-04  1.00000000E-04  1.00000000E-04  1.00000000E-04  1.00000000E-04  1.00000000E-04  1.00000000E-04  1.00000000E-04  1.00000000E-04  1.00000000E-04  1.00000000E-04  1.00000000E-04  1.00000000E-04  1.00000000E-04  1.00000000E-04  1.00000000E-04  1.00000000E-04  1.00000000E-04  1.00000000E-04  1.00000000E-04
  1.00000000E-04  1.00000000E-04  1.00000000E-04  1.00000000E-04  1.00000000E-04  1.00000000E-04  1.00000000E-04  1.00000000E-04  1.00000000E-04  1.00000000E-04  1.00000000E-04  1.00000000E-04  1.00000000E-04  1.00000000E-04  1.00000000E-04  1.00000000E-04  1.00000000E-04  1.00000000E-04  1.00000000E-04  1.00000000E-04
  1.00000000E-04  1.00000000E-04  1.00000000E-04  1.00000000E-04  1.00000000E-04  1.00000000E-04  1.00000000E-04  1.00000000E-04  1.00000000E-04  1.00000000E-04  1.00000000E-04  1.00000000E-04  1.00000000E-04  1.00000000E-04  1.00000000E-04  1.00000000E-04  1.00000000E-04  1.00000000E-04  1.00000000E-04  1.00000000E-04
  1.00000000E-04  1.00000000E-04  1.00000000E-04  1.00000000E-04  1.00000000E-04  1.00000000E-04  1.00000000E-04  1.00000000E-04  1.00000000E-04  1.00000000E-04  1.00000000E-04  1.00000000E-04  1.00000000E-04  1.00000000E-04  1.00000000E-04  1.00000000E-04  1.00000000E-04  1.00000000E-04  1.00000000E-04  1.00000000E-04
  1.00000000E-04       0.00000000       0.00000000       0.00000000       0.00000000       0.00000000       0.00000000       0.00000000       0.00000000       0.00000000       0.00000000       0.00000000       0.00000000       0.00000000       0.00000000       0.00000000       0.00000000       0.00000000       0.00000000       0.00000000
       0.00000000       0.00000000       0.00000000       0.00000000       0.00000000       0.00000000       0.00000000       0.00000000       0.00000000       0.00000000       0.00000000       0.00000000       0.00000000       0.00000000       0.00000000       0.00000000       0.00000000       0.00000000       0.00000000       0.00000000
       0.00000000       0.00000000       0.00000000       0.00000000       0.00000000       0.00000000       0.00000000       0.00000000       0.00000000       0.00000000       0.00000000
       0.00000000  1.00000000E-04  1.00000000E-04  1.00000000E-04  1.00000000E-04  1.00000000E-04  1.00000000E-04  1.00000000E-04  1.00000000E-04  1.00000000E-04  1.00000000E-04  1.00000000E-04  1.00000000E-04  1.00000000E-04  1.00000000E-04  1.00000000E-04  1.00000000E-04  1.00000000E-04  1.00000000E-04  1.00000000E-04
  1.00000000E-04  1.00000000E-04  1.00000000E-04  1.00000000E-04  1.00000000E-04  1.00000000E-04  1.00000000E-04  1.00000000E-04  1.00000000E-04  1.00000000E-04  1.00000000E-04  1.00000000E-04  1.00000000E-04  1.00000000E-04  1.00000000E-04  1.00000000E-04  1.00000000E-04  1.00000000E-04  1.00000000E-04  1.00000000E-04
  1.00000000E-04  1.00000000E-04  1.00000000E-04  1.00000000E-04  1.00000000E-04  1.00000000E-04  1.00000000E-04  1.00000000E-04  1.00000000E-04  1.00000000E-04  1.00000000E-04  1.00000000E-04  1.00000000E-04  1.00000000E-04  1.00000000E-04  1.00000000E-04  1.00000000E-04  1.00000000E-04  1.00000000E-04  1.00000000E-04
  1.00000000E-04  1.00000000E-04  1.00000000E-04  1.00000000E-04  1.00000000E-04  1.00000000E-04  1.00000000E-04  1.00000000E-04       0.00000000       0.00000000       0.00000000       0.00000000       0.00000000       0.00000000  1.00000000E-04  1.00000000E-04  1.00000000E-04  1.00000000E-04  1.00000000E-04  1.00000000E-04
  1.00000000E-04  1.00000000E-04  1.00000000E-04  1.00000000E-04  1.00000000E-04  1.00000000E-04  1.00000000E-04  1.00000000E-04  1.00000000E-04  1.00000000E-04  1.00000000E-04  1.00000000E-04  1.00000000E-04  1.00000000E-04  1.00000000E-04  1.00000000E-04  1.00000000E-04  1.00000000E-04  1.00000000E-04  1.00000000E-04
  1.00000000E-04       0.00000000       0.00000000       0.00000000       0.00000000       0.00000000       0.00000000       0.00000000       0.00000000       0.00000000       0.00000000       0.00000000       0.00000000       0.00000000       0.00000000       0.00000000       0.00000000       0.00000000       0.00000000       0.00000000
       0.00000000       0.00000000       0.00000000       0.00000000       0.00000000       0.00000000       0.00000000       0.00000000       0.00000000       0.00000000       0.00000000       0.00000000       0.00000000       0.00000000       0.00000000       0.00000000       0.00000000       0.00000000       0.00000000       0.00000000
       0.00000000       0.00000000       0.00000000       0.00000000       0.00000000       0.00000000       0.00000000       0.00000000       0.00000000       0.00000000       0.00000000
       0.00000000  1.00000000E-04  1.00000000E-04  1.00000000E-04  1.00000000E-04  1.00000000E-04  1.00000000E-04  1.00000000E-04  1.00000000E-04  1.00000000E-04  1.00000000E-04  1.00000000E-04  1.00000000E-04  1.00000000E-04  1.00000000E-04  1.00000000E-04  1.00000000E-04  1.00000000E-04  1.00000000E-04  1.00000000E-04
  1.00000000E-04  1.00000000E-04  1.00000000E-04  1.00000000E-04  1.00000000E-04  1.00000000E-04  1.00000000E-04  1.00000000E-04  1.00000000E-04  1.00000000E-04  1.00000000E-04  1.00000000E-04  1.00000000E-04  1.00000000E-04  1.00000000E-04  1.00000000E-04  1.00000000E-04  1.00000000E-04  1.00000000E-04  1.00000000E-04
  1.00000000E-04  1.00000000E-04  1.00000000E-04  1.00000000E-04  1.00000000E-04  1.00000000E-04  1.00000000E-04  1.00000000E-04  1.00000000E-04  1.00000000E-04  1.00000000E-04  1.00000000E-04  1.00000000E-04  1.00000000E-04       0.00000000       0.00000000       0.00000000       0.00000000       0.00000000       0.00000000
       0.00000000       0.00000000       0.00000000       0.00000000       0.00000000       0.00000000       0.00000000       0.00000000       0.00000000       0.00000000       0.00000000       0.00000000       0.00000000       0.00000000       0.00000000       0.00000000  1.00000000E-04  1.00000000E-04  1.00000000E-04  1.00000000E-04
  1.00000000E-04  1.00000000E-04  1.00000000E-04  1.00000000E-04  1.00000000E-04  1.00000000E-04  1.00000000E-04  1.00000000E-04  1.00000000E-04  1.00000000E-04  1.00000000E-04  1.00000000E-04  1.00000000E-04  1.00000000E-04  1.00000000E-04  1.00000000E-04  1.00000000E-04  1.00000000E-04  1.00000000E-04  1.00000000E-04
  1.00000000E-04       0.00000000       0.00000000       0.00000000       0.00000000       0.00000000       0.00000000       0.00000000       0.00000000       0.00000000       0.00000000       0.00000000       0.00000000       0.00000000       0.00000000       0.00000000       0.00000000       0.00000000       0.00000000       0.00000000
       0.00000000       0.00000000       0.00000000       0.00000000       0.00000000       0.00000000       0.00000000       0.00000000       0.00000000       0.00000000       0.00000000       0.00000000       0.00000000       0.00000000       0.00000000       0.00000000       0.00000000       0.00000000       0.00000000       0.00000000
       0.00000000       0.00000000       0.00000000       0.00000000       0.00000000       0.00000000       0.00000000       0.00000000       0.00000000       0.00000000       0.00000000
       0.00000000  1.00000000E-04  1.00000000E-04  1.00000000E-04  1.00000000E-04  1.00000000E-04  1.00000000E-04  1.00000000E-04  1.00000000E-04  1.00000000E-04  1.00000000E-04  1.00000000E-04  1.00000000E-04  1.00000000E-04  1.00000000E-04  1.00000000E-04  1.00000000E-04  1.00000000E-04  1.00000000E-04  1.00000000E-04
  1.00000000E-04  1.00000000E-04  1.00000000E-04  1.00000000E-04  1.00000000E-04  1.00000000E-04  1.00000000E-04  1.00000000E-04  1.00000000E-04  1.00000000E-04  1.00000000E-04  1.00000000E-04  1.00000000E-04  1.00000000E-04  1.00000000E-04  1.00000000E-04  1.00000000E-04  1.00000000E-04  1.00000000E-04  1.00000000E-04
  1.00000000E-04  1.00000000E-04  1.00000000E-04  1.00000000E-04  1.00000000E-04  1.00000000E-04  1.00000000E-04  1.00000000E-04  1.00000000E-04       0.00000000       0.00000000       0.00000000       0.00000000       0.00000000       0.00000000       0.00000000       0.00000000       0.00000000       0.00000000       0.00000000
       0.00000000       0.00000000       0.00000000       0.00000000       0.00000000       0.00000000       0.00000000       0.00000000       0.00000000       0.00000000       0.00000000       0.00000000       0.00000000       0.00000000       0.00000000       0.00000000       0.00000000       0.00000000  1.00000000E-04  1.00000000E-04
  1.00000000E-04  1.00000000E-04  1.00000000E-04  1.00000000E-04  1.00000000E-04  1.00000000E-04  1.00000000E-04  1.00000000E-04  1.00000000E-04  1.00000000E-04  1.00000000E-04  1.00000000E-04  1.00000000E-04  1.00000000E-04  1.00000000E-04  1.00000000E-04  1.00000000E-04  1.00000000E-04  1.00000000E-04  1.00000000E-04
  1.00000000E-04       0.00000000       0.00000000       0.00000000       0.00000000       0.00000000       0.00000000       0.00000000       0.00000000       0.00000000       0.00000000       0.00000000       0.00000000       0.00000000       0.00000000       0.00000000       0.00000000       0.00000000       0.00000000       0.00000000
       0.00000000       0.00000000       0.00000000       0.00000000       0.00000000       0.00000000       0.00000000       0.00000000       0.00000000       0.00000000       0.00000000       0.00000000       0.00000000       0.00000000       0.00000000       0.00000000       0.00000000       0.00000000       0.00000000       0.00000000
       0.00000000       0.00000000       0.00000000       0.00000000       0.00000000       0.00000000       0.00000000       0.00000000       0.00000000       0.00000000       0.00000000
       0.00000000  1.00000000E-04  1.00000000E-04  1.00000000E-04  1.00000000E-04  1.00000000E-04  1.00000000E-04  1.00000000E-04  1.00000000E-04  1.00000000E-04  1.00000000E-04  1.00000000E-04  1.00000000E-04  1.00000000E-04  1.00000000E-04  1.00000000E-04  1.00000000E-04  1.00000000E-04  1.00000000E-04  1.00000000E-04
  1.00000000E-04  1.00000000E-04  1.00000000E-04  1.00000000E-04  1.00000000E-04  1.00000000E-04  1.00000000E-04  1.00000000E-04  1.00000000E-04  1.00000000E-04  1.00000000E-04  1.00000000E-04  1.00000000E-04  1.00000000E-04  1.00000000E-04  1.00000000E-04  1.00000000E-04  1.00000000E-04  1.00000000E-04  1.00000000E-04
  1.00000000E-04  1.00000000E-04  1.00000000E-04       0.00000000       0.00000000       0.00000000       0.00000000       0.00000000       0.00000000       0.00000000       0.00000000       0.00000000       0.00000000       0.00000000       0.00000000       0.00000000       0.00000000       0.00000000       0.00000000       0.00000000
       0.00000000       0.00000000       0.00000000       0.00000000       0.00000000       0.00000000       0.00000000       0.00000000       0.00000000       0.00000000       0.00000000       0.00000000       0.00000000       0.00000000       0.00000000       0.00000000       0.00000000       0.00000000       0.00000000       0.00000000
  1.00000000E-04  1.00000000E-04  1.00000000E-04  1.00000000E-04  1.00000000E-04  1.00000000E-04  1.00000000E-04  1.00000000E-04  1.00000000E-04  1.00000000E-04  1.00000000E-04  1.00000000E-04  1.00000000E-04  1.00000000E-04  1.00000000E-04  1.00000000E-04  1.00000000E-04  1.00000000E-04  1.00000000E-04  1.00000000E-04
  1.00000000E-04  1.00000000E-04       0.00000000       0.00000000       0.00000000       0.00000000       0.00000000       0.00000000       0.00000000       0.00000000       0.00000000       0.00000000       0.00000000       0.00000000       0.00000000       0.00000000       0.00000000       0.00000000       0.00000000       0.00000000
       0.00000000       0.00000000       0.00000000       0.00000000       0.00000000       0.00000000       0.00000000       0.00000000       0.00000000       0.00000000       0.00000000       0.00000000       0.00000000       0.00000000       0.00000000       0.00000000       0.00000000       0.00000000       0.00000000       0.00000000
       0.00000000       0.00000000       0.00000000       0.00000000       0.00000000       0.00000000       0.00000000       0.00000000       0.00000000       0.00000000       0.00000000
       0.00000000  1.00000000E-04  1.00000000E-04  1.00000000E-04  1.00000000E-04  1.00000000E-04  1.00000000E-04  1.00000000E-04  1.00000000E-04  1.00000000E-04  1.00000000E-04  1.00000000E-04  1.00000000E-04  1.00000000E-04  1.00000000E-04  1.00000000E-04  1.00000000E-04  1.00000000E-04  1.00000000E-04  1.00000000E-04
  1.00000000E-04  1.00000000E-04  1.00000000E-04  1.00000000E-04  1.00000000E-04  1.00000000E-04  1.00000000E-04  1.00000000E-04  1.00000000E-04  1.00000000E-04  1.00000000E-04  1.00000000E-04  1.00000000E-04  1.00000000E-04  1.00000000E-04  1.00000000E-04  1.00000000E-04       0.00000000       0.00000000       0.00000000
       0.00000000       0.00000000       0.00000000       0.00000000       0.00000000       0.00000000       0.00000000       0.00000000       0.00000000       0.00000000       0.00000000       0.00000000       0.00000000       0.00000000       0.00000000       0.00000000       0.00000000       0.00000000       0.00000000       0.00000000
       0.00000000       0.00000000       0.00000000       0.00000000       0.00000000       0.00000000       0.00000000       0.00000000       0.00000000       0.00000000       0.00000000       0.00000000       0.00000000       0.00000000       0.00000000       0.00000000       0.00000000       0.00000000       0.00000000       0.00000000
       0.00000000  1.00000000E-04  1.00000000E-04  1.00000000E-04  1.00000000E-04  1.00000000E-04  1.00000000E-04  1.00000000E-04  1.00000000E-04  1.00000000E-04  1.00000000E-04  1.00000000E-04  1.00000000E-04  1.00000000E-04  1.00000000E-04  1.00000000E-04  1.00000000E-04  1.00000000E-04  1.00000000E-04  1.00000000E-04
  1.00000000E-04  1.00000000E-04       0.00000000       0.00000000       0.00000000       0.00000000       0.00000000       0.00000000       0.00000000       0.00000000       0.00000000       0.00000000       0.00000000       0.00000000       0.00000000       0.00000000       0.00000000       0.00000000       0.00000000       0.00000000
       0.00000000       0.00000000       0.00000000       0.00000000       0.00000000       0.00000000       0.00000000       0.00000000       0.00000000       0.00000000       0.00000000       0.00000000       0.00000000       0.00000000       0.00000000       0.00000000       0.00000000       0.00000000       0.00000000       0.00000000
       0.00000000       0.00000000       0.00000000       0.00000000       0.00000000       0.00000000       0.00000000       0.00000000       0.00000000       0.00000000       0.00000000
       0.00000000  1.00000000E-04  1.00000000E-04  1.00000000E-04  1.00000000E-04  1.00000000E-04  1.00000000E-04  1.00000000E-04  1.00000000E-04  1.00000000E-04  1.00000000E-04  1.00000000E-04  1.00000000E-04  1.00000000E-04  1.00000000E-04  1.00000000E-04  1.00000000E-04  1.00000000E-04  1.00000000E-04  1.00000000E-04
  1.00000000E-04  1.00000000E-04  1.00000000E-04  1.00000000E-04  1.00000000E-04  1.00000000E-04  1.00000000E-04  1.00000000E-04  1.00000000E-04  1.00000000E-04  1.00000000E-04  1.00000000E-04  1.00000000E-04  1.00000000E-04  1.00000000E-04       0.00000000       0.00000000       0.00000000       0.00000000       0.00000000
       0.00000000       0.00000000       0.00000000       0.00000000       0.00000000       0.00000000       0.00000000       0.00000000       0.00000000       0.00000000       0.00000000       0.00000000       0.00000000       0.00000000       0.00000000       0.00000000       0.00000000       0.00000000       0.00000000       0.00000000
       0.00000000       0.00000000       0.00000000       0.00000000       0.00000000       0.00000000       0.00000000       0.00000000       0.00000000       0.00000000       0.00000000       0.00000000       0.00000000       0.00000000       0.00000000       0.00000000       0.00000000       0.00000000       0.00000000       0.00000000
       0.00000000       0.00000000       0.00000000  1.00000000E-04  1.00000000E-04  1.00000000E-04  1.00000000E-04  1.00000000E-04  1.00000000E-04  1.00000000E-04  1.00000000E-04  1.00000000E-04  1.00000000E-04  1.00000000E-04  1.00000000E-04  1.00000000E-04  1.00000000E-04  1.00000000E-04  1.00000000E-04  1.00000000E-04
  1.00000000E-04  1.00000000E-04       0.00000000       0.00000000       0.00000000       0.00000000       0.00000000       0.00000000       0.00000000       0.00000000       0.00000000       0.00000000       0.00000000       0.00000000       0.00000000       0.00000000       0.00000000       0.00000000       0.00000000       0.00000000
       0.00000000       0.00000000       0.00000000       0.00000000       0.00000000       0.00000000       0.00000000       0.00000000       0.00000000       0.00000000       0.00000000       0.00000000       0.00000000       0.00000000       0.00000000       0.00000000       0.00000000       0.00000000       0.00000000       0.00000000
       0.00000000       0.00000000       0.00000000       0.00000000       0.00000000       0.00000000       0.00000000       0.00000000       0.00000000       0.00000000       0.00000000
       0.00000000  1.00000000E-04  1.00000000E-04  1.00000000E-04  1.00000000E-04  1.00000000E-04  1.00000000E-04  1.00000000E-04  1.00000000E-04  1.00000000E-04  1.00000000E-04  1.00000000E-04  1.00000000E-04  1.00000000E-04  1.00000000E-04  1.00000000E-04  1.00000000E-04  1.00000000E-04  1.00000000E-04  1.00000000E-04
  1.00000000E-04  1.00000000E-04  1.00000000E-04  1.00000000E-04  1.00000000E-04  1.00000000E-04  1.00000000E-04  1.00000000E-04  1.00000000E-04  1.00000000E-04  1.00000000E-04  1.00000000E-04  1.00000000E-04       0.00000000       0.00000000       0.00000000       0.00000000       0.00000000       0.00000000       0.00000000
       0.00000000       0.00000000       0.00000000       0.00000000       0.00000000       0.00000000       0.00000000       0.00000000       0.00000000       0.00000000       0.00000000       0.00000000       0.00000000       0.00000000       0.00000000       0.00000000       0.00000000       0.00000000       0.00000000       0.00000000
       0.00000000       0.00000000       0.00000000       0.00000000       0.00000000       0.00000000       0.00000000       0.00000000       0.00000000       0.00000000       0.00000000       0.00000000       0.00000000       0.00000000       0.00000000       0.00000000       0.00000000       0.00000000       0.00000000       0.00000000
       0.00000000       0.00000000       0.00000000       0.00000000       0.00000000  1.00000000E-04  1.00000000E-04  1.00000000E-04  1.00000000E-04  1.00000000E-04  1.00000000E-04  1.00000000E-04  1.00000000E-04  1.00000000E-04  1.00000000E-04  1.00000000E-04  1.00000000E-04  1.00000000E-04  1.00000000E-04  1.00000000E-04
  1.00000000E-04  1.00000000E-04       0.00000000       0.00000000       0.00000000       0.00000000       0.00000000       0.00000000       0.00000000       0.00000000       0.00000000       0.00000000       0.00000000       0.00000000       0.00000000       0.00000000       0.00000000       0.00000000       0.00000000       0.00000000
       0.00000000       0.00000000       0.00000000       0.00000000       0.00000000       0.00000000       0.00000000       0.00000000       0.00000000       0.00000000       0.00000000       0.00000000       0.00000000       0.00000000       0.00000000       0.00000000       0.00000000       0.00000000       0.00000000       0.00000000
       0.00000000       0.00000000       0.00000000       0.00000000       0.00000000       0.00000000       0.00000000       0.00000000       0.00000000       0.00000000       0.00000000
       0.00000000  1.00000000E-04  1.00000000E-04  1.00000000E-04  1.00000000E-04  1.00000000E-04  1.00000000E-04  1.00000000E-04  1.00000000E-04  1.00000000E-04  1.00000000E-04  1.00000000E-04  1.00000000E-04  1.00000000E-04  1.00000000E-04  1.00000000E-04  1.00000000E-04  1.00000000E-04  1.00000000E-04  1.00000000E-04
  1.00000000E-04  1.00000000E-04  1.00000000E-04  1.00000000E-04  1.00000000E-04  1.00000000E-04  1.00000000E-04  1.00000000E-04  1.00000000E-04  1.00000000E-04  1.00000000E-04       0.00000000       0.00000000       0.00000000       0.00000000       0.00000000       0.00000000       0.00000000       0.00000000       0.00000000
       0.00000000       0.00000000       0.00000000       0.00000000       0.00000000       0.00000000       0.00000000       0.00000000       0.00000000       0.00000000       0.00000000       0.00000000       0.00000000       0.00000000       0.00000000       0.00000000       0.00000000       0.00000000       0.00000000       0.00000000
       0.00000000       0.00000000       0.00000000       0.00000000       0.00000000       0.00000000       0.00000000       0.00000000       0.00000000       0.00000000       0.00000000       0.00000000       0.00000000       0.00000000       0.00000000       0.00000000       0.00000000       0.00000000       0.00000000       0.00000000
       0.00000000       0.00000000       0.00000000       0.00000000       0.00000000  1.00000000E-04  1.00000000E-04  1.00000000E-04  1.00000000E-04  1.00000000E-04  1.00000000E-04  1.00000000E-04  1.00000000E-04  1.00000000E-04  1.00000000E-04  1.00000000E-04  1.00000000E-04  1.00000000E-04  1.00000000E-04  1.00000000E-04
  1.00000000E-04  1.00000000E-04       0.00000000       0.00000000       0.00000000       0.00000000       0.00000000       0.00000000       0.00000000       0.00000000       0.00000000       0.00000000       0.00000000       0.00000000       0.00000000       0.00000000       0.00000000       0.00000000       0.00000000       0.00000000
       0.00000000       0.00000000       0.00000000       0.00000000       0.00000000       0.00000000       0.00000000       0.00000000       0.00000000       0.00000000       0.00000000       0.00000000       0.00000000       0.00000000       0.00000000       0.00000000       0.00000000       0.00000000       0.00000000       0.00000000
       0.00000000       0.00000000       0.00000000       0.00000000       0.00000000       0.00000000       0.00000000       0.00000000       0.00000000       0.00000000       0.00000000
       0.00000000  1.00000000E-04  1.00000000E-04  1.00000000E-04  1.00000000E-04  1.00000000E-04  1.00000000E-04  1.00000000E-04  1.00000000E-04  1.00000000E-04  1.00000000E-04  1.00000000E-04  1.00000000E-04  1.00000000E-04  1.00000000E-04  1.00000000E-04  1.00000000E-04  1.00000000E-04  1.00000000E-04  1.00000000E-04
  1.00000000E-04  1.00000000E-04  1.00000000E-04  1.00000000E-04  1.00000000E-04  1.00000000E-04  1.00000000E-04  1.00000000E-04  1.00000000E-04  1.00000000E-04       0.00000000       0.00000000       0.00000000       0.00000000       0.00000000       0.00000000       0.00000000       0.00000000       0.00000000       0.00000000
       0.00000000       0.00000000       0.00000000       0.00000000       0.00000000       0.00000000       0.00000000       0.00000000       0.00000000       0.00000000       0.00000000       0.00000000       0.00000000       0.00000000       0.00000000       0.00000000       0.00000000       0.00000000       0.00000000       0.00000000
       0.00000000       0.00000000       0.00000000       0.00000000       0.00000000       0.00000000       0.00000000       0.00000000       0.00000000       0.00000000       0.00000000       0.00000000       0.00000000       0.00000000       0.00000000       0.00000000       0.00000000       0.00000000       0.00000000       0.00000000
       0.00000000       0.00000000       0.00000000       0.00000000       0.00000000       0.00000000  1.00000000E-04  1.00000000E-04  1.00000000E-04  1.00000000E-04  1.00000000E-04  1.00000000E-04  1.00000000E-04  1.00000000E-04  1.00000000E-04  1.00000000E-04  1.00000000E-04  1.00000000E-04  1.00000000E-04  1.00000000E-04
  1.00000000E-04  1.00000000E-04       0.00000000       0.00000000       0.00000000       0.00000000       0.00000000       0.00000000       0.00000000       0.00000000       0.00000000       0.00000000       0.00000000       0.00000000       0.00000000       0.00000000       0.00000000       0.00000000       0.00000000       0.00000000
       0.00000000       0.00000000       0.00000000       0.00000000       0.00000000       0.00000000       0.00000000       0.00000000       0.00000000       0.00000000       0.00000000       0.00000000       0.00000000       0.00000000       0.00000000       0.00000000       0.00000000       0.00000000       0.00000000       0.00000000
       0.00000000       0.00000000       0.00000000       0.00000000       0.00000000       0.00000000       0.00000000       0.00000000       0.00000000       0.00000000       0.00000000
       0.00000000  1.00000000E-04  1.00000000E-04  1.00000000E-04  1.00000000E-04  1.00000000E-04  1.00000000E-04  1.00000000E-04  1.00000000E-04  1.00000000E-04  1.00000000E-04  1.00000000E-04  1.00000000E-04  1.00000000E-04  1.00000000E-04  1.00000000E-04  1.00000000E-04  1.00000000E-04  1.00000000E-04  1.00000000E-04
  1.00000000E-04  1.00000000E-04  1.00000000E-04  1.00000000E-04  1.00000000E-04  1.00000000E-04  1.00000000E-04  1.00000000E-04       0.00000000       0.00000000       0.00000000       0.00000000       0.00000000       0.00000000       0.00000000       0.00000000       0.00000000       0.00000000       0.00000000       0.00000000
       0.00000000       0.00000000       0.00000000       0.00000000       0.00000000       0.00000000       0.00000000       0.00000000       0.00000000       0.00000000       0.00000000       0.00000000       0.00000000       0.00000000       0.00000000       0.00000000       0.00000000       0.00000000       0.00000000       0.00000000
       0.00000000       0.00000000       0.00000000       0.00000000       0.00000000       0.00000000       0.00000000       0.00000000       0.00000000       0.00000000       0.00000000       0.00000000       0.00000000       0.00000000       0.00000000       0.00000000       0.00000000       0.00000000       0.00000000       0.00000000
       0.00000000       0.00000000       0.00000000       0.00000000       0.00000000       0.00000000       0.00000000  1.00000000E-04  1.00000000E-04  1.00000000E-04  1.00000000E-04  1.00000000E-04  1.00000000E-04  1.00000000E-04  1.00000000E-04  1.00000000E-04  1.00000000E-04  1.00000000E-04  1.00000000E-04  1.00000000E-04
  1.00000000E-04  1.00000000E-04       0.00000000       0.00000000       0.00000000       0.00000000       0.00000000       0.00000000       0.00000000       0.00000000       0.00000000       0.00000000       0.00000000       0.00000000       0.00000000       0.00000000       0.00000000       0.00000000       0.00000000       0.00000000
       0.00000000       0.00000000       0.00000000       0.00000000       0.00000000       0.00000000       0.00000000       0.00000000       0.00000000       0.00000000       0.00000000       0.00000000       0.00000000       0.00000000       0.00000000       0.00000000       0.00000000       0.00000000       0.00000000       0.00000000
       0.00000000       0.00000000       0.00000000       0.00000000       0.00000000       0.00000000       0.00000000       0.00000000       0.00000000       0.00000000       0.00000000
       0.00000000  1.00000000E-04  1.00000000E-04  1.00000000E-04  1.00000000E-04  1.00000000E-04  1.00000000E-04  1.00000000E-04  1.00000000E-04  1.00000000E-04  1.00000000E-04  1.00000000E-04  1.00000000E-04  1.00000000E-04  1.00000000E-04  1.00000000E-04  1.00000000E-04  1.00000000E-04  1.00000000E-04  1.00000000E-04
  1.00000000E-04  1.00000000E-04  1.00000000E-04  1.00000000E-04  1.00000000E-04  1.00000000E-04       0.00000000       0.00000000       0.00000000       0.00000000       0.00000000       0.00000000       0.00000000       0.00000000       0.00000000       0.00000000       0.00000000       0.00000000       0.00000000       0.00000000
       0.00000000       0.00000000       0.00000000       0.00000000       0.00000000       0.00000000       0.00000000       0.00000000       0.00000000       0.00000000       0.00000000       0.00000000       0.00000000       0.00000000       0.00000000       0.00000000       0.00000000       0.00000000       0.00000000       0.00000000
       0.00000000       0.00000000       0.00000000       0.00000000       0.00000000       0.00000000       0.00000000       0.00000000       0.00000000       0.00000000       0.00000000       0.00000000       0.00000000       0.00000000       0.00000000       0.00000000       0.00000000       0.00000000       0.00000000       0.00000000
       0.00000000       0.00000000       0.00000000       0.00000000       0.00000000       0.00000000       0.00000000       0.00000000  1.00000000E-04  1.00000000E-04  1.00000000E-04  1.00000000E-04  1.00000000E-04  1.00000000E-04  1.00000000E-04  1.00000000E-04  1.00000000E-04  1.00000000E-04  1.00000000E-04  1.00000000E-04
  1.00000000E-04  1.00000000E-04       0.00000000       0.00000000       0.00000000       0.00000000       0.00000000       0.00000000       0.00000000       0.00000000       0.00000000       0.00000000       0.00000000       0.00000000       0.00000000       0.00000000       0.00000000       0.00000000       0.00000000       0.00000000
       0.00000000       0.00000000       0.00000000       0.00000000       0.00000000       0.00000000       0.00000000       0.00000000       0.00000000       0.00000000       0.00000000       0.00000000       0.00000000       0.00000000       0.00000000       0.00000000       0.00000000       0.00000000       0.00000000       0.00000000
       0.00000000       0.00000000       0.00000000       0.00000000       0.00000000       0.00000000       0.00000000       0.00000000       0.00000000       0.00000000       0.00000000
       0.00000000  1.00000000E-04  1.00000000E-04  1.00000000E-04  1.00000000E-04  1.00000000E-04  1.00000000E-04  1.00000000E-04  1.00000000E-04  1.00000000E-04  1.00000000E-04  1.00000000E-04  1.00000000E-04  1.00000000E-04  1.00000000E-04  1.00000000E-04  1.00000000E-04  1.00000000E-04  1.00000000E-04  1.00000000E-04
  1.00000000E-04  1.00000000E-04  1.00000000E-04  1.00000000E-04  1.00000000E-04       0.00000000       0.00000000       0.00000000       0.00000000       0.00000000       0.00000000       0.00000000       0.00000000       0.00000000       0.00000000       0.00000000       0.00000000       0.00000000       0.00000000       0.00000000
       0.00000000       0.00000000       0.00000000       0.00000000       0.00000000       0.00000000       0.00000000       0.00000000       0.00000000       0.00000000       0.00000000       0.00000000       0.00000000       0.00000000       0.00000000       0.00000000       0.00000000       0.00000000       0.00000000       0.00000000
       0.00000000       0.00000000       0.00000000       0.00000000       0.00000000       0.00000000       0.00000000       0.00000000       0.00000000       0.00000000       0.00000000       0.00000000       0.00000000       0.00000000       0.00000000       0.00000000       0.00000000       0.00000000       0.00000000       0.00000000
       0.00000000       0.00000000       0.00000000       0.00000000       0.00000000       0.00000000       0.00000000       0.00000000       0.00000000  1.00000000E-04  1.00000000E-04  1.00000000E-04  1.00000000E-04  1.00000000E-04  1.00000000E-04  1.00000000E-04  1.00000000E-04  1.00000000E-04  1.00000000E-04  1.00000000E-04
  1.00000000E-04  1.00000000E-04       0.00000000       0.00000000       0.00000000       0.00000000       0.00000000       0.00000000       0.00000000       0.00000000       0.00000000       0.00000000       0.00000000       0.00000000       0.00000000       0.00000000       0.00000000       0.00000000       0.00000000       0.00000000
       0.00000000       0.00000000       0.00000000       0.00000000       0.00000000       0.00000000       0.00000000       0.00000000       0.00000000       0.00000000       0.00000000       0.00000000       0.00000000       0.00000000       0.00000000       0.00000000       0.00000000       0.00000000       0.00000000       0.00000000
       0.00000000       0.00000000       0.00000000       0.00000000       0.00000000       0.00000000       0.00000000       0.00000000       0.00000000       0.00000000       0.00000000
       0.00000000  1.00000000E-04  1.00000000E-04  1.00000000E-04  1.00000000E-04  1.00000000E-04  1.00000000E-04  1.00000000E-04  1.00000000E-04  1.00000000E-04  1.00000000E-04  1.00000000E-04  1.00000000E-04  1.00000000E-04  1.00000000E-04  1.00000000E-04  1.00000000E-04  1.00000000E-04  1.00000000E-04  1.00000000E-04
  1.00000000E-04  1.00000000E-04  1.00000000E-04       0.00000000       0.00000000       0.00000000       0.00000000       0.00000000       0.00000000       0.00000000       0.00000000       0.00000000       0.00000000       0.00000000       0.00000000       0.00000000       0.00000000       0.00000000       0.00000000       0.00000000
       0.00000000       0.00000000       0.00000000       0.00000000       0.00000000       0.00000000       0.00000000       0.00000000       0.00000000       0.00000000       0.00000000       0.00000000       0.00000000       0.00000000       0.00000000       0.00000000       0.00000000       0.00000000       0.00000000       0.00000000
       0.00000000       0.00000000       0.00000000       0.00000000       0.00000000       0.00000000       0.00000000       0.00000000       0.00000000       0.00000000       0.00000000       0.00000000       0.00000000       0.00000000       0.00000000       0.00000000       0.00000000       0.00000000       0.00000000       0.00000000
       0.00000000       0.00000000       0.00000000       0.00000000       0.00000000       0.00000000       0.00000000       0.00000000       0.00000000  1.00000000E-04  1.00000000E-04  1.00000000E-04  1.00000000E-04  1.00000000E-04  1.00000000E-04  1.00000000E-04  1.00000000E-04  1.00000000E-04  1.00000000E-04  1.00000000E-04
  1.00000000E-04  1.00000000E-04       0.00000000       0.00000000       0.00000000       0.00000000       0.00000000       0.00000000       0.00000000       0.00000000       0.00000000       0.00000000       0.00000000       0.00000000       0.00000000       0.00000000       0.00000000       0.00000000       0.00000000       0.00000000
       0.00000000       0.00000000       0.00000000       0.00000000       0.00000000       0.00000000       0.00000000       0.00000000       0.00000000       0.00000000       0.00000000       0.00000000       0.00000000       0.00000000       0.00000000       0.00000000       0.00000000       0.00000000       0.00000000       0.00000000
       0.00000000       0.00000000       0.00000000       0.00000000       0.00000000       0.00000000       0.00000000       0.00000000       0.00000000       0.00000000       0.00000000
       0.00000000  1.00000000E-04  1.00000000E-04  1.00000000E-04  1.00000000E-04  1.00000000E-04  1.00000000E-04  1.00000000E-04  1.00000000E-04  1.00000000E-04  1.00000000E-04  1.00000000E-04  1.00000000E-04  1.00000000E-04  1.00000000E-04  1.00000000E-04  1.00000000E-04  1.00000000E-04  1.00000000E-04  1.00000000E-04
  1.00000000E-04       0.00000000       0.00000000       0.00000000       0.00000000       0.00000000       0.00000000       0.00000000       0.00000000       0.00000000       0.00000000       0.00000000       0.00000000       0.00000000       0.00000000       0.00000000       0.00000000       0.00000000       0.00000000       0.00000000
       0.00000000       0.00000000       0.00000000       0.00000000       0.00000000       0.00000000       0.00000000       0.00000000       0.00000000       0.00000000       0.00000000       0.00000000       0.00000000       0.00000000       0.00000000       0.00000000       0.00000000       0.00000000       0.00000000       0.00000000
       0.00000000       0.00000000       0.00000000       0.00000000       0.00000000       0.00000000       0.00000000       0.00000000       0.00000000       0.00000000       0.00000000       0.00000000       0.00000000       0.00000000       0.00000000       0.00000000       0.00000000       0.00000000       0.00000000       0.00000000
       0.00000000       0.00000000       0.00000000       0.00000000       0.00000000       0.00000000       0.00000000       0.00000000       0.00000000       0.00000000  1.00000000E-04  1.00000000E-04  1.00000000E-04  1.00000000E-04  1.00000000E-04  1.00000000E-04  1.00000000E-04  1.00000000E-04  1.00000000E-04  1.00000000E-04
  1.00000000E-04  1.00000000E-04       0.00000000       0.00000000       0.00000000       0.00000000       0.00000000       0.00000000       0.00000000       0.00000000       0.00000000       0.00000000       0.00000000       0.00000000       0.00000000       0.00000000       0.00000000       0.00000000       0.00000000       0.00000000
       0.00000000       0.00000000       0.00000000       0.00000000       0.00000000       0.00000000       0.00000000       0.00000000       0.00000000       0.00000000       0.00000000       0.00000000       0.00000000       0.00000000       0.00000000       0.00000000       0.00000000       0.00000000       0.00000000       0.00000000
       0.00000000       0.00000000       0.00000000       0.00000000       0.00000000       0.00000000       0.00000000       0.00000000       0.00000000       0.00000000       0.00000000
       0.00000000  1.00000000E-04  1.00000000E-04  1.00000000E-04  1.00000000E-04  1.00000000E-04  1.00000000E-04  1.00000000E-04  1.00000000E-04  1.00000000E-04  1.00000000E-04  1.00000000E-04  1.00000000E-04  1.00000000E-04  1.00000000E-04  1.00000000E-04  1.00000000E-04  1.00000000E-04  1.00000000E-04       0.00000000
       0.00000000       0.00000000       0.00000000       0.00000000       0.00000000       0.00000000       0.00000000       0.00000000       0.00000000       0.00000000       0.00000000       0.00000000       0.00000000       0.00000000       0.00000000       0.00000000       0.00000000       0.00000000       0.00000000       0.00000000
       0.00000000       0.00000000       0.00000000       0.00000000       0.00000000       0.00000000       0.00000000       0.00000000       0.00000000       0.00000000       0.00000000       0.00000000       0.00000000       0.00000000       0.00000000       0.00000000       0.00000000       0.00000000       0.00000000       0.00000000
       0.00000000       0.00000000       0.00000000       0.00000000       0.00000000       0.00000000       0.00000000       0.00000000       0.00000000       0.00000000       0.00000000       0.00000000       0.00000000       0.00000000       0.00000000       0.00000000       0.00000000       0.00000000       0.00000000       0.00000000
       0.00000000       0.00000000       0.00000000       0.00000000       0.00000000       0.00000000       0.00000000       0.00000000       0.00000000       0.00000000       0.00000000  1.00000000E-04  1.00000000E-04  1.00000000E-04  1.00000000E-04  1.00000000E-04  1.00000000E-04  1.00000000E-04  1.00000000E-04  1.00000000E-04
  1.00000000E-04  1.00000000E-04  1.00000000E-04       0.00000000       0.00000000       0.00000000       0.00000000       0.00000000       0.00000000       0.00000000       0.00000000       0.00000000       0.00000000       0.00000000       0.00000000       0.00000000       0.00000000       0.00000000       0.00000000       0.00000000
       0.00000000       0.00000000       0.00000000       0.00000000       0.00000000       0.00000000       0.00000000       0.00000000       0.00000000       0.00000000       0.00000000       0.00000000       0.00000000       0.00000000       0.00000000       0.00000000       0.00000000       0.00000000       0.00000000       0.00000000
       0.00000000       0.00000000       0.00000000       0.00000000       0.00000000       0.00000000       0.00000000       0.00000000       0.00000000       0.00000000       0.00000000
       0.00000000  1.00000000E-04  1.00000000E-04  1.00000000E-04  1.00000000E-04  1.00000000E-04  1.00000000E-04  1.00000000E-04  1.00000000E-04  1.00000000E-04  1.00000000E-04  1.00000000E-04  1.00000000E-04  1.00000000E-04  1.00000000E-04  1.00000000E-04  1.00000000E-04  1.00000000E-04       0.00000000       0.00000000
       0.00000000       0.00000000       0.00000000       0.00000000       0.00000000       0.00000000       0.00000000       0.00000000       0.00000000       0.00000000       0.00000000       0.00000000       0.00000000       0.00000000       0.00000000       0.00000000       0.00000000       0.00000000       0.00000000       0.00000000
       0.00000000       0.00000000       0.00000000       0.00000000       0.00000000       0.00000000       0.00000000       0.00000000       0.00000000       0.00000000       0.00000000       0.00000000       0.00000000       0.00000000       0.00000000       0.00000000       0.00000000       0.00000000       0.00000000       0.00000000
       0.00000000       0.00000000       0.00000000       0.00000000       0.00000000       0.00000000       0.00000000       0.00000000       0.00000000       0.00000000       0.00000000       0.00000000       0.00000000       0.00000000       0.00000000       0.00000000       0.00000000       0.00000000       0.00000000       0.00000000
       0.00000000       0.00000000       0.00000000       0.00000000       0.00000000       0.00000000       0.00000000       0.00000000       0.00000000       0.00000000       0.00000000       0.00000000  1.00000000E-04  1.00000000E-04  1.00000000E-04  1.00000000E-04  1.00000000E-04  1.00000000E-04  1.00000000E-04  1.00000000E-04
  1.00000000E-04  1.00000000E-04  1.00000000E-04       0.00000000       0.00000000       0.00000000       0.00000000       0.00000000       0.00000000       0.00000000       0.00000000       0.00000000       0.00000000       0.00000000       0.00000000       0.00000000       0.00000000       0.00000000       0.00000000       0.00000000
       0.00000000       0.00000000       0.00000000       0.00000000       0.00000000       0.00000000       0.00000000       0.00000000       0.00000000       0.00000000       0.00000000       0.00000000       0.00000000       0.00000000       0.00000000       0.00000000       0.00000000       0.00000000       0.00000000       0.00000000
       0.00000000       0.00000000       0.00000000       0.00000000       0.00000000       0.00000000       0.00000000       0.00000000       0.00000000       0.00000000       0.00000000
       0.00000000  1.00000000E-04  1.00000000E-04  1.00000000E-04  1.00000000E-04  1.00000000E-04  1.00000000E-04  1.00000000E-04  1.00000000E-04  1.00000000E-04  1.00000000E-04  1.00000000E-04  1.00000000E-04  1.00000000E-04  1.00000000E-04  1.00000000E-04       0.00000000       0.00000000       0.00000000       0.00000000
       0.00000000       0.00000000       0.00000000       0.00000000       0.00000000       0.00000000       0.00000000       0.00000000       0.00000000       0.00000000       0.00000000       0.00000000       0.00000000       0.00000000       0.00000000       0.00000000       0.00000000       0.00000000       0.00000000       0.00000000
       0.00000000       0.00000000       0.00000000       0.00000000       0.00000000       0.00000000       0.00000000       0.00000000       0.00000000       0.00000000       0.00000000       0.00000000       0.00000000       0.00000000       0.00000000       0.00000000       0.00000000       0.00000000       0.00000000       0.00000000
       0.00000000       0.00000000       0.00000000       0.00000000       0.00000000       0.00000000       0.00000000       0.00000000       0.00000000       0.00000000       0.00000000       0.00000000       0.00000000       0.00000000       0.00000000       0.00000000       0.00000000       0.00000000       0.00000000       0.00000000
       0.00000000       0.00000000       0.00000000       0.00000000       0.00000000       0.00000000       0.00000000       0.00000000       0.00000000       0.00000000       0.00000000       0.00000000       0.00000000  1.00000000E-04  1.00000000E-04  1.00000000E-04  1.00000000E-04  1.00000000E-04  1.00000000E-04  1.00000000E-04
  1.00000000E-04  1.00000000E-04  1.00000000E-04       0.00000000       0.00000000       0.00000000       0.00000000       0.00000000       0.00000000       0.00000000       0.00000000       0.00000000       0.00000000       0.00000000       0.00000000       0.00000000       0.00000000       0.00000000       0.00000000       0.00000000
       0.00000000       0.00000000       0.00000000       0.00000000       0.00000000       0.00000000       0.00000000       0.00000000       0.00000000       0.00000000       0.00000000       0.00000000       0.00000000       0.00000000       0.00000000       0.00000000       0.00000000       0.00000000       0.00000000       0.00000000
       0.00000000       0.00000000       0.00000000       0.00000000       0.00000000       0.00000000       0.00000000       0.00000000       0.00000000       0.00000000       0.00000000
       0.00000000  1.00000000E-04  1.00000000E-04  1.00000000E-04  1.00000000E-04  1.00000000E-04  1.00000000E-04  1.00000000E-04  1.00000000E-04  1.00000000E-04  1.00000000E-04  1.00000000E-04  1.00000000E-04  1.00000000E-04       0.00000000       0.00000000       0.00000000       0.00000000       0.00000000       0.00000000
       0.00000000       0.00000000       0.00000000       0.00000000       0.00000000       0.00000000       0.00000000       0.00000000       0.00000000       0.00000000       0.00000000       0.00000000       0.00000000       0.00000000       0.00000000       0.00000000       0.00000000       0.00000000       0.00000000       0.00000000
       0.00000000       0.00000000       0.00000000       0.00000000       0.00000000       0.00000000       0.00000000       0.00000000       0.00000000       0.00000000       0.00000000       0.00000000       0.00000000       0.00000000       0.00000000       0.00000000       0.00000000       0.00000000       0.00000000       0.00000000
       0.00000000       0.00000000       0.00000000       0.00000000       0.00000000       0.00000000       0.00000000       0.00000000       0.00000000       0.00000000       0.00000000       0.00000000       0.00000000       0.00000000       0.00000000       0.00000000       0.00000000       0.00000000       0.00000000       0.00000000
       0.00000000       0.00000000       0.00000000       0.00000000       0.00000000       0.00000000       0.00000000       0.00000000       0.00000000       0.00000000       0.00000000       0.00000000       0.00000000  1.00000000E-04  1.00000000E-04  1.00000000E-04  1.00000000E-04  1.00000000E-04  1.00000000E-04  1.00000000E-04
  1.00000000E-04  1.00000000E-04  1.00000000E-04       0.00000000       0.00000000       0.00000000       0.00000000       0.00000000       0.00000000       0.00000000       0.00000000       0.00000000       0.00000000       0.00000000       0.00000000       0.00000000       0.00000000       0.00000000       0.00000000       0.00000000
       0.00000000       0.00000000       0.00000000       0.00000000       0.00000000       0.00000000       0.00000000       0.00000000       0.00000000       0.00000000       0.00000000       0.00000000       0.00000000       0.00000000       0.00000000       0.00000000       0.00000000       0.00000000       0.00000000       0.00000000
       0.00000000       0.00000000       0.00000000       0.00000000       0.00000000       0.00000000       0.00000000       0.00000000       0.00000000       0.00000000       0.00000000
       0.00000000  1.00000000E-04  1.00000000E-04  1.00000000E-04  1.00000000E-04  1.00000000E-04  1.00000000E-04  1.00000000E-04  1.00000000E-04  1.00000000E-04  1.00000000E-04  1.00000000E-04  1.00000000E-04       0.00000000       0.00000000       0.00000000       0.00000000       0.00000000       0.00000000       0.00000000
       0.00000000       0.00000000       0.00000000       0.00000000       0.00000000       0.00000000       0.00000000       0.00000000       0.00000000       0.00000000       0.00000000       0.00000000       0.00000000       0.00000000       0.00000000       0.00000000       0.00000000       0.00000000       0.00000000       0.00000000
       0.00000000       0.00000000       0.00000000       0.00000000       0.00000000       0.00000000       0.00000000       0.00000000       0.00000000       0.00000000       0.00000000       0.00000000       0.00000000       0.00000000       0.00000000       0.00000000       0.00000000       0.00000000       0.00000000       0.00000000
       0.00000000       0.00000000       0.00000000       0.00000000       0.00000000       0.00000000       0.00000000       0.00000000       0.00000000       0.00000000       0.00000000       0.00000000       0.00000000       0.00000000       0.00000000       0.00000000       0.00000000       0.00000000       0.00000000       0.00000000
       0.00000000       0.00000000       0.00000000       0.00000000       0.00000000       0.00000000       0.00000000       0.00000000       0.00000000       0.00000000       0.00000000       0.00000000       0.00000000       0.00000000  1.00000000E-04  1.00000000E-04  1.00000000E-04  1.00000000E-04  1.00000000E-04  1.00000000E-04
  1.00000000E-04  1.00000000E-04  1.00000000E-04       0.00000000       0.00000000       0.00000000       0.00000000       0.00000000       0.00000000       0.00000000       0.00000000       0.00000000       0.00000000       0.00000000       0.00000000       0.00000000       0.00000000       0.00000000       0.00000000       0.00000000
       0.00000000       0.00000000       0.00000000       0.00000000       0.00000000       0.00000000       0.00000000       0.00000000       0.00000000       0.00000000       0.00000000       0.00000000       0.00000000       0.00000000       0.00000000       0.00000000       0.00000000       0.00000000       0.00000000       0.00000000
       0.00000000       0.00000000       0.00000000       0.00000000       0.00000000       0.00000000       0.00000000       0.00000000       0.00000000       0.00000000       0.00000000
       0.00000000  1.00000000E-04  1.00000000E-04  1.00000000E-04  1.00000000E-04  1.00000000E-04  1.00000000E-04  1.00000000E-04  1.00000000E-04  1.00000000E-04  1.00000000E-04       0.00000000       0.00000000       0.00000000       0.00000000       0.00000000       0.00000000       0.00000000       0.00000000       0.00000000
       0.00000000       0.00000000       0.00000000       0.00000000       0.00000000       0.00000000       0.00000000       0.00000000       0.00000000       0.00000000       0.00000000       0.00000000       0.00000000       0.00000000       0.00000000       0.00000000       0.00000000       0.00000000       0.00000000       0.00000000
       0.00000000       0.00000000       0.00000000       0.00000000       0.00000000       0.00000000       0.00000000       0.00000000       0.00000000       0.00000000       0.00000000       0.00000000       0.00000000       0.00000000       0.00000000       0.00000000       0.00000000       0.00000000       0.00000000       0.00000000
       0.00000000       0.00000000       0.00000000       0.00000000       0.00000000       0.00000000       0.00000000       0.00000000       0.00000000       0.00000000       0.00000000       0.00000000       0.00000000       0.00000000       0.00000000       0.00000000       0.00000000       0.00000000       0.00000000       0.00000000
       0.00000000       0.00000000       0.00000000       0.00000000       0.00000000       0.00000000       0.00000000       0.00000000       0.00000000       0.00000000       0.00000000       0.00000000       0.00000000       0.00000000  1.00000000E-04  1.00000000E-04  1.00000000E-04  1.00000000E-04  1.00000000E-04  1.00000000E-04
  1.00000000E-04  1.00000000E-04  1.00000000E-04       0.00000000       0.00000000       0.00000000       0.00000000       0.00000000       0.00000000       0.00000000       0.00000000       0.00000000       0.00000000       0.00000000       0.00000000       0.00000000       0.00000000       0.00000000       0.00000000       0.00000000
       0.00000000       0.00000000       0.00000000       0.00000000       0.00000000       0.00000000       0.00000000       0.00000000       0.00000000       0.00000000       0.00000000       0.00000000       0.00000000       0.00000000       0.00000000       0.00000000       0.00000000       0.00000000       0.00000000       0.00000000
       0.00000000       0.00000000       0.00000000       0.00000000       0.00000000       0.00000000       0.00000000       0.00000000       0.00000000       0.00000000       0.00000000
       0.00000000  1.00000000E-04  1.00000000E-04  1.00000000E-04  1.00000000E-04  1.00000000E-04  1.00000000E-04  1.00000000E-04  1.00000000E-04       0.00000000       0.00000000       0.00000000       0.00000000       0.00000000       0.00000000       0.00000000       0.00000000       0.00000000       0.00000000       0.00000000
       0.00000000       0.00000000       0.00000000       0.00000000       0.00000000       0.00000000       0.00000000       0.00000000       0.00000000       0.00000000       0.00000000       0.00000000       0.00000000       0.00000000       0.00000000       0.00000000       0.00000000       0.00000000       0.00000000       0.00000000
       0.00000000       0.00000000       0.00000000       0.00000000       0.00000000       0.00000000       0.00000000       0.00000000       0.00000000       0.00000000       0.00000000       0.00000000       0.00000000       0.00000000       0.00000000       0.00000000       0.00000000       0.00000000       0.00000000       0.00000000
       0.00000000       0.00000000       0.00000000       0.00000000       0.00000000       0.00000000       0.00000000       0.00000000       0.00000000       0.00000000       0.00000000       0.00000000       0.00000000       0.00000000       0.00000000       0.00000000       0.00000000       0.00000000       0.00000000       0.00000000
       0.00000000       0.00000000       0.00000000       0.00000000       0.00000000       0.00000000       0.00000000       0.00000000       0.00000000       0.00000000       0.00000000       0.00000000       0.00000000       0.00000000       0.00000000  1.00000000E-04  1.00000000E-04  1.00000000E-04  1.00000000E-04  1.00000000E-04
  1.00000000E-04  1.00000000E-04  1.00000000E-04       0.00000000       0.00000000       0.00000000       0.00000000       0.00000000       0.00000000       0.00000000       0.00000000       0.00000000       0.00000000       0.00000000       0.00000000       0.00000000       0.00000000       0.00000000       0.00000000       0.00000000
       0.00000000       0.00000000       0.00000000       0.00000000       0.00000000       0.00000000       0.00000000       0.00000000       0.00000000       0.00000000       0.00000000       0.00000000       0.00000000       0.00000000       0.00000000       0.00000000       0.00000000       0.00000000       0.00000000       0.00000000
       0.00000000       0.00000000       0.00000000       0.00000000       0.00000000       0.00000000       0.00000000       0.00000000       0.00000000       0.00000000       0.00000000
       0.00000000  1.00000000E-04  1.00000000E-04  1.00000000E-04  1.00000000E-04  1.00000000E-04  1.00000000E-04       0.00000000       0.00000000       0.00000000       0.00000000       0.00000000       0.00000000       0.00000000       0.00000000       0.00000000       0.00000000       0.00000000       0.00000000       0.00000000
       0.00000000       0.00000000       0.00000000       0.00000000       0.00000000       0.00000000       0.00000000       0.00000000       0.00000000       0.00000000       0.00000000       0.00000000       0.00000000       0.00000000       0.00000000       0.00000000       0.00000000       0.00000000       0.00000000       0.00000000
       0.00000000       0.00000000       0.00000000       0.00000000       0.00000000       0.00000000       0.00000000       0.00000000       0.00000000       0.00000000       0.00000000       0.00000000       0.00000000       0.00000000       0.00000000       0.00000000       0.00000000       0.00000000       0.00000000       0.00000000
       0.00000000       0.00000000       0.00000000       0.00000000       0.00000000       0.00000000       0.00000000       0.00000000       0.00000000       0.00000000       0.00000000       0.00000000       0.00000000       0.00000000       0.00000000       0.00000000       0.00000000       0.00000000       0.00000000       0.00000000
       0.00000000       0.00000000       0.00000000       0.00000000       0.00000000       0.00000000       0.00000000       0.00000000       0.00000000       0.00000000       0.00000000       0.00000000       0.00000000       0.00000000       0.00000000  1.00000000E-04  1.00000000E-04  1.00000000E-04  1.00000000E-04  1.00000000E-04
  1.00000000E-04  1.00000000E-04  1.00000000E-04       0.00000000       0.00000000       0.00000000       0.00000000       0.00000000       0.00000000       0.00000000       0.00000000       0.00000000       0.00000000       0.00000000       0.00000000       0.00000000       0.00000000       0.00000000       0.00000000       0.00000000
       0.00000000       0.00000000       0.00000000       0.00000000       0.00000000       0.00000000       0.00000000       0.00000000       0.00000000       0.00000000       0.00000000       0.00000000       0.00000000       0.00000000       0.00000000       0.00000000       0.00000000       0.00000000       0.00000000       0.00000000
       0.00000000       0.00000000       0.00000000       0.00000000       0.00000000       0.00000000       0.00000000       0.00000000       0.00000000       0.00000000       0.00000000
  1.00000000E-04  1.00000000E-04  1.00000000E-04  1.00000000E-04  1.00000000E-04  1.00000000E-04       0.00000000       0.00000000       0.00000000       0.00000000       0.00000000       0.00000000       0.00000000       0.00000000       0.00000000       0.00000000       0.00000000       0.00000000       0.00000000       0.00000000
       0.00000000       0.00000000       0.00000000       0.00000000       0.00000000       0.00000000       0.00000000       0.00000000       0.00000000       0.00000000       0.00000000       0.00000000       0.00000000       0.00000000       0.00000000       0.00000000       0.00000000       0.00000000       0.00000000       0.00000000
       0.00000000       0.00000000       0.00000000       0.00000000       0.00000000       0.00000000       0.00000000       0.00000000       0.00000000       0.00000000       0.00000000       0.00000000       0.00000000       0.00000000       0.00000000       0.00000000       0.00000000       0.00000000       0.00000000       0.00000000
       0.00000000       0.00000000       0.00000000       0.00000000       0.00000000       0.00000000       0.00000000       0.00000000       0.00000000       0.00000000       0.00000000       0.00000000       0.00000000       0.00000000       0.00000000       0.00000000       0.00000000       0.00000000       0.00000000       0.00000000
       0.00000000       0.00000000       0.00000000       0.00000000       0.00000000       0.00000000       0.00000000       0.00000000       0.00000000       0.00000000       0.00000000       0.00000000       0.00000000       0.00000000       0.00000000  1.00000000E-04  1.00000000E-04  1.00000000E-04  1.00000000E-04  1.00000000E-04
  1.00000000E-04  1.00000000E-04  1.00000000E-04       0.00000000       0.00000000       0.00000000       0.00000000       0.00000000       0.00000000       0.00000000       0.00000000       0.00000000       0.00000000       0.00000000       0.00000000       0.00000000       0.00000000       0.00000000       0.00000000       0.00000000
       0.00000000       0.00000000       0.00000000       0.00000000       0.00000000       0.00000000       0.00000000       0.00000000       0.00000000       0.00000000       0.00000000       0.00000000       0.00000000       0.00000000       0.00000000       0.00000000       0.00000000       0.00000000       0.00000000       0.00000000
       0.00000000       0.00000000       0.00000000       0.00000000       0.00000000       0.00000000       0.00000000       0.00000000       0.00000000       0.00000000       0.00000000
  1.00000000E-04  1.00000000E-04  1.00000000E-04  1.00000000E-04       0.00000000       0.00000000       0.00000000       0.00000000       0.00000000       0.00000000       0.00000000       0.00000000       0.00000000       0.00000000       0.00000000       0.00000000       0.00000000       0.00000000       0.00000000       0.00000000
       0.00000000       0.00000000       0.00000000       0.00000000       0.00000000       0.00000000       0.00000000       0.00000000       0.00000000       0.00000000       0.00000000       0.00000000       0.00000000       0.00000000       0.00000000       0.00000000       0.00000000       0.00000000       0.00000000       0.00000000
       0.00000000       0.00000000       0.00000000       0.00000000       0.00000000       0.00000000       0.00000000       0.00000000       0.00000000       0.00000000       0.00000000       0.00000000       0.00000000       0.00000000       0.00000000       0.00000000       0.00000000       0.00000000       0.00000000       0.00000000
       0.00000000       0.00000000       0.00000000       0.00000000       0.00000000       0.00000000       0.00000000       0.00000000       0.00000000       0.00000000       0.00000000       0.00000000       0.00000000       0.00000000       0.00000000       0.00000000       0.00000000       0.00000000       0.00000000       0.00000000
       0.00000000       0.00000000       0.00000000       0.00000000       0.00000000       0.00000000       0.00000000       0.00000000       0.00000000       0.00000000       0.00000000       0.00000000       0.00000000       0.00000000       0.00000000  1.00000000E-04  1.00000000E-04  1.00000000E-04  1.00000000E-04  1.00000000E-04
  1.00000000E-04  1.00000000E-04  1.00000000E-04       0.00000000       0.00000000       0.00000000       0.00000000       0.00000000       0.00000000       0.00000000       0.00000000       0.00000000       0.00000000       0.00000000       0.00000000       0.00000000       0.00000000       0.00000000       0.00000000       0.00000000
       0.00000000       0.00000000       0.00000000       0.00000000       0.00000000       0.00000000       0.00000000       0.00000000       0.00000000       0.00000000       0.00000000       0.00000000       0.00000000       0.00000000       0.00000000       0.00000000       0.00000000       0.00000000       0.00000000       0.00000000
       0.00000000       0.00000000       0.00000000       0.00000000       0.00000000       0.00000000       0.00000000       0.00000000       0.00000000       0.00000000       0.00000000
  1.00000000E-04  1.00000000E-04       0.00000000       0.00000000       0.00000000       0.00000000       0.00000000       0.00000000       0.00000000       0.00000000       0.00000000       0.00000000       0.00000000       0.00000000       0.00000000       0.00000000       0.00000000       0.00000000       0.00000000       0.00000000
       0.00000000       0.00000000       0.00000000       0.00000000       0.00000000       0.00000000       0.00000000       0.00000000       0.00000000       0.00000000       0.00000000       0.00000000       0.00000000       0.00000000       0.00000000       0.00000000       0.00000000       0.00000000       0.00000000       0.00000000
       0.00000000       0.00000000       0.00000000       0.00000000       0.00000000       0.00000000       0.00000000       0.00000000       0.00000000       0.00000000       0.00000000       0.00000000       0.00000000       0.00000000       0.00000000       0.00000000       0.00000000       0.00000000       0.00000000       0.00000000
       0.00000000       0.00000000       0.00000000       0.00000000       0.00000000       0.00000000       0.00000000       0.00000000       0.00000000       0.00000000       0.00000000       0.00000000       0.00000000       0.00000000       0.00000000       0.00000000       0.00000000       0.00000000       0.00000000       0.00000000
       0.00000000       0.00000000       0.00000000       0.00000000       0.00000000       0.00000000       0.00000000       0.00000000       0.00000000       0.00000000       0.00000000       0.00000000       0.00000000       0.00000000       0.00000000  1.00000000E-04  1.00000000E-04  1.00000000E-04  1.00000000E-04  1.00000000E-04
  1.00000000E-04  1.00000000E-04  1.00000000E-04       0.00000000       0.00000000       0.00000000       0.00000000       0.00000000       0.00000000       0.00000000       0.00000000       0.00000000       0.00000000       0.00000000       0.00000000       0.00000000       0.00000000       0.00000000       0.00000000       0.00000000
       0.00000000       0.00000000       0.00000000       0.00000000       0.00000000       0.00000000       0.00000000       0.00000000       0.00000000       0.00000000       0.00000000       0.00000000       0.00000000       0.00000000       0.00000000       0.00000000       0.00000000       0.00000000       0.00000000       0.00000000
       0.00000000       0.00000000       0.00000000       0.00000000       0.00000000       0.00000000       0.00000000       0.00000000       0.00000000       0.00000000       0.00000000
       0.00000000       0.00000000       0.00000000       0.00000000       0.00000000       0.00000000       0.00000000       0.00000000       0.00000000       0.00000000       0.00000000       0.00000000       0.00000000       0.00000000       0.00000000       0.00000000       0.00000000       0.00000000       0.00000000       0.00000000
       0.00000000       0.00000000       0.00000000       0.00000000       0.00000000       0.00000000       0.00000000       0.00000000       0.00000000       0.00000000       0.00000000       0.00000000       0.00000000       0.00000000       0.00000000       0.00000000       0.00000000       0.00000000       0.00000000       0.00000000
       0.00000000       0.00000000       0.00000000       0.00000000       0.00000000       0.00000000       0.00000000       0.00000000       0.00000000       0.00000000       0.00000000       0.00000000       0.00000000       0.00000000       0.00000000       0.00000000       0.00000000       0.00000000       0.00000000       0.00000000
       0.00000000       0.00000000       0.00000000       0.00000000       0.00000000       0.00000000       0.00000000       0.00000000       0.00000000       0.00000000       0.00000000       0.00000000       0.00000000       0.00000000       0.00000000       0.00000000       0.00000000       0.00000000       0.00000000       0.00000000
       0.00000000       0.00000000       0.00000000       0.00000000       0.00000000       0.00000000       0.00000000       0.00000000       0.00000000       0.00000000       0.00000000       0.00000000       0.00000000       0.00000000       0.00000000  1.00000000E-04  1.00000000E-04  1.00000000E-04  1.00000000E-04  1.00000000E-04
  1.00000000E-04  1.00000000E-04  1.00000000E-04       0.00000000       0.00000000       0.00000000       0.00000000       0.00000000       0.00000000       0.00000000       0.00000000       0.00000000       0.00000000       0.00000000       0.00000000       0.00000000       0.00000000       0.00000000       0.00000000       0.00000000
       0.00000000       0.00000000       0.00000000       0.00000000       0.00000000       0.00000000       0.00000000       0.00000000       0.00000000       0.00000000       0.00000000       0.00000000       0.00000000       0.00000000       0.00000000       0.00000000       0.00000000       0.00000000       0.00000000       0.00000000
       0.00000000       0.00000000       0.00000000       0.00000000       0.00000000       0.00000000       0.00000000       0.00000000       0.00000000       0.00000000       0.00000000
       0.00000000       0.00000000       0.00000000       0.00000000       0.00000000       0.00000000       0.00000000       0.00000000       0.00000000       0.00000000       0.00000000       0.00000000       0.00000000       0.00000000       0.00000000       0.00000000       0.00000000       0.00000000       0.00000000       0.00000000
       0.00000000       0.00000000       0.00000000       0.00000000       0.00000000       0.00000000       0.00000000       0.00000000       0.00000000       0.00000000       0.00000000       0.00000000       0.00000000       0.00000000       0.00000000       0.00000000       0.00000000       0.00000000       0.00000000       0.00000000
       0.00000000       0.00000000       0.00000000       0.00000000       0.00000000       0.00000000       0.00000000       0.00000000       0.00000000       0.00000000       0.00000000       0.00000000       0.00000000       0.00000000       0.00000000       0.00000000       0.00000000       0.00000000       0.00000000       0.00000000
       0.00000000       0.00000000       0.00000000       0.00000000       0.00000000       0.00000000       0.00000000       0.00000000       0.00000000       0.00000000       0.00000000       0.00000000       0.00000000       0.00000000       0.00000000       0.00000000       0.00000000       0.00000000       0.00000000       0.00000000
       0.00000000       0.00000000       0.00000000       0.00000000       0.00000000       0.00000000       0.00000000       0.00000000       0.00000000       0.00000000       0.00000000       0.00000000       0.00000000       0.00000000       0.00000000  1.00000000E-04  1.00000000E-04  1.00000000E-04  1.00000000E-04  1.00000000E-04
  1.00000000E-04  1.00000000E-04  1.00000000E-04       0.00000000       0.00000000       0.00000000       0.00000000       0.00000000       0.00000000       0.00000000       0.00000000       0.00000000       0.00000000       0.00000000       0.00000000       0.00000000       0.00000000       0.00000000       0.00000000       0.00000000
       0.00000000       0.00000000       0.00000000       0.00000000       0.00000000       0.00000000       0.00000000       0.00000000       0.00000000       0.00000000       0.00000000       0.00000000       0.00000000       0.00000000       0.00000000       0.00000000       0.00000000       0.00000000       0.00000000       0.00000000
       0.00000000       0.00000000       0.00000000       0.00000000       0.00000000       0.00000000       0.00000000       0.00000000       0.00000000       0.00000000       0.00000000
       0.00000000       0.00000000       0.00000000       0.00000000       0.00000000       0.00000000       0.00000000       0.00000000       0.00000000       0.00000000       0.00000000       0.00000000       0.00000000       0.00000000       0.00000000       0.00000000       0.00000000       0.00000000       0.00000000       0.00000000
       0.00000000       0.00000000       0.00000000       0.00000000       0.00000000       0.00000000       0.00000000       0.00000000       0.00000000       0.00000000       0.00000000       0.00000000       0.00000000       0.00000000       0.00000000       0.00000000       0.00000000       0.00000000       0.00000000       0.00000000
       0.00000000       0.00000000       0.00000000       0.00000000       0.00000000       0.00000000       0.00000000       0.00000000       0.00000000       0.00000000       0.00000000       0.00000000       0.00000000       0.00000000       0.00000000       0.00000000       0.00000000       0.00000000       0.00000000       0.00000000
       0.00000000       0.00000000       0.00000000       0.00000000       0.00000000       0.00000000       0.00000000       0.00000000       0.00000000       0.00000000       0.00000000       0.00000000       0.00000000       0.00000000       0.00000000       0.00000000       0.00000000       0.00000000       0.00000000       0.00000000
       0.00000000       0.00000000       0.00000000       0.00000000       0.00000000       0.00000000       0.00000000       0.00000000       0.00000000       0.00000000       0.00000000       0.00000000       0.00000000       0.00000000       0.00000000  1.00000000E-04  1.00000000E-04  1.00000000E-04  1.00000000E-04  1.00000000E-04
  1.00000000E-04  1.00000000E-04       0.00000000       0.00000000       0.00000000       0.00000000       0.00000000       0.00000000       0.00000000       0.00000000       0.00000000       0.00000000       0.00000000       0.00000000       0.00000000       0.00000000       0.00000000       0.00000000       0.00000000       0.00000000
       0.00000000       0.00000000       0.00000000       0.00000000       0.00000000       0.00000000       0.00000000       0.00000000       0.00000000       0.00000000       0.00000000       0.00000000       0.00000000       0.00000000       0.00000000       0.00000000       0.00000000       0.00000000       0.00000000       0.00000000
       0.00000000       0.00000000       0.00000000       0.00000000       0.00000000       0.00000000       0.00000000       0.00000000       0.00000000       0.00000000       0.00000000
       0.00000000       0.00000000       0.00000000       0.00000000       0.00000000       0.00000000       0.00000000       0.00000000       0.00000000       0.00000000       0.00000000       0.00000000       0.00000000       0.00000000       0.00000000       0.00000000       0.00000000       0.00000000       0.00000000       0.00000000
       0.00000000       0.00000000       0.00000000       0.00000000       0.00000000       0.00000000       0.00000000       0.00000000       0.00000000       0.00000000       0.00000000       0.00000000       0.00000000       0.00000000       0.00000000       0.00000000       0.00000000       0.00000000       0.00000000       0.00000000
       0.00000000       0.00000000       0.00000000       0.00000000       0.00000000       0.00000000       0.00000000       0.00000000       0.00000000       0.00000000       0.00000000       0.00000000       0.00000000       0.00000000       0.00000000       0.00000000       0.00000000       0.00000000       0.00000000       0.00000000
       0.00000000       0.00000000       0.00000000       0.00000000       0.00000000       0.00000000       0.00000000       0.00000000       0.00000000       0.00000000       0.00000000       0.00000000       0.00000000       0.00000000       0.00000000       0.00000000       0.00000000       0.00000000       0.00000000       0.00000000
       0.00000000       0.00000000       0.00000000       0.00000000       0.00000000       0.00000000       0.00000000       0.00000000       0.00000000       0.00000000       0.00000000       0.00000000       0.00000000       0.00000000       0.00000000  1.00000000E-04  1.00000000E-04  1.00000000E-04  1.00000000E-04  1.00000000E-04
  1.00000000E-04  1.00000000E-04       0.00000000       0.00000000       0.00000000       0.00000000       0.00000000       0.00000000       0.00000000       0.00000000       0.00000000       0.00000000       0.00000000       0.00000000       0.00000000       0.00000000       0.00000000       0.00000000       0.00000000       0.00000000
       0.00000000       0.00000000       0.00000000       0.00000000       0.00000000       0.00000000       0.00000000       0.00000000       0.00000000       0.00000000       0.00000000       0.00000000       0.00000000       0.00000000       0.00000000       0.00000000       0.00000000       0.00000000       0.00000000       0.00000000
       0.00000000       0.00000000       0.00000000       0.00000000       0.00000000       0.00000000       0.00000000       0.00000000       0.00000000       0.00000000       0.00000000
       0.00000000       0.00000000       0.00000000       0.00000000       0.00000000       0.00000000       0.00000000       0.00000000       0.00000000       0.00000000       0.00000000       0.00000000       0.00000000       0.00000000       0.00000000       0.00000000       0.00000000       0.00000000       0.00000000       0.00000000
       0.00000000       0.00000000       0.00000000       0.00000000       0.00000000       0.00000000       0.00000000       0.00000000       0.00000000       0.00000000       0.00000000       0.00000000       0.00000000       0.00000000       0.00000000       0.00000000       0.00000000       0.00000000       0.00000000       0.00000000
       0.00000000       0.00000000       0.00000000       0.00000000       0.00000000       0.00000000       0.00000000       0.00000000       0.00000000       0.00000000       0.00000000       0.00000000       0.00000000       0.00000000       0.00000000       0.00000000       0.00000000       0.00000000       0.00000000       0.00000000
       0.00000000       0.00000000       0.00000000       0.00000000       0.00000000       0.00000000       0.00000000       0.00000000       0.00000000       0.00000000       0.00000000       0.00000000       0.00000000       0.00000000       0.00000000       0.00000000       0.00000000       0.00000000       0.00000000       0.00000000
       0.00000000       0.00000000       0.00000000       0.00000000       0.00000000       0.00000000       0.00000000       0.00000000       0.00000000       0.00000000       0.00000000       0.00000000       0.00000000       0.00000000       0.00000000  1.00000000E-04  1.00000000E-04  1.00000000E-04  1.00000000E-04  1.00000000E-04
  1.00000000E-04  1.00000000E-04       0.00000000       0.00000000       0.00000000       0.00000000       0.00000000       0.00000000       0.00000000       0.00000000       0.00000000       0.00000000       0.00000000       0.00000000       0.00000000       0.00000000       0.00000000       0.00000000       0.00000000       0.00000000
       0.00000000       0.00000000       0.00000000       0.00000000       0.00000000       0.00000000       0.00000000       0.00000000       0.00000000       0.00000000       0.00000000       0.00000000       0.00000000       0.00000000       0.00000000       0.00000000       0.00000000       0.00000000       0.00000000       0.00000000
       0.00000000       0.00000000       0.00000000       0.00000000       0.00000000       0.00000000       0.00000000       0.00000000       0.00000000       0.00000000       0.00000000
       0.00000000       0.00000000       0.00000000       0.00000000       0.00000000       0.00000000       0.00000000       0.00000000       0.00000000       0.00000000       0.00000000       0.00000000       0.00000000       0.00000000       0.00000000       0.00000000       0.00000000       0.00000000       0.00000000       0.00000000
       0.00000000       0.00000000       0.00000000       0.00000000       0.00000000       0.00000000       0.00000000       0.00000000       0.00000000       0.00000000       0.00000000       0.00000000       0.00000000       0.00000000       0.00000000       0.00000000       0.00000000       0.00000000       0.00000000       0.00000000
       0.00000000       0.00000000       0.00000000       0.00000000       0.00000000       0.00000000       0.00000000       0.00000000       0.00000000       0.00000000       0.00000000       0.00000000       0.00000000       0.00000000       0.00000000       0.00000000       0.00000000       0.00000000       0.00000000       0.00000000
       0.00000000       0.00000000       0.00000000       0.00000000       0.00000000       0.00000000       0.00000000       0.00000000       0.00000000       0.00000000       0.00000000       0.00000000       0.00000000       0.00000000       0.00000000       0.00000000       0.00000000       0.00000000       0.00000000       0.00000000
       0.00000000       0.00000000       0.00000000       0.00000000       0.00000000       0.00000000       0.00000000       0.00000000       0.00000000       0.00000000       0.00000000       0.00000000       0.00000000       0.00000000       0.00000000  1.00000000E-04  1.00000000E-04  1.00000000E-04  1.00000000E-04  1.00000000E-04
  1.00000000E-04  1.00000000E-04       0.00000000       0.00000000       0.00000000       0.00000000       0.00000000       0.00000000       0.00000000       0.00000000       0.00000000       0.00000000       0.00000000       0.00000000       0.00000000       0.00000000       0.00000000       0.00000000       0.00000000       0.00000000
       0.00000000       0.00000000       0.00000000       0.00000000       0.00000000       0.00000000       0.00000000       0.00000000       0.00000000       0.00000000       0.00000000       0.00000000       0.00000000       0.00000000       0.00000000       0.00000000       0.00000000       0.00000000       0.00000000       0.00000000
       0.00000000       0.00000000       0.00000000       0.00000000       0.00000000       0.00000000       0.00000000       0.00000000       0.00000000       0.00000000       0.00000000
       0.00000000       0.00000000       0.00000000       0.00000000       0.00000000       0.00000000       0.00000000       0.00000000       0.00000000       0.00000000       0.00000000       0.00000000       0.00000000       0.00000000       0.00000000       0.00000000       0.00000000       0.00000000       0.00000000       0.00000000
       0.00000000       0.00000000       0.00000000       0.00000000       0.00000000       0.00000000       0.00000000       0.00000000       0.00000000       0.00000000       0.00000000       0.00000000       0.00000000       0.00000000       0.00000000       0.00000000       0.00000000       0.00000000       0.00000000       0.00000000
       0.00000000       0.00000000       0.00000000       0.00000000       0.00000000       0.00000000       0.00000000       0.00000000       0.00000000       0.00000000       0.00000000       0.00000000       0.00000000       0.00000000       0.00000000       0.00000000       0.00000000       0.00000000       0.00000000       0.00000000
       0.00000000       0.00000000       0.00000000       0.00000000       0.00000000       0.00000000       0.00000000       0.00000000       0.00000000       0.00000000       0.00000000       0.00000000       0.00000000       0.00000000       0.00000000       0.00000000       0.00000000       0.00000000       0.00000000       0.00000000
       0.00000000       0.00000000       0.00000000       0.00000000       0.00000000       0.00000000       0.00000000       0.00000000       0.00000000       0.00000000       0.00000000       0.00000000       0.00000000       0.00000000       0.00000000  1.00000000E-04  1.00000000E-04  1.00000000E-04  1.00000000E-04  1.00000000E-04
  1.00000000E-04  1.00000000E-04       0.00000000       0.00000000       0.00000000       0.00000000       0.00000000       0.00000000       0.00000000       0.00000000       0.00000000       0.00000000       0.00000000       0.00000000       0.00000000       0.00000000       0.00000000       0.00000000       0.00000000       0.00000000
       0.00000000       0.00000000       0.00000000       0.00000000       0.00000000       0.00000000       0.00000000       0.00000000       0.00000000       0.00000000       0.00000000       0.00000000       0.00000000       0.00000000       0.00000000       0.00000000       0.00000000       0.00000000       0.00000000       0.00000000
       0.00000000       0.00000000       0.00000000       0.00000000       0.00000000       0.00000000       0.00000000       0.00000000       0.00000000       0.00000000       0.00000000
       0.00000000       0.00000000       0.00000000       0.00000000       0.00000000       0.00000000       0.00000000       0.00000000       0.00000000       0.00000000       0.00000000       0.00000000       0.00000000       0.00000000       0.00000000       0.00000000       0.00000000       0.00000000       0.00000000       0.00000000
       0.00000000       0.00000000       0.00000000       0.00000000       0.00000000       0.00000000       0.00000000       0.00000000       0.00000000       0.00000000       0.00000000       0.00000000       0.00000000       0.00000000       0.00000000       0.00000000       0.00000000       0.00000000       0.00000000       0.00000000
       0.00000000       0.00000000       0.00000000       0.00000000       0.00000000       0.00000000       0.00000000       0.00000000       0.00000000       0.00000000       0.00000000       0.00000000       0.00000000       0.00000000       0.00000000       0.00000000       0.00000000       0.00000000       0.00000000       0.00000000
       0.00000000       0.00000000       0.00000000       0.00000000       0.00000000       0.00000000       0.00000000       0.00000000       0.00000000       0.00000000       0.00000000       0.00000000       0.00000000       0.00000000       0.00000000       0.00000000       0.00000000       0.00000000       0.00000000       0.00000000
       0.00000000       0.00000000       0.00000000       0.00000000       0.00000000       0.00000000       0.00000000       0.00000000       0.00000000       0.00000000       0.00000000       0.00000000       0.00000000       0.00000000       0.00000000  1.00000000E-04  1.00000000E-04  1.00000000E-04  1.00000000E-04  1.00000000E-04
  1.00000000E-04       0.00000000       0.00000000       0.00000000       0.00000000       0.00000000       0.00000000       0.00000000       0.00000000       0.00000000       0.00000000       0.00000000       0.00000000       0.00000000       0.00000000       0.00000000       0.00000000       0.00000000       0.00000000       0.00000000
       0.00000000       0.00000000       0.00000000       0.00000000       0.00000000       0.00000000       0.00000000       0.00000000       0.00000000       0.00000000       0.00000000       0.00000000       0.00000000       0.00000000       0.00000000       0.00000000       0.00000000       0.00000000       0.00000000       0.00000000
       0.00000000       0.00000000       0.00000000       0.00000000       0.00000000       0.00000000       0.00000000       0.00000000       0.00000000       0.00000000       0.00000000
       0.00000000       0.00000000       0.00000000       0.00000000       0.00000000       0.00000000       0.00000000       0.00000000       0.00000000       0.00000000       0.00000000       0.00000000       0.00000000       0.00000000       0.00000000       0.00000000       0.00000000       0.00000000       0.00000000       0.00000000
       0.00000000       0.00000000       0.00000000       0.00000000       0.00000000       0.00000000       0.00000000       0.00000000       0.00000000       0.00000000       0.00000000       0.00000000       0.00000000       0.00000000       0.00000000       0.00000000       0.00000000       0.00000000       0.00000000       0.00000000
       0.00000000       0.00000000       0.00000000       0.00000000       0.00000000       0.00000000       0.00000000       0.00000000       0.00000000       0.00000000       0.00000000       0.00000000       0.00000000       0.00000000       0.00000000       0.00000000       0.00000000       0.00000000       0.00000000       0.00000000
       0.00000000       0.00000000       0.00000000       0.00000000       0.00000000       0.00000000       0.00000000       0.00000000       0.00000000       0.00000000       0.00000000       0.00000000       0.00000000       0.00000000       0.00000000       0.00000000       0.00000000       0.00000000       0.00000000       0.00000000
       0.00000000       0.00000000       0.00000000       0.00000000       0.00000000       0.00000000       0.00000000       0.00000000       0.00000000       0.00000000       0.00000000       0.00000000       0.00000000       0.00000000       0.00000000       0.00000000  1.00000000E-04  1.00000000E-04  1.00000000E-04  1.00000000E-04
  1.00000000E-04       0.00000000       0.00000000       0.00000000       0.00000000       0.00000000       0.00000000       0.00000000       0.00000000       0.00000000       0.00000000       0.00000000       0.00000000       0.00000000       0.00000000       0.00000000       0.00000000       0.00000000       0.00000000       0.00000000
       0.00000000       0.00000000       0.00000000       0.00000000       0.00000000       0.00000000       0.00000000       0.00000000       0.00000000       0.00000000       0.00000000       0.00000000       0.00000000       0.00000000       0.00000000       0.00000000       0.00000000       0.00000000       0.00000000       0.00000000
       0.00000000       0.00000000       0.00000000       0.00000000       0.00000000       0.00000000       0.00000000       0.00000000       0.00000000       0.00000000       0.00000000
       0.00000000       0.00000000       0.00000000       0.00000000       0.00000000       0.00000000       0.00000000       0.00000000       0.00000000       0.00000000       0.00000000       0.00000000       0.00000000       0.00000000       0.00000000       0.00000000       0.00000000       0.00000000       0.00000000       0.00000000
       0.00000000       0.00000000       0.00000000       0.00000000       0.00000000       0.00000000       0.00000000       0.00000000       0.00000000       0.00000000       0.00000000       0.00000000       0.00000000       0.00000000       0.00000000       0.00000000       0.00000000       0.00000000       0.00000000       0.00000000
       0.00000000       0.00000000       0.00000000       0.00000000       0.00000000       0.00000000       0.00000000       0.00000000       0.00000000       0.00000000       0.00000000       0.00000000       0.00000000       0.00000000       0.00000000       0.00000000       0.00000000       0.00000000       0.00000000       0.00000000
       0.00000000       0.00000000       0.00000000       0.00000000       0.00000000       0.00000000       0.00000000       0.00000000       0.00000000       0.00000000       0.00000000       0.00000000       0.00000000       0.00000000       0.00000000       0.00000000       0.00000000       0.00000000       0.00000000       0.00000000
       0.00000000       0.00000000       0.00000000       0.00000000       0.00000000       0.00000000       0.00000000       0.00000000       0.00000000       0.00000000       0.00000000       0.00000000       0.00000000       0.00000000       0.00000000       0.00000000  1.00000000E-04  1.00000000E-04  1.00000000E-04  1.00000000E-04
  1.00000000E-04       0.00000000       0.00000000       0.00000000       0.00000000       0.00000000       0.00000000       0.00000000       0.00000000       0.00000000       0.00000000       0.00000000       0.00000000       0.00000000       0.00000000       0.00000000       0.00000000       0.00000000       0.00000000       0.00000000
       0.00000000       0.00000000       0.00000000       0.00000000       0.00000000       0.00000000       0.00000000       0.00000000       0.00000000       0.00000000       0.00000000       0.00000000       0.00000000       0.00000000       0.00000000       0.00000000       0.00000000       0.00000000       0.00000000       0.00000000
       0.00000000       0.00000000       0.00000000       0.00000000       0.00000000       0.00000000       0.00000000       0.00000000       0.00000000       0.00000000       0.00000000
       0.00000000       0.00000000       0.00000000       0.00000000       0.00000000       0.00000000       0.00000000       0.00000000       0.00000000       0.00000000       0.00000000       0.00000000       0.00000000       0.00000000       0.00000000       0.00000000       0.00000000       0.00000000       0.00000000       0.00000000
       0.00000000       0.00000000       0.00000000       0.00000000       0.00000000       0.00000000       0.00000000       0.00000000       0.00000000       0.00000000       0.00000000       0.00000000       0.00000000       0.00000000       0.00000000       0.00000000       0.00000000       0.00000000       0.00000000       0.00000000
       0.00000000       0.00000000       0.00000000       0.00000000       0.00000000       0.00000000       0.00000000       0.00000000       0.00000000       0.00000000       0.00000000       0.00000000       0.00000000       0.00000000       0.00000000       0.00000000       0.00000000       0.00000000       0.00000000       0.00000000
       0.00000000       0.00000000       0.00000000       0.00000000       0.00000000       0.00000000       0.00000000       0.00000000       0.00000000       0.00000000       0.00000000       0.00000000       0.00000000       0.00000000       0.00000000       0.00000000       0.00000000       0.00000000       0.00000000       0.00000000
       0.00000000       0.00000000       0.00000000       0.00000000       0.00000000       0.00000000       0.00000000       0.00000000       0.00000000       0.00000000       0.00000000       0.00000000       0.00000000       0.00000000       0.00000000       0.00000000  1.00000000E-04  1.00000000E-04  1.00000000E-04  1.00000000E-04
  1.00000000E-04       0.00000000       0.00000000       0.00000000       0.00000000       0.00000000       0.00000000       0.00000000       0.00000000       0.00000000       0.00000000       0.00000000       0.00000000       0.00000000       0.00000000       0.00000000       0.00000000       0.00000000       0.00000000       0.00000000
       0.00000000       0.00000000       0.00000000       0.00000000       0.00000000       0.00000000       0.00000000       0.00000000       0.00000000       0.00000000       0.00000000       0.00000000       0.00000000       0.00000000       0.00000000       0.00000000       0.00000000       0.00000000       0.00000000       0.00000000
       0.00000000       0.00000000       0.00000000       0.00000000       0.00000000       0.00000000       0.00000000       0.00000000       0.00000000       0.00000000       0.00000000
       0.00000000       0.00000000       0.00000000       0.00000000       0.00000000       0.00000000       0.00000000       0.00000000       0.00000000       0.00000000       0.00000000       0.00000000       0.00000000       0.00000000       0.00000000       0.00000000       0.00000000       0.00000000       0.00000000       0.00000000
       0.00000000       0.00000000       0.00000000       0.00000000       0.00000000       0.00000000       0.00000000       0.00000000       0.00000000       0.00000000       0.00000000       0.00000000       0.00000000       0.00000000       0.00000000       0.00000000       0.00000000       0.00000000       0.00000000       0.00000000
       0.00000000       0.00000000       0.00000000       0.00000000       0.00000000       0.00000000       0.00000000       0.00000000       0.00000000       0.00000000       0.00000000       0.00000000       0.00000000       0.00000000       0.00000000       0.00000000       0.00000000       0.00000000       0.00000000       0.00000000
       0.00000000       0.00000000       0.00000000       0.00000000       0.00000000       0.00000000       0.00000000       0.00000000       0.00000000       0.00000000       0.00000000       0.00000000       0.00000000       0.00000000       0.00000000       0.00000000       0.00000000       0.00000000       0.00000000       0.00000000
       0.00000000       0.00000000       0.00000000       0.00000000       0.00000000       0.00000000       0.00000000       0.00000000       0.00000000       0.00000000       0.00000000       0.00000000       0.00000000       0.00000000       0.00000000       0.00000000  1.00000000E-04  1.00000000E-04  1.00000000E-04  1.00000000E-04
  1.00000000E-04       0.00000000       0.00000000       0.00000000       0.00000000       0.00000000       0.00000000       0.00000000       0.00000000       0.00000000       0.00000000       0.00000000       0.00000000       0.00000000       0.00000000       0.00000000       0.00000000       0.00000000       0.00000000       0.00000000
       0.00000000       0.00000000       0.00000000       0.00000000       0.00000000       0.00000000       0.00000000       0.00000000       0.00000000       0.00000000       0.00000000       0.00000000       0.00000000       0.00000000       0.00000000       0.00000000       0.00000000       0.00000000       0.00000000       0.00000000
       0.00000000       0.00000000       0.00000000       0.00000000       0.00000000       0.00000000       0.00000000       0.00000000       0.00000000       0.00000000       0.00000000
       0.00000000       0.00000000       0.00000000       0.00000000       0.00000000       0.00000000       0.00000000       0.00000000       0.00000000       0.00000000       0.00000000       0.00000000       0.00000000       0.00000000       0.00000000       0.00000000       0.00000000       0.00000000       0.00000000       0.00000000
       0.00000000       0.00000000       0.00000000       0.00000000       0.00000000       0.00000000       0.00000000       0.00000000       0.00000000       0.00000000       0.00000000       0.00000000       0.00000000       0.00000000       0.00000000       0.00000000       0.00000000       0.00000000       0.00000000       0.00000000
       0.00000000       0.00000000       0.00000000       0.00000000       0.00000000       0.00000000       0.00000000       0.00000000       0.00000000       0.00000000       0.00000000       0.00000000       0.00000000       0.00000000       0.00000000       0.00000000       0.00000000       0.00000000       0.00000000       0.00000000
       0.00000000       0.00000000       0.00000000       0.00000000       0.00000000       0.00000000       0.00000000       0.00000000       0.00000000       0.00000000       0.00000000       0.00000000       0.00000000       0.00000000       0.00000000       0.00000000       0.00000000       0.00000000       0.00000000       0.00000000
       0.00000000       0.00000000       0.00000000       0.00000000       0.00000000       0.00000000       0.00000000       0.00000000       0.00000000       0.00000000       0.00000000       0.00000000       0.00000000       0.00000000       0.00000000       0.00000000  1.00000000E-04  1.00000000E-04  1.00000000E-04  1.00000000E-04
       0.00000000       0.00000000       0.00000000       0.00000000       0.00000000       0.00000000       0.00000000       0.00000000       0.00000000       0.00000000       0.00000000       0.00000000       0.00000000       0.00000000       0.00000000       0.00000000       0.00000000       0.00000000       0.00000000       0.00000000
       0.00000000       0.00000000       0.00000000       0.00000000       0.00000000       0.00000000       0.00000000       0.00000000       0.00000000       0.00000000       0.00000000       0.00000000       0.00000000       0.00000000       0.00000000       0.00000000       0.00000000       0.00000000       0.00000000       0.00000000
       0.00000000       0.00000000       0.00000000       0.00000000       0.00000000       0.00000000       0.00000000       0.00000000       0.00000000       0.00000000       0.00000000
