       3.11891015       3.13135338       3.14614328       3.15636349       3.14636326       3.10273012       3.03294341       2.88505332       2.91629664       3.02844334       3.17339675       3.32953326       3.38346322       3.40050348       3.39110343       3.40576013       3.48688348       3.55001005       3.60923990       3.66770681
       3.35949675       2.66289997       3.13606675       3.41005675       3.39877669       3.41885344       3.47340679       3.50351334       3.50292651       3.49862671       3.50929324       3.51272996       3.52204672       3.54964987       3.57064342       3.56297652       3.56142998       3.57236671       3.56983662       3.58221658
       3.58517011       3.57890320       3.57002672       3.57348347       3.56825670       3.56875992       3.57616679       3.58300654       3.57826996       3.57010651       3.56254673       3.56999652       3.58030669       3.58940665       3.60415649       3.61329333       3.61468665       3.61510340       3.62713337       3.64720662
       3.66655000       3.66372331       3.65519015       3.65824318       3.64737670       3.62276999       3.61346658       3.60618655       3.59943676       3.60256004       3.61381340       3.60950343       3.62663651       3.64703337       3.66053009       3.67616336       3.71953328       3.62932014       3.61737665       3.64241346
       3.65416336       3.65755653       3.67443339       3.70241324       3.63873672       3.64107672       3.74665991       3.76145681       3.72991339       3.65346654       3.61942323       3.55451997       3.52783012       3.53718344       3.56061331       3.56781006       3.48081334       3.47599347       3.44753997       3.43065993
       3.45928987       3.43766340       3.44452667       3.43061670       3.43475342       3.42718665       3.41604328       3.40217336       3.40030988       3.34077009       3.31213665       3.32191340       3.32393678       3.31962681       3.32848676       3.34932995       3.27119001       3.57708995       3.68978341       3.37843672
       3.75699679       3.65010325       3.32995319       3.34244665       3.30855656       3.30849330       3.29727014       3.28829002       3.27929656       3.27615007       3.25350348       3.26120345       3.26207987       3.27479331       3.26285330       3.27168655       3.27565988       3.40940666       3.22566668       3.19078000
       3.18216324       3.16479333       3.16499011       3.22290007       3.23484325       3.22084332       3.21802012       3.21067333       3.18505987       3.17069340       3.16407681
       3.12701988       3.12006664       3.12785657       3.13960679       3.12721348       3.08498669       3.05876668       3.03695011       2.93993346       2.91079998       3.12182013       3.26148319       3.35897668       3.39421654       3.41685677       3.40693347       3.45131652       3.52066008       3.57205677       3.63120015
       3.64240996       2.97618675       2.81373342       3.35063998       3.40069993       3.39088662       3.44215329       3.47796663       3.49339326       3.50133991       3.50704988       3.52027321       3.53267002       3.54456011       3.55486679       3.56289673       3.55925337       3.54920991       3.55102666       3.57306989
       3.57732010       3.57054011       3.56797663       3.57253011       3.57193661       3.57728672       3.57752323       3.57096990       3.55860011       3.55887318       3.57421335       3.58384673       3.57728990       3.57479986       3.57647991       3.57938671       3.59146341       3.61191654       3.62880675       3.64459991
       3.64215660       3.64623992       3.66007996       3.65374343       3.63313007       3.61434333       3.60606321       3.60720984       3.61866347       3.62637679       3.60340341       3.60880343       3.65715345       3.69109344       3.69253000       3.63638655       3.66312345       3.70687326       3.63134670       3.63568338
       3.63519669       3.64254665       3.65983009       3.61909008       3.63946660       3.65819327       3.71604983       3.72113673       3.66767343       3.64938323       3.57291985       3.56361993       3.51645660       3.50588322       3.51498667       3.52707672       3.50896994       3.45452340       3.44593334       3.42695332
       3.41324997       3.43128999       3.47618326       3.44779332       3.42081006       3.43829346       3.43443680       3.39522012       3.36729654       3.36349678       3.31007671       3.31357320       3.31550344       3.33741347       3.32859008       3.26107343       3.52044678       3.68708992       3.60033989       3.51157665
       3.81808345       3.50041326       3.31673336       3.30520662       3.28816319       3.29305013       3.29056327       3.28547986       3.25417010       3.25164318       3.26425680       3.23029327       3.22571341       3.26535320       3.25692018       3.23646323       3.24965668       3.30266666       3.24512005       3.26180331
       3.20861340       3.16094685       3.16979345       3.17558320       3.22910341       3.22410679       3.21100330       3.21109994       3.18023332       3.17246660       3.16005675
       3.12639999       3.12983990       3.13001347       3.11393007       3.08135319       3.03913657       3.02510993       3.03509013       3.03796323       2.94953664       2.91809336       3.17631340       3.30739339       3.36766338       3.39905993       3.38952669       3.40009658       3.48166339       3.53407987       3.59207662
       3.65662003       3.45707989       2.63915666       3.14145660       3.45188014       3.38889662       3.40738996       3.44298681       3.48441664       3.51394335       3.51073329       3.51441987       3.52038987       3.53231653       3.55813344       3.55380662       3.53802999       3.53286330       3.55394014       3.56455994
       3.56133334       3.56514994       3.56888326       3.57371998       3.57707659       3.56369336       3.55760002       3.55777995       3.55506325       3.56332334       3.57542006       3.57210668       3.56167984       3.55145009       3.55444336       3.56642342       3.58528328       3.60059007       3.61498324       3.62015661
       3.62686348       3.64339002       3.64782015       3.63098335       3.61866347       3.61740653       3.61494001       3.61937014       3.61511676       3.59541003       3.60173988       3.65400664       3.66695340       3.66040675       3.62455336       3.65322336       3.59688346       3.64769332       3.70737680       3.65753333
       3.64297009       3.67655659       3.64408652       3.72763348       3.72324340       3.69505660       3.72480011       3.71669674       3.65226650       3.60159016       3.53807990       3.52661991       3.52385998       3.50528653       3.49331347       3.49431324       3.49230003       3.52479998       3.43233013       3.42933655
       3.45263004       3.49569670       3.46105003       3.41576322       3.41304016       3.41502984       3.43896675       3.40891329       3.37409655       3.36714999       3.31613668       3.31223996       3.32274659       3.32935015       3.26397324       3.48188337       3.68577671       3.68200334       3.36030324       3.88627338
       3.71886317       3.33402665       3.33293343       3.27086671       3.27723662       3.28061994       3.26885319       3.25204659       3.24761009       3.24424330       3.23915323       3.18804677       3.18559329       3.23929660       3.24964333       3.22166665       3.22710323       3.21817334       3.21076330       3.24103673
       3.23437659       3.20158990       3.14968014       3.15006320       3.19810009       3.22414653       3.22774665       3.20132319       3.17433008       3.16855335       3.14629682
       3.11732674       3.11977005       3.12454987       3.10123984       3.04652341       3.01070340       3.00386651       3.00835005       3.00609652       3.03555330       2.92415682       3.05939007       3.23716672       3.31733990       3.37580681       3.39131991       3.37563674       3.43134340       3.49506664       3.54338010
       3.60737991       3.65113672       3.05489000       2.77231661       3.31272348       3.41137664       3.39972655       3.42221006       3.47484652       3.50146325       3.49669679       3.50148996       3.50852680       3.51583989       3.50999673       3.51224009       3.52925332       3.54344336       3.55410671       3.54791673
       3.55919011       3.57087994       3.56411680       3.56930319       3.56401348       3.55080318       3.54876328       3.55341657       3.56222343       3.56320000       3.55191676       3.54780324       3.54668649       3.53859997       3.54988988       3.56837654       3.57920678       3.59318988       3.60326672       3.60571003
       3.60960992       3.61976655       3.62122663       3.61400000       3.61240005       3.62688001       3.63601335       3.62858677       3.59738668       3.59591325       3.66170343       3.65366332       3.63560994       3.58506997       3.59617011       3.64872011       3.63277340       3.59207344       3.63873672       3.71442350
       3.68306001       3.73223337       3.68397999       3.73385334       3.74363327       3.72898674       3.67207654       3.63447666       3.61815008       3.56664340       3.54870669       3.53284995       3.52824338       3.53333664       3.51102988       3.49780337       3.49811014       3.49971326       3.48803679       3.43832016
       3.51277002       3.47047997       3.43927987       3.41676680       3.41184998       3.43728987       3.43675677       3.42527008       3.38346322       3.35385323       3.31529013       3.28798993       3.30034669       3.27807681       3.47382991       3.69487667       3.70269998       3.47817993       3.56223996       3.82361348
       3.57437992       3.27743340       3.31214650       3.29268010       3.28952344       3.27936681       3.26141326       3.24173005       3.23542341       3.24250984       3.21356010       3.23521010       3.17978001       3.20750999       3.22225666       3.18971348       3.18633334       3.19192664       3.20296319       3.20698007
       3.23931662       3.20816676       3.17061011       3.16043345       3.15052668       3.21669674       3.22610982       3.20223999       3.17483330       3.15956656       3.12033653
       3.13243326       3.12485345       3.12254651       3.11649005       3.08169651       3.02745660       2.98932679       2.97498671       2.97438335       3.00199668       3.04491329       2.90845331       3.17736657       3.26243337       3.34046682       3.37978013       3.39039008       3.39371332       3.43877665       3.50205676
       3.56204669       3.62526671       3.51922003       2.76439667       2.94782988       3.36167018       3.40530332       3.41634655       3.44987011       3.47614320       3.48749669       3.49627654       3.50674661       3.49342346       3.49273332       3.51069673       3.52879651       3.53560670       3.53802013       3.55039660
       3.56676992       3.55830002       3.54885674       3.55283006       3.54673322       3.54763667       3.54918989       3.55193679       3.54857667       3.55093670       3.54098320       3.53984324       3.52930673       3.52926000       3.54496670       3.56142012       3.56639322       3.57942009       3.59033012       3.58837318
       3.58510335       3.59502665       3.60214996       3.61007659       3.62220319       3.63802656       3.63222663       3.62040679       3.60454337       3.66057332       3.64444987       3.63038317       3.59615676       3.57244333       3.61803659       3.63319016       3.62402662       3.62582016       3.59401321       3.63564014
       3.70861340       3.72229004       3.77758344       3.70237668       3.72687340       3.72801336       3.62657674       3.60625013       3.58797010       3.56033993       3.53484344       3.53540325       3.53133678       3.51203346       3.53958988       3.53165340       3.53989347       3.46874332       3.45095666       3.50957680
       3.43656000       3.41249657       3.43049335       3.43742339       3.42842674       3.43284988       3.48165321       3.47355652       3.40621662       3.36031659       3.33963998       3.31181653       3.24458663       3.43966007       3.70851326       3.72172991       3.54251671       3.30409654       3.81157335       3.75070985
       3.36781343       3.30247657       3.29407342       3.28055000       3.27140681       3.30171331       3.27412001       3.24744987       3.26137670       3.23972003       3.22996680       3.23070653       3.24841340       3.19317659       3.20310338       3.18859673       3.17978319       3.19607004       3.20857016       3.21530342
       3.21867657       3.20761998       3.22204336       3.18911330       3.16600990       3.18377654       3.22783661       3.20556005       3.14992332       3.12644672       3.20018005
       3.15848001       3.14826330       3.14205996       3.13801670       3.12934653       3.10291004       3.07177671       3.03923670       3.00382678       2.99801668       3.02952989       2.92873319       3.14795335       3.23530674       3.31407992       3.36510658       3.40187327       3.40257327       3.40283998       3.45433013
       3.51904011       3.58680662       3.63114007       3.30768998       2.68873342       3.14605999       3.45449988       3.43111324       3.44528325       3.47146320       3.48644988       3.49929333       3.48791345       3.49551010       3.49499671       3.49854660       3.51780001       3.52818998       3.54111989       3.55096340
       3.53913657       3.53870996       3.53829670       3.53418001       3.53083007       3.53685347       3.54696337       3.54072984       3.53096008       3.53728676       3.54224682       3.53361988       3.52027003       3.52175331       3.53732999       3.54272652       3.55307007       3.55637328       3.55759652       3.55774339
       3.57286994       3.57616011       3.58506012       3.60056337       3.63469664       3.63979657       3.62633991       3.63191668       3.66683324       3.63088322       3.61542002       3.60079988       3.60319010       3.60158348       3.60661348       3.60036659       3.60708682       3.60389328       3.61496003       3.59374332
       3.62759336       3.71249008       3.67852656       3.67435328       3.71898683       3.65316995       3.58393002       3.58390681       3.56960678       3.53049342       3.53661664       3.56563663       3.53871663       3.56704680       3.61098671       3.61755657       3.52891000       3.47421010       3.51433659       3.45274989
       3.43173663       3.42259661       3.40690327       3.42673683       3.41677666       3.45553652       3.43308004       3.61778673       3.41201337       3.38708337       3.34704336       3.28708680       3.40802320       3.71844323       3.73910999       3.54754988       3.40500323       3.48016008       3.82497660       3.67042001
       3.37124983       3.30584335       3.30541007       3.27217992       3.24960677       3.24881999       3.27554321       3.28884347       3.25606664       3.21523666       3.23680337       3.24096998       3.27265994       3.18486659       3.21713320       3.20724328       3.19237677       3.19946321       3.19581985       3.22837321
       3.28085995       3.21542009       3.22473653       3.18174330       3.15053654       3.16217995       3.17689991       3.14130338       3.22102006       3.25537682       3.20097001
       3.17140992       3.17220656       3.17502658       3.17782338       3.17254003       3.15821997       3.13715331       3.10979017       3.07163334       3.01126671       2.93940671       2.94618320       3.15858014       3.21382682       3.27342987       3.34490999       3.39215342       3.41370010       3.39352322       3.42319012
       3.47895654       3.52956676       3.58335654       3.59248320       2.99871667       2.82453664       3.31280677       3.47071330       3.46533680       3.46825663       3.48194663       3.49046008       3.49308014       3.49754333       3.49453322       3.49664338       3.51248010       3.52336661       3.53526656       3.53417015
       3.53624662       3.52576669       3.51784992       3.51231670       3.52269681       3.52545325       3.52906672       3.53213660       3.53135014       3.53413677       3.52383677       3.53039678       3.52821318       3.52145990       3.51896667       3.53086344       3.54228338       3.53464317       3.53788662       3.55003007
       3.55176004       3.55685329       3.57450994       3.60237662       3.62458324       3.63014984       3.66557662       3.68200334       3.65069993       3.61406994       3.59617996       3.59773000       3.60647011       3.59510008       3.60556348       3.59654331       3.57436339       3.57883676       3.60224660       3.62491004
       3.59246985       3.62370650       3.71828334       3.68707339       3.67435328       3.62890657       3.59515667       3.58237330       3.55552673       3.54246330       3.60690339       3.60313988       3.59325663       3.62615681       3.62671661       3.63954004       3.55165990       3.49666659       3.46760654       3.44619656
       3.43594996       3.44071992       3.40664673       3.40132014       3.42007319       3.40687656       3.40579669       3.41169993       3.56767337       3.44053682       3.33307679       3.40454324       3.73331674       3.75934347       3.56438986       3.46437677       3.30392996       3.97644997       3.86411349       3.48368994
       3.34848658       3.29007339       3.28886350       3.26684666       3.25841014       3.24133333       3.24226348       3.24079323       3.25086339       3.22388681       3.23143673       3.24856663       3.24438000       3.24238682       3.20755990       3.20876662       3.19743665       3.18157323       3.19811662       3.22021008
       3.22784996       3.22912661       3.21006012       3.16729005       3.13140996       3.15337340       3.26516660       3.25863997       3.20596345       3.18163331       3.16192659
       3.16584333       3.16539987       3.17018986       3.17359002       3.17008336       3.17326005       3.16941325       3.14877319       3.12178993       3.07774003       2.96239662       2.89916007       3.14571317       3.19401995       3.26111666       3.33482679       3.37318007       3.40446663       3.40325324       3.40633011
       3.43988323       3.46795336       3.49580669       3.54351012       3.45990658       2.68833987       2.91766993       3.42452335       3.46091334       3.42794991       3.43900998       3.48060004       3.49667327       3.49304326       3.49787013       3.50113996       3.50254345       3.51025677       3.52876345       3.54634317
       3.54244010       3.51146666       3.50350348       3.51354663       3.51868343       3.51065000       3.51552010       3.52687327       3.53424676       3.51692009       3.51402664       3.52848339       3.53314336       3.51444658       3.50782681       3.51740996       3.51541011       3.52412001       3.53294659       3.53383319
       3.53219000       3.55384350       3.58033339       3.58902995       3.60570335       3.68313344       3.69515673       3.66527653       3.62674999       3.61285655       3.60256004       3.60976664       3.61196995       3.59650675       3.59011332       3.57277679       3.56440989       3.57892005       3.59316667       3.61160342
       3.62828318       3.59398683       3.62210655       3.71946653       3.69054667       3.67586009       3.61791674       3.60286999       3.59333324       3.58614667       3.62397671       3.62409655       3.62344678       3.62869676       3.67864323       3.59408347       3.58408991       3.55861664       3.54612986       3.46232986
       3.45795345       3.45739683       3.45952670       3.43173663       3.41421000       3.40995344       3.40171337       3.40391668       3.44179662       3.49247328       3.34306653       3.73478667       3.77822653       3.61255010       3.53343678       3.34246349       3.70464993       3.99856663       3.72257996       3.30909348
       3.29073652       3.26410675       3.27619012       3.29959997       3.23905341       3.24271679       3.24134668       3.25752989       3.23754342       3.24142011       3.26600679       3.23407014       3.24926345       3.26836014       3.21437327       3.20234013       3.16480319       3.16885662       3.19674683       3.21256987
       3.20282332       3.20112006       3.19559320       3.16039658       3.24077988       3.25642331       3.19710986       3.16066329       3.13908672       3.14304670       3.12395986
       3.17550659       3.16545677       3.17110348       3.17695014       3.17972342       3.17184989       3.17201010       3.19379330       3.17978986       3.11631330       3.00876681       2.88685671       3.17853006       3.22216320       3.27905655       3.34281667       3.38755322       3.41270987       3.42702675       3.42627335
       3.42160988       3.42486668       3.44476000       3.47229671       3.52709007       3.24789683       2.53421672       3.06215986       3.48884010       3.45090675       3.44834328       3.46775659       3.48252678       3.48949337       3.47662322       3.47131666       3.49512005       3.51493677       3.52798335       3.54308319
       3.53453318       3.51885668       3.52095985       3.52495988       3.51889992       3.51375993       3.51235326       3.52461338       3.52583663       3.52226671       3.52715333       3.51992989       3.52040672       3.51100985       3.50758998       3.49578349       3.49564679       3.51027330       3.52309322       3.53104337
       3.54375013       3.56323655       3.55974325       3.57501348       3.66377004       3.69571336       3.66313012       3.64024989       3.63268661       3.60747655       3.60439650       3.60879326       3.60914675       3.56897322       3.55883662       3.57350985       3.57846991       3.57334995       3.58342012       3.60302321
       3.59694322       3.61101341       3.61989339       3.65793006       3.70789337       3.68633334       3.64310010       3.62193012       3.69400342       3.59473324       3.62060324       3.64283339       3.57732995       3.51769670       3.61120319       3.62212658       3.55734348       3.57516321       3.53243319       3.50197347
       3.46701336       3.47377014       3.47711658       3.43086338       3.42556667       3.44662984       3.44300652       3.44248327       3.47199663       3.37512016       3.72202015       3.79969343       3.66341654       3.47484334       3.48011653       3.48650996       3.97157669       3.90457662       3.62807337       3.23194663
       3.28770002       3.27956327       3.29431343       3.38307667       3.25540988       3.26458677       3.25830650       3.25030677       3.25398318       3.25988992       3.25545661       3.23208014       3.24256674       3.23927339       3.23716005       3.22104009       3.20874341       3.17296346       3.17728329       3.20339680
       3.18666999       3.20989005       3.30247339       3.25752322       3.18037319       3.14805984       3.12796338       3.10573006       3.09068998       3.12324651       3.11436335
       3.17704328       3.16285006       3.17156347       3.19062010       3.20151011       3.19758987       3.18264675       3.15784677       3.13169320       3.13147672       2.97851340       2.87216663       3.15246677       3.21987343       3.26185322       3.26750660       3.28736337       3.21817334       3.37978331       3.46672344
       3.46647326       3.45189667       3.45357990       3.45025349       3.46059990       3.56256676       2.99063333       2.61801004       3.40879663       3.49626350       3.48403009       3.47657998       3.48434989       3.47303994       3.46232986       3.47737344       3.50959651       3.50666014       3.49591668       3.51249345
       3.53601996       3.54553318       3.54436016       3.53287665       3.51679007       3.50581996       3.51946672       3.52001667       3.52624671       3.54551347       3.51061344       3.50067012       3.51141326       3.51239999       3.50719992       3.49126339       3.49331347       3.49954319       3.51918666       3.54791323
       3.55145009       3.54831346       3.56862005       3.66854986       3.67053986       3.64282322       3.63706334       3.62703005       3.62788995       3.62027009       3.60680326       3.60210673       3.58936342       3.54554335       3.55014006       3.57142989       3.57414341       3.58045673       3.58359655       3.59057013
       3.57725334       3.58430322       3.60847664       3.61017672       3.66148663       3.68750985       3.66432317       3.63765335       3.77305667       3.63596344       3.57491334       3.56486003       3.54045328       3.51655674       3.52497323       3.70543003       3.74126657       3.62559319       3.59197680       3.55115000
       3.49507332       3.47107347       3.44620673       3.44565328       3.43552335       3.44735336       3.44527340       3.49476655       3.37276999       3.70121670       3.82481988       3.70005322       3.55949338       3.52017657       3.38814672       4.03413010       4.11972014       3.85477988       3.41012987       3.21568330
       3.22278659       3.24511337       3.26694330       3.27622986       3.28222338       3.26008002       3.26019669       3.26762994       3.26342328       3.23356660       3.22303994       3.21690337       3.20052338       3.23899015       3.24243005       3.22032992       3.20672321       3.21061993       3.19399675       3.21646659
       3.29690329       3.29378319       3.21501001       3.17532349       3.14769999       3.10748005       3.04544004       3.00058015       3.00295321       3.06582324       3.11057663
       3.16897329       3.14654001       3.15878995       3.18318335       3.19781335       3.19620005       3.17704328       3.15163676       3.10334333       3.06750011       3.04728667       2.96852334       3.02835655       3.23390007       3.14635658       2.86242676       2.91063341       3.04176331       3.32334328       3.46378994
       3.45097001       3.43931675       3.43743006       3.44697666       3.49465338       3.58795325       3.39951992       2.68680986       3.04203002       3.45731990       3.49427668       3.49900659       3.50652663       3.49142329       3.48716323       3.50347010       3.51127656       3.50340652       3.49283346       3.51090654
       3.53794003       3.55972989       3.54986318       3.52813657       3.50825659       3.51752663       3.52611319       3.52617009       3.54334672       3.54312007       3.52025350       3.50258668       3.50931994       3.50911681       3.49055990       3.48138014       3.49142996       3.49875673       3.52428341       3.52666664
       3.52627659       3.55991999       3.64386654       3.64859327       3.63053004       3.62316322       3.61305682       3.62373002       3.63160674       3.63764985       3.61319002       3.58780670       3.55412674       3.54439322       3.57590993       3.59355005       3.59926669       3.59460990       3.60491339       3.58165995
       3.57204660       3.59607665       3.58775330       3.54231326       3.57357343       3.61573346       3.67400328       3.66434002       3.67833010       3.57439677       3.57080332       3.59178988       3.61616007       3.55869993       3.57638677       3.75996685       3.85209338       3.66383330       3.61774349       3.58892345
       3.56179651       3.49749343       3.47645664       3.44919014       3.42917347       3.45790005       3.48746332       3.40937678       3.64687665       3.84846656       3.74234994       3.54650338       3.62576326       3.39940993       3.72321002       4.07549985       4.15677325       3.73452346       3.26032321       3.26266003
       3.22006003       3.19436328       3.23635324       3.24893347       3.24140994       3.23261007       3.22357655       3.22567654       3.20508671       3.20606677       3.20103010       3.21089681       3.19254017       3.22331651       3.22737344       3.23271656       3.19327005       3.22156334       3.29405657       3.28211339
       3.24864674       3.20245997       3.18365320       3.16729673       3.11150328       3.02222347       2.93812656       2.87249343       2.90787665       2.96293990       3.03087680
       3.17619673       3.16335011       3.16599655       3.18189653       3.19704660       3.19670010       3.17585341       3.14110343       3.09026655       3.03466988       3.02492015       3.03389009       2.98042011       2.95696322       3.02291679       2.89369329       2.87051328       3.01059341       3.19154008       3.38924662
       3.42407990       3.39636326       3.32584000       3.37603664       3.45783329       3.53013325       3.53069337       3.11929003       2.63216670       3.21845659       3.45359993       3.50168006       3.50758998       3.50386333       3.51451651       3.50686328       3.49853675       3.51257992       3.51711337       3.51443005
       3.53074010       3.54354668       3.54478010       3.53934320       3.53050009       3.52858003       3.52388986       3.53384336       3.54774984       3.53732332       3.52600320       3.50669320       3.50722345       3.49766318       3.48441346       3.48642667       3.51013343       3.51506011       3.49551010       3.49596341
       3.54430676       3.61883990       3.60498333       3.59485658       3.59693336       3.61340332       3.62091001       3.62085660       3.61552334       3.61845016       3.60249329       3.56709003       3.54403337       3.57497660       3.57888667       3.59550349       3.58809344       3.58471998       3.58345318       3.58178679
       3.58619658       3.59124343       3.51471011       3.55967999       3.58101336       3.58145682       3.59361998       3.65891329       3.61152013       3.61164665       3.64039326       3.62084675       3.58838336       3.57911682       3.58401680       3.63808664       3.77349345       3.68747997       3.58280341       3.66906325
       3.63138326       3.51389345       3.48438327       3.44508012       3.43139998       3.49322319       3.46586990       3.57227008       3.86216005       3.79798349       3.57415009       3.58925660       3.57805665       3.36925348       3.94592317       3.95390002       3.86539682       3.60875988       3.30145995       3.31573995
       3.28189341       3.23008664       3.21022320       3.16644669       3.15189997       3.14546998       3.15973345       3.13873005       3.11931674       3.12753328       3.17814986       3.20171007       3.20790990       3.20914014       3.20072683       3.21964327       3.26368014       3.23775673       3.23287678       3.19978333
       3.19779332       3.18030675       3.15156333       3.12508011       3.06990655       2.97100671       2.88728333       2.83137004       2.88584677       2.92149671       2.97614002
       3.17431005       3.17096678       3.18577989       3.20077324       3.21099345       3.20810000       3.19381015       3.16264661       3.12491671       3.07505989       3.03406652       3.02871672       3.04085986       3.04884656       2.91943995       2.79402987       2.85268656       2.91681671       3.02741655       3.23134009
       3.36012014       3.19017665       3.13758659       3.19182682       3.30938657       3.44610341       3.53490988       3.41116651       2.72288672       2.99242338       3.38719336       3.45888996       3.49002012       3.49975332       3.49934006       3.49833997       3.49114672       3.50369326       3.52136326       3.52127679
       3.51780669       3.53281339       3.53946336       3.53525988       3.52971013       3.52989324       3.53315004       3.53601996       3.55311012       3.54369672       3.51798662       3.50410652       3.50703653       3.49442005       3.49147002       3.50798988       3.52470016       3.50449340       3.48828665       3.54012330
       3.59111341       3.58736324       3.56593672       3.56683985       3.59097322       3.62340991       3.62618319       3.60476335       3.59749985       3.59325663       3.57361984       3.56203683       3.58392016       3.58970324       3.58071009       3.57169342       3.57801660       3.56762664       3.57101663       3.58206654
       3.58645662       3.50324663       3.53121662       3.58727678       3.66783333       3.58495013       3.58756669       3.57897663       3.64855321       3.63328012       3.64562670       3.60216999       3.60416667       3.65184339       3.56221676       3.62454319       3.64059671       3.61725680       3.60201677       3.66086674
       3.58672682       3.59110324       3.52178319       3.49111652       3.46807321       3.49960677       3.47824987       3.85906665       3.84023666       3.62005997       3.53920015       3.56328996       3.39750989       3.86343670       3.95974318       3.94696681       3.76091003       3.42389329       3.31988335       3.28649680
       3.31406339       3.29960346       3.29626656       3.24749343       3.15053336       3.14726671       3.05778662       3.05507342       3.05195999       3.03155009       3.05715338       3.15461318       3.18715986       3.18981012       3.26297665       3.22610346       3.18153985       3.21960322       3.18614992       3.12712002
       3.12663015       3.08395004       3.04314677       3.03516006       2.96544997       2.89264011       2.83554014       2.83096345       2.87180678       2.90726662       2.95794996
       3.18063990       3.17454656       3.18293317       3.19924672       3.20992343       3.21161334       3.19508012       3.17163340       3.15488656       3.12934017       3.09133657       3.06752650       3.05897999       3.07039007       3.09344006       3.09407679       2.90977319       2.79017321       2.83404986       2.95205339
       3.16195997       3.05481656       3.00618331       3.01699320       3.10746320       3.25077661       3.38858318       3.40851657       2.84148661       2.96847661       3.28752677       3.37366009       3.46413008       3.49081326       3.50294654       3.49400012       3.49656010       3.51118342       3.51764679       3.51028665
       3.53015995       3.53782336       3.52700996       3.52414004       3.51947339       3.52515666       3.53846010       3.54124006       3.54330349       3.53138669       3.51795006       3.51091989       3.51491006       3.50201670       3.51026344       3.53122679       3.53004678       3.51678340       3.56470013       3.57787991
       3.53999996       3.54990323       3.54329332       3.57437325       3.61028989       3.62990665       3.62009335       3.59759331       3.57888349       3.56144015       3.54681651       3.57818985       3.58888340       3.58622678       3.57353338       3.57113997       3.56196658       3.56973680       3.57942009       3.58183988
       3.49597327       3.51510334       3.56704998       3.57649676       3.60664336       3.59033330       3.55584335       3.53816001       3.55952009       3.63373343       3.60411326       3.58260663       3.61490663       3.60289319       3.54711660       3.59351667       3.58963680       3.57493337       3.60641321       3.65925344
       3.56088003       3.60740344       3.63651657       3.55757999       3.49803988       3.43043327       3.79243342       3.87953663       3.71790663       3.44979986       3.38867664       3.46660010       3.39272340       4.01740328       3.91975339       3.95570660       3.64340337       3.31409677       3.28752327       3.27722327
       3.29065005       3.29460653       3.29336675       3.27549013       3.26393986       3.23268318       3.23064009       3.23488331       3.23058001       3.15799014       3.08129660       3.11898327       3.24661318       3.21887334       3.20199331       3.19719346       3.13734341       3.08664004       3.01333682       3.07995669
       3.03193347       2.96572653       2.92341010       2.88735994       2.85228666       2.83865007       2.81784344       2.82289346       2.86114343       2.92263985       3.00085672
       3.19314321       3.19077015       3.19491673       3.20600319       3.21264680       3.21058337       3.19529343       3.17093658       3.15595341       3.14330324       3.12537670       3.10356998       3.06585662       3.06712659       3.07129669       3.13203653       3.23550002       3.16250674       2.93104680       2.79602337
       2.94199340       2.93967342       2.91726653       2.94879341       2.94480673       2.99758657       3.22476991       3.35526657       2.78839016       2.97688675       3.17088000       3.28837681       3.41271655       3.47316329       3.49770323       3.48077011       3.48994319       3.51702658       3.51729997       3.52339681
       3.53337002       3.50573985       3.50033347       3.52050654       3.50378323       3.51202011       3.53525670       3.51952012       3.51699320       3.51456992       3.51839670       3.51169999       3.51636346       3.53129673       3.54625988       3.54397329       3.54069996       3.59453678       3.58826987       3.52493668
       3.49555333       3.50504653       3.52615674       3.56975015       3.59322007       3.62491989       3.60502338       3.58467674       3.56214333       3.54828326       3.56857681       3.56724008       3.56560326       3.56898340       3.55881659       3.55978998       3.57844003       3.59032663       3.59869671       3.51123683
       3.49678008       3.55407333       3.58692678       3.59202321       3.60579014       3.61676661       3.54146671       3.51692009       3.52364985       3.54328346       3.61082013       3.59232012       3.63386345       3.63105679       3.55209319       3.64510345       3.60982005       3.57732995       3.62974326       3.60348670
       3.57091014       3.59197330       3.52926000       3.52557341       3.45579338       3.64704005       3.91206328       3.79132652       3.47566986       3.34465345       3.36395009       3.49389998       3.56087335       3.84754658       3.93992329       3.84531657       3.49407991       3.32560984       3.29654662       3.29478677
       3.27524344       3.28931332       3.29157988       3.31550344       3.28450998       3.26052666       3.26376661       3.27514013       3.23012670       3.19453335       3.24196657       3.18301328       3.04116344       3.09223334       3.10903676       3.10238679       3.08805656       3.03337002       3.00212002       3.03763676
       2.95793660       2.90525659       2.85273012       2.85540676       2.87180678       2.87186337       2.91915989       3.02551333       3.21414344       3.40060012       3.54357656
       3.19589011       3.18767325       3.18898010       3.20555337       3.21608321       3.21213659       3.19884682       3.17967002       3.15307681       3.13949998       3.11950652       3.08958340       3.04308001       3.05786324       3.11535994       3.20612335       3.29941654       3.30878003       3.30781651       3.16538334
       2.91837660       2.91151015       2.93036683       2.93485324       2.85014661       2.83380000       3.01290671       3.27321657       2.63925664       3.03881995       3.21123346       3.28148015       3.36894321       3.43253326       3.44592317       3.45777003       3.48125680       3.50752322       3.50620651       3.49855995
       3.48289998       3.50312996       3.52255344       3.53763008       3.51675320       3.51513004       3.51889324       3.51630338       3.51393668       3.51296997       3.50240008       3.50478013       3.52756659       3.53795656       3.53719012       3.54453659       3.61050320       3.57538986       3.53899320       3.50816663
       3.50410334       3.50474326       3.53425662       3.55965678       3.58754667       3.59150664       3.57727337       3.57656320       3.55139001       3.55817000       3.55626678       3.54202016       3.55464331       3.55709012       3.54200999       3.55508995       3.57616329       3.61588669       3.51414680       3.47758993
       3.54528332       3.57052326       3.59117667       3.58270995       3.61514346       3.60711670       3.60656325       3.53916327       3.53344663       3.49183655       3.51026344       3.59690666       3.60800997       3.66469320       3.67652671       3.63714663       3.61572997       3.62319342       3.69559987       3.64525350
       3.58013344       3.56773345       3.54547660       3.58248329       3.48652013       3.89606667       3.87530994       3.66849677       3.36767673       3.40285333       3.39377658       3.49186993       3.54395008       3.85566680       3.93891335       3.72628339       3.41181342       3.33112653       3.27649657       3.25275008
       3.25389322       3.25051339       3.27155654       3.32928340       3.27230008       3.24556669       3.20876662       3.22417990       3.26992989       3.17360655       3.00254345       2.96049341       3.00327015       3.01718680       3.07042662       3.10009003       3.06709003       3.01651986       3.08170001       3.06456343
       3.01654339       3.01076667       3.05651347       3.15634664       3.30882009       3.44094340       3.57917341       3.52420330       3.31128343       3.08432992       2.89434656
       3.19934654       3.19021988       3.20206674       3.20875009       3.21068668       3.20176665       3.18446986       3.16782665       3.15369670       3.14178340       3.10813681       3.05308342       3.02571996       3.09546343       3.19692326       3.34712346       3.34716320       3.35176341       3.36614990       3.37327321
       3.36156336       3.35713991       3.39155006       3.32205009       3.15708319       3.04375998       2.97590001       3.24358336       2.67201996       3.13014984       3.23073991       3.28870996       3.34615676       3.42039331       3.44752661       3.44672012       3.46561337       3.47496001       3.47329680       3.48324680
       3.49398009       3.51352660       3.53518995       3.56759675       3.52696673       3.50771681       3.50192324       3.50367006       3.49744002       3.48617331       3.49032656       3.51929665       3.53282324       3.53667990       3.55130323       3.60621675       3.56879997       3.56061331       3.53652668       3.52479013
       3.52582328       3.52973652       3.54793994       3.56362661       3.57664013       3.58854993       3.60044988       3.58382320       3.57614009       3.54320653       3.54307016       3.53874334       3.53986994       3.54050986       3.55782668       3.55738990       3.59145673       3.52984333       3.45128345       3.56313992
       3.55589676       3.57031663       3.56723340       3.58498669       3.60722987       3.60884349       3.55865669       3.63357671       3.60585340       3.52540334       3.48738670       3.53995991       3.58732669       3.57019329       3.61650658       3.61642329       3.56401348       3.74316661       3.72322337       3.60387007
       3.60217317       3.69119008       3.86476676       3.52826659       3.84373347       3.93584665       3.80837345       3.48079014       3.39434656       3.39558665       3.41818333       3.45840677       3.55717659       3.75623322       3.88505999       3.54041004       3.32479318       3.30162652       3.28337669       3.23980331
       3.24084345       3.26229986       3.25970014       3.25847658       3.24594339       3.24222660       3.28646342       3.19255988       3.02011331       2.90916348       2.91055997       2.95066992       2.95391655       3.00279331       2.98555660       3.02352333       3.10144679       3.18795331       3.40574328       3.55007998
       3.59757010       3.58003330       3.61036015       3.57323996       3.46895663       3.26658344       2.88651339       2.56338994       2.31919003       2.22129663       2.15081994
       3.22225348       3.20604992       3.21593348       3.22501659       3.22383340       3.21034336       3.18993664       3.16660341       3.15272681       3.13472652       3.09707006       3.03988997       3.04937681       3.14403661       3.23398336       3.46919664       3.39071655       3.38328679       3.38878345       3.39013672
       3.44778665       3.41337999       3.40576013       3.40481663       3.42674001       3.33536339       3.20976988       3.29923344       2.75549348       3.06409677       3.21428998       3.26504993       3.34539318       3.43378003       3.46668339       3.45575015       3.44862016       3.43269666       3.43478012       3.47769992
       3.50061321       3.57745997       3.60037009       3.61612670       3.52295335       3.48149014       3.48089345       3.47542349       3.47541332       3.47423013       3.50118319       3.50126680       3.52012984       3.55725988       3.58765316       3.55687014       3.54115995       3.55516656       3.53877004       3.52982680
       3.53102652       3.55152988       3.55994002       3.55498346       3.56325658       3.57869339       3.59982332       3.60151323       3.57436339       3.54003652       3.53885333       3.54126008       3.53404681       3.53548654       3.55481656       3.56711006       3.54113674       3.43313344       3.51144663       3.56737010
       3.60004330       3.51410675       3.54525661       3.59997336       3.58119996       3.59810988       3.72885323       3.68769328       3.65323671       3.51430670       3.74763012       3.70272001       3.50143337       3.57466666       3.56956323       3.57678668       3.55823326       3.58756320       3.59803994       3.71226343
       3.94885000       3.97912343       3.57190673       3.88905652       3.96415329       3.89352322       3.70315997       3.39997991       3.37983322       3.37220001       3.43027337       3.43538666       3.68529669       3.82507324       3.76082007       3.34994666       3.23360984       3.26710320       3.24407323       3.22860654
       3.28327338       3.23088996       3.25050672       3.28816986       3.29474322       3.17697334       2.99735991       2.90141010       2.87655004       2.88121319       2.93204657       2.95832666       2.95015335       2.97574329       3.02805010       3.30873998       3.66878001       3.67888991       3.38725662       3.21670341
       3.15358671       2.96798674       2.89652348       2.79956341       2.69082991       2.52898328       2.33538993       2.11419996       2.23432668       2.36611001       2.42812332
       3.22137674       3.21888987       3.22362995       3.23353990       3.23740991       3.23027325       3.20866998       3.18417994       3.16512680       3.15456994       3.13105996       3.08064016       3.06617006       3.14555327       3.27191989       3.47121334       3.42294343       3.41531340       3.41779327       3.43955326
       3.38975652       3.47897657       3.41857656       3.42394002       3.43332672       3.36958663       3.30553341       3.31081676       3.05354659       2.70271015       3.18035984       3.25756327       3.34864330       3.44386991       3.45167319       3.44633993       3.46218999       3.44199340       3.43244998       3.48297342
       3.58227666       3.58425999       3.55447674       3.54646651       3.51540661       3.47624334       3.46815999       3.45932325       3.47612349       3.50222333       3.50041326       3.50613340       3.53472010       3.53250662       3.53942680       3.53883998       3.51812331       3.54102675       3.56184991       3.55459340
       3.55125332       3.56031990       3.57087676       3.56455994       3.53711319       3.55345345       3.58183988       3.58292325       3.57410336       3.54019006       3.54078674       3.53272343       3.53146013       3.52903334       3.53776995       3.52595679       3.42047342       3.51781336       3.56028652       3.55703990
       3.55419985       3.53540993       3.55833340       3.65263335       3.56324005       3.74201012       3.74951331       3.80417347       3.66477998       3.75614993       3.70207659       3.48313681       3.45063655       3.48274994       3.58830007       3.59474341       3.58191331       3.66364320       3.80269337       3.99595006
       3.93596013       3.49460347       3.82390340       3.93545659       3.94809659       3.90825653       3.51751328       3.41709995       3.40318330       3.39137681       3.45503330       3.31396675       3.72170671       3.85989666       3.63829676       3.24894015       3.26529344       3.28107993       3.24289004       3.25441011
       3.24980990       3.25755660       3.30470657       3.15994676       3.01396338       2.91356341       2.88887660       2.89193344       2.91856670       2.96424675       3.01000341       3.00914987       3.00986004       3.24073346       3.69364007       3.76084010       3.33372657       2.77617009       2.41870340       2.10806338
       2.08658330       2.18984667       2.24150006       2.19029331       2.10618003       2.10975663       2.22575331       2.48081001       2.57300663       2.70209344       2.91031996
       3.21651014       3.20948664       3.22296015       3.23586655       3.23266347       3.22761345       3.21268336       3.18008327       3.16118654       3.16556994       3.15623665       3.11553319       3.07352670       3.13924662       3.29102325       3.42206669       3.46843656       3.48152987       3.47078991       3.49291674
       3.47497654       3.48110994       3.45180321       3.47010676       3.46326319       3.40154330       3.42193667       3.41759332       3.38725344       2.89607652       2.82428996       3.14275328       3.29592991       3.40277322       3.40565999       3.40695318       3.43341001       3.43765004       3.45090008       3.52335993
       3.52995332       3.52041340       3.58702660       3.59695339       3.60190996       3.50017675       3.47283649       3.46883996       3.51670678       3.50948652       3.49475670       3.53943666       3.52431997       3.46741994       3.47885005       3.49450652       3.51096662       3.52471002       3.55398337       3.56625017
       3.57282988       3.56542683       3.56578986       3.54647986       3.54420662       3.56033675       3.56834666       3.56744321       3.57594681       3.55036990       3.53953012       3.52060668       3.51433659       3.52995014       3.51904678       3.41078663       3.45143668       3.54052671       3.57511012       3.55564658
       3.54938666       3.57172998       3.58521334       3.60755348       3.58856678       3.68461990       3.93681653       3.86449337       3.68867652       3.57809989       3.49775664       3.50848675       3.44154326       3.45357005       3.50737317       3.63427003       3.63855330       3.59844653       3.57818000       3.61844667
       3.56343333       3.81188011       3.91665999       3.97367668       3.91823991       3.85377661       3.46107006       3.43822320       3.42720000       3.42597326       3.48581664       3.35904344       3.75839678       3.77615325       3.40353680       3.23291651       3.27578004       3.29455662       3.27062003       3.28571669
       3.31417338       3.18364652       3.04800669       2.95166334       2.97065671       2.95068010       2.95515347       2.97294998       2.98954010       3.01928997       3.04908657       3.17750327       3.57652346       3.78917344       3.44776344       2.88416990       2.50695006       2.26597007       2.32800674       2.27626673
       2.45433998       2.46973006       2.42304007       2.49784327       2.59098005       2.73871676       3.00056998       3.27086671       3.49719652       3.63643328       3.64207331
       3.22511991       3.22703330       3.23410002       3.23119990       3.22604656       3.21330992       3.19694328       3.17112986       3.15946325       3.15490659       3.14140002       3.12458007       3.08876006       3.13317998       3.28449663       3.38615322       3.46233654       3.46046321       3.46296342       3.50724665
       3.52556992       3.48215675       3.47369671       3.48233986       3.47914664       3.49014664       3.50631650       3.48546664       3.48468335       3.42254003       2.93417994       2.65252336       3.00052675       3.27715015       3.36249987       3.38123004       3.40513992       3.46889655       3.44049327       3.39769681
       3.40403652       3.52408346       3.42477322       3.46402677       3.58132013       3.57309341       3.47633680       3.48237673       3.49744320       3.48769665       3.50752672       3.51807340       3.48863347       3.46317991       3.45040321       3.47414335       3.51137002       3.53576342       3.54413319       3.55974007
       3.56196658       3.56243674       3.53981336       3.56497320       3.58078003       3.57655017       3.56753985       3.56971677       3.58386993       3.55469990       3.54452991       3.52175999       3.50864347       3.50320657       3.40379651       3.42272345       3.50887680       3.52899679       3.55799993       3.58532333
       3.58348656       3.57714335       3.60762342       3.63807011       3.60970338       3.59628010       3.59282653       3.86271318       3.54318015       3.46665668       3.47929986       3.47948996       3.43099658       3.43951321       3.45202986       3.58690325       3.69910653       3.72200012       3.78602664       3.82874680
       3.87229665       3.96117655       3.98607667       4.01766014       3.94742012       3.80996323       3.53556665       3.41814677       3.44518344       3.44423676       3.52488677       3.41168658       3.76915677       3.67221006       3.23491987       3.24526342       3.29195340       3.31293329       3.33764331       3.22251987
       3.06516997       3.00378672       3.00070985       2.99755669       3.04451656       3.07516988       3.07531675       3.04866346       3.05995655       3.11927668       3.42418003       3.74537659       3.54706669       2.99599997       2.59985336       2.24387662       2.27345673       2.63910659       2.82931678       3.05430984
       3.19580650       3.23515002       3.34307671       3.47189331       3.56534004       3.59566339       3.56654008       3.44718011       3.29218006       3.14256318       3.04620330
       3.22619661       3.23922348       3.23640664       3.23272006       3.23485343       3.21696663       3.18845654       3.18433317       3.17787679       3.17098999       3.15821330       3.12655671       3.08894666       3.11489995       3.24648984       3.40162659       3.45197010       3.44108677       3.46264331       3.49331665
       3.52444013       3.52456347       3.51199341       3.49854342       3.48797671       3.49490992       3.49414984       3.49093660       3.48830350       3.47872321       3.46212324       3.22358672       2.74473000       2.68067678       2.99750010       3.19351673       3.31057676       3.34682655       3.25845337       3.32085323
       3.43812656       3.22068342       2.99958007       2.94690323       3.36242676       3.61084334       3.51049328       3.47144318       3.47419675       3.53308678       3.50402323       3.47074668       3.45357672       3.47010326       3.47127660       3.46448008       3.49759007       3.53007317       3.52671337       3.52569993
       3.51736673       3.52057997       3.55994987       3.59340000       3.60378329       3.58617655       3.56610680       3.57625993       3.59073003       3.55949338       3.54047680       3.52652995       3.53015327       3.40642675       3.39202340       3.46125666       3.50030994       3.52608681       3.54216003       3.60068321
       3.59683323       3.59268347       3.61318016       3.61229324       3.52498658       3.56064669       3.56200345       3.51646996       3.44290320       3.44359334       3.47056007       3.43553321       3.43992678       3.47666995       3.47047011       3.49839338       3.68175666       3.81405322       3.85094007       3.92503325
       3.99991671       4.04828326       4.05500984       4.01907667       3.98830986       3.92917665       3.50638994       3.39131323       3.43006325       3.44810327       3.46288999       3.55221653       3.78885682       3.42345015       3.26858330       3.36173662       3.37613328       3.19331010       3.10993322       3.06090991
       3.02325344       2.95997683       2.98712667       3.03341325       3.08548991       3.13547325       3.18510342       3.13142014       3.27421347       3.66205343       3.63352680       3.12282340       2.64028994       2.30124664       2.28613663       2.49750328       2.83105659       3.17210992       3.34285673       3.35630004
       3.29963334       3.23405329       3.39336999       3.29653009       3.17896652       3.07656002       3.02461656       2.95674674       2.90318998       2.87970320       2.85655657
       3.22526995       3.23212655       3.23029677       3.23275661       3.22455343       3.20846653       3.19912656       3.19728661       3.18646336       3.17171987       3.17067655       3.14173667       3.10617987       3.10897001       3.20718988       3.37643655       3.43693670       3.43249003       3.46396319       3.50279999
       3.50775337       3.49842326       3.49224663       3.49540997       3.47159322       3.48751005       3.49711323       3.49160004       3.48797671       3.48178991       3.49444675       3.49179014       3.40966988       3.17936325       2.79898993       2.61168671       2.64844672       2.92050680       3.10238330       3.14127668
       3.18813992       3.15948995       3.09313329       2.97233009       3.04266993       3.35574341       3.55095990       3.51854006       3.51850986       3.50492001       3.48311679       3.42207654       3.42156665       3.44787661       3.46975327       3.47498671       3.46751658       3.46912988       3.48815346       3.48680337
       3.49579652       3.52433681       3.55931664       3.59546661       3.60238330       3.59486326       3.58768336       3.57807000       3.59320323       3.55080001       3.53493659       3.53984674       3.44400660       3.37017663       3.46686681       3.49445343       3.49863338       3.52676996       3.55234337       3.55793349
       3.59079679       3.60582320       3.62965329       3.51537673       3.48522345       3.44850000       3.51002661       3.52255662       3.47842344       3.50735664       3.46720346       3.43913333       3.45503998       3.46520678       3.47577318       3.49270662       3.52563000       3.80165005       3.94499334       3.98249340
       4.06812318       4.13300323       4.14782333       4.10300668       4.01174990       3.99328009       3.68410683       3.44320329       3.43438657       3.57207330       3.43028990       3.71192328       3.76952330       3.51996676       3.50034682       3.33231004       3.17370669       3.15473652       3.10376326       3.04402987
       3.02272987       2.98000336       3.01896667       3.10411676       3.12521331       3.14996338       3.23373667       3.55811342       3.70624320       3.27781677       2.76554998       2.48053662       2.24040667       2.50730340       2.78576660       3.09045664       3.30948321       3.24236012       3.17338339       3.15780989
       3.07319005       3.02009328       2.99310335       2.97487990       2.99847349       2.97264989       2.93647989       2.89636993       2.86388016       2.84227339       2.83104674
       3.22221661       3.24071662       3.24307982       3.23879655       3.23007329       3.21181997       3.20396328       3.20971998       3.19669660       3.18067010       3.17450333       3.13973681       3.11674341       3.09449323       3.16515319       3.31567001       3.42311986       3.46040344       3.45484320       3.47265339
       3.48453999       3.48891989       3.50092665       3.51035341       3.49255657       3.49674320       3.50478331       3.49737008       3.49123319       3.48540656       3.48453681       3.47968006       3.49019655       3.50476011       3.44231987       3.33142662       3.10778014       2.75754992       2.57475328       2.65486336
       2.89035988       3.12182999       3.24053987       3.31642660       3.24862671       3.10979335       3.48245335       3.54944324       3.50185680       3.44995340       3.41959985       3.39622657       3.39900653       3.44230652       3.47841009       3.48477332       3.46538671       3.45163345       3.44827334       3.47323004
       3.50957998       3.51143996       3.53365326       3.55893675       3.56830661       3.59979343       3.60594654       3.58015664       3.58887990       3.53952344       3.51873334       3.47778320       3.36382325       3.47510338       3.48080985       3.47207324       3.50750001       3.53451347       3.55848344       3.56000010
       3.56942336       3.60374006       3.49442991       3.49408340       3.50483990       3.47214317       3.45699342       3.47417005       3.51917680       3.56121349       3.49145349       3.48403676       3.47136656       3.46144327       3.47130998       3.47471650       3.50034650       3.61360010       3.90423997       3.98987993
       4.09455999       4.25581996       4.30594667       4.16035652       4.04722659       3.96043682       3.93115012       3.89588006       3.83309682       3.78747654       3.75222683       3.86253325       3.80652014       3.55088011       3.39871661       3.18890985       3.17350992       3.17221324       3.07531675       3.22324657
       3.11848672       3.05455017       3.09353320       3.12726339       3.17364343       3.44513003       3.74437682       3.49643008       2.90393321       2.55527004       2.30321995       2.39500666       2.73121993       3.02094014       3.33382988       3.30692005       3.18461672       3.09611320       3.03357347       3.03214327
       3.02530988       2.95651658       2.93105348       2.93621667       2.93502680       2.92466990       2.88788668       2.86846320       2.85327657       2.84226322       2.84051991
       3.20692984       3.23240344       3.24265321       3.23933665       3.23283990       3.21716658       3.20660337       3.20698675       3.19559002       3.18677012       3.18196011       3.14787006       3.13656998       3.10613346       3.12939676       3.25851663       3.38831679       3.49127992       3.46553008       3.47808997
       3.47678343       3.50010681       3.51178678       3.52131653       3.52119001       3.53359667       3.53694661       3.53571987       3.53722668       3.53562323       3.54362329       3.54366334       3.55165005       3.51380666       3.47544988       3.45874659       3.42238013       3.39161015       3.27014319       3.03903993
       2.77707005       2.60762008       2.61209663       2.81259346       3.03909334       3.12893995       3.16806348       3.29390335       3.50505002       3.48687998       3.43433666       3.40360991       3.44734319       3.48956680       3.46588326       3.46689987       3.45663007       3.45425669       3.45589320       3.46910000
       3.49146652       3.50165335       3.52433681       3.52989324       3.54691346       3.58359337       3.57730007       3.57192993       3.57217662       3.53470675       3.56182988       3.49276670       3.37294992       3.52977657       3.55004342       3.49419657       3.53155677       3.53750674       3.52843666       3.56267007
       3.63932323       3.70660337       3.59155655       3.47861322       3.47375679       3.45115662       3.45412668       3.45196342       3.49100335       3.53445339       3.51839320       3.51177661       3.47694333       3.46595001       3.45949682       3.46443335       3.48119322       3.46773656       3.76211993       3.97503344
       4.07010015       4.25299009       4.34161663       4.11297671       4.03282007       3.98596668       3.97797998       3.94767984       3.92049344       3.88229656       3.87683678       3.85179996       3.60802650       3.36984666       3.20974668       3.10982990       3.12650998       3.15723006       3.18362681       3.28145663
       3.13935661       3.13496653       3.25000985       3.48055013       3.77992662       3.68804010       3.11089993       2.60951328       2.32956998       2.33604670       2.66676998       3.08923340       3.24204318       3.27184327       3.23016675       3.15891012       3.05935001       3.04828676       3.01033656       3.00839678
       2.99476337       2.97240988       2.92398675       2.91300329       2.89164003       2.89993000       2.88512675       2.86905988       2.86356990       2.85396989       2.83749008
       3.21004995       3.23511346       3.23998992       3.23482672       3.21951326       3.21175003       3.20210679       3.20646667       3.19416682       3.17388344       3.15432676       3.13140329       3.11792342       3.10416985       3.11379337       3.22655678       3.36593660       3.48201338       3.48335997       3.49988333
       3.49954669       3.51771005       3.54198011       3.56657664       3.56311321       3.57569345       3.58996677       3.59482002       3.59027672       3.57955011       3.59310659       3.59285005       3.61883990       3.55517324       3.50963656       3.48293336       3.42825349       3.41088994       3.35804653       3.34789340
       3.34246349       3.31814003       3.22189331       2.95092678       2.61344004       2.50508992       2.62878338       2.89997005       3.14918995       3.32303333       3.40231991       3.38818677       3.39238675       3.47255993       3.45947011       3.43718338       3.44566663       3.45985985       3.49443340       3.47160339
       3.46130657       3.50180340       3.50206343       3.51782004       3.54955006       3.54657014       3.53842990       3.54305998       3.58533669       3.60531998       3.58450349       3.56650003       3.39945666       3.46927007       3.51185989       3.53087012       3.57984670       3.54130681       3.54467328       3.56258011
       3.60629654       3.64859994       3.73043664       3.58212662       3.49165344       3.45155334       3.45825990       3.43135007       3.44701989       3.48954328       3.51682345       3.50536664       3.50520992       3.48146343       3.46628348       3.45946344       3.44764678       3.45895672       3.54912345       3.93310674
       4.00896994       4.06305345       4.08139006       4.04625003       3.97541682       3.93477345       3.89992650       3.87051010       3.82577674       3.72027683       3.79165999       3.66735013       3.33570004       3.29224332       3.21308327       3.12462330       3.12635326       3.19108009       3.28655338       3.46411673
       3.65872320       3.80374336       3.84967009       3.66506672       3.17868996       2.72980658       2.42150338       2.29372994       2.57201004       2.87228330       3.17746989       3.26054001       3.16544660       3.12972005       3.11599318       3.10564327       3.05198669       3.03176657       3.02525330       3.02098338
       3.01546001       3.00406329       2.94215012       2.92302004       2.90071328       2.90300337       2.89822674       2.87735653       2.87891674       2.86194324       2.84496339
       3.21724319       3.24480343       3.25262324       3.24494012       3.22699006       3.21236324       3.20027002       3.20824655       3.19012992       3.15032673       3.10601330       3.07809989       3.07188988       3.07561334       3.10200342       3.19325987       3.35927995       3.46829001       3.48196348       3.50746663
       3.54129346       3.56640339       3.57211336       3.60278988       3.63731321       3.62622007       3.61789004       3.61960983       3.61239656       3.58970992       3.61137009       3.62143675       3.64970684       3.59173997       3.55816015       3.49919319       3.46840000       3.46956348       3.44397322       3.34733995
       3.33227666       3.39400673       3.38984998       3.41344325       3.38246663       3.27302996       2.95539347       2.61943674       2.69067987       2.81088988       3.06955338       3.15920989       3.23246002       3.42816989       3.47705015       3.45883656       3.45443662       3.48491669       3.49486669       3.44642003
       3.45433998       3.49015331       3.49632327       3.51788680       3.52960682       3.52246348       3.53267320       3.57570012       3.58524672       3.57089329       3.55605666       3.54225667       3.49226665       3.40832329       3.52114995       3.57942009       3.58015347       3.61194007       3.59545994       3.54364014
       3.60750675       3.65933323       3.65283012       3.62591680       3.53351657       3.48523998       3.45035998       3.43394343       3.42526658       3.43850994       3.48555660       3.51806990       3.54981677       3.51749007       3.48985672       3.48079999       3.44762325       3.44839001       3.47335656       3.77342002
       3.93862343       3.97227319       3.98352337       3.95213668       3.91679001       3.81300322       3.71993319       3.67354012       3.55201658       3.44033655       3.73144341       3.35906665       3.26616987       3.26309999       3.31641324       3.48141670       3.65922006       3.75726000       3.77585665       3.61965338
       3.38053989       3.08881664       2.87599341       2.71199322       2.51008670       2.26604335       2.48245668       2.77281316       3.07523664       3.19004345       3.16029994       3.13543987       3.09986655       3.08131345       3.07312679       3.08072344       3.06109015       3.02813339       3.03730329       3.03066985
       3.04173342       3.01009337       2.98637994       2.94248994       2.92173672       2.91021665       2.89847660       2.87568665       2.87647661       2.86216323       2.85241350
       3.23482323       3.25440661       3.25863330       3.24870332       3.23119005       3.22191334       3.21368663       3.20871003       3.18107001       3.13354651       3.07467333       3.04944674       3.03906663       3.04491329       3.07888349       3.16500346       3.31701660       3.39684327       3.47496668       3.50072320
       3.54412333       3.56766987       3.60016346       3.61719322       3.63639990       3.64336014       3.61939335       3.61983013       3.60903327       3.60683346       3.63895671       3.66642316       3.64365991       3.61178652       3.58971341       3.51963329       3.48241011       3.48716005       3.48374335       3.42175007
       3.42440319       3.42771657       3.41839663       3.43033346       3.44335651       3.46527990       3.45181338       3.42780654       3.20198345       2.75434335       2.60902993       2.77293682       3.11664327       3.28760656       3.51821327       3.49517663       3.47342650       3.47016652       3.46857993       3.44843006
       3.44326655       3.48793983       3.51670996       3.50617663       3.49741014       3.50988324       3.56449000       3.55421988       3.57313347       3.56116676       3.54590988       3.53605334       3.52519671       3.45180321       3.50303682       3.58064016       3.60448678       3.58675321       3.54539998       3.53079669
       3.50791009       3.61536344       3.70368989       3.65972678       3.60698986       3.52853012       3.42932987       3.42095343       3.43575001       3.43699328       3.47514661       3.49210008       3.55921650       3.55198002       3.55220318       3.50785669       3.47812653       3.46319326       3.45532672       3.56842009
       4.01156998       3.89274661       3.93894990       3.89579010       3.81121000       3.70498339       3.61856016       3.57076995       3.47961330       3.46963660       3.68231010       3.35998344       3.63323657       3.82434336       3.79380322       3.58692328       3.33304660       3.07404995       2.84199651       2.72273318
       2.56350994       2.43275992       2.36139663       2.30105670       2.43151999       2.76919015       2.99827321       3.17019653       3.13698673       3.09605662       3.10538006       3.12386672       3.11238988       3.09866015       3.08163325       3.06155682       3.04233011       3.00922998       3.02454344       3.02484989
       3.00392660       3.00409985       2.98559666       2.94597658       2.93409665       2.91679986       2.90427653       2.87422657       2.85353343       2.83815988       2.83936659
       3.18238322       3.22803656       3.21868674       3.22962348       3.24294662       3.24558004       3.23147011       3.22397010       3.20619011       3.18111992       3.12305005       3.07116350       3.06202984       3.06400998       3.07564990       3.12943331       3.24514993       3.34537665       3.46432654       3.48318672
       3.50927989       3.52801673       3.55795002       3.59390322       3.62148317       3.64262994       3.63438002       3.62999662       3.62038676       3.62211672       3.63121986       3.66918659       3.64406999       3.62921015       3.58701007       3.55198320       3.49972343       3.49193319       3.48307323       3.46142991
       3.46266333       3.43256346       3.43362681       3.42288653       3.43083986       3.49288654       3.47352346       3.49601332       3.48011653       3.43247986       3.17153009       2.83317343       2.55908664       2.85491339       3.31167348       3.49612013       3.49795341       3.45071665       3.44449329       3.45311991
       3.44845009       3.47682317       3.48060004       3.50443999       3.50999673       3.54439004       3.54074001       3.55478668       3.58175659       3.56221676       3.56891346       3.55254332       3.53176339       3.49329344       3.47823652       3.57955996       3.58446662       3.52488009       3.52128347       3.51653322
       3.52689679       3.54509004       3.60038344       3.62478002       3.61193657       3.60015011       3.63582675       3.43657653       3.42553329       3.45269680       3.46561337       3.47829660       3.50608985       3.55456320       3.54441675       3.49399662       3.47375997       3.44760672       3.45994663       3.47935327
       3.94800663       3.86504014       3.88379320       3.83561325       3.75211334       3.65384007       3.58699322       3.57984320       3.57549985       3.69145012       3.69733651       3.83211994       3.62058671       3.21708012       2.89321677       2.69749006       2.52152332       2.45458666       2.36346992       2.30235004
       2.45160007       2.58302339       2.79113324       2.90531000       3.06651338       3.19981670       3.14823341       3.10728677       3.11662324       3.12264665       3.09676329       3.11444346       3.11085987       3.09058348       3.06960996       3.05174669       3.03278987       3.00486342       3.00612990       3.01054668
       2.99840323       2.98561986       2.97260348       2.95055676       2.92159335       2.89947987       2.87860012       2.84788322       2.81841660       2.81531334       2.81443342
       3.13438320       3.16130002       3.19421673       3.21407668       3.21236674       3.19447009       3.17935340       3.16913319       3.18454679       3.21237659       3.23044332       3.20626322       3.19632657       3.18171342       3.12667656       3.11345005       3.17927996       3.27853012       3.46183999       3.45502345
       3.50122325       3.52622318       3.54664675       3.56736660       3.59263674       3.62777328       3.65498320       3.63888327       3.61885325       3.62626330       3.63147004       3.67495346       3.64121342       3.64470990       3.58716011       3.56654008       3.54172675       3.52901332       3.53192012       3.53208319
       3.50563335       3.45528666       3.47586664       3.46054014       3.42210992       3.46756649       3.45541000       3.46966330       3.49327660       3.45920340       3.43467013       3.40298335       3.11452675       2.59444332       2.60011339       3.11026319       3.36470000       3.50977675       3.46881994       3.47422663
       3.45232995       3.46442000       3.50037320       3.51223660       3.51652654       3.52286339       3.52814674       3.55259991       3.55797990       3.54875342       3.56051318       3.56613318       3.54501343       3.51072661       3.51550992       3.58703327       3.52018992       3.47617340       3.52067661       3.54018339
       3.53810660       3.54559676       3.52657986       3.57258002       3.65336005       3.64906343       3.68804995       3.60097663       3.44812012       3.45889346       3.50187651       3.53592014       3.51259009       3.50353336       3.51766332       3.49658330       3.47111320       3.44951344       3.47047011       3.52007008
       3.78618336       3.85274665       3.83374659       3.79167016       3.74346670       3.67774010       3.62326336       3.62567679       3.59447002       3.69028664       3.44521332       3.07865334       2.62369665       2.35320997       2.32874997       2.39405330       2.54479663       2.57893006       2.73396015       2.95424016
       3.13409996       3.21802012       3.27799670       3.24522336       3.16551336       3.10078653       3.08085346       3.10459328       3.11450322       3.12480990       3.11905670       3.09716002       3.07682991       3.06608327       3.05170663       3.03303655       3.01283010       3.00407664       2.98359013       2.97611014
       2.96390343       2.94564342       2.94447676       2.93256664       2.89342658       2.87085660       2.86294333       2.84385014       2.83837668       2.85446994       2.84222349
       3.16622988       3.15160338       3.15868664       3.16246668       3.15461000       3.13907337       3.14715989       3.13436000       3.13838323       3.16298008       3.19200675       3.22349993       3.19815000       3.17384656       3.14992682       3.11222013       3.16290347       3.28721333       3.43658002       3.43695005
       3.49358336       3.51841990       3.55084991       3.57601325       3.57249673       3.60090319       3.63600000       3.62434673       3.61859989       3.62301668       3.64162000       3.67444324       3.64439678       3.63102659       3.57505671       3.56969674       3.53974342       3.55396334       3.54574331       3.57385000
       3.53525321       3.47181988       3.48043664       3.47027683       3.44599660       3.46383667       3.42800999       3.42553997       3.44268672       3.44128990       3.42593670       3.40412013       3.42101987       3.37804667       2.93665346       2.61083666       2.85273012       3.20661990       3.51454004       3.52535343
       3.50436656       3.51474317       3.49566650       3.47606659       3.49597009       3.50562986       3.51906013       3.52212016       3.53175322       3.54311339       3.53954665       3.53587341       3.53857327       3.51136335       3.49745655       3.50588989       3.46055667       3.46608988       3.45763016       3.50915337
       3.53195667       3.58785661       3.58342012       3.52009996       3.60955334       3.63785998       3.65625985       3.52145672       3.49859683       3.44456673       3.48257001       3.52287674       3.51961009       3.50485992       3.49242655       3.50304000       3.48291016       3.47686990       3.49557654       3.53566678
       3.64242999       3.83054002       3.81048330       3.75082334       3.74441338       3.71927007       3.66466331       3.60945670       3.62778346       3.55798658       3.02065341       2.37377659       2.39735333       2.69879341       2.79961681       2.91770681       3.08848349       3.24546337       3.32914321       3.35857995
       3.30499681       3.22490342       3.13784663       3.07410653       3.07799339       3.07127317       3.09479014       3.09825993       3.10671329       3.10706329       3.10496998       3.08275668       3.03737672       3.00631682       2.99050013       2.96761004       2.94729010       2.95149676       2.93328667       2.92193667
       2.90032991       2.89600658       2.89420986       2.88239320       2.84654681       2.84882005       2.84856002       2.86358674       2.87378343       2.87777328       2.86872323
       3.17923323       3.16746012       3.14567661       3.14754677       3.15585327       3.15366014       3.15913677       3.15721671       3.16293653       3.14865335       3.13066324       3.11568324       3.08768336       3.06795343       3.16633670       3.32015673       3.36208661       3.37991683       3.47640673       3.47303994
       3.51254654       3.54611333       3.58620326       3.60881996       3.61244329       3.59974003       3.62714990       3.61544005       3.61096986       3.60634327       3.62756666       3.66113663       3.65098349       3.62090683       3.56627655       3.56685003       3.53009987       3.54648336       3.54208342       3.58244673
       3.54186344       3.49819342       3.47224681       3.45347341       3.46442318       3.48477014       3.47972679       3.48033333       3.46795654       3.45363998       3.43691985       3.40201346       3.40393003       3.43166669       3.47633998       3.24123001       2.67518997       2.72184658       3.09930992       3.36973317
       3.59376335       3.51462015       3.44821008       3.46095339       3.47700659       3.49995677       3.50798670       3.50428677       3.53900655       3.53005664       3.52643331       3.52596347       3.52272669       3.51606655       3.51227983       3.54063988       3.50349331       3.48400338       3.46179008       3.46877003
       3.50093015       3.53563341       3.59403324       3.52523327       3.53429985       3.61435000       3.56234328       3.45687008       3.44437345       3.44127655       3.48408667       3.47566668       3.49381987       3.52873993       3.46573989       3.48001321       3.49376678       3.50084654       3.51610343       3.48916340
       3.52193324       3.82259337       3.80978012       3.73440679       3.72358672       3.72459666       3.67923005       3.57245986       3.68306986       3.30720679       2.63171673       2.42418671       2.80226994       3.18079662       3.37651666       3.42502340       3.36064657       3.28881327       3.21242650       3.20057329
       3.16643683       3.11155319       3.06628005       3.05276998       3.07347329       3.10668659       3.10466989       3.10533333       3.10350990       3.09899012       3.07911650       3.04296652       3.00936667       2.98147996       2.95779324       2.93460337       2.91052341       2.90052001       2.89621989       2.88619010
       2.90129662       2.91769663       2.87962659       2.88567003       2.87059657       2.86389319       2.87500318       2.86741002       2.86208344       2.85723654       2.85555331
       3.17741330       3.17389329       3.15432326       3.13875675       3.14223003       3.16247336       3.17225679       3.15495650       3.15359656       3.15012995       3.13680998       3.09532992       3.08567651       3.09184011       3.25625674       3.25061989       3.28587341       3.39205329       3.55130672       3.62721666
       3.61233997       3.62381681       3.65791321       3.63217672       3.63820330       3.63849004       3.64032332       3.62272326       3.62460009       3.61577670       3.61524677       3.65532017       3.62878323       3.60229683       3.56624349       3.54544322       3.51809661       3.51853339       3.53166326       3.56350327
       3.55473010       3.52459653       3.50120322       3.43732993       3.45254008       3.48147678       3.50139650       3.50662676       3.51592318       3.49162992       3.47535674       3.43880653       3.41910680       3.40773996       3.41482989       3.47532336       3.39744345       2.88304329       2.66334327       3.17326323
       3.58623664       3.51986663       3.44114653       3.44530996       3.47259680       3.49337673       3.50294654       3.52171675       3.54388332       3.53057988       3.52812990       3.51621342       3.53092321       3.51342010       3.48635674       3.46627998       3.53918997       3.53558668       3.50571346       3.47824987
       3.52486006       3.52908993       3.50175667       3.48664347       3.53609339       3.60319678       3.46905677       3.46216679       3.43532658       3.43603675       3.41539987       3.43370660       3.47725010       3.44856993       3.43871339       3.46718343       3.50201670       3.47797012       3.41670005       3.44245656
       3.43379656       3.77987989       3.80099996       3.68744659       3.68837007       3.72216670       3.68858337       3.59386349       3.58285999       3.07052326       2.43207328       2.62506994       3.19687335       3.46326001       3.38572343       3.30467319       3.22658348       3.15375996       3.09923999       3.07858658
       3.09221331       3.09618664       3.08101654       3.07754676       3.09530004       3.09971682       3.08091005       3.09814994       3.09043662       3.08774662       3.04301993       2.99250666       2.96809991       2.94323349       2.92340660       2.90080007       2.89089330       2.89521345       2.92151006       2.92048327
       2.92262999       2.93522008       2.92785676       2.93338998       2.92286682       2.89236991       2.89057986       2.90203985       2.91735999       2.89636326       2.89242013
       3.16427994       3.17000326       3.15726662       3.12944667       3.12377008       3.13608329       3.14903323       3.15026665       3.15167014       3.15399996       3.14693006       3.10492992       3.08322334       3.10388343       3.24988651       3.40575345       3.31692664       3.45871321       3.49805005       3.49624348
       3.55005010       3.60125001       3.71372318       3.68913015       3.66851330       3.68190002       3.65784009       3.63343334       3.62418016       3.62940661       3.59983667       3.64622657       3.62732665       3.60468674       3.56439336       3.52736346       3.51660347       3.51156998       3.52617995       3.53650983
       3.54610348       3.53015677       3.50613658       3.44296996       3.42534320       3.44054349       3.46397654       3.50788657       3.53890324       3.52359676       3.50122674       3.45702012       3.43991343       3.42469660       3.43016656       3.44691658       3.46727657       3.48427327       3.01913007       2.68039004
       3.33734671       3.61875661       3.47216670       3.44640986       3.48762671       3.50984001       3.50870323       3.51692677       3.53144010       3.52193324       3.51111666       3.52549998       3.53646660       3.49438318       3.48683675       3.46562672       3.47220325       3.53886318       3.50623989       3.54274654
       3.56928666       3.51597341       3.50413990       3.47759342       3.43413671       3.49729665       3.43292999       3.46999327       3.45031325       3.44712321       3.42995993       3.41161346       3.41761653       3.42608674       3.42958005       3.47056993       3.42808660       3.36391671       3.34767342       3.34456984
       3.36170324       3.72325993       3.79496670       3.70466995       3.74079005       3.70722326       3.63946660       3.69750341       3.41782665       2.94070657       2.39494006       2.71369330       3.41708660       3.42555682       3.32446003       3.20613321       3.13072014       3.06368669       3.02768326       3.00959015
       3.03309663       3.12325668       3.10977681       3.10480658       3.10223993       3.07997672       3.07185332       3.06408342       3.03796673       2.99237665       2.96980000       2.94334348       2.91891670       2.92628320       2.90985012       2.91335678       2.93209012       2.94225661       2.95733992       2.97544670
       2.98039659       2.98381011       2.98125998       2.98431015       2.96702989       2.93752670       2.91863346       2.91140334       2.92539342       2.91679668       2.90762679
       3.15586344       3.15226014       3.14233335       3.12817987       3.10493660       3.10138671       3.10492325       3.11236986       3.12475650       3.14802011       3.15108999       3.11160342       3.06787014       3.05769348       3.18177001       3.42109013       3.37988345       3.43208345       3.55497011       3.54131667
       3.56180318       3.57553323       3.65707334       3.70560996       3.67361005       3.68653329       3.66582680       3.64271673       3.62701321       3.64356677       3.59646002       3.61780993       3.57498678       3.59669654       3.57503986       3.53064346       3.52020677       3.51157665       3.53577677       3.53022321
       3.53063997       3.50728321       3.50056330       3.46239662       3.43638007       3.42198340       3.42930984       3.49385675       3.53052330       3.53699017       3.52688662       3.49705664       3.47065989       3.46760654       3.46559334       3.45486323       3.44056320       3.42903010       3.45843665       3.06749344
       2.59237337       3.31683000       3.59895325       3.46706676       3.47170003       3.50706005       3.51712004       3.52434349       3.51771323       3.50503349       3.50752004       3.53474013       3.52348328       3.47804674       3.48632654       3.49317996       3.49645996       3.51412328       3.55948321       3.56370672
       3.47033342       3.48071671       3.51322651       3.47834682       3.53792000       3.55156008       3.41571331       3.38145669       3.43113327       3.44113000       3.43228340       3.42341328       3.38958995       3.41244348       3.42005984       3.36669668       3.34524345       3.33946006       3.33659331       3.30897681
       3.34683673       3.70375665       3.79188665       3.69172319       3.67970657       3.63109334       3.67194653       3.78073343       3.40318330       2.91154003       2.32606999       2.81779989       3.45960999       3.40918001       3.28985341       3.14712016       3.06782341       3.02068329       3.01619657       3.03129991
       3.03805987       3.10809008       3.13060347       3.09871674       3.07764657       3.04028002       3.01881345       2.98976326       2.95299657       2.96318658       2.96571668       2.93112659       2.94703325       2.98178673       3.01162338       3.00636991       3.01692327       3.02198664       3.02387651       3.03529994
       3.01047675       3.00812658       3.01150004       2.99835332       2.97684987       2.95632013       2.92641989       2.90122986       2.91255347       2.93592993       2.91698678
       3.16086992       3.15801652       3.14719995       3.13572343       3.11062654       3.09505335       3.08487988       3.08251667       3.08931001       3.11469682       3.13278325       3.10794671       3.05423673       3.02086671       3.21074994       3.41656653       3.39484660       3.44047991       3.47378000       3.51488654
       3.54968325       3.57575321       3.59666983       3.71370347       3.66396999       3.67887338       3.66359997       3.64122995       3.62466335       3.61298656       3.58050346       3.62078667       3.58552678       3.57753658       3.56139660       3.53416348       3.51200994       3.51353010       3.51178328       3.51581669
       3.50127347       3.47988319       3.48286661       3.46552658       3.45263322       3.42636331       3.40906652       3.45282650       3.48975341       3.51732667       3.52827326       3.50456015       3.48913002       3.49438667       3.48160330       3.47867997       3.47263336       3.42000675       3.36604659       3.41860008
       3.21800009       2.58614000       3.26646678       3.54312992       3.47184658       3.47775332       3.48402659       3.50179990       3.50220013       3.50640011       3.51928679       3.54738013       3.49105326       3.47839991       3.48198318       3.48521328       3.51401997       3.49150658       3.54314995       3.52090327
       3.43954659       3.45332336       3.52103011       3.50178337       3.58081341       3.51165994       3.43730005       3.41513316       3.36284002       3.36395009       3.41331991       3.38407993       3.40970008       3.38289992       3.34923681       3.30560652       3.31207339       3.31019656       3.33789666       3.31827672
       3.35374991       3.70287673       3.78230349       3.64417998       3.44718011       3.61056995       3.70132669       3.67666340       3.36740335       2.95389684       2.41420333       2.89417330       3.44685014       3.34391658       3.18940989       3.07918676       3.04502996       3.04082998       3.02744007       3.04627991
       3.04839325       3.07434654       3.15434329       3.07208347       3.02981345       2.98387655       2.96494007       2.94985994       2.94433339       2.96025658       2.98119672       3.00192674       3.01800346       3.03913339       3.07155323       3.08154996       3.07268333       3.06398996       3.05048656       3.04916986
       3.01774661       2.98696009       2.99051984       2.99410343       2.96863015       2.96385988       2.92366664       2.91456000       2.91251342       2.94611009       2.94662317
       3.18465328       3.17390347       3.15694650       3.14934349       3.14312998       3.12020334       3.08988984       3.06116676       3.04986318       3.07038657       3.09379673       3.08366998       3.04327679       3.02011998       3.17765681       3.39340655       3.47067674       3.52799670       3.48023319       3.52238655
       3.54640007       3.55305990       3.57073339       3.72336324       3.65548325       3.66405010       3.66116651       3.64405346       3.63626989       3.59724013       3.58720652       3.60995324       3.57961337       3.59246349       3.55167325       3.53506660       3.51195653       3.51712672       3.50069332       3.50771999
       3.50054328       3.47598680       3.44943333       3.43458335       3.45178668       3.42236678       3.39455001       3.41705004       3.48158328       3.51509984       3.53094673       3.52555656       3.52213001       3.51884015       3.52066326       3.50399335       3.47241338       3.42689991       3.36260001       3.34662660
       3.45549329       3.33164660       2.63978004       3.35339324       3.51502991       3.46167342       3.44865990       3.44808992       3.46452999       3.48167324       3.51558336       3.55450662       3.49230989       3.48806667       3.49770673       3.49361992       3.49784342       3.47534657       3.47689342       3.47960345
       3.48624325       3.44793669       3.47104327       3.46628984       3.60128657       3.45804660       3.41146660       3.43048000       3.41606331       3.38262653       3.39316654       3.43454011       3.37542343       3.32659658       3.31763331       3.29792341       3.27182674       3.28301334       3.30932999       3.31914679
       3.38916334       3.70203654       3.76726341       3.53334681       3.46099345       3.50448322       3.72605324       3.51774343       3.39844672       2.94815000       2.44599994       2.98668989       3.39803346       3.27337329       3.14385668       3.07539336       3.06459681       3.05736319       3.03687668       3.02713331
       3.02371343       3.08596992       3.10705662       3.05004660       3.00515334       2.99368000       2.98095671       2.97043324       2.98769665       3.02491347       3.06219673       3.09908009       3.10946337       3.10822996       3.11981010       3.11839676       3.10197671       3.08008321       3.07430013       3.06941001
       3.05175654       3.05513000       3.04201667       3.02484989       2.99444326       2.96529992       2.95029990       2.92643325       2.90632661       2.92173672       2.93951003
       3.19791985       3.18953005       3.17514674       3.16497008       3.15982660       3.10613346       3.05500666       3.01861668       3.00554339       3.02488327       3.04983330       3.04276339       3.01992321       3.03735669       3.18835322       3.31647015       3.44344012       3.49535338       3.50660324       3.54421679
       3.58578332       3.57217344       3.59129333       3.63809999       3.67489338       3.63735994       3.65468343       3.63549328       3.62820657       3.57978662       3.59138680       3.62340673       3.57269986       3.57321008       3.56270663       3.54723676       3.52459335       3.52209663       3.50988674       3.54896323
       3.64813328       3.64405346       3.61963336       3.47081661       3.44646676       3.42326673       3.39086660       3.39573320       3.45241324       3.48810323       3.51655324       3.50224336       3.51911672       3.52533658       3.53289668       3.52204672       3.48345661       3.44489002       3.35463651       3.33840656
       3.44104989       3.62048658       3.19029331       2.65772327       3.47466342       3.46667671       3.44329325       3.41765340       3.43821653       3.46500015       3.48694007       3.54954656       3.53877989       3.49452655       3.48345343       3.48895327       3.58834012       3.52866332       3.46899001       3.45922661
       3.44539007       3.43826008       3.42490323       3.42525673       3.49818007       3.46634674       3.41057682       3.39014657       3.38665994       3.42654006       3.43719006       3.37132676       3.32593664       3.32629681       3.31736342       3.29982662       3.27199014       3.23948002       3.25026989       3.27263991
       3.35895665       3.69635677       3.74966653       3.45077006       3.42464320       3.47676659       3.73887666       3.50163015       3.40323321       2.84315332       2.54167668       2.99512672       3.37522666       3.22959010       3.10704009       3.07373333       3.08678659       3.05967999       3.03669675       3.00579993
       3.01414998       3.00408332       3.05854321       3.03716660       3.03623327       3.03297997       3.04391670       3.07128016       3.07461993       3.08304660       3.09504350       3.12045987       3.15410995       3.11992677       3.11247349       3.09455013       3.09542656       3.08735339       3.10837015       3.10109329
       3.08589681       3.08246326       3.06553014       3.05676333       3.04386997       3.02046331       3.00311343       2.95855331       2.94322014       2.93238004       2.94675986
       3.19873651       3.19054000       3.17781989       3.17089653       3.14318339       3.08211327       3.00378005       2.98358663       2.98367659       2.99327660       3.00973320       3.01325321       3.02208010       3.04260000       3.15110683       3.28419654       3.38777002       3.47725328       3.56341998       3.62457657
       3.60528342       3.58097331       3.60039679       3.60466989       3.70927334       3.63901329       3.63887660       3.62896347       3.60525322       3.59049670       3.59089661       3.60564995       3.57816664       3.57149347       3.56517665       3.56934007       3.54141331       3.58840656       3.56798013       3.53517342
       3.52468681       3.53949006       3.52915668       3.42422676       3.42211342       3.42601999       3.41847674       3.40343348       3.42543348       3.46391996       3.51148319       3.50452677       3.51106675       3.50339985       3.52092012       3.51861986       3.49236329       3.45199680       3.38959662       3.35626666
       3.44734669       3.49057325       3.45794996       2.77315331       2.97216988       3.46203327       3.42957656       3.39419651       3.43072669       3.44635995       3.45310656       3.47582658       3.52540652       3.54398664       3.53719330       3.51886654       3.53207016       3.52342987       3.46085326       3.43463993
       3.41202990       3.43007342       3.41671340       3.45057329       3.49614684       3.50357660       3.41018677       3.39993985       3.43680986       3.43485991       3.39389006       3.33207321       3.32700666       3.33014679       3.31747659       3.27766005       3.35117658       3.23916340       3.05338001       2.65657330
       2.96448326       3.68835322       3.51497332       2.60276333       2.78474013       3.37937991       3.43525664       3.45969009       3.34407679       2.74612331       2.48874998       3.02263006       3.31591988       3.17335320       3.05863667       3.05423323       3.06953653       3.06361675       3.03979015       3.01939011
       3.12749672       3.16178672       3.20250320       3.21548335       3.19640986       3.18406328       3.14975325       3.11833668       3.10707347       3.09667333       3.09632651       3.08930016       3.11015320       3.09174665       3.08020655       3.09724013       3.11803341       3.13427003       3.12438997       3.11142000
       3.09621016       3.09567324       3.07734013       3.06997999       3.06092008       3.03705343       3.03420671       2.99337324       2.97571341       2.95563666       2.97488340
       3.19421323       3.19397672       3.17825349       3.17117341       3.15445010       3.08413347       3.00891336       2.98233000       2.97506650       2.97349326       2.98797003       3.00107320       3.01882680       3.05510012       3.12640317       3.20665995       3.26126989       3.36793995       3.48765341       3.54651674
       3.60846996       3.62933350       3.65548325       3.62945652       3.70496655       3.64432653       3.63805993       3.63833014       3.59893004       3.60957336       3.60601997       3.61744340       3.59805330       3.56328328       3.58751329       3.60148652       3.56107330       3.61485004       3.59218343       3.53173319
       3.52428341       3.53383986       3.51546319       3.44250329       3.44489670       3.43572330       3.48178673       3.43327014       3.41891003       3.42911339       3.49999650       3.51692327       3.49261347       3.52582995       3.53078016       3.52080663       3.50691986       3.47255675       3.43032678       3.37139670
       3.42034658       3.43546677       3.45284335       3.37691339       2.54649671       2.89490668       3.26418336       3.37379678       3.40743987       3.42076651       3.43150997       3.43549665       3.43125343       3.42642339       3.47232660       3.51603667       3.51602332       3.50797335       3.47769674       3.47759660
       3.43902334       3.44278653       3.40013345       3.43224653       3.42329343       3.44589329       3.42271996       3.44254335       3.42044322       3.39016660       3.33281994       3.30508010       3.31481997       3.31460317       3.31310654       3.28146998       3.23567327       2.95463339       2.39702002       2.69875654
       3.22802003       3.68177319       3.29760329       2.76384004       2.63501994       2.35744667       2.59039338       2.81636651       2.81036345       2.56899341       2.28486665       3.16789341       3.25108655       3.10518010       3.04333337       3.05218983       3.06272666       3.05042330       3.07839012       3.30373319
       3.26250998       3.28102652       3.64999676       3.79137675       3.62722651       3.41430346       3.32417679       3.25927989       3.20672989       3.13752333       3.10379664       3.08981005       3.06328011       3.04453341       3.05998675       3.09725984       3.11379655       3.13746993       3.15701675       3.12548987
       3.10151323       3.08979003       3.06438001       3.05137666       3.05685679       3.03286997       3.01338323       2.98795319       2.98240344       2.97254340       2.98663998
       3.19494343       3.18699996       3.18279680       3.17358335       3.17212677       3.12085342       3.07106654       3.02898661       2.99934991       2.98760668       2.97283014       2.97819996       3.01859347       3.07321008       3.13042323       3.17287668       3.20882003       3.27873325       3.36746343       3.46209653
       3.53189659       3.56445344       3.62714990       3.68772666       3.66158676       3.64401658       3.63295333       3.65154012       3.61761665       3.62109661       3.61270650       3.63400682       3.60756334       3.58288987       3.58153661       3.57133675       3.56116327       3.56573677       3.53771337       3.52127997
       3.51538658       3.54023679       3.53853321       3.50447337       3.42857011       3.40782674       3.45164013       3.40589333       3.39177990       3.35949993       3.44992987       3.50550652       3.47160339       3.48867989       3.50655651       3.50231997       3.50174999       3.52902667       3.47289340       3.43576654
       3.45416991       3.42442671       3.44027011       3.48993651       3.30967013       2.81772995       2.52535661       2.66158326       3.11260319       3.40103340       3.41029008       3.38746993       3.37216345       3.38039653       3.37955348       3.42022673       3.46971321       3.48620319       3.49473667       3.49206320
       3.47794342       3.46658993       3.41976325       3.42542330       3.41716671       3.41850344       3.43148327       3.40600681       3.38861656       3.36631012       3.33821678       3.31950665       3.32577006       3.32689349       3.33054670       3.22744338       2.87795003       2.37683662       2.92291991       3.36883005
       3.47238986       3.68033346       3.52141349       3.39597003       3.52165000       2.93894323       2.42062998       2.35091003       2.32103666       2.47959661       2.76122348       3.29878998       3.20079009       3.06239001       3.04062653       3.06584994       3.08616670       3.10550658       3.15909672       3.54099655
       3.47177664       3.73427995       4.18411668       4.59515317       4.64791012       4.45080344       4.10481008       3.73730659       3.43767993       3.31352011       3.21877321       3.17702993       3.12803650       3.06980006       3.04781342       3.05771669       3.07122008       3.11044343       3.14026992       3.13092009
       3.08563677       3.07260323       3.05823326       3.03827667       3.03827318       3.03009001       3.01912340       2.99744987       2.97020658       2.97769324       2.97802671
       3.21103986       3.20530669       3.19411659       3.17523321       3.17017015       3.15749327       3.11682987       3.09045664       3.06453991       3.04294682       3.01156330       2.98721663       3.00684675       3.06586329       3.12227662       3.15815322       3.18350665       3.23460007       3.31673336       3.40969340
       3.49969006       3.51531665       3.58792655       3.61360010       3.61336676       3.66767661       3.62116337       3.63820998       3.64038658       3.61654345       3.61176999       3.62296009       3.59827677       3.58972009       3.56763013       3.56371657       3.53653653       3.49870014       3.52247651       3.51533000
       3.51639334       3.54122003       3.52473005       3.52519671       3.47364998       3.40905317       3.45238336       3.39863650       3.40160656       3.34608682       3.38626321       3.46363672       3.47303994       3.48600992       3.59972000       3.66606998       3.52917989       3.48195998       3.48582013       3.42926343
       3.42318662       3.37059339       3.38399665       3.42714659       3.49781990       3.76186339       3.58023326       3.09685008       2.63157670       2.89378993       3.33171336       3.34066327       3.33771674       3.37376340       3.37644323       3.40699991       3.40784995       3.40028667       3.40470664       3.46221987
       3.47345670       3.46571986       3.45774682       3.44865990       3.42497667       3.41799323       3.37350655       3.34416676       3.36187998       3.34999339       3.34648323       3.33526007       3.34608332       3.37442652       3.27099005       2.77956994       2.41252661       2.83640321       3.39400673       3.38641993
       3.55530326       3.68966675       3.47090340       3.53481007       3.73487663       3.38053989       2.58864991       2.58389330       2.90903346       3.12799327       3.31690661       3.29616674       3.13310655       3.03767999       3.06001663       3.11686325       3.12662347       3.14141655       3.32975324       3.61393325
       3.87514337       4.14481004       4.53533999       4.98087343       5.29855347       5.49673335       5.46446355       5.01068656       4.28975328       3.75089327       3.41921012       3.24741014       3.17091338       3.12644672       3.08146318       3.06453323       3.06120014       3.06709671       3.06043339       3.05364990
       3.02882322       3.03175322       3.02787336       3.02736664       3.03202661       3.02694003       3.01152992       2.97922325       2.94867325       2.95870654       2.94170666
       3.21927007       3.21560669       3.21190008       3.19272327       3.16628679       3.15422662       3.13352680       3.12294006       3.11240991       3.09438674       3.07134342       3.03115654       3.00035667       3.01644993       3.07246653       3.12425995       3.15514342       3.18867334       3.26219654       3.36196677
       3.46267668       3.52544339       3.58733654       3.63396994       3.59326998       3.67629655       3.61898009       3.61785984       3.61693319       3.61311658       3.62792015       3.62359333       3.61126328       3.60166327       3.58138339       3.55913989       3.52801673       3.50933011       3.51563676       3.52067661
       3.51342678       3.54346339       3.50876013       3.51895014       3.49354331       3.41413339       3.44450347       3.40596994       3.39221319       3.34490331       3.36533006       3.37244002       3.41275342       3.47301992       3.55285327       3.56569322       3.55603663       3.52081998       3.49628989       3.45802339
       3.44670677       3.36872005       3.37963327       3.40277672       3.47203668       3.47663657       3.50336329       3.49163659       3.36616325       2.81170336       2.68820985       3.21902339       3.31725661       3.33420658       3.37757333       3.40900675       3.41422653       3.38719336       3.38553651       3.38455677
       3.40523338       3.42738660       3.45820014       3.44484997       3.43019676       3.38852660       3.37977346       3.33804989       3.30637995       3.33268992       3.34020011       3.37550004       3.36983999       3.25525347       2.69226996       2.34652662       2.84972000       3.36450990       3.43012683       3.42112001
       3.60236677       3.68861326       3.36748664       3.59090010       3.69312986       2.89080652       2.40935993       3.22482014       3.47802321       3.49675655       3.41628329       3.29138660       3.11967659       3.09959348       3.09453678       3.13460986       3.16015657       3.19281991       3.52871672       4.02327665
       4.65002664       4.83567015       4.98143673       5.37420336       5.73229345       6.07173665       6.16676331       5.98327637       5.45729319       4.72476673       3.90190347       3.46428013       3.26541678       3.17520682       3.13059998       3.12202676       3.09411653       3.04946677       3.04491011       3.03002675
       3.01333332       3.00719992       3.00944010       3.02585347       3.03052998       3.02618345       3.02278010       3.01458009       3.00429662       2.96155008       2.96804015
       3.21354326       3.21321011       3.21766345       3.21428998       3.19067001       3.15397326       3.14233653       3.13120333       3.12652016       3.11743673       3.09856669       3.06516997       3.02983665       3.01080004       3.02270317       3.06927331       3.10217985       3.13291995       3.21437327       3.32816664
       3.42774677       3.49923007       3.52798653       3.59140333       3.60646661       3.64686012       3.60977681       3.59436671       3.60283343       3.61298656       3.61876329       3.60122681       3.61889013       3.61783346       3.60195001       3.57277997       3.53528341       3.51314990       3.49187342       3.49829674
       3.49416669       3.51801682       3.50870323       3.49477990       3.49550660       3.42449665       3.43546677       3.40358988       3.38582675       3.35437012       3.37471676       3.34924666       3.35206000       3.36993663       3.44333680       3.47744338       3.49398009       3.51427015       3.50306002       3.49703344
       3.50154654       3.38925330       3.41693338       3.42670663       3.38109652       3.37915675       3.37268321       3.39061673       3.37200006       3.37731330       2.81164678       2.60598342       3.17621009       3.33216000       3.38539664       3.43995667       3.42767652       3.40806993       3.39380678       3.39717325
       3.38962650       3.39328671       3.42717012       3.44294993       3.41595014       3.36457348       3.34740671       3.32521661       3.31075668       3.31507015       3.37032000       3.34869003       3.27716668       2.62715006       2.38504330       2.90565332       3.39688333       3.44737339       3.45891666       3.46815014
       3.62124983       3.65504328       3.32275995       3.67490005       3.43594011       2.48866002       2.91005675       3.41432985       3.45219676       3.43632348       3.38029321       3.26900991       3.13245678       3.12456671       3.11815675       3.16974322       3.22194672       3.28958003       3.67536322       4.21610324
       5.19263013       5.71175639       5.72633998       5.85055987       6.20781326       6.57385317       6.74777031       6.80808004       6.51396688       5.82924016       4.88396009       4.09276676       3.65081342       3.38428338       3.24912675       3.17862002       3.15303993       3.13367017       3.09906324       3.08498669
       3.09053008       3.08884335       3.07209682       3.09108003       3.10843658       3.10916328       3.08433342       3.07609653       3.06066672       3.02950668       3.02171326
       3.21480338       3.21741009       3.21917661       3.21326987       3.20161343       3.16739655       3.16008663       3.15008672       3.13844681       3.12561003       3.10783323       3.07793331       3.04506334       3.01836681       3.00979996       3.02269681       3.03991985       3.05872345       3.14549987       3.26573658
       3.37571335       3.45471986       3.50929006       3.55881341       3.58207989       3.64122995       3.61240991       3.58215014       3.59254996       3.58638668       3.61199665       3.57483006       3.59627342       3.58285681       3.59639676       3.56776015       3.52902667       3.50916322       3.50397333       3.48016675
       3.48628680       3.49160671       3.51043669       3.47969341       3.48130322       3.43669001       3.41985671       3.42408339       3.36667665       3.35552343       3.37215328       3.33971659       3.32151349       3.30990346       3.37352657       3.41720676       3.43633334       3.46222337       3.45671336       3.43766658
       3.51909987       3.40558656       3.40518665       3.39913654       3.37049993       3.36865330       3.36181005       3.37739658       3.36896674       3.37053331       3.33175341       2.91396014       2.55524000       3.15784677       3.36859671       3.43651326       3.45272001       3.43254344       3.40164661       3.41191006
       3.39137999       3.39131006       3.41839663       3.41440678       3.38647652       3.33506330       3.29747995       3.31257343       3.32748350       3.35914008       3.30735652       3.37051010       2.73677667       2.43075673       3.00651328       3.39293989       3.43463993       3.40524006       3.50655015       3.53500652
       3.63934994       3.53422991       3.40412331       3.73144658       2.90236664       2.52128665       3.27069346       3.40390682       3.40617657       3.37930330       3.34952323       3.27390321       3.13923327       3.13615672       3.18518988       3.27157656       3.29496988       3.40902328       3.77473672       4.52631664
       5.59567006       6.29620361       6.41561317       6.47735341       6.79936663       7.10434977       7.39590645       7.52480698       7.44159317       6.89544360       5.97251638       4.95409330       4.14919662       3.68884341       3.46195348       3.30936337       3.21457322       3.19637330       3.18263658       3.14941661
       3.14409320       3.14037673       3.13877010       3.10639985       3.11033662       3.11421013       3.10729345       3.09346994       3.08326658       3.06996663       3.04286671
       3.18870322       3.18931675       3.20190334       3.22061348       3.21675014       3.19088332       3.16792329       3.15885321       3.15122000       3.14354992       3.12637997       3.07919661       3.03332011       3.01021004       3.00892321       3.02032661       3.01412010       3.00968329       3.08523337       3.20638657
       3.31291993       3.40100988       3.46945318       3.54363346       3.56250985       3.61647002       3.64199670       3.58062013       3.57672660       3.59261672       3.60035674       3.56676324       3.58054002       3.56720320       3.57620653       3.55027994       3.52285989       3.50230662       3.51224327       3.50273005
       3.49853325       3.51253001       3.51069323       3.51618671       3.51985327       3.49570656       3.44880994       3.41058000       3.36653010       3.35418002       3.35576661       3.34327666       3.32603010       3.31239001       3.34103012       3.36430009       3.38182004       3.40810331       3.40475655       3.39486663
       3.44753011       3.40146001       3.35757319       3.35267671       3.35647996       3.36273670       3.31843662       3.33100986       3.32080332       3.33727328       3.31215668       3.29712995       3.04106013       2.52437003       3.04604657       3.38460668       3.44472663       3.43865999       3.39879990       3.37426662
       3.38465341       3.38139343       3.37910334       3.39217663       3.32492002       3.33518346       3.30473995       3.31265004       3.36050320       3.35166327       3.09365654       2.51923339       2.51360337       3.08012009       3.41850662       3.41129653       3.43861993       3.39911334       3.46052678       3.57655652
       3.63778655       3.38727347       3.60916328       3.43828678       2.48286994       2.97853343       3.34944661       3.38478343       3.38216654       3.36784999       3.33595657       3.25360012       3.16306655       3.22266992       3.32584667       3.34372679       3.36347993       3.58100001       3.94591999       4.72651005
       5.84285990       6.68275007       6.94590696       7.14737638       7.43375333       7.70904032       7.98684311       8.21854973       8.28915342       7.81472333       7.03474998       6.00328318       4.98698680       4.17370669       3.73959668       3.54630343       3.41670672       3.32861010       3.27965005       3.21175671
       3.17749341       3.17018668       3.17456341       3.16016006       3.12501653       3.13445663       3.13366985       3.11311658       3.11201986       3.10230986       3.06517665
       3.18673007       3.17979336       3.19275665       3.21197001       3.22653325       3.20013014       3.18367672       3.16869322       3.16029326       3.15366014       3.13560677       3.07874997       3.02035014       2.99251334       2.99204350       3.00619348       3.00287660       2.99571673       3.04122670       3.14575672
       3.25435670       3.34457334       3.43455346       3.50348663       3.52785683       3.59515349       3.66101996       3.62871679       3.60628001       3.61161995       3.58765666       3.55413342       3.56019338       3.56234996       3.55678654       3.52961000       3.50745996       3.49000009       3.48906994       3.49899991
       3.49777985       3.51795673       3.55736319       3.54799684       3.54994678       3.51787345       3.54404672       3.46155675       3.36351013       3.34659672       3.34627342       3.34233348       3.32446321       3.32939657       3.32647006       3.33797328       3.33563010       3.37391663       3.38709005       3.38083680
       3.44597658       3.35489655       3.30773989       3.28657659       3.32027340       3.36579323       3.29226335       3.30452347       3.32104651       3.35899321       3.32833322       3.33220673       3.30941995       3.15498988       2.66134675       2.80416679       3.30100346       3.37524319       3.36852328       3.37267335
       3.37185001       3.37010988       3.26613331       3.24345334       3.29767323       3.37150987       3.33246676       3.32507324       3.38831679       3.08942000       2.42872667       2.59457000       3.10551325       3.35007668       3.41436990       3.43837325       3.45305347       3.40911325       3.46810659       3.58305995
       3.56130664       3.38951015       3.73734665       2.94191678       2.60620006       3.23257669       3.33724658       3.38315328       3.39076678       3.37572988       3.34357007       3.24310335       3.26292006       3.35110664       3.38453007       3.51450347       4.10082662       4.98144318       6.09479346       7.45496324
       8.94185694      10.39200017      11.02271985      11.29366666      11.59502996      11.83815681      12.20178996      12.55721642      12.63651029      12.22327334      11.55950678      10.59842336       9.06222997       7.18228673       5.45482680       3.99743652       3.73427327       3.61056328       3.52099991       3.33535671
       3.24571323       3.19452000       3.18418344       3.17209657       3.14625327       3.12947655       3.13902346       3.13548342       3.13298988       3.13551680       3.08683681
       3.22555319       3.21969668       3.20639324       3.21069336       3.20965989       3.20831680       3.20538680       3.18600655       3.17079989       3.16808987       3.15071328       3.11309656       3.08015347       3.04599667       3.01524321       3.00770664       3.00503667       3.00298659       3.02835337       3.11040656
       3.19690990       3.26226012       3.35184002       3.43499660       3.50478681       3.58016682       3.60921001       3.64765326       3.63070011       3.59533660       3.56195990       3.54718653       3.55775674       3.56968657       3.55237993       3.53833993       3.51032988       3.49421342       3.47189331       3.48411655
       3.47120984       3.49647013       3.49341997       3.51346334       3.53322347       3.52099673       3.54001681       3.51560338       3.44635328       3.37528006       3.35996660       3.34356340       3.32091014       3.33711656       3.33124002       3.34261672       3.34732342       3.37582016       3.38795662       3.39444987
       3.45786985       3.37110329       3.32146327       3.27689330       3.28667990       3.33641338       3.32046986       3.34255664       3.30624008       3.33317661       3.31709003       3.35318343       3.32889652       3.37713655       3.26644675       2.77876345       2.63319333       3.23707676       3.36962001       3.36654663
       3.37232653       3.27552001       3.24206988       3.27218660       3.22826322       3.25068665       3.30387338       3.33840338       3.10254987       2.38923327       2.70094013       3.20732657       3.30857658       3.39041996       3.43809350       3.46358681       3.41309675       3.39034653       3.51987330       3.58202012
       3.44000340       3.55311998       3.50953325       2.56787332       3.02176984       3.32155991       3.36770662       3.41047319       3.42217318       3.41175016       3.36812655       5.14487345       6.09375000       6.14690018       6.20394039       6.43212032       7.04409027       8.80578995      11.48626041      13.59716988
      15.94569969      17.96905678      18.88673648      19.41045357      19.90765978      20.38642321      20.95698669      21.50398679      21.78762019      21.73665314      21.38235344      20.27301979      17.42337036      15.14365005      13.14160919      11.39105034       9.80500984       8.22879028       7.05142021       6.34669971
       5.94102001       5.74820042       3.21829669       3.18785000       3.15390650       3.14799341       3.13158003       3.15082010       3.14737002       3.13528347       3.11144988
       3.22141329       3.21646659       3.21697013       3.21684996       3.20949999       3.20722326       3.21350002       3.20389334       3.19294326       3.18563652       3.16747348       3.14954662       3.14078999       3.11937682       3.09304015       3.06957340       3.04878998       3.02891668       3.04463673       3.10772673
       3.17288335       3.21468321       3.27290344       3.34196345       3.42744668       3.51454989       3.52274323       3.53270340       3.49473000       3.48286343       3.50225321       3.52587986       3.53064664       3.54211998       3.54258664       3.55274677       3.53461997       3.51847331       3.51539993       3.50113678
       3.51861000       3.48850346       3.47380002       3.48917993       3.46798007       3.48696327       3.50588322       3.51897653       3.50440343       3.45735327       3.42758338       3.33875338       3.31824652       3.33693345       3.34684340       3.36222331       3.37337653       3.41905340       3.40015984       3.41168340
       3.47554652       3.44817988       3.40292994       3.37485663       3.34680335       3.30379677       3.27691015       3.29734675       3.29172993       3.30567996       3.31578986       3.33670998       3.30486997       3.35657342       3.41184330       3.34521325       2.91088009       2.58678341       3.15942001       3.33944988
       3.29520003       3.23784320       3.21971671       3.23608653       3.23865986       3.24963347       3.27708658       3.25218328       2.50975005       2.58921671       3.21431986       3.33266989       3.48162333       3.49005985       3.49948661       3.43205674       3.32306004       3.41154671       3.55091985       3.55636660
       3.39426676       3.73193328       3.23480988       2.54733674       3.22301992       3.33483664       3.38154666       3.41323344       3.43136342       3.58376325       5.83048673       6.16322041       6.20392990       6.26278019       6.31999016       6.63399982       7.82946014      10.75527954      13.35898972      15.65678978
      17.70383072      19.61128044      20.91451073      21.91005898      22.97834969      24.11672020      25.14558029      26.04825974      26.44038963      26.10437012      24.91197014      22.95496941      20.56061935      18.50410080      16.63319016      14.91659927      13.13035011      10.68247986       8.42592049       7.16084003
       6.60074997       6.40585995       6.01264000       3.24363677       3.20880349       3.18933328       3.17274666       3.16177336       3.14888000       3.13910675       3.15866661
       3.20842012       3.21017996       3.20709991       3.20624669       3.20499674       3.20033328       3.20766989       3.20868015       3.20591005       3.19659011       3.18080680       3.16881339       3.16408984       3.15669664       3.14457003       3.11678346       3.06500657       3.01898321       3.04531670       3.12184334
       3.17208004       3.18580659       3.20164013       3.25556342       3.31327661       3.39089680       3.48081652       3.47642008       3.51279004       3.52309672       3.53661346       3.55517324       3.56374995       3.58821328       3.59068012       3.58462334       3.55392996       3.53370667       3.52560679       3.51024659
       3.49064986       3.48316669       3.48736668       3.47889328       3.45638657       3.46006680       3.46999009       3.47016652       3.52070681       3.48005994       3.44834328       3.39594682       3.34783649       3.35387675       3.38379002       3.37325986       3.39068667       3.43987338       3.41218344       3.40403334
       3.47305330       3.45358340       3.42478339       3.39735667       3.39733346       3.32092317       3.27228006       3.28789679       3.28132661       3.30428346       3.28780333       3.29082330       3.27558676       3.33122985       3.35389678       3.39474678       3.37041664       2.99016349       3.06108316       3.06434345
       3.23869673       3.24009991       3.22864342       3.24182002       3.25617345       3.26579984       3.26796341       2.85390345       2.39939006       3.02767658       3.33351994       3.40642675       3.48972988       3.54607010       3.50961336       3.43698343       3.34500662       3.49450652       3.53453986       3.41087341
       3.42924658       3.71466001       2.60129658       2.89769681       3.24868679       3.32458337       3.38313007       3.42164008       3.46501986       5.17403673       6.21197033       6.28127956       6.30478001       6.39058971       6.55150986       6.97478008       7.75586033      10.00127983      13.63055038      16.92333984
      19.44499969      21.51184082      22.61701012      23.50637054      24.66749954      25.67410088      26.55335045      27.40560913      27.98393059      27.79165077      26.85131073      25.46010017      23.53602028      21.51094055      19.72410011      17.89602089      15.70466042      13.19840050      11.39437962      10.01204014
       8.89295959       8.14811039       7.33238983       3.43497658       3.29708989       3.26939329       3.23367341       3.23412991       3.23034986       3.20969995       3.19699669
       3.20554002       3.20514997       3.19684347       3.19868342       3.19246991       3.19024340       3.18814341       3.18701998       3.18802993       3.18920994       3.17711671       3.16399002       3.16609669       3.16174348       3.14097659       3.09980996       3.04082012       3.00906340       3.05469672       3.14127318
       3.18673992       3.19085662       3.18389320       3.19719664       3.22725010       3.24721336       3.29983997       3.27191003       3.34412003       3.39009349       3.41877651       3.43020344       3.46072006       3.51266321       3.57404010       3.62178993       3.55915324       3.53585656       3.53895664       3.58486334
       3.61014652       3.60490672       3.59775670       3.50913652       3.52648322       3.50611337       3.49312337       3.48604997       3.49527327       3.45888996       3.44491990       3.42433993       3.39661662       3.37989012       3.38781325       3.37316322       3.37287013       3.38817660       3.38401000       3.38663673
       3.40031656       3.40172672       3.39334329       3.36553319       3.36502330       3.34455331       3.28203328       3.26810678       3.26119995       3.28404999       3.26869996       3.24467659       3.23710664       3.26552677       3.29284986       3.31447983       3.28196653       3.32231998       3.06304010       2.51323334
       2.98123010       3.20730654       3.24133333       3.25093015       3.25981681       3.26812013       3.26250998       2.57613341       2.56398996       3.29034678       3.38223330       3.46260993       3.51242669       3.52721341       3.50612005       3.37882010       3.36894671       3.52464008       3.48481337       3.24556986
       3.63107681       3.28085677       2.50831000       3.10892677       3.24945990       3.31581338       3.36703682       3.43664996       4.84106986       6.49829006       6.57791042       6.62590027       6.69301033       6.66921997       6.78536987       7.22220993       7.70273018       8.77962971      11.33856010      14.24411011
      17.27012062      20.76844025      23.26300049      24.40663910      25.86956978      26.95874023      27.75856972      28.71451187      29.64881897      29.83496094      29.10194016      27.70113945      26.46817017      24.21350098      22.03508949      19.82526970      17.77227020      16.05257988      14.77508926      13.51660919
      12.18206978      10.82971954       9.43976974       3.84243011       3.50063992       3.33749676       3.26890659       3.30104319       3.31787999       3.30636342       3.25047334
       3.22760328       3.21429348       3.20394993       3.19552326       3.19312000       3.18011347       3.18429343       3.17626349       3.17608007       3.17223994       3.16475677       3.15306664       3.15764999       3.15169652       3.12723668       3.07767328       3.00957998       2.99693330       3.04820347       3.12038008
       3.15903346       3.16753324       3.16492335       3.16148663       3.14851348       3.20691681       3.22883987       3.19078668       3.21591345       3.25791995       3.28883998       3.32000001       3.35493660       3.40544987       3.44744015       3.54488659       3.54598331       3.53243987       3.53141658       3.55865320
       3.56363996       3.57437992       3.59648323       3.53417015       3.51565011       3.49956322       3.48945014       3.50247987       3.53511333       3.50717672       3.43247986       3.42270343       3.41096338       3.38336658       3.35412661       3.34149329       3.36436335       3.39279016       3.39044348       3.38523674
       3.40784677       3.38122336       3.35693328       3.36297003       3.37191677       3.34830316       3.32914321       3.31980006       3.31287003       3.31823985       3.29004002       3.25843334       3.24308999       3.23178323       3.23727989       3.23779996       3.30399005       3.26256657       3.14143658       2.89811007
       2.44488001       2.62387339       2.92704995       3.19360669       3.24673335       3.25210667       3.07568995       2.40255674       2.76473999       3.32739003       3.41226991       3.47436015       3.52223333       3.54367669       3.47065989       3.32518323       3.44861666       3.49446996       3.37222989       3.31607342
       3.66711330       2.73333327       2.72815323       3.19035339       3.28831673       3.34817664       3.40234661       4.75959325       6.67156324       6.88475037       6.95695972       7.03682995       7.08638000       7.06665993       7.07831955       7.53164005       8.27632046       8.99110985      10.40583038      12.16320992
      14.37503052      17.09308052      19.87347031      22.31735992      25.04924965      27.17878914      28.50331879      29.92646027      31.31002045      31.80638123      31.29616165      29.54444122      28.20341873      25.88087082      23.26684952      21.40214920      20.22145081      18.95606995      17.47723961      16.42779922
      15.49920082      14.00260925      11.28481328       4.73760986       4.15255006       3.58340677       3.32800325       3.29493014       3.30469672       3.29273669       3.18374666
       3.23799324       3.22313341       3.21518008       3.21165657       3.20246665       3.19697348       3.18949668       3.18493334       3.17678992       3.17665672       3.16530991       3.15584660       3.15176010       3.15030320       3.13944658       3.09476344       3.03097343       2.99283346       3.00390339       3.04290676
       3.07402007       3.08276335       3.09804344       3.09574986       3.05962340       3.11575667       3.19126002       3.17496681       3.17022673       3.17826653       3.20081011       3.23167006       3.24284013       3.29021676       3.34412988       3.44783656       3.51001994       3.56543668       3.54434681       3.55761337
       3.58412011       3.60503006       3.56714662       3.53588994       3.50697009       3.49343999       3.48222001       3.53691991       3.53885333       3.51797009       3.43323676       3.41003990       3.39207013       3.38273017       3.36491013       3.33508333       3.33675003       3.35344664       3.36111005       3.35816669
       3.40645663       3.33174992       3.35286331       3.37323348       3.41986656       3.42435328       3.38936996       3.37226327       3.31431675       3.34919008       3.32950338       3.30401325       3.26188660       3.25689983       3.24962330       3.33171654       3.28610325       3.17512671       3.15507984       3.16744995
       3.06866328       2.81632010       2.57713000       2.47145669       2.73655319       2.94306660       2.64720662       2.28519996       2.85377661       3.33776665       3.38788668       3.44749673       3.48850346       3.50804329       3.36840343       3.32572683       3.49399344       3.44699987       3.21757984       3.57399654
       3.38293680       2.51825333       3.04404990       3.24376329       3.32615662       3.36581326       4.95444663       6.77865331       6.96862984       7.22883987       7.78800964       8.25298977       8.22204971       7.91086006       8.08166027       9.42469978      10.94925022      11.96895981      12.24814987      12.79129982
      14.24806976      15.64946938      17.81936073      20.66859055      24.26094055      27.54962921      29.61832809      31.45785141      32.83174896      33.40232849      33.04571152      31.36853027      29.57910919      27.10293007      24.55467987      23.29516029      22.66604996      21.09531021      19.38532066      18.48381996
      17.80814934      16.66736984      13.03634346       5.65196355       4.96137651       4.18118350       3.58530331       3.34045664       3.30460326       3.26768017       3.11349010
       3.25255680       3.24911340       3.24826336       3.21286678       3.19619338       3.20057329       3.19777330       3.19478321       3.19211006       3.19235325       3.18279680       3.17151006       3.16839345       3.15952015       3.15176678       3.12811661       3.08588664       3.04198011       3.00901985       2.99752998
       2.99883652       3.01378345       3.03587659       3.06005001       3.04580657       3.04832999       3.17711004       3.18926652       3.20108000       3.19624329       3.19224675       3.19847997       3.20129331       3.22007656       3.28232002       3.33619340       3.40646013       3.50179323       3.52482986       3.54610666
       3.55476983       3.58276335       3.55236657       3.52724330       3.48760986       3.48362668       3.51014010       3.58419991       3.56322988       3.51782672       3.48018328       3.42730331       3.39414342       3.38746325       3.39333661       3.38098335       3.36546326       3.34084670       3.31875992       3.33268674
       3.37233671       3.34668668       3.36751652       3.37396336       3.42527326       3.41184680       3.38897324       3.37353675       3.33791002       3.37959989       3.39636008       3.37612343       3.36612988       3.35447343       3.33826669       3.31811015       3.22039000       3.17343998       3.15491676       3.16618347
       3.14634991       3.09028339       3.08058325       2.98075994       2.81141663       2.59521008       2.72121334       2.67906348       2.85977999       3.28755347       3.33495331       3.44707012       3.53612010       3.51224327       3.27455997       3.39046351       3.48618666       3.36358992       3.22723007       3.75251993
       2.96033669       2.59900331       3.22145335       3.30237007       3.91726990       5.53015015       6.82509041       7.14605045       7.62660980       8.61013031       9.73610020      10.56363964      10.67150974      10.01395035      10.01043034      11.91816998      14.16732025      15.65369034      15.99039078      15.86421967
      16.31580925      17.10749054      18.86741066      20.68112946      24.01407051      28.17319107      31.57418060      33.49647903      34.58887863      34.91136932      34.43291855      32.96876907      31.21448898      28.94372177      26.50540924      25.42334938      24.21825981      22.29303932      20.95413017      20.14732933
      19.67958069      18.58021927      14.47702349       6.63629979       5.40566317       4.63853995       3.87806002       3.45463339       3.36460654       3.26084328       2.98825010
       3.26509666       3.26068338       3.25677681       3.23613008       3.21680673       3.20786985       3.19909318       3.19943682       3.19976997       3.19536336       3.18966325       3.18174680       3.17801666       3.17859681       3.16985321       3.15412680       3.13470999       3.11266009       3.08776665       3.06915665
       3.06754653       3.07994684       3.09511662       3.12708346       3.10675335       3.08555667       3.15219657       3.19911321       3.22583993       3.19735336       3.19897334       3.18196328       3.17669996       3.18298340       3.24240685       3.25888348       3.31554349       3.40357335       3.49711323       3.56929334
       3.56827990       3.59904671       3.53221003       3.51594003       3.49433327       3.52477328       3.53246339       3.58790334       3.52556006       3.48466015       3.47447014       3.43777339       3.42352994       3.42642657       3.43819014       3.43937651       3.41201655       3.37142340       3.33950996       3.34412003
       3.35424010       3.34547997       3.34073671       3.35033003       3.38305664       3.35571671       3.35365327       3.33728663       3.34949652       3.36308988       3.39282322       3.36474323       3.33454323       3.32224655       3.35651334       3.27263323       3.23770332       3.18788656       3.20682653       3.20413335
       3.14020665       3.19624011       3.13619677       3.09344991       3.17835331       3.19543012       3.25682004       3.00974655       2.59652996       3.21168677       3.36001682       3.45256329       3.48054345       3.40738010       3.25105667       3.45479329       3.44085344       3.21939659       3.47088655       3.82984002
       2.62381665       2.97760677       3.51613669       4.98566682       6.53385347       7.29963970       7.63640022       8.11651039       9.41858006      10.84914017      12.19368935      13.20713997      13.51140976      12.89896011      12.62406921      14.56458092      17.55536079      19.76827049      20.03829002      19.71896935
      19.64789963      20.51899910      21.46701050      22.24758911      24.56631088      28.25672913      32.82759857      35.61705017      36.50598145      36.72296143      36.26544952      34.91159058      33.17887115      31.11671829      28.93181992      27.23181915      25.19894028      23.34589958      22.18613052      21.18358994
      20.36660004      18.98218918      15.27881358       7.50256660       5.36157354       4.81842995       4.22620328       3.71751340       3.51891994       3.24558671       2.89604664
       3.26176325       3.26301003       3.25226657       3.22883352       3.21127987       3.20530987       3.19876989       3.20311324       3.20540015       3.20471001       3.20334657       3.19458326       3.18845654       3.18937333       3.18498675       3.17656994       3.16344325       3.15495682       3.14332994       3.14109993
       3.14399338       3.15577666       3.18061988       3.20638339       3.22938665       3.21779664       3.16016324       3.21409671       3.20490328       3.19809659       3.19366678       3.12504323       3.13179652       3.16183345       3.22983996       3.30447324       3.34934012       3.32721996       3.45223681       3.52993011
       3.53416665       3.54159323       3.49038347       3.48951340       3.49225680       3.51644007       3.52643331       3.55515003       3.52154001       3.47495015       3.46766663       3.45156670       3.45551682       3.45353667       3.45667330       3.46116988       3.44703325       3.39982986       3.35707347       3.37729994
       3.38289992       3.37690004       3.35378011       3.39251677       3.36219660       3.34218343       3.33251317       3.32124996       3.34123993       3.37873014       3.33802986       3.32949670       3.30908012       3.30376339       3.32874997       3.33015347       3.36182658       3.25807985       3.15122318       3.13162327
       3.11035347       3.29207007       3.22432677       3.22999668       3.25335662       3.27097988       3.27651660       3.11789004       2.51028331       3.20036348       3.43115997       3.56595675       3.50549348       3.34641012       3.30869325       3.48021348       3.37828000       3.17158318       3.71313318       3.30636342
       3.24279668       5.00757014       6.25568008       7.08102989       8.33885956       9.72597980      10.34383011      10.90653992      12.16346931      13.69491959      15.17067909      16.12258911      16.40464020      15.64772034      15.18481064      16.94860077      20.13088989      22.99721909      23.73387909      23.74546051
      24.36759949      25.30352974      25.03347015      25.00536919      26.43869019      29.37694931      33.54317856      37.33032990      38.37139893      38.56512070      38.07233810      36.57678986      35.17187119      33.17565155      31.46525192      29.25067902      26.76605034      24.75608063      23.39398003      22.11129951
      20.73485947      18.87528992      15.89430339       8.27499313       5.24783675       4.73000654       4.24557336       3.81457011       3.59215005       3.22508653       2.89288998
       3.29367320       3.27280013       3.25196330       3.24109332       3.21763007       3.19892661       3.19352659       3.19423008       3.20164331       3.20368004       3.20883338       3.20593993       3.19530996       3.19305325       3.19055653       3.18467999       3.17621326       3.16214657       3.15929317       3.16488330
       3.16123676       3.17958991       3.20344321       3.22710673       3.26161321       3.28063997       3.18199348       3.19546000       3.17020671       3.16000017       3.13673337       3.01137320       3.00757662       3.06170654       3.16405996       3.34860675       3.42114671       3.34667015       3.42965666       3.50819651
       3.49878343       3.48616664       3.46586005       3.44871998       3.45479997       3.46582349       3.49788666       3.47534657       3.44976330       3.44941012       3.45551014       3.45646985       3.46929995       3.46181997       3.45329984       3.45248000       3.43988323       3.40863323       3.37915325       3.40009340
       3.41825008       3.40656344       3.36766656       3.39338652       3.35036659       3.32474009       3.35583337       3.32868989       3.34900665       3.36242994       3.27543004       3.27331320       3.32785002       3.36196327       3.30812677       3.35625331       3.23309008       3.19272995       3.10005665       3.08438333
       3.16562653       3.22751999       3.33493010       3.24067656       3.23927339       3.25985654       3.00427341       2.55935001       2.77760665       3.29515012       3.47682667       3.49219672       3.49342664       3.28855991       3.39091333       3.45256996       3.27734343       3.30882327       4.32085005       4.44785976
       4.27260017       6.29162979       7.55603981       9.33716965      11.53429985      13.70191956      14.81916046      15.27975082      15.95467949      17.14291954      18.54006958      19.31543922      19.16793060      18.17600060      17.49271011      19.03755951      21.98069000      24.96434975      26.61360931      27.35590935
      28.63058090      30.14923859      30.21480942      29.39160156      29.86846161      31.35268021      34.82099915      38.70671082      39.95269012      40.01309967      39.54391861      38.21826172      36.99570847      35.19322968      33.50690842      31.48524857      29.03255844      26.59210014      24.71213913      22.88245010
      20.72514915      18.30188942      15.71235085       9.15539022       5.25205326       4.61093012       4.03319677       3.70630010       3.53844674       3.16523329       2.91699346
       3.30281671       3.27892335       3.26676337       3.25863012       3.23882675       3.22894986       3.22456678       3.21898651       3.20852661       3.21446991       3.20899995       3.19799678       3.19068654       3.19304339       3.19385656       3.18633684       3.18024000       3.17188994       3.16956679       3.17350674
       3.17079989       3.18000984       3.19769986       3.20654011       3.21960322       3.24397659       3.18640010       3.16840331       3.16468016       3.14430682       3.11310323       3.04175345       2.97990004       2.99215666       3.07620335       3.17804654       3.26451651       3.26423677       3.36920675       3.47821999
       3.47484652       3.47553984       3.47093010       3.47177347       3.48307673       3.46628666       3.50353654       3.45363331       3.43272654       3.41920344       3.42203331       3.41463343       3.41027006       3.40583007       3.41283989       3.41398652       3.39841652       3.38057677       3.37753677       3.42459329
       3.44403998       3.44426664       3.40872987       3.41239007       3.38033676       3.35204347       3.37442334       3.35275682       3.40297667       3.37742329       3.27633317       3.28966331       3.30808322       3.37217999       3.30374654       3.29358006       3.27209345       3.13617325       3.15163994       3.20253340
       3.21658675       3.21524334       3.22261651       3.21971003       3.17161338       2.82647991       2.50539668       2.98683675       3.23272673       3.37303670       3.53130658       3.48228995       3.42743333       3.27578322       3.44170984       3.39474678       3.16710663       4.75419324       6.34380334       3.75602007
       5.38574028       7.80613995      10.18966007      12.71873093      14.97183990      17.30233002      18.60713959      19.33155060      19.75366020      20.60062027      21.50412941      21.83538055      21.39226913      20.27688980      19.61638069      20.72347069      23.33266068      26.56217957      28.98720932      30.54513168
      31.92766190      33.50759888      34.62488174      34.42374039      33.85437012      34.23220062      36.63970184      40.03725815      41.43098068      41.51007843      40.93373108      39.91461945      38.63991165      36.91992188      35.23785019      33.43225098      31.24760056      28.77993011      26.26549911      23.96326065
      21.26481056      18.45895004      16.02968025      10.15045011       5.38156319       4.73110676       4.08640671       3.68275992       3.52064673       3.10294342       2.94693661
       3.30136998       3.28265985       3.29574331       3.28806655       3.24532668       3.22555987       3.21439012       3.23401324       3.23390325       3.23086007       3.24533653       3.23749320       3.21774324       3.21335665       3.21972656       3.20381323       3.19186338       3.18506336       3.17446995       3.17727343
       3.18655682       3.19729010       3.19211006       3.19983673       3.21175989       3.18039989       3.16506990       3.16200002       3.18182341       3.19474347       3.16858323       3.13888995       3.10113335       3.04829661       3.02090327       3.13709672       3.18146006       3.20164998       3.29445998       3.42374674
       3.45737330       3.45275338       3.48248005       3.46945349       3.45809333       3.45377986       3.49360657       3.45268663       3.44281006       3.40755653       3.38847319       3.37150987       3.37103653       3.37331009       3.37294992       3.37340991       3.37149334       3.36297671       3.36684004       3.38886674
       3.38260333       3.36871656       3.36939653       3.37535985       3.38810317       3.36574332       3.35391331       3.35996342       3.33565680       3.33305995       3.31232007       3.27835655       3.26589012       3.33085346       3.27503999       3.25051339       3.31106345       3.18985335       3.20201651       3.15877660
       3.13537343       3.18905989       3.20552667       3.09376653       2.61712329       2.59821002       3.18247000       3.26673985       3.30692323       3.40371672       3.50465679       3.49288336       3.37210655       3.31158670       3.46971321       3.32084338       3.49094326       5.57184996       6.58302975       3.91212988
       7.32518005      10.08010006      13.71721077      15.85429001      18.08543994      19.56784658      20.79588031      22.00607015      23.06418037      23.95166969      24.51926041      24.34333038      23.63957024      22.16045952      21.42342949      22.31135941      24.83629036      28.54404068      31.05355835      33.15369034
      35.22238922      36.97737885      37.76826096      37.94939041      37.50732040      37.59410095      38.52389145      40.60374069      42.09751892      42.48168945      42.14820099      41.28330994      39.84532928      38.31018066      36.69353867      35.20901108      33.12141037      30.89393997      28.46704865      25.91654968
      22.72176933      19.74485970      16.85843086      10.59005648       5.30708345       4.66897329       4.09143321       3.71231333       3.54950651       3.08362007       2.95785014
       3.29543336       3.26785342       3.29305998       3.29462655       3.25645669       3.24772676       3.22719987       3.23530006       3.24349340       3.23349667       3.24664656       3.25371679       3.24295680       3.23215326       3.23819669       3.24483013       3.23753007       3.22211679       3.20789655       3.20842679
       3.20415656       3.21623675       3.18787003       3.20963319       3.22839991       3.19669342       3.15257009       3.13745340       3.15281328       3.17048009       3.16227341       3.15581004       3.12007999       3.07257334       3.02908993       3.14045016       3.16357327       3.18196328       3.23607000       3.36229006
       3.45999654       3.42731984       3.49232324       3.49211661       3.49527995       3.49695651       3.51202679       3.45933342       3.43537998       3.42035325       3.40288671       3.38635667       3.38670667       3.39039993       3.39561335       3.39957333       3.40367985       3.40255324       3.40635331       3.39801343
       3.38387680       3.36609014       3.34720993       3.33312988       3.34283988       3.34979343       3.34278329       3.31958326       3.29517333       3.30584653       3.31181653       3.27541669       3.23707994       3.27414004       3.28146331       3.34301662       3.46822675       3.23919996       3.16851997       3.12878672
       3.19056320       3.32724667       3.21258322       2.67955653       2.83872986       3.23465347       3.30095673       3.31350009       3.36434682       3.42527676       3.48650678       3.47880332       3.32211653       3.33165995       3.45783011       3.24473349       3.32223320       4.96513987       5.56404018       4.97294998
       9.26537991      11.64496641      13.85700338      15.48718356      17.12917658      18.65582016      20.11643641      21.59262362      23.08178652      24.37008972      25.47221980      26.43213033      25.37482071      23.78738022      23.05415916      23.98617935      27.10386086      30.23920059      34.54008102      37.61669922
      39.50825882      40.70804977      41.79534149      42.18088150      41.01314163      39.84589005      40.03205109      41.01591110      42.18360901      43.03884888      43.15652847      42.30569077      40.82749939      39.41508102      38.17621994      36.99898148      35.43262863      32.87488937      30.30612183      27.59929085
      24.34540939      21.34693909      18.11643028      10.56248334       5.22593339       4.41912683       3.84221331       3.66748333       3.45654329       3.04247665       2.97806994
       3.29297320       3.26761341       3.29743671       3.28135999       3.25352987       3.25114346       3.23563321       3.23578326       3.24096998       3.23335679       3.22738330       3.24933656       3.24428654       3.23481337       3.21983655       3.23184681       3.23607667       3.23938656       3.25189336       3.25651328
       3.24654325       3.23694007       3.22115326       3.21023655       3.22284349       3.18943659       3.16183345       3.14987659       3.14756330       3.14143340       3.13199997       3.12940343       3.09772333       3.04673990       3.03015677       3.15141996       3.10909653       3.14045334       3.20588334       3.31945324
       3.44959672       3.44659678       3.52188333       3.51469008       3.52936014       3.53127988       3.51811345       3.46306324       3.43972333       3.42088668       3.39878337       3.39756330       3.40406990       3.40291341       3.41317654       3.42363675       3.42634328       3.44151338       3.45956326       3.44729328
       3.41505337       3.38294665       3.35261663       3.34608650       3.34113344       3.33923658       3.34095001       3.32629013       3.30071322       3.28975328       3.29323991       3.30400340       3.27926318       3.27616342       3.28366661       3.26113987       3.29423014       3.24455007       3.14491336       3.35285346
       3.24072329       3.22129345       3.09646988       2.56974999       3.20201333       3.25069682       3.28658994       3.32323996       3.35276000       3.42083677       3.48334344       3.44201660       3.31363996       3.38032659       3.42506663       3.18127664       3.69046656       4.34729659       4.66579336       6.37051996
       8.64897989      10.33238678      12.15935020      13.93605334      15.70487340      17.34057325      19.01402334      20.65278638      22.25500018      23.70294317      25.03152364      26.09242681      25.73282051      24.55541992      24.05603027      25.62991905      28.48675156      33.40859985      38.24185181      41.02337265
      42.87088292      44.09416962      44.67412949      44.66831970      43.55807114      42.28540802      41.65018845      41.74707031      42.62176895      43.49300003      43.71393967      43.06253052      41.79600143      40.36581039      39.14743042      37.86763662      35.97112706      33.65504023      31.19766973      28.62751389
      26.03822988      23.21768951      18.47414652      10.89498329       5.45684306       4.37981319       3.78632673       3.58574677       3.21929995       2.98928324       2.99031989
       3.29957994       3.28308678       3.30020014       3.27407010       3.25455666       3.25688330       3.24465656       3.24278673       3.24626001       3.24151325       3.24008656       3.27563985       3.25109673       3.23917675       3.22394339       3.22664674       3.24291325       3.24811014       3.26799329       3.31630675
       3.31201998       3.32695007       3.27123992       3.23661995       3.20527331       3.15841007       3.17858346       3.18377336       3.17451986       3.14266332       3.12542343       3.12893327       3.09830983       3.05429999       2.97356002       3.07931678       3.07166004       3.10526339       3.18237654       3.27157656
       3.41066996       3.43886662       3.53269672       3.51216348       3.49423663       3.49137338       3.45267995       3.42434343       3.41356659       3.42205334       3.41580995       3.40815989       3.39266682       3.38234011       3.38709990       3.40084998       3.40509669       3.41427994       3.42165343       3.41462326
       3.39397335       3.36418343       3.35152658       3.35806656       3.35728995       3.34713682       3.34107653       3.33414332       3.31632996       3.30200672       3.27529335       3.26579666       3.24846999       3.17241001       3.21255016       3.24018987       3.25723680       3.22253323       3.19867992       3.34201336
       3.25471338       3.10991001       3.06395340       2.67215983       3.15711339       3.29030673       3.29935010       3.31510671       3.33917332       3.43233999       3.45492013       3.44913324       3.33290005       3.42284997       3.38977655       3.18603675       3.81136990       3.83325005       3.67615008       5.97345346
       7.75931338       9.01148348      10.63867991      12.40850685      14.20829315      15.94408663      17.67687668      19.44344332      21.16177694      22.73228976      24.13961301      25.41096647      25.48435974      24.73397064      24.91575050      26.59790039      30.45705032      35.07508087      39.87581685      42.42547379
      44.23200607      45.68103027      45.95555878      46.06549072      45.75825119      44.90303040      43.81412888      43.48820877      44.01351166      44.38042831      44.33158875      43.58288956      42.55567169      41.26232147      39.90513992      37.95629720      35.96661331      33.77721349      31.35876653      28.80128276
      26.26827980      23.69312317      18.66799672      11.18505681       5.91346677       4.65207322       3.85433674       3.54589653       3.15037346       2.94907665       2.96183014
       3.28866323       3.28647677       3.29448318       3.26683013       3.26762327       3.26644675       3.25170326       3.24212678       3.24758339       3.26077334       3.27243678       3.30246003       3.26201661       3.23777008       3.22769324       3.22408009       3.23658657       3.25270653       3.27567323       3.32674662
       3.32733345       3.36850007       3.35247676       3.35892328       3.30261993       3.18076007       3.17908319       3.18854682       3.18988673       3.15705013       3.15076001       3.15314325       3.12967682       3.08534654       2.96155993       2.98196348       3.03888003       3.07186000       3.15410010       3.22199663
       3.35827001       3.43502013       3.43325011       3.42945321       3.43888346       3.44016329       3.40976683       3.41570663       3.40846348       3.42162991       3.41941992       3.41565673       3.40784327       3.39310996       3.37720998       3.37223339       3.36981010       3.37142658       3.38675340       3.39341323
       3.37880993       3.35588328       3.35236994       3.36809667       3.36878014       3.35252984       3.34475009       3.32158661       3.30777677       3.31521670       3.29770343       3.26815669       3.19711336       3.08881664       3.07398669       3.27330653       3.25553672       3.22272333       3.26526674       3.23412005
       3.16403325       3.12237008       3.11726665       2.72367986       3.11271318       3.31127993       3.31921673       3.30507660       3.38930670       3.43533993       3.46658007       3.48626995       3.32078330       3.44196987       3.36206341       3.24527995       3.86520004       3.80346680       2.93978341       5.36230011
       6.56529348       7.51207652       8.95469353      10.79752658      12.60907974      14.40644986      16.21418325      18.03970011      19.84598010      21.54053650      23.12998655      24.61614985      24.96290970      24.39211082      24.76552963      27.49786949      31.55865097      36.37707901      40.64982605      43.19565379
      45.16040014      46.52103043      46.90718079      47.14519882      47.30992889      46.92702866      46.03773880      45.71120071      46.23995972      46.18741989      45.12585831      43.94396973      42.78398895      41.62934113      39.95524673      37.86188283      35.80878688      33.60755351      31.21864975      28.69302343
      26.15330053      23.46206357      18.52521642      11.28875313       6.32283656       5.11977005       4.08599345       3.51298014       3.06108348       2.95612653       3.12482325
       3.27941322       3.28811328       3.29187679       3.25596650       3.26600679       3.26605002       3.24206320       3.23701318       3.24712658       3.26703676       3.29435666       3.30992349       3.27107334       3.25152334       3.23734665       3.22043006       3.22980340       3.24780655       3.28988679       3.31102657
       3.31265322       3.33893331       3.33797995       3.35285346       3.31372007       3.22287337       3.19333013       3.18043009       3.18417994       3.16087659       3.17335669       3.17436345       3.16409651       3.14441681       3.07544009       2.96528657       2.99529680       3.05059338       3.12160683       3.17656676
       3.34406344       3.42689006       3.41834323       3.42052015       3.42661985       3.43638007       3.39820989       3.38882001       3.40898673       3.41851997       3.41278013       3.40336323       3.39690653       3.38239002       3.37964344       3.38606008       3.39082336       3.39515336       3.40450668       3.40458997
       3.37536653       3.35186672       3.34790675       3.34427675       3.34974321       3.34991995       3.32994652       3.30432669       3.30066331       3.29509322       3.28282007       3.26878993       3.19285329       3.07434654       3.02520657       3.20359993       3.26271343       3.21755346       3.24995677       3.22588984
       3.19255002       3.16668669       3.35571671       2.69326655       3.29270013       3.33662001       3.34712346       3.38641326       3.42721335       3.42912006       3.43763002       3.49429989       3.30751324       3.44996007       3.34473991       3.34769344       3.88952001       3.79513995       3.03282007       4.79373995
       4.99387328       5.64383315       7.02607697       8.93720688      10.83892975      12.72345978      14.61096336      16.49727359      18.43699974      20.38138682      22.23419001      23.92514323      23.98316002      23.07641983      25.07859039      28.55403137      32.80577087      37.73062134      41.28654302      43.85290985
      45.95170034      46.94916916      47.63182831      48.08911133      48.18444061      47.93095016      47.54544830      47.36594009      47.29802699      46.95537618      45.84751129      44.36161041      42.95692062      41.56087875      39.89001389      37.80157059      35.69812663      33.56174276      31.22066986      28.76557948
      25.99477966      23.07291339      17.96655019      11.04017359       6.43900363       5.35962359       4.17775345       3.39481672       2.97605324       3.14909681       3.25139681
       3.28472996       3.29209677       3.29763667       3.27227656       3.27248987       3.26521015       3.24109014       3.23601659       3.24037997       3.26111348       3.28601329       3.28906345       3.26344681       3.26644325       3.25846322       3.23919678       3.23223337       3.25762335       3.28483677       3.28371652
       3.29555003       3.30750656       3.29968675       3.31986332       3.26704343       3.22986666       3.21737321       3.19872316       3.18200334       3.15684001       3.17127323       3.17203681       3.17017333       3.18025335       3.11917655       3.05819988       2.92997328       2.98664665       3.10242335       3.16655000
       3.31897004       3.42762343       3.40020339       3.44065348       3.43570677       3.43633334       3.39970016       3.39743678       3.40102323       3.40870667       3.40740681       3.40231991       3.40299002       3.40369670       3.41073322       3.42053668       3.41996320       3.42761008       3.44069990       3.41768328
       3.37420654       3.35768000       3.34793663       3.32767995       3.32536348       3.32516988       3.30269655       3.29518318       3.30318673       3.29969660       3.28590012       3.24655660       3.15516663       3.05904992       3.02314345       3.09611320       3.28978666       3.26416651       3.26379999       3.23318005
       3.18954341       3.20532990       3.38520654       2.80591011       3.21095339       3.31684653       3.38213348       3.43597317       3.48703003       3.49314658       3.47549661       3.43474674       3.34565989       3.45286655       3.33621343       3.44408003       3.93261337       3.87904326       3.41191324       4.27145322
       4.40555318       4.83850670       5.38276672       7.23199023       9.24547971      11.18473646      12.99198306      14.81613640      16.88721001      19.15066325      21.20871984      22.85141945      21.92828941      22.21694946      25.63747978      29.59146118      34.48469925      39.14680939      42.17526271      44.60630391
      46.42417145      47.47399902      48.43957138      49.01271820      49.20362854      48.99819946      48.71654129      48.34871668      47.77154160      47.13063049      45.93170929      44.42382812      42.79198837      41.30310059      39.71804326      37.65891301      35.65423630      33.55994344      31.33466278      28.75786031
      25.59424296      22.19332664      17.11211014      10.35843646       6.10478020       5.07456334       3.90213998       3.16957664       3.01030350       3.22353331       3.28221671
       3.27796014       3.29629993       3.29222997       3.28472328       3.28786659       3.26718330       3.24857998       3.24656995       3.24732653       3.26924324       3.28485330       3.28705343       3.26493994       3.27581660       3.27709325       3.26065667       3.23585987       3.25468318       3.27206993       3.25125662
       3.25611337       3.28288015       3.27726332       3.30483341       3.24466991       3.22506682       3.22435347       3.23059654       3.20952988       3.17039013       3.16320674       3.16605663       3.17822011       3.18606663       3.13151328       3.08450317       2.99017652       2.92140007       3.05934334       3.18025653
       3.32362684       3.41775990       3.42446009       3.43524011       3.41493988       3.41517989       3.39111678       3.37271341       3.37702656       3.39409987       3.39527003       3.40386327       3.41566658       3.41816012       3.41685677       3.40966670       3.40676657       3.41490014       3.41881339       3.39371014
       3.36424669       3.36457666       3.35410341       3.33589013       3.33390331       3.32242012       3.30141671       3.30360349       3.32065678       3.31412665       3.27568658       3.20742321       3.11126995       3.05436325       3.04688676       3.08965015       3.24599997       3.29931990       3.24714661       3.19968669
       3.18992329       3.37217331       2.77067343       3.17980671       3.17910989       3.27205340       3.38172658       3.42963346       3.48294989       3.53382015       3.43509324       3.32307657       3.33914661       3.46850014       3.33839003       3.57411003       3.99383005       3.95075003       3.63602320       3.86194324
       4.00231012       4.42147319       5.21299013       5.73023033       7.77053006       9.71189677      11.27179311      12.99238358      15.18007673      17.49769020      19.31718063      19.65928078      19.56538010      22.60920906      26.54425049      31.63240814      36.69819311      40.15269292      43.05298335      45.55088679
      47.42802048      48.46445847      49.28453827      49.79468918      50.02429962      49.96371078      49.64676361      49.00477651      48.19305038      47.14178848      46.00114059      44.37134171      42.63558960      41.18896103      39.50226339      37.32003632      35.15407003      33.02529704      30.64400635      27.68436941
      24.33894005      21.03638980      16.00828361       9.39849345       5.39587975       4.47125340       3.52009328       3.02943325       3.07583332       3.23894342       3.28706010
       3.27707005       3.29973666       3.29152679       3.29687659       3.30086994       3.27232011       3.25257651       3.25334994       3.26069323       3.27726014       3.29354668       3.29727014       3.28869343       3.30295658       3.30808671       3.27203337       3.25118669       3.25815678       3.25899347       3.23806667
       3.23401324       3.25137011       3.26442337       3.30097675       3.22531319       3.22458680       3.23344008       3.23852984       3.25025654       3.21486664       3.19184653       3.17688338       3.18158658       3.18360678       3.15959994       3.09431330       3.05068334       2.98294004       3.01889674       3.18104680
       3.31969007       3.38028336       3.41436323       3.42190011       3.40238667       3.40014680       3.38686657       3.36526680       3.36885675       3.37403011       3.38368003       3.40317663       3.41017660       3.41296991       3.41191673       3.39520327       3.38953654       3.40222677       3.39695326       3.37628333
       3.36294333       3.36474673       3.34885661       3.34123993       3.35330995       3.35787010       3.35120996       3.34849675       3.34319337       3.31924661       3.26965332       3.19136651       3.10088666       3.05263996       3.06070677       3.09792010       3.19822343       3.32214324       3.26608658       3.16918659
       3.16941007       2.72961330       2.96494675       3.22799683       3.21827348       3.28498332       3.27866332       3.33137004       3.35320663       3.47788016       3.48046652       3.33085664       3.29961014       3.49442323       3.35339673       3.62203344       3.99256674       3.86054675       3.31098652       3.82914988
       3.92954000       4.09905656       4.65805340       5.01388995       5.81122004       7.66269002       9.10786327      10.86653661      12.59803009      13.97911072      15.17605972      16.82280922      18.98027039      23.42251968      28.59049988      33.32545090      37.33752670      40.77989655      43.75201340      46.53400701
      48.77219009      49.55739975      50.23176956      50.53752899      50.64754868      50.57321930      50.18584061      49.33649826      48.45729828      47.38331985      45.97378922      44.32141113      42.48826981      40.84029007      39.26302694      36.68470296      34.00070297      31.45106043      28.79037969      25.84632988
      22.51847076      18.64435959      14.83752696       8.40865974       4.62104003       3.86577320       3.20755005       3.02156671       3.12307008       3.22800318       3.25392342
       3.27661673       3.30260340       3.28824329       3.30284341       3.29767323       3.28218333       3.25287660       3.26343346       3.27356339       3.28056653       3.30229346       3.29643345       3.30781015       3.32259337       3.32398001       3.31452338       3.29878012       3.28483677       3.27539317       3.24314658
       3.22347991       3.22277323       3.24720319       3.25907326       3.20951335       3.21216997       3.22824001       3.25146008       3.25100676       3.23899015       3.22433345       3.21738338       3.18138345       3.15451654       3.15024662       3.08850002       3.01925341       3.04102008       3.01322333       3.19817670
       3.26521683       3.32570012       3.39072005       3.40111987       3.42146015       3.38864009       3.36859671       3.36432330       3.37150002       3.36599000       3.37473996       3.39722665       3.40277990       3.40740013       3.41253662       3.40303993       3.40016651       3.42022991       3.42424011       3.40935326
       3.40323321       3.39568679       3.37389660       3.36603991       3.37436326       3.38643328       3.38273335       3.36487675       3.32653014       3.29601669       3.27462324       3.22086016       3.14235338       3.08982340       3.09562016       3.12850666       3.17267005       3.27170340       3.32866987       3.14347331
       2.60960340       2.44044669       3.17141660       3.21001657       3.27538331       3.27711328       3.21625010       3.24088319       3.34009997       3.46306674       3.53243669       3.38745658       3.27796682       3.50603676       3.37242985       3.65312990       4.04598999       3.94665655       3.11311340       3.75398318
       3.90391668       3.94550006       3.97283681       4.12902991       4.39853668       5.21331676       6.97526672       8.29183960       8.96712971      10.42646027      12.65859032      16.04479027      19.85289001      25.43029976      30.69225616      34.44611969      37.86764043      41.20646362      44.35111364      47.35730031
      49.41933060      50.41754913      50.94371033      51.13259125      51.06887054      50.78152084      50.18569946      49.36505890      48.52753830      47.38245010      45.85543823      43.92166901      41.42049026      39.18698883      37.46981812      35.38932037      31.82923126      27.83189011      24.75692940      21.84997940
      18.67443085      15.40353966      12.37070084       7.44752337       3.98667336       3.43708324       3.09523996       3.03669993       3.15762011       3.23106670       3.23003991
       3.28144677       3.31129011       3.29651674       3.30025673       3.29243342       3.28207016       3.26292006       3.25034332       3.27045345       3.28313001       3.30143325       3.28108342       3.30914656       3.33760325       3.35794004       3.35335318       3.36395677       3.35752010       3.34083335       3.29722341
       3.27344004       3.26089001       3.28113651       3.26052666       3.20478662       3.20606009       3.22117011       3.23816681       3.23804665       3.23699665       3.23373350       3.23576323       3.20907656       3.12823327       3.12440014       3.08226681       3.02242661       3.05451330       3.03006331       3.18432681
       3.22218005       3.24234327       3.35350005       3.39308993       3.40668329       3.39300982       3.39629332       3.38452657       3.37016678       3.36006991       3.37429015       3.38968341       3.39350986       3.40503661       3.41488012       3.42531331       3.44410006       3.46442668       3.45850658       3.44941330
       3.43744659       3.42518330       3.41279348       3.40191332       3.40264670       3.40481663       3.40349325       3.38418674       3.33266671       3.29213015       3.26197338       3.20453676       3.14376990       3.13409678       3.16171010       3.18820349       3.23631986       3.28453668       3.24203014       2.91845989
       2.49248664       2.53794670       3.00031344       3.14885680       3.19629987       3.21670659       3.00023333       2.79769675       2.83350658       3.22954655       3.48946317       3.28377660       3.19046656       3.50822004       3.39717992       3.61597665       4.07464345       3.87032668       3.09792010       3.64890671
       3.85139338       3.90673319       3.91808987       3.92402681       3.93261655       3.93141994       5.87270330       7.69009972       7.94429016       8.80881023      12.58999062      15.95253944      21.02123070      26.48491336      30.56383311      34.19213603      37.44761714      40.52055608      43.65614634      46.54670334
      49.22436971      50.35911179      50.83596039      51.03776169      50.90341187      50.62044144      49.89269328      48.99971624      48.06574646      46.91762924      45.42010117      42.21508026      38.83309174      35.96390915      34.13259888      32.58940887      29.34022903      25.04232025      21.32262993      18.09329987
      15.10794067      12.35577965       9.93393040       4.94679988       3.50835673       3.24427350       3.07033348       3.09580994       3.25260321       3.23821990       3.23232333
       3.28293006       3.30782986       3.29428991       3.31573009       3.29580339       3.29117330       3.28043652       3.25916322       3.26841990       3.28093338       3.29625670       3.27726682       3.30386670       3.35372988       3.37760989       3.38715013       3.44212659       3.47360992       3.45885340       3.40078004
       3.40691344       3.37564659       3.35540676       3.29142348       3.24902344       3.23802344       3.23937988       3.24223677       3.22761345       3.23744996       3.24282678       3.24484666       3.25540988       3.18615659       3.16443348       3.12868659       3.08789666       3.05395985       3.04098320       3.17951679
       3.16851997       3.15814654       3.30467669       3.38252672       3.40465323       3.39020665       3.38635667       3.38612652       3.37460009       3.36483002       3.38302326       3.39533997       3.40480328       3.42204348       3.42902342       3.44976997       3.46874015       3.47714678       3.46842670       3.46923669
       3.45329666       3.43557008       3.43575001       3.45031007       3.42886003       3.42696985       3.42437681       3.38215987       3.30934334       3.25715987       3.22991657       3.19049676       3.15401999       3.16482321       3.22359339       3.14820989       2.90735658       2.57596334       2.97141012       3.32723681
       3.29327997       2.93732993       2.73495674       3.09031010       3.07793013       2.99528344       2.69896666       2.97452672       2.85640335       2.68570995       3.05650679       3.29806995       3.29969660       3.50414340       3.42580986       3.37877655       3.84006341       3.75138346       3.07686011       3.56542333
       3.76736323       3.82918676       3.86827342       3.87594668       3.86424669       3.83813349       5.09865653       7.01729323       7.63741016       8.50525951      12.55529976      16.70070076      21.42790970      25.38474660      29.16857300      32.74028315      35.86282288      38.64797679      41.45175278      44.18092728
      46.65203369      49.01678635      49.89861974      49.42896673      48.87871297      48.24305959      47.51226384      46.74454946      45.82511948      44.75637716      43.21033096      39.50712967      35.41403961      31.97946167      29.40213013      27.45148087      25.22677040      22.20645905      18.54540062      15.31815910
      12.51285934      10.10988998       6.16745996       3.55866655       3.32696660       3.14247004       3.11844667       3.30611324       3.32732995       3.26523336       3.23948002
       3.28528659       3.30476665       3.28576660       3.32022349       3.31007671       3.30210336       3.29229991       3.26090654       3.25855001       3.27541987       3.29200331       3.28151671       3.30395985       3.34068998       3.37505658       3.41361014       3.47261651       3.51364676       3.50661659       3.49170653
       3.52249336       3.52313328       3.51255671       3.39188989       3.34093666       3.32511679       3.29628658       3.27662659       3.25155989       3.25334676       3.25620651       3.25488663       3.27423318       3.20111338       3.20755005       3.16746330       3.15662320       3.08711656       3.06318347       3.19402345
       3.13749345       3.10606321       3.24120680       3.35945320       3.39446672       3.38041655       3.38012346       3.39168326       3.38378652       3.36809985       3.37345664       3.39210987       3.40351327       3.41444016       3.42428652       3.45048332       3.46658325       3.46163654       3.45107651       3.45718002
       3.46034336       3.43208345       3.44158332       3.44597658       3.44247659       3.43380006       3.40996679       3.35449346       3.27298323       3.23493004       3.22261333       3.15477339       3.12487348       2.97294680       2.66202672       2.52875996       2.71383985       3.04294999       3.22269662       3.29071999
       3.30425676       3.29423014       2.83551661       2.69125652       2.72754320       2.77353001       3.06903680       3.17971007       3.23638662       2.90722656       2.90773678       3.50711346       3.39200338       3.50387669       3.46000989       3.29894988       3.74294345       3.76570320       3.13168335       3.47029336
       3.70524661       3.77857653       3.82135010       3.80320009       3.79205672       3.77543004       4.35164324       6.19556681       7.38803005       8.49654961      12.15222931      16.69243685      20.16803665      23.90003675      27.47992706      30.87412999      33.92693024      36.60167618      39.07267660      41.49806341
      43.85917002      46.11877391      46.89446284      46.45097682      46.05283610      45.59197032      45.00267385      44.29868342      43.44248021      42.39317067      40.82673950      36.66598129      32.25825882      28.42121124      25.38747025      23.24559021      21.73166084      19.32783979      15.84162025      12.38069661
       8.97716319       5.78149993       3.68673325       3.34151681       3.21724987       3.10060660       3.32154655       3.36662674       3.32689317       3.27185345       3.26075013
       3.30088679       3.29454327       3.29469681       3.32555008       3.31844997       3.31930319       3.31171989       3.26886654       3.24633344       3.26442337       3.27280680       3.27237002       3.29962317       3.32647673       3.35828336       3.41735681       3.47213014       3.50767008       3.51156998       3.55010319
       3.60143661       3.56380653       3.56617991       3.45691013       3.42176342       3.39805349       3.36824004       3.34164651       3.31733672       3.30604680       3.29347992       3.28936672       3.27159659       3.23060989       3.20090993       3.17658329       3.17623679       3.16093000       3.14082654       3.18468666
       3.08834012       3.05045319       3.12777996       3.27936681       3.36728986       3.36056678       3.37959671       3.37843323       3.38363330       3.38919004       3.39262994       3.38882001       3.39647675       3.39911652       3.40623347       3.42205652       3.42583338       3.42945004       3.43072987       3.43899663
       3.44690990       3.42274348       3.41221015       3.42452335       3.43361664       3.42122332       3.37882328       3.31267993       3.26433341       3.29599349       3.09283670       2.74020672       2.53090000       2.58431673       2.96566010       3.18217659       3.26909002       3.22752984       3.23041344       3.24950345
       3.28401343       3.34224987       3.32546997       3.24310335       3.11588987       3.02075990       3.08290005       3.19001993       3.28315322       3.03138002       2.87069670       3.55598672       3.50854015       3.47823334       3.49240653       3.28932667       3.66154321       3.83367348       3.26207670       3.35502656
       3.71542676       3.71939341       3.72795995       3.71372668       3.71272341       3.70192337       3.69186338       5.33857988       7.10529041       8.20954037      11.56457996      15.47899640      18.77319326      22.18199331      25.40479380      28.49295710      31.38587021      34.01711288      36.24023382      38.31718063
      40.54499619      42.69912323      43.37687948      42.99686691      42.91153717      42.63456340      42.22724650      41.62113302      40.88086299      39.92319717      38.40962697      34.40977859      29.86207962      25.53115082      22.10277939      19.81842995      18.57369995      15.55247645      12.17290354       8.46173681
       4.76262992       3.84046682       3.42219321       3.20746676       3.11207676       3.16108322       3.38862324       3.37771988       3.33648682       3.28441652       3.27364000
       3.30264664       3.29518000       3.30549335       3.31633345       3.31967322       3.31654676       3.30775674       3.26745319       3.24351660       3.26157347       3.26455339       3.27997335       3.30182679       3.33804671       3.36439673       3.40474987       3.47085985       3.51369667       3.52133656       3.53789330
       3.57096672       3.62118657       3.56360658       3.49100335       3.47657331       3.47415002       3.45098654       3.41841348       3.41038672       3.37640667       3.34929657       3.33067671       3.31640657       3.29151662       3.27424653       3.22885990       3.19667657       3.15502008       3.14892006       3.17033005
       3.10845661       3.03746986       3.02611669       3.10212326       3.25719007       3.30434004       3.33924675       3.33790652       3.35668341       3.38265673       3.38864676       3.37259992       3.37284342       3.37644323       3.37961674       3.38217004       3.37990348       3.37145329       3.37655989       3.38964653
       3.38202000       3.38037999       3.37800344       3.38882319       3.39431000       3.37242985       3.26063347       3.18657653       3.03699652       2.74494998       2.57684994       2.74344667       3.03307660       3.27602990       3.29996014       3.30565325       3.28117339       3.27654012       3.25828679       3.24900659
       3.26156680       3.27496656       3.21283658       3.12800662       3.14857992       3.10930665       3.13261986       3.19512653       3.33544318       3.22467327       2.81245995       3.51171652       3.47917334       3.44681994       3.52163347       3.29224650       3.58303674       3.86506653       3.17505678       3.21507327
       3.71089999       3.65455659       3.64354324       3.60741679       3.60461680       3.59615326       3.58930333       4.45365664       6.21815681       7.75596046      10.67218018      14.09411329      17.30169988      20.36328636      23.25411046      25.88526367      28.29233648      30.65547033      32.81733948      34.83560054
      36.95498286      38.88573349      39.48568339      39.23390640      39.19719315      39.14543981      38.96549993      38.59303609      37.93079005      37.10209605      35.75275691      32.40616989      27.44562912      23.01958084      19.40393066      17.06337929      14.93772008      11.89054314       8.64633326       5.30016327
       4.25024668       3.58406989       3.20987670       3.16543674       3.08060678       3.19303004       3.34728654       3.34917005       3.30854670       3.29011663       3.28470993
       3.31835334       3.30160681       3.31704680       3.30799675       3.31036345       3.31415335       3.30364672       3.27906322       3.24617990       3.25843334       3.24497318       3.24825319       3.28359985       3.32544676       3.35398674       3.38291995       3.46516673       3.51045322       3.52510675       3.53110663
       3.53277651       3.59567992       3.56897004       3.49547672       3.47636000       3.46795654       3.46783670       3.46311665       3.43720659       3.43144989       3.40436014       3.38892333       3.37605317       3.31608677       3.29747009       3.26406988       3.23941326       3.20561345       3.18860658       3.14965661
       3.11201318       3.08987331       3.07328987       2.98697344       3.10154343       3.24359004       3.28938325       3.28360335       3.29047330       3.31921673       3.31281344       3.30388673       3.29025014       3.27187316       3.23858325       3.30834675       3.27663994       3.19976012       3.27694321       3.30574989
       3.29303010       3.29424318       3.31042671       3.31494013       3.20038001       3.10149002       2.75473340       2.59947999       2.66591994       2.96907997       3.27849325       3.29690997       3.29454009       3.33040015       3.31725343       3.36455345       3.34702333       3.35028998       3.27089659       3.23428345
       3.21089999       3.25944328       3.20545006       3.14227994       3.20676009       3.20085335       3.21553008       3.21894995       3.34621652       3.29111322       2.81512006       3.54051336       3.50476011       3.43314679       3.55366675       3.33881982       3.45231342       3.77394676       3.22295984       3.05180009
       3.64046001       3.57698663       3.54082012       3.47480679       3.47861004       3.50665347       3.50555992       3.58672988       5.28780015       7.09751015       9.45201015      12.65470988      15.67328321      18.39990003      20.84161682      23.08557971      25.09045644      27.16953349      29.23620641      31.27528000
      33.26535634      34.85478648      35.36444962      35.20795939      35.31619263      35.37299993      35.45155609      35.27399729      34.84781306      34.12884318      32.66499644      29.58607101      25.06106949      20.68976974      17.06049919      14.65282059      11.25604340       8.02470980       5.82189306       5.15063349
       4.10668659       3.42865658       3.17036343       3.10324319       3.08972009       3.22331651       3.35639668       3.32983653       3.31188997       3.29828676       3.28743998
       3.33327007       3.32255681       3.32738336       3.30136681       3.29648654       3.30945683       3.29907004       3.28096994       3.27267996       3.26874987       3.23397986       3.23309994       3.27338346       3.30409336       3.32098007       3.34064007       3.40625668       3.46988010       3.49680010       3.47534339
       3.44887670       3.57632987       3.53343010       3.49284999       3.48720678       3.46601995       3.47624016       3.46597004       3.45544656       3.46987343       3.42912324       3.45199331       3.37837664       3.33369986       3.31073666       3.28651651       3.25410684       3.23475997       3.24121984       3.18960667
       3.13053989       3.09412988       3.12638664       3.10915343       3.06820679       3.12577343       3.24815655       3.26213678       3.26697000       3.22994677       3.17638334       3.14543660       3.12941678       3.03089333       3.06857332       3.08099016       2.98347346       3.04226335       2.99632327       3.05173683
       3.18207995       3.19528993       3.12312317       2.87443670       2.60435661       2.62352673       2.85913658       3.20201015       3.37650331       3.33091323       3.23818652       3.12795989       3.30584653       3.44382000       3.36756992       3.44983006       3.47088337       3.35990683       3.30790679       3.25182660
       3.21605333       3.23816999       3.25680319       3.19200993       3.25231012       3.26543999       3.26111666       3.38988336       3.24521987       3.03851668       2.76902994       3.50612005       3.48267682       3.41565005       3.57936001       3.41314665       3.24655342       3.74393654       3.27263006       2.81862322
       3.04241657       3.11208344       3.28194650       3.26642672       3.27756341       3.31904666       3.27313010       3.19850667       4.16666317       5.78294983       7.70468998      10.98681691      13.75912664      16.14662341      18.31482658      20.06756027      21.81093333      23.61110659      25.53446342      27.82097626
      29.66837992      30.74663381      31.22337306      31.09029053      31.42494710      31.69134730      31.92137690      32.05465307      31.67403992      30.93219020      29.64471288      26.70140076      22.51106071      18.33050919      14.85051918      11.47546346       7.52813004       4.71950340       4.75264994       4.62489001
       3.84246318       3.29716333       3.11778673       3.09327984       3.18380006       3.31566334       3.34803327       3.33089670       3.31619994       3.32378006       3.28673331
       3.32702001       3.33596325       3.32793331       3.29334672       3.28991350       3.30244001       3.28761673       3.28319327       3.29967658       3.28103987       3.23405997       3.23377673       3.25521342       3.27477996       3.31986682       3.33650653       3.36256663       3.44217332       3.50960000       3.49995009
       3.47465674       3.57362016       3.51686668       3.50022984       3.49269009       3.47216670       3.48520343       3.46191661       3.46533330       3.45394993       3.41963673       3.45656999       3.35360336       3.34337680       3.33205986       3.32341671       3.28707663       3.27510325       3.28057671       3.25461992
       3.19056670       3.11646652       3.10413678       3.08909003       2.96915340       2.99407005       3.01062997       3.07904657       3.28203678       3.18544992       3.08537324       3.07671324       3.08679994       3.07082653       3.13514010       3.20101007       3.14110343       3.09590658       3.01961676       2.86890984
       2.94228331       2.74306011       2.60437997       2.76545016       3.14987659       3.37834994       3.39211655       3.30468337       3.24724325       3.15132332       3.13086351       3.14741993       3.32496993       3.36900997       3.41401323       3.58714994       3.42806339       3.43335342       3.41386668       3.37810326
       3.30682659       3.21149985       3.25125662       3.29650338       3.36259015       3.32699013       3.31321653       3.14375337       2.71422005       2.78910319       2.77753989       3.31673336       3.39043331       3.35017999       3.59801324       3.48525651       3.14703655       3.65924327       3.43540986       2.73700333
       2.92979654       2.89631653       2.89827347       2.80107339       2.76221657       2.97356987       2.93951988       2.80896346       2.89307658       4.49029668       6.48635006       8.92993673      11.69778315      13.65019989      15.33585676      16.89462344      18.59063657      20.40953318      22.25233014      24.31424332
      25.85382652      26.79758644      26.44404984      26.87445068      27.65592702      28.09414698      28.50285390      28.68918050      28.46097031      27.79218674      26.71746979      23.38306999      19.71644974      15.85495949      12.45486069       8.11511326       4.05495326       3.82536348       3.75323327       3.63559659
       3.33420658       3.14712016       3.24218337       3.31042004       3.35867341       3.35899321       3.35269324       3.31778336       3.32675997       3.31459014       3.28653653
       3.33358002       3.32601992       3.31164328       3.28604349       3.27883657       3.28489335       3.27664344       3.27840010       3.30554676       3.26525656       3.23032347       3.22340997       3.22877661       3.24760660       3.28501002       3.33036995       3.35454655       3.41038990       3.50916004       3.49775664
       3.51642005       3.57360681       3.51519012       3.49755319       3.48441664       3.46696663       3.48136997       3.47513994       3.46619987       3.43718338       3.44970004       3.46918011       3.35254987       3.34418996       3.33635012       3.31845665       3.28911654       3.31715679       3.30025673       3.29079660
       3.21340656       3.14249674       3.15163326       3.28909334       3.25553672       3.22278341       3.13735676       3.05358664       3.02708340       2.89025338       2.78485012       2.76700656       2.72708321       2.69337654       2.67389011       2.64961004       2.65400330       2.63779004       2.62543662       2.57554007
       2.85464999       3.25366650       3.57053673       3.62110331       3.48627656       3.30781000       3.25115999       3.20315011       3.17995993       3.15845680       3.16815662       3.16211319       3.30115000       3.37673346       3.50345008       3.51500988       3.46442986       3.58081341       3.54163996       3.54636987
       3.43033346       3.34638341       3.29321321       3.29878680       3.36055342       3.31600984       3.31822014       2.84283320       2.91823991       2.86090342       2.84919675       2.92517344       2.94241015       3.20515347       3.60404015       3.54442660       3.21262678       3.53837013       3.56411330       2.79653009
       3.13437653       3.20659669       3.19426346       3.09576003       2.99649652       2.97103659       2.95542336       3.07616679       3.04555003       3.64293346       5.33359674       6.26525021       9.21936324      10.99424987      12.41308695      13.88554311      15.42492304      17.22789347      19.06415031      20.66873678
      21.87821342      22.58876038      21.60005951      22.12659073      23.81602987      24.37491641      24.89043302      25.20618029      25.16407972      24.64252637      23.59427071      20.34592056      16.85272026      13.29476929       9.53700670       4.87183993       3.50291316       3.31825987       3.21566010       3.19141674
       3.25811323       3.32766660       3.35173988       3.38151677       3.36699994       3.35619005       3.34429328       3.32669989       3.32413324       3.30027994       3.30948321
       3.31934007       3.32297325       3.30939674       3.28496011       3.27372678       3.27669334       3.27817345       3.26685015       3.28920333       3.26472664       3.23613008       3.23152320       3.22240321       3.22334671       3.26567014       3.32261658       3.35532347       3.39266682       3.49112670       3.47477341
       3.53271675       3.56120682       3.53717995       3.52405675       3.50922998       3.47408994       3.48905659       3.48517323       3.46118005       3.44393349       3.48490334       3.42411995       3.35470994       3.34812005       3.33535989       3.33393987       3.33572324       3.33163325       3.30738322       3.27376652
       3.31125673       3.12781652       2.84541988       2.75506655       2.66021331       2.64498663       2.66937669       2.70342318       2.75964006       2.85308997       3.01024659       3.22237015       3.29972680       3.32927004       3.39172999       3.55617345       3.68972994       3.80288671       3.92637653       4.06565348
       4.22935340       4.34700006       4.27275986       4.08053015       3.91496010       3.78453008       3.65139004       3.52354321       3.38889985       3.25996329       3.16840680       3.14037323       3.28076681       3.40666326       3.42705345       3.49978320       3.54078674       3.58790652       3.57599672       3.61746343
       3.53322347       3.49449666       3.48125680       3.30476665       3.36093330       3.31606007       3.31040986       2.76019986       2.97182337       3.22793674       3.53864002       3.64667988       3.35868009       3.25575670       3.60538991       3.59385014       3.29511992       3.46647676       3.64837678       2.95726999
       3.05896664       3.23408000       3.20552667       3.19344330       3.17418989       3.17039013       3.17488988       3.17352994       3.15587680       3.11196009       4.24679667       5.03229046       5.88449955       7.33955002       8.66537952      10.22035980      12.16991997      14.19125359      15.76943998      16.98783366
      17.87697983      17.72007942      16.81741905      17.37509918      19.32341003      20.68588361      21.26847984      21.73577304      21.87594322      21.62711665      20.64596939      17.74048996      14.14493942      10.81746006       6.52312342       3.37339656       3.14984671       3.34678332       3.41815662       3.39846007
       3.40283998       3.38693651       3.36270014       3.35434659       3.34985320       3.33790016       3.33226013       3.35726674       3.32555326       3.31870683       3.29999987
       3.29980659       3.31055005       3.28886318       3.27931658       3.26708317       3.27384663       3.27235667       3.26924324       3.29275322       3.27834320       3.25370661       3.25341002       3.22769324       3.22255325       3.25841331       3.30860678       3.34444014       3.34500345       3.44047006       3.51618322
       3.55570316       3.55220000       3.52732340       3.51043987       3.50999673       3.48131339       3.50119654       3.48614661       3.45779673       3.46273009       3.48572000       3.38629659       3.33928680       3.33005015       3.32409000       3.31494331       3.31955338       3.31026332       3.34397666       3.31532669
       2.82710012       2.65480995       3.00333659       3.23139318       3.31293996       3.33680344       3.37406667       3.41988659       3.42134666       3.39264679       3.38391336       3.77068335       4.03054660       4.16825334       4.32734337       4.45615996       4.61245000       4.73507343       4.87010321       5.00686677
       5.13068993       5.25470000       5.26639328       5.20656319       5.14630680       5.07966334       5.01170985       4.95192331       4.87545668       4.79991322       4.72332675       4.64669673       4.54775345       4.37892986       4.03739332       3.78763679       3.57745997       3.59049670       3.54568990       3.59399319
       3.61666679       3.53813330       3.64737670       3.43887011       3.41036320       3.36115011       3.00938002       2.85101668       3.33711338       3.71138668       3.72620010       3.61835003       3.40119998       3.31814003       3.60575326       3.63380655       3.35988331       3.31949329       3.69935004       3.19692993
       2.89130338       3.25292015       3.21653334       3.18838342       3.18106333       3.17538675       3.16352336       3.16690000       3.16473325       3.16062673       3.16897329       4.03191985       4.59348011       4.81087971       5.94176960       7.22093010       8.93904018      10.78211014      11.96319659      12.84244639
      13.32464981      13.30677032      13.08742905      13.86569023      15.17588043      16.42259316      17.10174352      17.66451002      17.94534304      17.81489004      17.34298030      15.37595940      11.85653019       8.15570335       3.47852325       3.11665344       3.34339333       3.44636663       3.39354324       3.40209325
       3.39087009       3.37176323       3.35366344       3.35818322       3.34238656       3.33855661       3.36054325       3.33941332       3.33758322       3.27936681       3.19983991
       3.26898321       3.29489994       3.27869320       3.26920319       3.26627000       3.27462006       3.27560329       3.27545675       3.29535675       3.28471661       3.26459662       3.23925336       3.22539997       3.22303327       3.25166003       3.28289668       3.31132317       3.32638677       3.39463011       3.50102329
       3.55038675       3.54252656       3.52478345       3.50644016       3.50402006       3.47690678       3.46669674       3.43757661       3.45655664       3.43260988       3.48338318       3.38230673       3.34506321       3.32527987       3.31003984       3.30522346       3.32752673       3.39717674       3.18991661       2.68793329
       2.78634993       3.21057669       3.35261663       3.36286990       3.34537347       3.27556324       3.22594992       3.21915340       3.60560010       3.98539683       4.39101652       4.78234348       5.07704653       5.26741998       5.42837989       5.43381023       5.46837044       5.45746040       5.51482010       5.51568985
       5.51688957       5.51404953       5.51774025       5.52915955       5.50667000       5.52320957       5.54668999       5.54074001       5.49794960       5.48241997       5.46568012       5.45454025       5.73857975       6.28184032       6.38545036       6.04034677       5.54692660       5.00490655       4.42061330       3.89680653
       3.64719327       3.68248653       4.03546015       3.91512330       3.30801996       3.36899662       2.85017014       3.14653333       3.76187325       3.81437651       3.74538676       3.61033344       3.48005676       3.39070320       3.59966660       3.67022673       3.43946679       3.24090004       3.65627321       3.49698321
       2.85437997       3.25725683       3.25071335       3.18065008       3.18242677       3.17340342       3.15985680       3.15605672       3.15321668       3.15419324       3.15205320       3.14014339       3.08064683       3.25058665       3.88685347       4.94340329       5.71137318       6.75285336       7.69994012       8.38749332
       9.13441339       9.58983040       9.97235012      10.14492035      10.87444318      11.54826691      12.33436353      13.00209010      13.34357358      13.29221001      12.88511002      11.95459986       8.98114986       4.39412009       3.15847333       3.26751995       3.43520323       3.39862347       3.40115007       3.39438343
       3.37845675       3.37840652       3.35969003       3.39496009       3.36559327       3.34843318       3.34941006       3.31177680       3.27069664       3.20199331       3.17428335
       3.23952675       3.27551333       3.26694012       3.25938988       3.27810319       3.27459335       3.27838326       3.28450012       3.30017662       3.28297329       3.26801999       3.25419331       3.23171679       3.22447681       3.24940014       3.27805996       3.29787668       3.31016986       3.36995665       3.40569337
       3.50618998       3.49038664       3.48689334       3.49293327       3.48748334       3.44425996       3.42419656       3.42912674       3.43081665       3.40576013       3.42611663       3.35069338       3.34066010       3.31210327       3.31875674       3.32539336       3.36913999       3.06431675       2.65267007       2.89181995
       3.12007332       3.20690346       3.22452990       3.22242324       3.21974341       3.63371665       4.03368677       4.41689669       4.81619002       5.20022678       5.61017011       5.58699989       5.56711006       5.53785038       5.50568008       5.46586037       5.48219967       5.47754002       5.50924015       5.55152988
       5.58718014       5.61452961       5.61662006       5.58930016       5.58660030       5.60540962       5.70893002       5.66007042       5.61528015       5.59037971       5.58617973       5.62850952       5.74833965       5.90915012       6.12817001       6.29413033       6.41851997       6.26239014       5.97332993       5.24700324
       4.65076345       3.84240328       3.44738324       3.44543680       3.37904008       3.47600015       3.25312996       3.38696003       3.76747004       3.84137344       3.80361652       3.63223330       3.61405341       3.44224326       3.59294987       3.70038668       3.52088324       3.26045990       3.50923347       3.50828997
       2.83430004       3.17415015       3.27991676       3.19190661       3.22579988       3.20134989       3.15318680       3.14093653       3.11583010       3.11488342       3.11772346       3.13060347       3.13055992       3.11019675       2.94357014       2.87690671       3.06181335       3.24704329       3.85463015       4.53736655
       5.28110345       5.98555660       6.30528673       6.32531007       6.47684320       7.07708677       7.92395337       8.65504964       8.98062642       8.86334356       8.39184697       7.49157683       4.77426325       3.33675989       3.19355679       3.44099681       3.42527676       3.40266991       3.39336332       3.39603011
       3.35794671       3.37166341       3.40240669       3.37035656       3.36265659       3.32797337       3.29338010       3.23083337       3.17655659       3.15782992       3.12150987
       3.23440679       3.24870682       3.25981998       3.25387351       3.26572005       3.25249990       3.25588989       3.27746010       3.29248333       3.28479989       3.26769320       3.25185013       3.23862998       3.23331674       3.25014337       3.27669652       3.30327320       3.32190323       3.36685658       3.35482661
       3.41959000       3.41699664       3.42290656       3.43383662       3.42197673       3.38804658       3.39664332       3.37166659       3.37198003       3.34748332       3.37075011       3.32051659       3.29203002       3.26377996       3.28297997       3.27033997       2.85870330       2.67915662       2.96964010       3.08682346
       3.18769995       3.27302349       3.64645329       4.07391656       4.54906673       4.95811996       5.35175673       5.74128348       5.99193001       5.96033955       5.88465977       5.79757023       5.74956989       5.73645020       5.70666027       5.69468975       5.80241013       5.97552967       6.08687019       6.05533981
       6.08279037       6.09381008       6.04913998       6.01599026       5.99036980       6.02791023       6.13922977       6.15318012       5.91693020       5.80862999       5.82273960       5.94645023       5.96072960       6.21434021       6.37712002       5.99063015       5.98169994       6.16666031       6.11287975       6.09533978
       5.82484336       4.93857672       4.02455004       3.48343658       3.49513340       3.44912338       3.43960349       3.41694323       3.69621340       3.74915663       3.72220993       3.72459666       3.69593334       3.51489003       3.57566007       3.72150675       3.59406662       3.34854349       3.34804662       3.63344320
       2.91141669       2.99138006       3.32390340       3.27972984       3.27617327       3.25847658       3.14048672       3.12075329       3.08747991       3.08469327       3.07758013       3.07019679       3.06803672       3.07325999       3.05618668       2.92233340       2.86200015       2.85328992       2.97670333       3.15703996
       3.27454344       3.43697325       3.60166677       3.71464348       3.79260985       4.18120670       5.11032327       5.82843335       6.00583013       5.85329310       5.37891324       4.62829653       3.66072655       3.16346995       3.38941320       3.43873342       3.41697343       3.38971996       3.37373988       3.37261677
       3.36450990       3.38528347       3.38340346       3.29429340       3.24542681       3.19643656       3.16009331       3.13693015       3.12307994       3.12012990       3.13263988
       3.26268991       3.24940999       3.24658012       3.24462986       3.26434994       3.25394662       3.24800682       3.27414989       3.27808666       3.27077007       3.26896667       3.26393986       3.24107011       3.21894995       3.24158319       3.26925341       3.28537337       3.33202680       3.34079011       3.33030987
       3.39258003       3.36809317       3.37787660       3.37287013       3.32938321       3.34820334       3.33841006       3.31302325       3.33562342       3.30720679       3.30749321       3.31032340       3.27512010       3.25625006       3.13846016       2.69572671       2.78323332       3.12894660       3.51211667       3.86358344
       4.19854337       4.53910328       5.00332349       5.44238345       5.87941653       6.35814997       6.84448675       6.76597023       6.68754005       6.47739029       6.38459969       6.41258049       6.30095005       6.35445976       6.20911026       6.21356010       6.75798035       7.83553028       8.31985950       8.12077999
       7.20209980       6.81054020       6.70471001       6.66788960       6.65291023       6.72467995       6.95917034       7.05799961       6.77849007       6.68432045       7.17695999       8.08672047       9.02696037      10.34274960      10.29734039       8.69639015       7.58553982       7.06620026       6.83928967       6.87543964
       7.15871048       6.43635672       5.34842673       4.20957990       3.80258338       3.71869342       3.44342327       3.44659328       3.62027009       3.69052664       3.76692994       3.79101340       3.78817336       3.63091342       3.54673990       3.73817317       3.65315660       3.40391000       3.35251999       3.69107342
       3.11219660       3.04632346       3.36236986       3.34933662       3.33532683       3.34821320       3.22804006       3.17772007       3.15727679       3.15636349       3.12292004       3.12627347       3.11662992       3.10755348       3.05089347       3.04177984       3.06750329       3.18904336       3.00005658       2.85009321
       2.95767657       3.09027672       3.21881326       3.37229347       3.55728658       3.90299670       4.73823325       5.16127014       5.25534662       5.12652651       4.68032328       3.94762675       3.25945663       3.23211670       3.42524656       3.43765322       3.40594673       3.38715998       3.36461322       3.35870679
       3.37915675       3.39282004       3.30384350       3.21629333       3.17392000       3.18422667       3.17753665       3.17795658       3.16333326       3.16169326       3.19574992
       3.27710342       3.26509666       3.25793680       3.25088342       3.25359662       3.24487336       3.24376329       3.27536678       3.25763988       3.25713984       3.27685992       3.27093347       3.23263995       3.22693348       3.25508658       3.25389671       3.25692336       3.28148333       3.29456997       3.30188338
       3.36064657       3.33071009       3.33652655       3.31246662       3.31177012       3.32260672       3.29601002       3.28102334       3.28928661       3.26133347       3.29784997       3.27154986       3.43941341       3.33869675       3.30173003       3.85219681       4.22289661       4.49199323       4.86613008       5.20767670
       5.63546663       5.97690993       6.33689671       6.92872321       7.43042653       7.40985012       7.36332035       7.15176964       7.08016968       6.97148037       6.93400002       7.06114960       7.14064980       7.21984005       7.25516033       7.90524006       9.53512001      11.30543041      11.48810005      10.82750988
       8.67228985       7.61997986       7.47381020       7.40608025       7.34121990       7.39929962       7.85264969       8.46105003       9.03470993      10.38006020      11.92943001      13.17794991      14.23859978      14.32461929      10.76996040       9.25030994       8.18846989       7.58633041       7.38156986       7.32048988
       7.50026035       7.57184982       6.41238330       5.13926660       3.89454333       3.88167000       3.58864339       3.47104009       3.54718335       3.69532013       3.73044682       3.81392320       3.84952323       3.70810000       3.55545998       3.75118319       3.69585005       3.42630005       3.47172006       3.71028996
       3.37876670       2.97096348       3.39029344       3.38988654       3.42132664       3.44364993       3.37826665       3.35534318       3.37976329       3.37130674       3.34512679       3.34385014       3.30016009       3.23958333       3.21074327       3.14628347       3.11572997       3.12031015       3.10453669       3.06063334
       2.84073989       2.96209653       3.19774659       3.34405677       3.41913001       3.61846987       3.87206332       4.15499655       4.29124991       4.07308674       3.67844677       3.26751010       3.20027320       3.24562009       3.42575010       3.44882997       3.39721330       3.37038994       3.38870017       3.36673323
       3.35862668       3.31490008       3.21579997       3.16106669       3.21507676       3.23417664       3.20567989       3.19243336       3.18742339       3.20466677       3.24182002
       3.28061326       3.27299341       3.26740996       3.25106653       3.23446655       3.20149994       3.21078682       3.26068656       3.24547990       3.24326992       3.28516006       3.30101331       3.24871667       3.24028333       3.23720996       3.23917993       3.24296347       3.26436011       3.28201675       3.34419664
       3.32334677       3.28119659       3.27448654       3.29607677       3.33480994       3.29136658       3.27245680       3.25941658       3.27103011       3.27221012       3.58526344       4.38227323       4.37662983       3.96445990       5.00899029       5.09587955       5.28289032       5.88556004       6.52166002       6.75772953
       6.81427956       6.86056042       6.88895988       7.15536976       7.95320988       7.95932961       7.95925999       7.93877983       7.71774006       7.45143032       7.27408028       7.48054028       7.92549038       8.28932953       8.97327995      10.47101021      12.71039009      14.28918076      14.22583961      12.89942932
      10.65876961       9.86143970      10.83392048      11.35793018      11.22177029      11.10859966      11.35688019      11.69361019      13.49917030      14.86445045      17.17708015      19.11845016      20.86661911      21.22664070      15.85153961       9.41884995       8.24936962       7.80463028       7.61833000       7.63551998
       7.69760990       7.74271011       7.47966342       6.05699327       4.63745658       3.92703342       3.68942006       3.47813320       3.50479349       3.66259321       3.71262010       3.80416997       3.90040334       3.79870987       3.57505322       3.76221657       3.73510997       3.46387672       3.56407324       3.68850676
       3.57140986       2.88568338       3.40494665       3.41027323       3.45740668       3.48545678       3.47429657       3.46881008       3.48884996       3.46881676       3.44828669       3.42521000       3.39640999       3.36885325       3.37170347       3.37191995       3.30436675       3.22137006       3.18752670       3.15251001
       3.09825007       3.02562014       2.84555658       2.95369657       3.12211323       3.17722321       3.07596334       3.29447683       3.37118340       3.33567015       3.24651655       3.15545336       3.27987003       3.24426651       3.44737657       3.45153681       3.38970661       3.36450005       3.36781661       3.37083340
       3.35300986       3.21050676       3.20945994       3.23779678       3.24939346       3.22444661       3.23011335       3.25576655       3.21988678       3.23734665       3.30033334
       3.30422338       3.28819338       3.27611001       3.27095985       3.26128991       3.21348667       3.19436010       3.20941671       3.22603321       3.23882008       3.28284995       3.27827994       3.25560665       3.23296992       3.22557672       3.24077988       3.23764324       3.25990677       3.26119010       3.32019011
       3.27442328       3.25523345       3.41742675       3.74105326       3.36456013       3.32041327       3.30718994       3.24291674       3.25485675       4.11647320       4.85722993       4.08864975       4.41127014       5.02851009       5.12326050       5.40153980       6.26632023       6.88786983       7.58051014       7.90402031
       7.44983959       6.83841991       6.61997032       6.82419014       7.80784988       8.09860992       8.15511990       8.18354988       8.09025955       7.91154003       7.70508957       8.68142986      10.15762997      10.87310028      11.50930023      12.92514992      15.36215019      16.88484001      16.74892998      14.92745972
      12.79174042      13.14359093      14.90925026      16.26837921      16.96348953      17.15653992      16.90191078      16.48983002      18.14521980      20.63932991      22.70058060      24.61841011      26.57329941      27.46608925      23.01608086      10.95423031       8.33823013       8.10956001       7.85258961       7.85521984
       7.94163036       7.95154953       8.05183029       6.99733664       5.40843995       3.94375324       3.73530324       3.51241334       3.50271320       3.55414677       3.66986656       3.78536320       3.90501658       3.85656993       3.59235001       3.76495012       3.77219327       3.51433659       3.55530993       3.62583319
       3.64070320       2.94687335       3.38169988       3.42721335       3.43538666       3.49389998       3.50093015       3.48203341       3.50549348       3.48635674       3.47939014       3.46583335       3.44463348       3.40881666       3.40553665       3.39626344       3.38547675       3.34790325       3.27711010       3.22377682
       3.18779659       3.15898323       3.00592327       2.99332333       2.84614658       2.90496667       2.90719318       2.85855325       2.90054671       3.08891010       2.99094327       3.15996997       3.26156998       3.28766664       3.42044671       3.42597993       3.37171014       3.37605667       3.32677682       3.30856991
       3.22073332       3.19919332       3.23050340       3.25338682       3.29746660       3.26105658       3.25919342       3.24801350       3.30505339       3.37557983       3.40052668
       3.31783994       3.29466661       3.28441652       3.28825665       3.28050995       3.25739320       3.23165321       3.18908660       3.19677989       3.27643331       3.27650325       3.26912657       3.25279331       3.23796336       3.23400338       3.23439662       3.23051325       3.23448340       3.23023001       3.32718341
       3.24352996       3.21616014       3.23415661       3.27252992       3.23865668       3.32737001       3.32912000       3.38485324       4.37925657       5.13850002       4.14371014       4.96708965       5.44659042       5.77785969       6.26346970       6.63346004       6.86233044       8.50979042       9.37584019       9.80671978
       9.06064034       7.42982006       6.74145031       6.73367977       7.12395954       7.67113018       8.17352009       8.30692005       8.18157005       8.18358994       8.89449024      10.75695992      12.69743919      13.57987022      13.92524910      15.84411049      18.67856026      19.38089943      18.79314995      16.75363922
      15.21830940      16.44120026      19.02820015      21.52470970      21.94253922      21.79290962      21.75001907      21.56677055      24.25991058      25.73045921      27.98282051      29.67631912      31.67406082      32.99982834      27.72089958      12.70235062       8.39210987       8.28689003       8.24400043       8.19680977
       8.14140034       8.11001015       8.29298019       7.89399347       6.19299348       4.18439665       3.65767988       3.52696991       3.46464666       3.52840010       3.63623683       3.76771673       3.84103330       3.85094325       3.63208326       3.75946331       3.80543677       3.57898331       3.56809680       3.59220664
       3.70261669       3.06866995       3.26751010       3.45545324       3.44669342       3.48856672       3.51377996       3.48479017       3.48357995       3.48824660       3.49264336       3.47106679       3.44421991       3.43588988       3.44974995       3.44158999       3.40385660       3.40038013       3.35848999       3.30131658
       3.25039673       3.23337015       3.20129999       3.15890662       3.09607347       3.10156345       3.11984348       3.05809657       2.99210993       2.93081347       2.90015666       2.96202342       3.17336337       3.29336007       3.36505667       3.34353669       3.33014329       3.30779330       3.25295671       3.21215661
       3.19021670       3.23596319       3.28606987       3.29372660       3.29132334       3.27769343       3.26123683       3.32964007       3.40661335       3.41615327       3.42185656
       3.32317003       3.30557346       3.29480680       3.29336675       3.27315013       3.25852013       3.25272655       3.19898987       3.15771675       3.24169000       3.28479004       3.26102002       3.28461997       3.28364658       3.25784334       3.26643658       3.24415334       3.24053001       3.25035985       3.32446988
       3.23602009       3.22435665       3.21431986       3.21536668       3.23073673       3.32550653       3.56598345       4.59752992       4.83800030       4.27700996       5.17319012       5.63959980       6.52501011       6.86157036       7.06593037       7.07273960       7.38535023       9.22008991      11.07145023      11.38088989
      10.76574039       8.49378014       7.03606987       6.85711956       7.00271034       7.20331955       7.61102009       8.18904972       8.34197998       8.62450027      10.56268024      12.98974037      15.01266098      16.10087967      17.63324928      19.26725006      20.33408928      20.44565010      20.10747910      18.50008965
      17.97595024      19.45615959      22.80429077      24.75041008      26.46599960      27.44824982      28.08263016      28.35380173      30.28279877      31.53948975      33.70838928      35.98379135      37.42794037      37.99996185      32.54312897      14.98850060       8.58143044       8.46488953       8.53125000       8.42098045
       8.49868011       8.50432014       8.66475010       8.77422047       6.97953320       4.70279669       3.63732656       3.56092326       3.46951993       3.49851990       3.57092985       3.70996348       3.78008652       3.78138669       3.64370664       3.74884669       3.83506997       3.65642993       3.54773998       3.55039342
       3.80957985       3.24993992       3.18924332       3.48682340       3.45698325       3.50123660       3.52519671       3.50148328       3.49733671       3.51744684       3.49909337       3.48490334       3.49286652       3.48034318       3.46911653       3.48896345       3.47764015       3.45766322       3.43368657       3.40828673
       3.37419669       3.29189332       3.26158651       3.24632327       3.22038682       3.17385991       3.10865339       3.06861337       3.07396666       3.07052008       3.05643336       3.04238669       2.92800999       3.06888326       3.21328322       3.24578985       3.23294989       3.21037324       3.21633339       3.21933333
       3.24805673       3.28332678       3.26681678       3.27834320       3.26996676       3.28248342       3.33987999       3.41617680       3.44187991       3.43771013       3.41582680
       3.34364669       3.32448006       3.29959997       3.27798335       3.26371988       3.25257683       3.25671005       3.21187655       3.15816339       3.17295996       3.22773329       3.27265008       3.28853321       3.29077657       3.29539998       3.32973003       3.23278681       3.24364662       3.23869673       3.27980995
       3.19972324       3.20621014       3.24397659       3.21252346       3.20965989       3.67063318       4.72757013       4.55233002       4.56394958       5.63852024       5.94845009       6.85591030       7.67168999       8.04615021       7.83355999       8.19225025       9.04652023      10.54069042      12.31024933      12.75746918
      12.15427017       9.50804996       7.48612022       7.15837002       7.31320000       7.44209957       7.83084011       8.26974964       8.56175995       9.35151958      11.96010017      14.98613930      17.04690933      18.03339958      19.09008026      20.44784927      21.92584991      22.08023071      21.69660950      20.48955917
      20.29997063      22.55389023      25.43313980      28.02096939      29.74147034      31.16559982      32.70745850      34.12960815      35.60694122      37.17538834      38.62815094      40.64307022      41.91062927      41.84813639      37.06301117      18.23628998       8.90567017       8.74557972       8.81519985       8.76189995
       8.90450954       8.91110992       9.09389019       9.69468021       8.17193324       5.67660676       3.66526318       3.58394655       3.52198346       3.47959328       3.54270013       3.62202326       3.75697994       3.77574348       3.64761321       3.73254681       3.85780334       3.72642994       3.54642010       3.53625011
       3.78190676       3.30874666       3.18922011       3.52095000       3.46571668       3.49728680       3.51685333       3.51467673       3.50001653       3.51604335       3.51995341       3.52209663       3.48477681       3.46336333       3.46270657       3.48068682       3.48064009       3.47939682       3.47913996       3.48257001
       3.47087669       3.44589329       3.33375676       3.28154659       3.28402678       3.26099332       3.22763348       3.15078004       3.10896683       3.09371344       3.08572992       3.07037004       2.95409330       2.87132327       2.95277659       3.13698673       3.21820990       3.23237673       3.25694338       3.25444667
       3.29030005       3.27558994       3.28010337       3.28313319       3.33016332       3.37838014       3.41458321       3.42169666       3.44983991       3.44591999       3.42628988
       3.35088348       3.32907995       3.29318333       3.27282651       3.25218328       3.25593662       3.24756336       3.19275665       3.14367994       3.14144325       3.07264010       3.15835317       3.21770986       3.27214654       3.28233655       3.23641332       3.21928342       3.20858669       3.22695319       3.22950681
       3.15631008       3.17543348       3.23663998       3.22327010       3.87653008       4.82381989       4.29555035       5.16207027       5.90318966       6.09333992       6.72163010       9.03740025      10.78750038       9.87627983       9.04413033      10.22327042      10.89066029      11.71452045      13.43969917      13.90347099
      12.83041000      10.02171993       7.93257046       7.51644993       7.67663002       8.00920010       8.42716980       8.76914024       9.02552032       9.98336983      12.52770996      16.28614044      18.90467072      19.46413994      19.84675026      20.62675095      23.98834038      24.44325066      23.74492073      22.42309952
      22.57316971      25.32555008      27.84367943      30.39368820      32.31042099      34.33370972      36.54655838      38.42267990      40.17795944      41.73611069      42.99444962      44.44131851      45.41157023      43.49080607      40.07032674      22.17707062       9.29026985       8.99761009       9.12913036       9.07170963
       9.26385975       9.65079021      10.26222038      11.19528961       9.73844325       7.08845664       4.89016992       3.60208003       3.55710665       3.55417347       3.51996009       3.55591997       3.73749320       3.80334345       3.61599318       3.70591990       3.88123322       3.78881995       3.53625997       3.53134664
       3.75280348       3.29760997       3.11031659       3.51482995       3.49976349       3.48774338       3.48161348       3.50993347       3.49450652       3.48528322       3.50944010       3.50576337       3.49095662       3.46981653       3.46533998       3.46474330       3.48008347       3.48746681       3.47928333       3.47954337
       3.49057992       3.49485016       3.48243014       3.37417984       3.30768998       3.30642668       3.29420344       3.26065985       3.19244003       3.12988663       3.11367321       3.08128993       3.05482006       2.99228986       2.92920335       2.99152660       3.12556680       3.20357323       3.27883339       3.27342669
       3.28971004       3.29036999       3.32203325       3.35277653       3.37148348       3.40593338       3.42985662       3.44794337       3.44017347       3.45463657       3.43620014
       3.30846659       3.28735002       3.25828012       3.23648993       3.23178323       3.22496001       3.21652667       3.14936988       3.12497997       3.14143658       2.95283000       2.99536673       3.11686993       3.20023346       3.23765659       3.24077320       3.19132678       3.18730323       3.25161997       3.20491346
       3.14271005       3.20438321       3.26997344       4.17662017       4.89304670       4.29790020       5.64377975       5.96177959       6.05574989       6.43900013       8.65964031      11.16104984      12.31794930      11.78952026      10.82898998      11.78211975      11.94649029      13.19857979      14.50065994      14.22591972
      12.39411926      10.08108044       8.65081978       8.20987034       8.31855965       8.73355007       9.18750954       9.46201038       9.76375961      10.77375031      13.38591003      17.24264908      20.19128036      21.02733994      21.61742973      23.02329063      25.06982040      26.16473961      25.66695023      24.52750015
      25.02132034      27.35399055      30.23598862      32.66254044      34.88917160      37.22219086      39.76264954      41.45289688      42.97654317      44.35281626      45.72496312      47.08753382      46.75373611      44.83819656      42.01426697      26.86138916      10.18474007       9.35772991       9.40036011       9.52274036
      10.15528965      10.83656025      11.75409031      12.58563995      11.19526005       8.51879978       6.43177013       4.59950657       3.60455990       3.53740660       3.48398654       3.55434004       3.57658990       3.66125329       3.60409323       3.67000326       3.90194988       3.84687678       3.54272652       3.54135323
       3.70032660       3.46449343       3.10141659       3.51484330       3.49068673       3.46300666       3.50684992       3.49923325       3.50573349       3.51669661       3.48311329       3.47777653       3.47765350       3.46072006       3.45799669       3.45458666       3.46715673       3.47407659       3.47741985       3.47333336
       3.48962657       3.49821345       3.49353345       3.49278990       3.40600014       3.31984011       3.31958675       3.31247012       3.28818671       3.23588339       3.16229661       3.09535344       3.09193325       3.07745997       3.03617350       3.02545325       3.11687342       3.16857656       3.20810986       3.26124001
       3.32262675       3.32673677       3.33869680       3.35171668       3.44981670       3.45034345       3.44753679       3.47010676       3.45984332       3.43561999       3.43561681
       3.22238318       3.22679996       3.21469339       3.19557667       3.21431986       3.22328663       3.20053673       3.16351986       3.11725330       3.05799993       2.96508662       2.98421669       3.04555003       3.19244003       3.23376338       3.21835009       3.19648012       3.19373322       3.25400670       3.28525003
       3.25400003       3.74323336       4.41047000       4.47408962       4.62841034       5.89503956       5.89735985       5.96290016       6.18383026       7.87075996      10.47949028      12.65946960      13.83008003      13.55726051      12.57780075      13.13850975      13.03362083      14.79018021      15.37573051      14.42664909
      12.43894005      10.78038979       9.83428955       9.41598988       9.40567017       9.63305950      10.06462002      10.19534016      10.70928001      12.08123016      14.88161087      18.67226028      21.52705002      22.42561913      23.36627960      24.44647026      26.54195976      27.55291939      27.23542976      26.66643906
      27.21368027      29.39833832      32.25085831      34.72777939      37.39746094      39.96784973      41.81599380      43.42747976      44.78531377      46.00214640      47.16525284      48.21045715      47.74880651      45.93493983      43.56362381      32.39382935      12.20354080       9.96166992      10.01430988      10.58831978
      11.45269012      12.55032921      13.60143089      13.99578094      12.16235924       8.65579033       7.26521969       6.19637993       4.47063329       3.53532346       3.51089350       3.52462006       3.54510339       3.52663994       3.58041350       3.64855321       3.91789659       3.89973323       3.60553010       3.60945988
       3.72039000       3.53568681       3.10915343       3.63849990       3.68015671       3.68978659       3.68769995       3.59566339       3.51176993       3.53544998       3.49897989       3.47223663       3.48255984       3.47517681       3.46282673       3.45219676       3.45555655       3.46776009       3.48495674       3.48812675
       3.48798656       3.50059001       3.50701332       3.51384322       3.50321674       3.41842333       3.33694998       3.33414682       3.32208347       3.30681674       3.26395671       3.20051988       3.14220015       3.12004662       3.13721339       3.11747996       3.23059336       3.23928324       3.25939337       3.24210676
       3.26613013       3.33546321       3.37569014       3.41241010       3.46457672       3.47472668       3.45719337       3.45989323       3.47082011       3.44699001       3.43533993
       3.18606663       3.20300992       3.19558652       3.17999013       3.19500001       3.18439992       3.19005680       3.14614677       3.13974349       3.07970333       2.97864660       2.96339989       2.95062669       3.10478338       3.18756676       3.22169654       3.18644333       3.16919009       3.21972682       3.86927319
       4.46685321       4.89136327       4.21767998       5.05523968       5.94377041       5.83232021       5.90159988       5.93616009       6.69876957       9.51451969      12.54190063      14.26143074      15.21953964      15.23632050      14.16222954      14.13377953      14.03161049      15.74927902      16.38047981      15.29018974
      13.54985046      12.19389915      11.59350014      11.56285000      11.39068985      11.10416985      11.16331005      11.27143002      12.19490051      14.22563934      17.17576027      20.87557983      23.40612030      24.24785995      25.05077934      26.57345009      28.51520920      29.61750031      29.33501816      28.98072052
      29.52901840      31.25923920      34.10184860      37.12509155      39.90110016      42.11055608      43.84309626      45.25833628      46.43014013      47.40852992      48.27728277      49.07407644      48.47898051      46.62049688      44.62622019      36.93265152      15.21726990      11.03975964      11.15289021      12.23085976
      13.31860924      14.52695084      15.63278961      16.50861931      12.24472046       8.18657017       7.11758995       6.99479008       6.14498674       4.50452665       3.53116322       3.52830346       3.59502665       3.53409004       3.55345662       3.70659002       3.92750009       3.93938669       3.75363668       3.62275664
       3.80511316       3.81678327       3.60332330       3.76721986       3.67018668       3.57981014       3.58406321       3.64663664       3.55646006       3.52687327       3.48480988       3.45785681       3.46731345       3.46249326       3.45853011       3.46638680       3.44848665       3.45972665       3.46787675       3.47885323
       3.49494330       3.50463676       3.50802008       3.51472346       3.51942984       3.51319345       3.42437681       3.34169006       3.34947014       3.33522987       3.29815006       3.27383010       3.21691990       3.19819991       3.20359325       3.23418331       3.19526990       3.14467335       3.13811652       3.18024317
       3.26295662       3.35540326       3.39868323       3.43771680       3.47350661       3.49870014       3.47680346       3.47131348       3.46552658       3.44626331       3.43688679
       3.19684347       3.21639665       3.18457349       3.15384674       3.13627338       3.12812678       3.13704332       3.10053317       3.12626012       3.09370327       3.00501664       3.06159337       2.98690669       2.96901321       3.15758324       3.18614324       3.11622016       3.59193681       4.29973335       5.04057344
       4.90392971       4.13358974       5.36285973       5.85391998       5.75792980       5.89713955       5.91948032       6.35081959       8.36491966      11.80128002      14.67107010      15.89702988      16.54557037      16.68153954      15.44566917      14.95354080      14.85675049      16.80620956      17.57777977      16.83452034
      15.35812950      14.35009003      14.06859970      14.06399918      13.67839050      12.93405914      12.43520927      12.93958092      14.74710083      17.28344917      20.30089951      23.55911064      25.45862007      26.41799927      27.60022926      29.20998001      30.90861130      31.73299026      31.76321030      31.59225082
      32.00780869      33.33900833      36.31578064      39.46474075      42.52240651      44.21671697      45.81252050      46.94761032      47.89156728      48.58714040      49.13064952      49.61604045      48.94243724      47.09611333      45.20746028      38.98107147      18.11673927      12.67745972      12.81583023      13.97954941
      15.31027985      16.58128929      17.51708984      16.28099060      11.12057972       8.67317009       7.52972984       7.11641979       7.01908016       6.27338327       4.74183319       3.51971340       3.58323320       3.66827679       3.67387327       3.79802322       3.92814000       3.96912320       3.93331337       3.93320656
       3.91838010       3.83350658       3.35240650       3.59798654       3.51677990       3.47616990       3.45544338       3.46094672       3.56523673       3.53303655       3.48515320       3.46266333       3.44611994       3.44758320       3.45534007       3.46545347       3.44719346       3.45434348       3.45850658       3.47560660
       3.48436991       3.49933338       3.50338014       3.50305653       3.52394009       3.52510007       3.51700338       3.39179675       3.36184343       3.37458674       3.33803654       3.30997340       3.30155341       3.25590007       3.19076665       3.13389683       3.10020669       3.08021990       3.10567347       3.12662347
       3.18506654       3.28547668       3.37445990       3.45834319       3.50041008       3.50528336       3.48196665       3.47997665       3.47660319       3.47091993       3.45490011
       3.25164318       3.27789338       3.27766673       3.25042661       3.22057660       3.19673347       3.17914327       3.15452671       3.12465986       3.10975011       3.10746002       3.13848654       3.08009338       2.96813329       3.12451013       3.28808994       3.97888667       4.73094330       5.46497993       4.55854988
       4.49682999       5.76653957       5.84953976       5.84099960       6.05751991       6.20398998       6.44851017       7.56877041      10.71854019      14.41393089      16.91276932      17.91951942      18.24400902      17.97875977      16.53170013      15.81023979      15.60489082      17.76711082      18.39485931      18.26333046
      17.33695984      16.82848930      16.79036903      16.96668053      16.32492065      14.99950027      13.89888954      15.17489052      17.85433006      20.82905006      23.95673943      26.58493996      28.10530853      29.06425858      30.20352936      31.59297943      32.65874100      33.24496078      33.75942993      34.06151962
      34.40145111      35.67456055      38.29813004      41.59949112      44.53737971      46.22141327      47.61504028      48.48187032      49.12616999      49.56360372      49.80796672      49.93090281      49.00008011      46.97008718      44.78171692      38.63996124      20.38463020      14.63736916      14.78289986      15.86070061
      17.22529984      18.51853943      18.78553009      14.15527916      11.15464973       9.43715000       8.00349045       7.34109974       7.06381989       6.82680035       6.71173335       5.33698681       3.62616666       3.69166342       3.76230335       3.83955669       3.93644015       3.99152660       3.94978015       3.88605340
       3.80108674       3.55832322       2.93855985       3.50293318       3.50693003       3.47150675       3.46711667       3.44156679       3.43137995       3.54282665       3.50080681       3.46968333       3.45020994       3.43838342       3.44248676       3.45125008       3.44904995       3.46354326       3.46473662       3.47242991
       3.48558998       3.49497318       3.49568335       3.50558345       3.52068679       3.55469990       3.54819012       3.47625669       3.44356346       3.42028014       3.37994003       3.33367348       3.28946336       3.28603999       3.20520655       3.17020321       3.13180319       3.09155337       3.06628990       3.12907982
       3.16265996       3.19853338       3.34016673       3.45597998       3.50879669       3.51534017       3.49064986       3.47861671       3.47512658       3.46818988       3.45854346
       2.76388995       2.75504653       2.82032331       2.89647992       2.96558666       3.08252335       3.17308331       3.22184658       3.24230671       3.28641987       3.31910006       3.31901677       3.22288005       3.14314334       3.41921679       4.24282322       5.09365673       5.48243999       4.23746967       5.01506042
       5.97694016       5.85867023       5.97824955       6.25800037       6.66565037       6.93638992       7.59418011       9.48517990      13.25052071      17.06336021      19.21365929      19.80707932      19.56282043      18.95747948      17.45589066      16.44573975      16.15356064      17.79512024      18.64233017      18.86804008
      19.05621910      19.11660957      19.51449013      19.68113899      18.98558044      17.03339005      15.34988022      16.89734077      20.15048027      23.94272995      27.27279091      29.37218094      30.51692963      31.33692932      32.10688019      32.98614120      33.80575943      34.67126846      35.57833862      36.30564117
      36.44609070      37.86801147      40.20619965      43.51834106      46.45513662      48.01805979      49.09163361      49.72810669      50.13013611      50.31857936      50.25548019      49.24776077      47.07326126      45.14588928      43.37142181      38.20689011      22.08984947      16.57559967      16.83152008      17.81365967
      18.92090988      20.26078987      19.83633041      14.61399078      11.93914986      10.09568977       8.86528969       7.81589031       7.37255001       7.10223007       6.84504986       6.94472980       5.53338655       3.64840666       3.71135998       3.80341657       3.94417985       4.01155663       3.97417005       3.79292997
       3.76716677       3.42950662       2.88347658       3.46196651       3.52400335       3.48434321       3.42852338       3.40046342       3.38628324       3.43065993       3.52438323       3.48040994       3.44873651       3.44152991       3.44103654       3.43743324       3.43486341       3.44526672       3.46203995       3.47023678
       3.47763348       3.48086993       3.49265003       3.54478677       3.51657327       3.48423004       3.48252328       3.48551337       3.46334680       3.44378662       3.40640004       3.38090324       3.34455999       3.25688998       3.22327995       3.22258663       3.16344992       3.12153657       3.06306680       3.11881002
       3.18435319       3.16646004       3.25360330       3.43383344       3.50421651       3.51465321       3.47851658       3.45515664       3.43443330       3.43070984       3.43814659
       3.37782987       3.32406330       3.26148669       3.19379330       3.08771006       2.95413653       2.81814003       2.75083669       2.71835327       2.73072656       2.79553000       2.93288994       3.05843989       3.37108676       4.30473995       5.18731658       5.12473965       4.25253963       5.20705032       6.12003994
       6.11900997       6.20343018       6.83434963       7.84488964       8.37742996       8.68980026       9.62465000      11.98491001      15.71421051      19.23494911      21.27368927      21.55117035      20.96335030      19.95037079      18.28471947      17.19750023      16.88435936      17.82646942      18.96740913      19.82691956
      20.81506920      21.28704071      21.57053947      21.30687904      20.21066093      18.34659958      16.79820061      18.34613037      22.14705086      26.55565071      29.96097946      31.28710938      31.85842133      32.27178955      32.91386032      33.73321915      34.94580841      36.39609909      37.56795883      38.21012115
      38.86357117      40.02481842      42.22993088      45.52394867      48.29230296      49.65194336      50.41723612      50.80020721      51.02541641      50.92845027      50.28673935      47.42163849      44.80720139      42.38961029      39.97410965      35.93708801      26.84600067      20.42157936      19.16250038      19.81830978
      21.42073059      21.35386086      18.53178024      15.54987907      13.54734993      11.60807037      10.13591003       8.93021011       8.32384014       7.74199009       7.02274036       6.90746975       6.78069019       4.80355991       3.68593343       3.76476320       3.91914654       4.02827676       3.97842344       3.78008334
       3.77052657       3.43503316       2.89328003       3.44249344       3.51294009       3.43291664       3.41423321       3.44275665       3.43689664       3.44110998       3.41619015       3.45242659       3.42991002       3.44743347       3.43988673       3.43827343       3.43969345       3.43815994       3.45254008       3.47090658
       3.49597994       3.48694992       3.49024995       3.49058342       3.52064673       3.51919333       3.49619993       3.51664670       3.53265317       3.50892989       3.46081988       3.38352013       3.33584340       3.32667987       3.29866346       3.24104659       3.29500675       3.33076318       3.27675343       3.05467319
       3.14494673       3.18649006       3.22867680       3.34073321       3.38659668       3.38779322       3.39673996       3.37267653       3.38650672       3.41003990       3.42506663
       3.08018653       3.01473331       3.05685997       3.10788663       3.21971989       3.33623346       3.41396999       3.40904331       3.40222327       3.38372326       3.29098002       3.15395006       3.09805667       3.87497991       4.37187958       4.29825974       4.48443031       5.80004025       6.28524971       6.36415005
       6.54267979       8.30539989       9.99108028      11.36487961      12.01605034      12.18761063      12.80616951      14.54721069      17.63003922      20.86619949      22.64295959      22.88209915      22.12155914      20.89156914      19.14888000      17.90707970      17.76461029      18.30168915      19.66274071      21.56986046
      22.57336998      23.12854958      23.07514954      22.20862007      20.82043076      19.49711990      19.21566010      20.18848991      23.30134010      27.79894066      30.78231049      31.62841034      32.22434998      32.82001114      33.50275040      34.51562119      35.96947098      37.61851120      39.02640152      39.88982010
      40.78733826      41.94308090      44.02177811      47.42671204      50.03987986      51.09879359      51.57953272      51.74894043      51.68820618      51.29609934      49.41299820      46.55329895      43.98326874      41.08584976      38.10464096      35.19908142      31.86130142      29.11890030      26.87290001      25.87639046
      24.10819054      22.11763954      20.18239975      18.18073082      16.36459923      14.82732010      13.52337074      12.03326988      10.74067020       9.65725040       8.28981972       7.56153965       7.16926003       6.46602339       3.73197333       3.75282669       3.88438002       4.04048665       4.00988674       3.72945340
       3.75899665       3.45776335       2.86858336       3.37538656       3.50778675       3.49453672       3.47668012       3.46154340       3.44000340       3.39037673       3.33179347       3.30981000       3.44626331       3.43319003       3.43853347       3.43785985       3.45361010       3.45996666       3.46400007       3.46210321
       3.47670682       3.51595338       3.52939002       3.54074001       3.55714989       3.58363660       3.58017667       3.54862340       3.55016009       3.53226662       3.51498667       3.47430007       3.37948990       3.31726996       3.30976995       3.27482986       3.35068671       3.33108330       3.33684349       3.14831670
       3.12071006       3.18930658       3.22587013       3.24042670       3.25457668       3.30233002       3.35157998       3.34892654       3.37190342       3.39315001       3.39240678
       3.01617654       2.89369329       2.98738988       2.98010667       3.09025319       3.19992987       3.23761654       3.23640664       3.22229322       3.22196674       3.22725995       3.49545321       4.19470655       5.10844667       5.46809959       5.52593040       5.80663013       6.09558010       6.64011955       6.84661007
       7.35354042       9.12191010      13.07930946      15.45963097      16.25292969      16.31962013      16.30648994      17.42363930      19.62898064      22.24143028      23.92210960      23.92922020      23.05200958      21.70434952      20.05261040      19.12025070      18.87302971      19.58439064      21.20649910      23.02016068
      24.18944931      24.66345024      24.41114044      23.12791061      21.93334007      21.72738075      22.40107918      23.36845970      24.95034981      28.11371994      30.77262115      32.02336884      32.87448120      33.67007065      34.55728149      35.70309830      37.15008926      38.61428833      40.06608963      41.19145966
      42.41151810      43.88862991      45.96149063      49.05165100      51.71033859      52.81730677      53.28242009      53.30950953      53.14971059      51.68037033      49.34806061      46.85578918      44.71736908      42.51861954      40.16767120      37.66009903      35.34674835      33.34035110      31.56462097      29.82316971
      28.10836029      26.04937935      23.90858078      22.03614998      20.27371025      18.81308937      17.42848015      15.77339935      14.07891083      12.12809944      10.36273003       9.31577015       8.24855042       7.78462982       4.69763349       3.74675655       3.87998327       4.04600652       4.04347324       3.79488659
       3.75746663       3.47445329       2.91484992       3.33668995       3.49232006       3.49378681       3.49252319       3.47077656       3.38965670       3.40073999       3.39306323       3.38375664       3.33686670       3.52293650       3.47618993       3.45366319       3.46579679       3.46327655       3.50303682       3.52075990
       3.52412669       3.53915660       3.55401007       3.56011009       3.58886655       3.57137998       3.59348329       3.57054011       3.55765661       3.54627673       3.55156008       3.56251653       3.57833322       3.38561662       3.32055346       3.31763999       3.34009679       3.34754658       3.29122321       3.20985985
       3.15548674       3.14443334       3.19103336       3.21364657       3.21822675       3.25574652       3.30674680       3.33036677       3.35089334       3.37585990       3.38573011
       3.00091330       2.98005676       3.16889000       3.21523666       3.26016680       3.26714007       3.26617336       3.24354998       3.23187987       3.58133341       3.99972329       4.40765677       5.10772347       5.56620026       5.57721043       5.49376011       6.05206013       6.37827969       6.93111992       7.53715038
       8.83316040       9.10799026       9.57666969      17.59483910      20.26465988      20.64719963      20.41955948      20.82131958      22.18350029      23.62488937      24.20071983      24.17621994      23.60260963      22.35387993      20.93568993      20.36453056      20.28499985      21.50576019      23.32666016      24.73719978
      25.57551003      26.20219040      25.70421982      24.27198029      23.71858025      24.61705971      26.19255066      27.50820923      28.54779816      30.10203171      31.80596924      32.99256897      34.00524139      35.06351852      36.22629929      37.40800095      38.82535934      39.98477173      41.23223877      42.68025970
      44.11077881      45.79396057      47.71752167      50.04701996      52.84975052      54.99332809      55.36169052      54.79811096      53.73165894      52.45006943      50.85340881      49.02381897      47.19879913      45.45875931      43.47397995      41.33073044      39.27761841      37.59437943      35.97290039      34.32931137
      32.64859009      30.77655792      28.49396896      26.45763016      24.67498970      22.91706085      21.19264030      19.28565979      17.45779991      15.71084976      13.75715065      12.05688095       9.68191051       7.85914040       5.45399653       3.78728994       3.86514664       4.04471334       4.07300345       3.81069660
       3.74532986       3.47395674       2.91776339       3.25921663       3.48093987       3.47482681       3.47517331       3.46094322       3.44646676       3.44388008       3.41978995       3.42190011       3.35772324       3.41573334       3.55355326       3.54222012       3.52938652       3.53334681       3.52627659       3.53927676
       3.53063679       3.53470325       3.54335340       3.55327670       3.55968666       3.59029675       3.61214320       3.59188684       3.54063988       3.54080995       3.53940678       3.57463010       3.61905003       3.58838654       3.34729989       3.34694672       3.32942994       3.28945669       3.26795673       3.23164336
       3.19716326       3.16348330       3.14984322       3.17095343       3.18853664       3.20593993       3.26694012       3.30498346       3.31199678       3.34331322       3.37465000
       2.98851013       3.19618003       3.29425653       3.29566002       3.29749997       3.30173333       3.30148347       3.64345341       4.05257676       4.51215680       4.90197652       5.36460991       5.82853031       5.83532047       5.95263004       5.64710999       6.57267952       6.98015022       7.52221012       8.42232990
       9.37456989      11.48822975      14.29056931      18.34902954      22.43232918      24.08521080      24.31440926      24.60263062      25.37619972      25.51065063      24.91386986      24.57584000      24.13858986      23.07529068      21.83724022      21.63857079      22.28255081      23.89727020      25.52124023      26.61277008
      27.48155975      27.83054924      27.21121979      25.83576012      26.00613022      27.68955040      29.45796967      30.80973053      31.70999146      32.65869141      33.92343140      35.33105850      36.53778076      37.57492065      38.56478119      39.50722885      40.60100937      41.83686829      43.26345062      44.76752090
      46.60023117      48.23744202      49.80131149      52.17758179      54.72702026      56.38457870      56.54745865      56.16500854      55.36111069      54.48020935      53.30696869      52.16611862      50.70988083      48.91802979      47.10112000      45.32033157      43.58206940      42.09403992      40.64918900      38.96208191
      37.02067947      34.84650040      32.57371902      30.58736038      28.78984070      26.76646042      24.76390076      22.89974022      21.00515938      19.21136093      17.40827942      15.83930969      11.24983025       8.70448971       6.24046326       3.98741341       3.81894652       4.03685665       4.10073662       3.84783332
       3.72032674       3.47282346       3.00732676       3.19767984       3.46969000       3.51607323       3.51780001       3.48917993       3.45438004       3.43099340       3.43483321       3.40831661       3.39446322       3.25698344       3.35163339       3.50985336       3.50199350       3.50625324       3.52130667       3.52444331
       3.50540002       3.48838997       3.49796009       3.51797009       3.55134010       3.58442338       3.59905656       3.59556007       3.54910342       3.55455335       3.53839652       3.56788317       3.61082999       3.56960011       3.42684333       3.38610331       3.37472661       3.32586320       3.29682668       3.24411996
       3.22335339       3.18682321       3.16068999       3.14800008       3.17462985       3.16837343       3.21802680       3.26452001       3.27262656       3.30063661       3.35179996
       3.14019680       3.28754997       3.27797349       3.27949651       3.27549330       3.64216323       4.10599667       4.51015998       4.95809344       5.42610652       5.79327965       5.71473980       5.68245983       5.98155975       5.63043976       6.35328960       7.28318024       8.07357979       9.96940994      11.09832954
      11.75603962      12.04793930      13.68616104      17.02622986      20.75804901      24.43363953      26.79565048      27.99877930      28.68788147      28.49132919      27.47697067      26.11866951      25.00465012      24.01054955      23.12960052      23.69030952      24.77771950      26.55065918      28.05437088      29.08309937
      29.76536179      29.88599014      28.93046951      27.80443954      28.72132111      30.56637955      31.84770966      32.99282837      34.32641983      35.51042938      36.86233139      38.34519958      40.03467178      40.78910828      41.37181854      42.24222183      43.59357071      44.69229126      46.13188171      47.82828140
      49.63621140      51.06473160      52.66249847      54.70433044      57.31459045      58.75997925      58.87022018      58.45156097      57.88785934      57.22869110      56.56869888      55.73033142      54.72085953      53.20188141      51.50098038      49.75308990      48.80218887      48.11003113      45.55144119      43.05973053
      40.75897980      38.58617020      36.21171188      33.91151047      31.98786926      30.07920837      28.19150925      26.31052017      24.41382027      22.77926064      20.96759033      18.52578926      11.11592960       9.82194042       7.16080678       3.98965995       3.79933008       4.02037652       4.11780008       3.83782323
       3.67741680       3.47458998       3.13883336       3.11867015       3.53030332       3.52919006       3.49621010       3.44377995       3.44863319       3.44351991       3.43875662       3.42431990       3.43133672       3.42769655       3.46254349       3.53219000       3.48830986       3.48455334       3.47051334       3.47836336
       3.46509012       3.46076012       3.48116684       3.50662327       3.53563341       3.56613668       3.58017985       3.57035319       3.57845338       3.53919983       3.56324673       3.56489340       3.56872654       3.53794320       3.47265657       3.40877660       3.37658660       3.34791660       3.30671342       3.28026009
       3.23836676       3.21224658       3.19600677       3.15644010       3.15211328       3.15920003       3.18235652       3.20312659       3.22716014       3.26497650       3.31996663
       3.30060005       3.29927985       3.34856002       3.59095990       4.06200345       4.53955329       5.05490677       5.44891346       5.89833340       6.02392006       6.00047970       5.80461025       5.69130993       5.76093006       6.42467976       7.43428040       8.35249043      11.78289032      14.24761009      15.70471001
      16.25842094      16.10317039      15.35112953      15.99371910      18.80389023      22.70211983      26.67015076      29.81335831      29.98860931      29.96662903      29.66798019      28.24869919      26.45330048      25.27182961      25.00978088      25.74678993      27.26482964      29.45893097      31.21804810      31.88552856
      32.14939880      32.31858063      31.24158096      29.96110916      31.27368927      33.08118057      34.27600098      35.65625000      37.08670044      38.30274963      39.71229935      41.08184052      43.21138000      43.73833084      44.32514954      45.07149124      46.23849106      47.50825119      49.21995926      51.17520142
      53.10364914      54.46382141      55.78432846      57.70529175      60.31159210      61.82286835      62.25226593      61.68943787      61.05056000      60.41040802      59.99193954      59.55047226      58.51239014      57.27164078      56.01427841      54.58998108      53.52883148      53.46818924      51.32498169      47.94100952
      44.99573898      42.08541870      39.76977158      37.34358978      35.21376038      33.23345184      31.31961060      29.52947998      27.58989906      25.59615695      23.46701981      18.93144989      11.73565006      11.05733967       8.25032323       4.23729343       3.80103016       4.00279999       4.13144652       3.93813006
       3.63230006       3.47128677       3.26211325       2.99858348       3.55137666       3.53140990       3.47528013       3.42423662       3.44406319       3.46000989       3.49607340       3.52174346       3.49604670       3.48298677       3.49653657       3.50795015       3.46869342       3.45364348       3.44776344       3.47962316
       3.48893992       3.47573344       3.48502986       3.50008329       3.52313328       3.54022344       3.53941663       3.55555662       3.55389341       3.56299337       3.54494667       3.56606674       3.58782673       3.56707001       3.49443658       3.43020662       3.40942669       3.36339347       3.33040015       3.29064337
       3.25753657       3.24209340       3.22146002       3.17074998       3.14588992       3.15807343       3.16443316       3.18159993       3.20271333       3.21717676       3.26588345
       3.56726348       3.71573671       3.99998320       4.51164661       4.98728339       5.43138660       5.86497651       5.82409000       5.95631027       5.95499992       5.83323956       5.95837975       6.06190968       6.39239979       6.93280983       7.81124973      10.68682957      15.09722900      18.54291916      20.63488960
      21.28764915      20.96582985      19.75190926      18.52227020      18.35932922      20.82254028      25.08602905      29.69329071      30.13722992      30.15528870      30.16411972      29.89583969      28.39619827      26.77033997      26.67141914      27.68911934      29.64097977      32.24929047      34.25056839      35.01185989
      35.01358032      34.81911850      33.89743042      32.36278915      33.83063126      35.72853851      37.30566025      39.06629181      40.50584030      41.47032166      42.47898865      43.64886856      44.92127991      45.90206146      46.79901123      47.74039078      49.18288040      50.19715881      51.97272873      54.20232010
      56.39778900      57.76742935      59.25271988      61.33679199      63.62352753      65.10163116      65.64418030      65.31250763      64.66364288      63.99622345      63.42774200      62.84966278      62.14243317      61.47045898      60.39936066      58.63782883      54.07770157      53.88146973      53.79967880      52.78245163
      49.78926086      46.54001999      43.56813812      41.06082916      38.84941864      36.46411133      34.10379028      31.99977112      29.79398285      27.40591380      25.07117358      17.90180016      12.93588066      12.51862907       9.32663320       4.80915318       3.83357334       3.97574997       4.13142014       4.01141993
       3.62068653       3.46555328       3.32518991       2.96851349       3.54542001       3.50031662       3.47550678       3.48288663       3.49851322       3.50505670       3.51928679       3.51170667       3.51508999       3.51457659       3.51033338       3.49982325       3.46277682       3.46091334       3.46179008       3.47538662
       3.53424009       3.52671655       3.49703344       3.49130662       3.52856318       3.54792658       3.53553677       3.53949006       3.53856341       3.51478322       3.51826000       3.53247674       3.59001319       3.55884679       3.52822653       3.48717340       3.45237668       3.39182345       3.36277008       3.32675012
       3.29181004       3.26811663       3.24407991       3.20555337       3.16675663       3.16751003       3.16591326       3.17654673       3.19023673       3.19001007       3.21044668
       4.45840995       4.59593658       4.87593653       5.32308993       5.81635666       6.02910995       5.88129044       5.74921989       5.85029984       6.02756977       6.26733017       6.18688965       6.26194000       6.33277988       7.25321960       9.05004978      12.78150940      17.54677010      21.62287903      24.14649963
      25.44105911      25.44827080      24.34402084      22.68989944      20.97068024      20.77103043      23.78626060      28.94150162      30.42214966      30.18424988      30.23543167      30.15184021      29.64125824      28.33209991      28.28042984      29.34638977      31.70175934      34.80934143      37.34806061      38.14279938
      37.92393112      37.24127960      36.11828995      34.73659897      35.87957001      37.95616150      40.30707932      42.25349045      43.63389969      44.63114929      45.24755859      46.12144852      47.10049820      48.51089859      49.11019135      50.16466904      51.56248856      52.71823120      54.38105011      56.63574982
      59.19789124      61.03446960      62.69544983      64.78357697      66.34230042      67.81826019      68.64089203      68.68624115      68.33808136      67.71775818      67.41735077      66.84506989      66.52677917      65.93977356      65.10060120      63.80133057      60.83889771      55.72056961      53.88616943      53.62068939
      53.26945114      50.98474716      47.48223114      44.16334915      41.78355026      39.28874969      36.40153122      33.95059204      31.52618352      28.96781387      26.17289358      17.61101913      14.50415993      14.07748985      10.35565681       5.37920348       3.88866997       3.94100984       4.12091986       4.01264350
       3.71241347       3.50272338       3.26568317       2.99641323       3.52167988       3.53135681       3.55508677       3.57321326       3.53787009       3.52815660       3.54275990       3.52978675       3.50542005       3.49505997       3.48588339       3.50222683       3.47838656       3.46285343       3.48771985       3.49281661
       3.54157003       3.54126008       3.53295008       3.48152002       3.51830324       3.57529990       3.55154324       3.52938684       3.53406652       3.50389004       3.51227347       3.53820006       3.56913662       3.54913680       3.53281339       3.53922335       3.48921331       3.43351014       3.39439996       3.35849667
       3.33201663       3.28620656       3.27450339       3.25751336       3.22253323       3.18492667       3.16386000       3.18828011       3.19281991       3.20577653       3.18672657
       5.25586332       5.41304677       5.69810994       6.15713660       6.06188965       5.91897011       6.07800961       6.26513958       6.29588032       6.14074993       6.21957970       6.43150997       6.80587959       7.94956017       9.33953953      11.58615017      14.72672081      19.22436905      23.69531059      26.40819931
      27.87515068      28.73870087      28.24000931      26.75992966      24.11067963      22.34300995      24.04120064      27.94503021      30.71992874      30.84634018      30.29690170      30.67800140      30.53187943      29.64593124      29.70204163      30.91334152      33.53807068      36.78689957      39.52450943      40.41970825
      40.30500031      39.52930069      38.25210953      36.93143082      37.67647171      39.87985992      42.53139877      44.87509155      46.78165054      47.63459015      47.99869919      48.32619858      49.08177948      50.76609039      51.23928070      52.58338165      53.85937881      55.02893829      56.60857010      59.23138809
      62.04116821      64.08235168      65.66503143      67.41856384      68.83927155      70.70311737      71.73552704      72.16834259      71.94120789      71.91123962      71.82907867      71.44127655      71.29689026      70.93994141      70.05188751      68.44360352      66.41526794      64.13619995      58.66534042      54.10998154
      53.52429199      52.89445877      50.40951920      46.39242935      43.43978119      40.96179962      37.74607849      34.86922073      32.28686905      29.94807053      27.10683060      18.40574074      16.17793083      15.56969986      11.43333689       5.95134010       3.84985669       3.92167346       4.10789013       4.01823997
       3.72471682       3.52786986       3.22451337       3.05223656       3.52420012       3.55332343       3.55108992       3.57276344       3.56523991       3.53367329       3.51001326       3.49606991       3.49664338       3.49639002       3.48547999       3.48321660       3.46737989       3.48193677       3.51508013       3.52469667
       3.52489662       3.54183324       3.54362011       3.50698344       3.51767000       3.57856337       3.57710012       3.56088670       3.52560997       3.49346320       3.49698989       3.50640329       3.53595670       3.56250985       3.53789330       3.53452651       3.50573667       3.48298995       3.43283335       3.41453997
       3.36587652       3.32203007       3.30816682       3.28809675       3.29725011       3.25902653       3.22195339       3.20619011       3.16851679       3.18997002       3.18188985
       6.09127674       6.16071994       6.00282001       5.80251026       6.04553986       6.38891029       6.29246998       6.22620010       6.22140980       6.39013958       6.64216995       6.87353039       8.33606052      10.75456047      12.59206009      14.27087021      16.82604980      20.66772079      24.84996033      27.83346939
      29.46059036      30.68558884      31.04999161      30.01839828      26.78727913      24.45594978      26.48760986      28.60461044      31.12223816      31.54861832      31.69766998      32.65856171      32.03282166      31.11645126      31.19075012      32.48955154      35.06388092      38.61671829      40.88671112      41.85573196
      42.00086975      41.11109924      40.02233124      38.92391968      39.49805069      41.45869827      44.20508194      46.88951874      49.15365982      50.11217117      50.11109161      50.42171860      51.24943924      52.82725906      53.32801056      54.48157883      55.49493027      56.74185944      59.05001831      61.81529999
      64.64298248      66.56294250      68.18395233      69.83318329      71.29493713      72.89611053      74.64753723      75.52799225      75.95160675      76.12069702      75.86332703      75.85537720      75.86891937      75.58891296      74.94632721      73.42397308      71.02129364      68.24664307      64.95567322      60.22241974
      54.88222122      52.76385880      50.45238113      47.46540070      44.48289108      41.32532120      38.06679916      34.97565842      32.07308960      29.66204071      27.11012077      19.89679909      18.08902931      16.81811663      12.58276698       6.56301670       3.75047016       3.89405346       4.08868663       4.00516001
       3.70302995       3.56035678       3.13682652       3.08335654       3.56728331       3.58944003       3.58238347       3.56005987       3.55063343       3.51493994       3.50839329       3.50789674       3.51962662       3.51834679       3.50131003       3.47739347       3.46087678       3.47289340       3.51481660       3.53658009
       3.53505325       3.55342992       3.55922349       3.52070999       3.50485992       3.55991332       3.58519014       3.57439995       3.54206657       3.51591015       3.49297333       3.50274658       3.50535679       3.55091000       3.53387324       3.53172334       3.51207002       3.51156330       3.47985999       3.47152328
       3.41093000       3.37172667       3.35367012       3.32935683       3.30512015       3.29253991       3.26901340       3.22944673       3.18121656       3.16110007       3.16173013
       5.84047031       5.89062023       6.22068977       6.36380005       6.40530014       6.27873039       6.34436035       6.45429039       6.66510010       6.84438038       6.95011997       8.03090000      10.72723961      13.57212067      15.41172981      16.92231941      19.28100014      22.60253906      26.23188019      29.08065033
      30.73218918      31.88776016      32.29344177      31.38919830      28.21332932      26.96450043      29.55017853      31.03340912      31.79803085      32.35707092      33.22042847      33.82316971      33.18724823      32.44079971      32.69546127      34.02930832      36.43762970      39.56716156      41.76980972      43.07210922
      43.46804810      42.67498016      41.49705887      40.82714844      41.34086990      43.34862137      45.89051056      48.38756943      50.80212021      52.17927170      52.38718033      52.59899139      53.29663849      54.29833984      55.11658859      55.94913101      57.00265884      59.25500107      61.82050323      64.34822845
      66.90647125      69.16747284      71.04740906      72.55213928      73.81661224      75.33384705      77.26618958      78.90219879      79.75363922      79.87843323      80.01934052      80.08940887      80.31604004      80.45484924      80.26757812      77.91439199      75.04892303      71.89047262      68.11260986      64.38072205
      59.99789047      55.51401138      49.81975174      47.44731140      44.43127060      40.94316864      37.54618835      34.10709000      30.98682022      28.38948059      26.08614922      21.11364937      18.16291046      17.54125341      13.34991671       7.25477333       3.74409993       3.87099679       4.06339327       3.98346329
       3.73066680       3.52110672       3.09391340       3.24644661       3.57984320       3.57427661       3.56857999       3.55487347       3.55833658       3.53491338       3.51880328       3.51677990       3.53027662       3.52431011       3.50450007       3.49370321       3.46524334       3.45715682       3.47864660       3.50706005
       3.51466338       3.53899002       3.54488659       3.52984015       3.50361347       3.54799334       3.58104324       3.56571674       3.56593323       3.52259986       3.48044014       3.49555651       3.49765333       3.53879674       3.54598999       3.53490671       3.53035990       3.51574675       3.50308990       3.49906985
       3.47069327       3.43769010       3.39798673       3.37109343       3.33663654       3.31126658       3.27933661       3.26645343       3.22710991       3.18198013       3.16276677
       6.29792023       6.52519989       6.44408989       6.52884007       6.73985958       6.75158024       6.75543976       7.00444984       7.12010956       7.13311958       7.71893024       9.81525040      13.20141029      16.04084015      18.23492050      19.80658913      21.77803993      24.97266006      28.14236832      30.69939041
      32.04993057      32.83177948      32.97623062      31.93785858      29.20510864      29.54542160      32.11845016      33.15969849      33.57546997      34.18302917      34.99505997      35.39870071      34.67797089      33.91054153      34.20441818      35.73968124      38.13871002      40.88796997      42.92348099      44.16867065
      44.71744919      44.09999847      42.95483017      42.55118179      43.21749115      45.31597900      47.77923965      49.99794006      52.05390167      53.68679810      54.10739136      54.54481888      55.41276169      56.18301010      56.80677032      57.71403885      59.64078903      61.62544250      64.45307922      66.74994659
      69.33950043      71.95532227      73.90133667      75.15524292      76.29469299      77.79087830      79.97332764      82.05947113      83.27793121      83.82238007      83.94624329      84.22498322      84.47572327      84.49929810      83.32257233      80.79037720      77.69253621      74.24263682      70.08860016      65.89137268
      61.18289948      56.31309128      50.30126953      46.74655914      43.54978943      39.90121841      36.19203186      32.71931839      29.52944183      26.98492050      24.48748016      21.68041992      18.08333015      16.91650963      13.31272659       7.62086013       3.76720333       3.85753345       4.03490321       3.94727675
       3.68013350       3.46636995       2.93156656       3.34217326       3.57036654       3.57309341       3.56083012       3.55158679       3.55353324       3.54902331       3.51969655       3.51799011       3.51439667       3.51524003       3.50151666       3.49954319       3.46578344       3.47133668       3.50238005       3.48690319
       3.49220657       3.48878670       3.50914669       3.51788680       3.49687004       3.51113669       3.52780660       3.52311993       3.54596329       3.53381666       3.48986657       3.49716663       3.51394018       3.51541011       3.54894988       3.53488668       3.52886327       3.50737000       3.51467991       3.50669003
       3.52653662       3.50802676       3.46376324       3.40353012       3.36301327       3.33771992       3.30351671       3.28284995       3.25595347       3.22546323       3.18433317
       7.07378960       7.12197018       6.95355034       6.92887974       7.11297989       7.36371040       7.37226963       7.48754025       7.59259033       7.77536964       8.90894985      12.02930069      15.43909073      18.43445015      20.72141075      22.33558083      24.61544037      27.58452988      30.77359009      32.86901093
      33.67137146      33.78778076      33.50434875      32.33501816      30.81964874      31.69211197      33.67654800      34.80820084      35.52236176      36.22024155      37.04473114      37.51198959      36.77851105      35.69379807      36.06813049      38.15887070      40.60535812      42.64949036      44.33501053      45.63434982
      46.22201157      45.94282913      45.06188965      44.76612854      45.43423080      47.53929901      50.21678925      52.54130936      53.79946136      54.78218079      55.56119156      56.17607880      57.12017059      58.01153946      59.07178879      59.97584152      61.84599304      64.37299347      66.94689178      69.36557770
      71.98206329      74.76660919      76.78646088      78.21650696      79.44129944      80.91857910      82.83885956      85.08718872      86.84620667      87.44991302      87.79157257      88.25923157      88.43991089      87.79241109      85.32009583      82.57279683      79.28742971      75.52317312      71.15837097      66.18856812
      61.30232239      56.29095840      50.91732025      45.93667984      42.65628052      38.85313034      34.98894119      31.36447144      28.29988861      25.54235077      22.88846970      20.36739922      17.65934944      14.79525948      12.33497696       7.54777331       3.80211322       3.83694998       4.00694656       3.89059321
       3.56704998       3.21271324       2.94715341       3.50808652       3.58203665       3.57198334       3.55351003       3.53764343       3.55151653       3.54413986       3.52673340       3.51462682       3.50795015       3.50122992       3.49671682       3.48302333       3.45392672       3.47076003       3.51008670       3.52849007
       3.51281993       3.49391651       3.49076017       3.49171321       3.47157987       3.49306011       3.50229994       3.51244672       3.51419322       3.52258682       3.49747658       3.50423654       3.53146680       3.49219322       3.54279677       3.52785015       3.51806323       3.51364009       3.51980654       3.53195667
       3.56918653       3.55491670       3.51145013       3.43666013       3.39759000       3.36279996       3.32026323       3.29975001       3.28162320       3.25858657       3.22176679
       8.03952026       7.85457039       7.55945015       7.47309017       7.63605022       7.80889988       7.99998951       7.89599037       7.95254993       8.46837997      10.15550041      13.83760071      17.50637054      20.50056076      22.81114006      24.77109909      27.27356911      30.31203079      33.37633896      35.13750076
      35.62049866      35.21976089      34.37360001      33.39764023      32.70700836      33.52510834      34.99798965      36.19747162      37.31291962      38.26736069      39.23735046      39.87773895      39.44363022      38.31143951      38.21014023      40.48326111      43.06061935      44.79219055      46.25584030      47.25798035
      47.95272827      47.90956879      47.53844833      47.34920883      47.93540955      49.78435135      52.58897018      55.33554077      56.53919983      56.86188889      57.34991074      58.09535980      58.93965149      60.09633636      62.25662231      63.02616119      65.13620758      67.52748108      70.11203766      72.55758667
      75.15534973      77.65662384      79.61509705      81.34152222      82.97441864      84.27172089      85.92189789      88.47529602      90.36302185      91.08519745      91.61495972      92.23152924      92.38972321      89.87058309      87.17458344      84.16081696      80.66060028      76.51326599      71.46224976      66.11657715
      60.96556854      55.83518982      50.64825058      45.15106964      42.42081833      37.89736176      34.20182037      30.60995865      27.34049988      24.35928917      21.55760002      18.73963928      16.09501076      12.93556023      10.39970970       7.32392330       3.86205324       3.84075006       3.97609679       3.81261667
       3.44712003       2.98690319       3.30206331       3.53915342       3.57209682       3.57408683       3.56391335       3.55569013       3.53439681       3.53477669       3.53888988       3.51312319       3.50256348       3.49165662       3.47453658       3.48477999       3.45336342       3.44563325       3.49339676       3.52661324
       3.52464676       3.50387001       3.48894660       3.48224004       3.47375329       3.48849996       3.49836000       3.51827335       3.49903329       3.51038011       3.49744002       3.50046984       3.50356674       3.47089672       3.50614325       3.53899002       3.52045345       3.50382996       3.52556992       3.55134010
       3.57758331       3.58310000       3.52558994       3.47389666       3.43503666       3.39652348       3.36307335       3.33110015       3.30959320       3.30148347       3.29404990
      10.40174961       9.72424984       9.13440990       8.45314026       8.16489029       8.16786003       8.30241013       8.78565025       8.88829041       9.35054016      11.02787971      14.80143929      18.80438042      22.26256943      25.08929062      27.24739075      29.61862946      32.42959030      35.07423971      37.22886963
      37.58544922      36.85169983      35.77910995      34.92721176      34.66051102      35.23933029      36.45706177      37.63206863      38.87984085      40.08230972      41.23102951      42.29005051      42.34365845      40.94913864      40.33224106      42.38827896      45.04618835      46.99422073      48.09608841      49.04917908
      49.80186844      50.13275146      50.11436844      50.11236954      50.73073959      52.25614166      54.82415009      58.02920151      59.45967102      59.30606079      59.43500900      60.04316711      61.17894745      62.52633667      64.22261047      65.81974030      68.00113678      70.72371674      73.51860046      76.26812744
      78.85975647      81.04298401      83.08242798      85.05436707      86.60389709      87.74461365      89.45674133      91.98251343      93.55802877      94.21482086      94.85402212      95.46447581      94.55124451      91.99706441      88.95533549      85.63280670      81.66276357      77.19148702      71.61280823      65.94316101
      60.71251678      55.31774902      50.10998917      45.19499969      41.63623047      37.70138168      33.77767181      30.07410049      26.49677086      23.32500076      20.34211922      17.47513962      14.51678085      11.71893978       9.55261993       7.16240990       3.90013345       3.84867318       3.94136651       3.76032670
       3.32499663       3.02603658       3.48801676       3.53469658       3.53600343       3.55099010       3.56693331       3.55348333       3.54047330       3.51859983       3.52554989       3.51126321       3.50675678       3.48950005       3.47198327       3.47885323       3.44803333       3.41941675       3.48300680       3.51316007
       3.52255344       3.50574334       3.48030663       3.47026348       3.47557672       3.48816999       3.48263677       3.49155331       3.50891654       3.50004323       3.50496991       3.50283655       3.49516678       3.48192660       3.47970009       3.54693000       3.51324336       3.48120658       3.49667009       3.55362002
       3.60091337       3.59239992       3.54579004       3.51142343       3.46491655       3.43876012       3.41253662       3.40600650       3.39725653       3.36211332       3.31525326
      13.92296028      13.17094994      12.06600952      10.52297974       9.11866951       8.92166042       8.82304001       9.30010986       9.86118031      10.44758987      11.72620964      15.14677048      19.49256897      23.74114037      26.65479673      29.03825638      31.42179042      34.05371719      36.62702352      38.71145986
      39.24705124      38.34059143      37.29954910      36.63890839      36.47154999      37.06855011      38.03371048      39.14503098      40.45330048      41.81106186      43.03628159      44.34910965      44.94847870      43.51673126      42.59983063      44.15859985      46.81507874      48.73588181      49.70104980      50.60311890
      51.26797104      51.81996155      52.20756912      52.69918823      53.62958908      54.94760132      57.01779938      59.75373077      61.52722168      61.39222717      61.53418732      62.25681305      63.46295166      64.95092773      66.46904755      68.60404205      71.48419189      74.69346619      77.67385864      80.23578644
      82.63027191      84.92263794      86.85585785      88.47093964      89.60182190      90.91271210      92.76087189      95.08754923      95.99485240      96.75396729      97.62431875      98.33204966      97.08368917      93.86085551      90.57254639      86.74113627      82.28090383      77.82490061      71.96607971      65.98941803
      60.43920898      55.03596115      50.06081009      45.70993042      40.59920883      37.80001068      33.19831085      29.61008072      25.78474045      22.38701057      19.48156929      16.41391945      13.39262009      10.94536018       9.48462009       7.10735992       3.94064999       3.84653664       3.91542339       3.66689650
       3.10404682       3.24808661       3.52553654       3.51391347       3.50171343       3.53521347       3.57192675       3.55188656       3.52596347       3.51077334       3.51384004       3.50769011       3.50164318       3.49403667       3.47685655       3.46449343       3.44718997       3.42510001       3.47611682       3.51014328
       3.52638340       3.50043678       3.46441015       3.45985349       3.48464012       3.49502659       3.48662663       3.49934324       3.50726318       3.51274681       3.52726014       3.51040999       3.49934324       3.49197324       3.47192319       3.52801673       3.52435335       3.48116334       3.48461342       3.53319327
       3.59411653       3.58485667       3.55530008       3.53704325       3.51038678       3.51758989       3.50026671       3.44525655       3.38748995       3.33814335       3.30239677
      17.71884918      16.69186974      15.40122986      13.09198952      10.34780979       9.63848019       9.82369041      10.55169010      11.07843018      11.59961987      12.61544037      15.67280960      20.02387047      24.63924026      27.93146947      30.45778320      32.92128667      35.63138616      38.06701691      40.07609329
      40.64315033      39.77471924      38.83110809      38.24991989      38.29759979      38.83520126      39.77912140      40.83876038      42.15251923      43.46331024      44.80018997      46.10052109      46.76821136      45.84645844      44.84164047      45.91386032      48.45103073      50.23146820      51.34664917      52.08422089
      52.78509903      53.64632034      54.48683929      55.44208908      56.57315063      58.01358032      59.28445816      61.29062653      62.94107819      63.18559265      63.43270111      64.32785797      65.78607941      67.70648193      69.39633942      72.00652313      75.06803894      78.26405334      81.56040955      84.37515259
      86.63262177      88.96559143      90.66941833      91.68302155      92.74018097      94.26970673      96.28176117      97.78966227      98.62880686      99.42928314     100.31426005     100.57073252      99.08741933      95.54516001      91.83569743      87.59661245      83.03607056      78.23663330      72.31787109      66.15547180
      60.41497040      55.28947830      50.56016922      45.92449951      40.83488083      37.17161942      32.93611145      28.89807892      25.48880959      21.87128067      18.73355103      15.60548973      12.45037079      10.54839039       9.36559963       7.03295672       3.92924341       3.83645662       3.90384674       3.61642679
       3.03991667       3.41431999       3.50541337       3.51293341       3.52039337       3.51729012       3.56100337       3.55098661       3.51850986       3.51093006       3.50568994       3.50177002       3.49723657       3.49621010       3.48605665       3.46578344       3.44502322       3.41736348       3.47209994       3.51091989
       3.52824656       3.47706668       3.46363990       3.45302327       3.47677008       3.49498653       3.50204341       3.49175008       3.50039673       3.49969991       3.50382328       3.51083342       3.49406338       3.47060998       3.47367668       3.51182652       3.52707005       3.48747667       3.49140676       3.51539008
       3.56860669       3.57131990       3.55929661       3.59026655       3.58949661       3.52831682       3.47705682       3.43736998       3.38993009       3.36760012       3.33035342
      20.47055351      19.87893318      18.38892937      15.12532997      11.69365025      10.74242020      11.72459030      12.66938972      12.76366997      12.98954964      13.87237930      16.25419044      20.52795029      25.39579010      29.07032038      31.72312378      34.26282394      36.93606649      39.41255712      41.34438655
      41.81343079      41.12464905      40.27719116      39.92987823      40.32735062      41.17430878      42.08784103      42.98027039      44.03464890      45.23884964      46.60541916      47.78348160      48.45357132      47.90200043      47.05609894      47.89490891      50.08401108      51.66659164      52.75532913      53.63499832
      54.71181870      55.88628006      57.08995056      58.03380966      59.46963120      61.24807739      62.11206055      63.25940704      64.16945648      64.70066833      65.53430939      67.00788116      68.80204773      70.55979156      72.86917877      75.56539154      78.65431976      82.15326691      85.38494110      88.06983185
      90.08759308      92.23963165      93.90207672      94.76236725      96.16452026      98.23319244      99.77435781     100.53398621     101.26795949     101.94435883     102.25523387     102.01804372     100.06698720      96.75914032      92.88702596      88.41544210      83.90778900      78.74476624      72.35630798      66.52295685
      61.17857361      56.15008163      51.20392990      46.38574982      41.64812088      36.08023071      33.01766968      28.57854843      25.01409912      21.97150040      18.72093964      15.48978996      12.30200958      10.30498028       9.16005039       6.96550994       3.92719014       3.81913344       3.89143340       3.60512320
       3.06134987       3.44300334       3.50585334       3.51451651       3.53011322       3.52458318       3.53734652       3.55696996       3.53117339       3.50951322       3.49606673       3.49800014       3.48658657       3.48952675       3.48951340       3.48791345       3.46500333       3.42048009       3.45195007       3.50450993
       3.51024342       3.45578321       3.45633666       3.46899319       3.46955013       3.49011326       3.50327333       3.50214322       3.47738679       3.49451319       3.50122674       3.49714661       3.50007343       3.47786999       3.47521337       3.51668326       3.55215009       3.51128324       3.50553989       3.51275984
       3.56346003       3.57142989       3.54655679       3.55965328       3.58153343       3.53516674       3.49629656       3.45774015       3.41783333       3.39122677       3.36806997
      21.64401054      20.32788086      18.70291901      15.44754982      12.45421028      12.45219040      14.17033005      15.34618950      14.78475952      14.42239952      15.22723961      16.74461937      20.43676949      25.61973000      29.81482315      32.55546316      35.16448720      37.79787318      40.29568354      42.40714645
      42.72134018      42.35873032      41.90298080      41.87860870      42.53512192      43.68307114      44.71997070      45.41386032      46.26892090      47.52087021      48.69659042      49.86595917      50.57107925      49.90528870      49.48567963      50.11561966      51.76533890      53.33943176      54.73723984      56.11650085
      57.73315048      59.43531036      60.43553925      61.35108948      62.68900299      63.78791809      64.26200104      64.71498871      65.43374634      66.28253937      67.64920044      69.87816620      72.08831024      74.15445709      76.34156799      79.24603271      82.65373230      86.05052185      88.91078949      91.43083954
      93.39225769      95.32623291      96.53578186      97.83213043     100.12702942     102.11180878     102.73468018     103.25303141     103.76731873     104.09211222     103.90748596     103.21279653     100.97348328      97.49249674      94.12313080      89.89161275      85.11051381      79.63313293      73.01074982      66.70258331
      61.80931854      56.84915924      51.71004105      46.62844086      41.69433975      36.67961884      32.57588959      28.90711975      25.18354988      21.73978043      18.82444954      15.61841011      12.46048927      10.18136024       8.94219971       6.93557339       3.94590664       3.81927013       3.87910652       3.54883989
       3.04657332       3.45327346       3.47273986       3.50403659       3.52194341       3.53172016       3.53439681       3.54546007       3.53076681       3.52678331       3.50019995       3.49799665       3.50207011       3.49442005       3.48018996       3.48272006       3.47442659       3.45494016       3.44564660       3.48419984
       3.48104986       3.44773324       3.45758343       3.46046988       3.46223323       3.47700342       3.49481996       3.50784651       3.47298336       3.50112661       3.50809669       3.51686001       3.49859015       3.48176320       3.48937670       3.51077334       3.55255318       3.54476992       3.53133996       3.54045328
       3.54548995       3.54505348       3.54688009       3.55657673       3.56400331       3.51617654       3.49983342       3.47573344       3.43444983       3.40460014       3.39912001
      19.95960999      18.54995918      16.64267921      14.60367012      13.79208946      14.75927925      17.12459946      18.31896019      17.49876976      16.43856049      16.47970963      17.60700989      19.92539024      24.04877090      28.35747147      31.37042999      34.31782913      37.55516052      40.55966187      42.67686844
      43.59477997      43.70592117      43.61671829      43.79254913      44.39886093      45.60023117      46.93677139      47.96250153      48.98738861      50.08958817      51.26607132      52.45175934      53.05559921      52.61338043      52.00350952      52.46928024      53.85530853      55.63484192      57.31734848      59.25815201
      61.65862274      63.47791290      64.56562805      65.12246704      66.08341217      66.29342651      66.27586365      66.64853668      67.41287994      68.63571930      70.55106354      73.35864258      75.91696167      78.15048981      79.98123932      82.75891876      86.19036102      89.31700897      92.02046204      94.37435913
      96.14644623      98.00475311      99.30558777     101.39830017     103.81488800     105.07600952     105.54097270     105.73838572     105.77698273     105.45463053     104.83666982     103.94412465     101.60423269      98.08227305      94.91221415      91.40110606      86.39014547      81.14035034      74.28176880      68.23002625
      62.82721710      57.49816895      52.27027893      47.26195145      42.28739929      37.49539185      32.77656937      29.32176208      25.66078949      22.20148087      19.00283051      15.66778946      12.76217079      10.29971981       9.04932976       6.89039998       3.98835659       3.82747332       3.87873332       3.50384013
       3.05163002       3.47624652       3.48423322       3.49361992       3.51222324       3.53231653       3.51919333       3.55040995       3.54509322       3.53276348       3.50869338       3.48678335       3.48371347       3.48830318       3.48265012       3.46977011       3.48067665       3.46284993       3.44845009       3.48144658
       3.46054014       3.44530996       3.45189349       3.45468998       3.45465660       3.47596995       3.48366324       3.50575670       3.51502323       3.51635679       3.53312016       3.55998675       3.51049678       3.48690001       3.50286992       3.52767658       3.51293659       3.55124346       3.51955668       3.52128665
       3.52637990       3.54239655       3.55832005       3.56175327       3.55286344       3.51753330       3.49572341       3.46930663       3.41706340       3.41364988       3.43814659
      20.01469994      18.74995041      17.54128075      16.42441940      16.25897980      17.06069946      19.58083916      21.37924004      20.70574951      19.23827934      18.25370979      18.60975075      19.83366966      22.01921082      25.17749023      28.28036880      31.69255829      35.61481857      39.66992950      42.69451904
      44.90053177      45.55002975      45.65113068      45.82371902      46.42525864      47.41104889      48.73371887      50.08512878      51.28726959      52.61885834      54.08808136      55.19686127      55.81188965      55.51087952      54.95557022      55.05002975      56.23672867      58.07141113      60.37738037      63.21649170
      65.67433929      67.61102295      68.07118988      68.30818939      68.55954742      68.72071838      68.91811371      69.49317169      70.43656158      71.86155701      74.04579926      77.21681976      79.77141571      81.58099365      83.28343201      85.98487091      89.25849915      92.11166382      95.15355682      97.31739807
      99.07643127     100.91236877     102.34007263     104.50636292     106.79418945     107.74593435     108.07088786     107.92781108     107.26499196     106.33539581     104.72162628     102.26194000      99.98374176      98.15483856      95.65365448      92.27081360      87.42922994      81.97718811      75.61113739      69.58969879
      64.03188324      58.43669128      53.12435150      48.13071823      43.30105972      38.61162949      34.24866867      29.52598953      26.59281921      23.07674980      19.60688019      16.24258995      13.13628006      10.79214001       9.52910042       6.84039654       3.98320325       3.83673000       3.89313348       3.40491009
       3.07603327       3.51318995       3.48986657       3.49280008       3.51520665       3.52835655       3.51221339       3.51931349       3.53114319       3.51224677       3.50787671       3.49548658       3.47751331       3.47174676       3.48606332       3.48457336       3.48485661       3.46551673       3.43728987       3.45598666
       3.43111324       3.42906348       3.44028664       3.45214653       3.45295652       3.45812003       3.47369003       3.51557000       3.52966340       3.52868334       3.53842004       3.55414995       3.54653009       3.55308342       3.51784674       3.49247678       3.48194663       3.52313010       3.57772001       3.53214010
       3.52970664       3.54545657       3.56746991       3.56647333       3.55285994       3.54778989       3.51032670       3.46753661       3.42741680       3.43201319       3.46038342
      21.99238014      21.89855957      20.82832909      19.59270096      19.07958984      19.82263947      22.26889038      24.47443008      24.40126991      22.80060005      21.15694046      20.49139977      20.86190987      22.02795029      23.66840935      26.17439079      29.82759094      34.51160049      39.16526031      42.76794815
      45.98770905      47.58856201      48.13549042      48.61988831      49.06890869      49.78031158      50.76797867      52.02627182      53.34349060      54.98217010      56.62144852      57.69274139      58.46939087      58.54064178      57.94905090      57.83335876      58.67856979      60.62760925      63.74063873      67.05258942
      69.62030792      70.84664917      71.35839081      71.65058136      71.63027954      71.53002930      71.82950592      72.69383240      73.76693726      75.33470154      77.96333313      81.11087799      83.53254700      85.11663818      86.88266754      89.21101379      92.11637115      95.14257812      98.36646271     100.57041931
     102.63326263     104.44380188     105.74474335     107.27084351     109.16311646     109.56316661     109.77086243     109.24352712     107.94106313     105.52671051     102.47586060     100.30464935      98.76985931      98.01351929      96.08928884      92.87488719      88.07635111      83.18755931      77.29802704      70.97712708
      65.36515045      59.53828049      54.34659958      49.38307953      44.38864136      39.74776077      35.58414841      31.51906967      26.82258034      24.10751915      20.39839935      17.17678070      14.16510010      12.00925064      10.17883968       7.06432337       3.99686654       3.85666656       3.91099675       3.30719344
       3.03995323       3.51331329       3.48515670       3.48364989       3.49257342       3.51867676       3.51441987       3.51029332       3.51064332       3.49765015       3.50351652       3.50035985       3.49479008       3.47856013       3.49009005       3.48029010       3.48069318       3.46750991       3.44486332       3.44438998
       3.41086674       3.42469343       3.43792661       3.45173995       3.44300016       3.45604006       3.48268000       3.51388677       3.52127012       3.53859011       3.56223329       3.53835011       3.48742676       3.46868324       3.46647676       3.47278659       3.49549675       3.49515661       3.55391661       3.55067984
       3.55355994       3.55837345       3.58200677       3.57175668       3.55422338       3.55005995       3.52503681       3.48860010       3.44066016       3.41393344       3.45750682
      24.92431068      25.29468918      24.58571053      23.65299988      22.47580910      22.86029053      25.36277962      27.96545029      28.63108063      27.24828911      25.45087051      24.07752037      23.31040955      23.51943970      24.62899971      26.07386971      28.91651154      33.44400024      38.13425064      42.50148010
      46.34115982      48.93645859      50.42913055      51.39154816      52.16870117      52.95827866      53.59363174      54.26424026      55.31148911      57.13024139      58.95212173      60.24284363      61.35400391      61.71089935      61.56009674      61.35944366      61.82083893      63.48075867      66.79679108      70.12583923
      71.96507263      73.17017365      74.03717041      74.63197327      74.44885254      74.46437836      75.00431061      75.98227692      77.30034637      79.16951752      81.72702789      84.73159027      87.06762695      88.98052979      90.67189026      92.76513672      95.40872192      98.38983154     101.55930328     103.75981903
     105.77644348     107.12393951     108.22125244     109.81419373     110.42884420     110.44474681     110.17237274     109.16442332     107.63224040     104.01043701     101.00282288      99.65979004      98.98690796      98.20932770      96.09086456      93.14416382      88.78630737      84.07742249      79.31236237      73.17089081
      67.12484741      61.35420990      55.90821075      50.87878036      45.84053040      41.52722931      37.42082977      33.00893021      28.58742905      24.16787910      21.63067055      18.59836960      15.41856003      13.32308960      10.45656013       7.72648014       4.25696342       3.87916342       3.91131337       3.23456319
       3.10514005       3.49857330       3.53330994       3.47194672       3.47908656       3.50454330       3.51068338       3.49644343       3.49480661       3.49451669       3.50172329       3.50295989       3.49973679       3.47752666       3.46647326       3.47256660       3.45978324       3.45429007       3.46302001       3.45190652
       3.40515995       3.42132664       3.42938677       3.44069004       3.43520673       3.45291678       3.48742676       3.52326330       3.54786682       3.52536678       3.47124322       3.46914005       3.47181988       3.46260675       3.45648003       3.44517994       3.46736336       3.48106670       3.51808325       3.55054347
       3.56971010       3.56656011       3.57019997       3.56192652       3.55446339       3.53118324       3.53614012       3.48992348       3.43813992       3.42377345       3.44893678
      28.08926010      28.45851898      28.43526840      27.96438980      26.50148010      26.07670975      28.85306931      31.47999954      32.69654083      32.21812820      30.55335999      29.09143066      27.74663925      26.84939003      26.72381973      27.45904922      28.89286041      32.27486038      36.79114914      41.66920090
      46.32312012      49.89812851      52.17314911      53.66252899      54.80113983      55.83385086      56.58747864      57.11457825      57.93984985      59.29077911      60.81921387      62.35028076      63.76471710      64.82348633      65.29579926      65.35910797      65.48870087      66.77171326      69.46675110      72.05242157
      73.51940918      74.70178223      76.01058960      76.79808044      76.92350006      77.44207001      78.26360321      79.61504364      81.23519135      83.09676361      85.42549133      88.28795624      90.95848846      92.94146729      94.57180786      96.67125702      99.40145874     101.76149750     104.07241821     106.33167267
     108.20101166     108.90384674     109.86406708     111.43440247     111.17516073     110.79248047     110.03418223     108.70296733     105.85314178     102.68109894     100.72110748      99.92378235      99.23724365      98.31062317      96.05501556      93.33783061      89.76497091      85.18657735      80.37079773      75.57916260
      69.73497009      63.83354187      58.02698898      52.88628006      47.97269821      43.11420059      38.51319122      34.33275986      30.17927933      26.21714020      21.80795097      19.22554016      16.65455055      14.71677017      11.29356003       8.42096678       4.73163668       3.89973990       3.89554660       3.23436991
       3.05695661       3.48751322       3.53801346       3.46850332       3.46895345       3.48643335       3.50162665       3.49045340       3.50208346       3.49876340       3.48467318       3.48788007       3.48661009       3.47746658       3.45283318       3.45236651       3.45370992       3.45458666       3.46413326       3.47198677
       3.39064344       3.40189330       3.41265011       3.43640010       3.46375656       3.48335012       3.50442346       3.47200330       3.45241674       3.45082664       3.44795990       3.46098328       3.48252996       3.45912679       3.45122337       3.44972992       3.47056993       3.48161348       3.48822339       3.53207334
       3.55496661       3.55781333       3.55295340       3.55194346       3.54354668       3.51008002       3.52169673       3.47636318       3.43337663       3.44281673       3.42720668
